modele,configuration,pli,RMSE_groupes,MAE_groupes,R2_groupes,RMSE_lignes,RMSE_apprentissage
Moyenne constante,0,1,0.1255694454061861,0.10324732483566787,-0.004334378903196878,0.12266549448097261,0.14891860836096207
Moyenne constante,0,2,0.1447932957174458,0.11731126659623524,-0.023885311856236324,0.14636201651649342,0.1510253718428553
Moyenne constante,0,3,0.17017376146568833,0.1333328256107613,-0.0005878547151858537,0.16358347543893814,0.14608386845011537
Moyenne constante,0,4,0.14672246881168663,0.11827770329401462,-0.0011664036158600677,0.14823563011588767,0.14912617128683267
Moyenne constante,0,5,0.16005198280763433,0.11915758138250712,-0.02784693927087667,0.14914427747474593,0.14996898068635
Régression linéaire,0,1,0.10818692218339429,0.08737923436212533,0.25447895376356167,0.10564678490781103,0.11231632859202755
Régression linéaire,0,2,0.11851496228710735,0.09000393086765,0.31403687318929485,0.11893443397480066,0.11347135428667557
Régression linéaire,0,3,0.1410395296572383,0.1072167794283282,0.3126914727704724,0.1401106994337618,0.10876605742658985
Régression linéaire,0,4,0.12850541752673408,0.1060248753940474,0.23200942637719668,0.12983555591016066,0.11029186771213952
Régression linéaire,0,5,0.15011840487970426,0.1140156299238005,0.09577978599456649,0.14473847368823797,0.1128287936158493
Régression linéaire,1,1,0.10330097666403582,0.08425680943676639,0.32029692921489783,0.10383272479393472,0.10346086352432887
Régression linéaire,1,2,0.12299697617637688,0.09422716532382325,0.2611721201419378,0.1222991049308956,0.10330163591858021
Régression linéaire,1,3,0.14945893137830005,0.10903501201243498,0.22818400315834364,0.15142989302618323,0.10103801287434012
Régression linéaire,1,4,0.1268484771828182,0.10348491374036788,0.2516865844339945,0.13154076185252103,0.1017318608717596
Régression linéaire,1,5,0.13462880618962408,0.10330955742677421,0.27275236284483795,0.12749391278673713,0.10576755654202644
Ridge,0,1,0.10814689576384154,0.08735114186724335,0.25503049950418344,0.10561856289448975,0.1123163518204045
Ridge,0,2,0.11851391782157669,0.09000408424308172,0.31404896384300385,0.11893392787919359,0.1134713550473017
Ridge,0,3,0.1410348344594522,0.1072140880280833,0.31273723293103317,0.14009975288893017,0.10876606429156635
Ridge,0,4,0.12849825517736949,0.10602180030390106,0.2320950330949877,0.12983516819808702,0.11029187912169021
Ridge,0,5,0.15010219816214723,0.11400273189118901,0.09597501389598107,0.14472150999133748,0.1128288002463918
Ridge,1,1,0.1032784074367854,0.08424368283076059,0.3205939002170727,0.10381634363615926,0.1034608767352806
Ridge,1,2,0.12300349582302447,0.09422867091198914,0.26109379261676813,0.12230475917379473,0.10330164891629051
Ridge,1,3,0.14945127043127543,0.10903469247037129,0.22826312442423502,0.15138862246203505,0.10103804291061359
Ridge,1,4,0.1268321520960811,0.10348177900192175,0.2518791842283993,0.13152571031003324,0.10173187045360964
Ridge,1,5,0.13458255014602674,0.10326965823995365,0.2732520154879958,0.1274357730166859,0.10576757562769003
Ridge,2,1,0.10806252256806434,0.08729141805632308,0.2561924549728263,0.10555913223884486,0.11231655547786058
Ridge,2,2,0.11851167224770888,0.09000440903957951,0.3140749580748473,0.11893284347664343,0.11347136186430391
Ridge,2,3,0.14102484513513508,0.10720834040893112,0.3128345854406821,0.14007645133851096,0.10876612513532952
Ridge,2,4,0.12848305005892408,0.10601523624107424,0.23227675377514045,0.12983443847003692,0.11029197997998622
Ridge,2,5,0.15006753083605856,0.11397506311657495,0.09639254955155618,0.14468523985497606,0.11282885917273366
Ridge,3,1,0.10323063679202725,0.08421561089493312,0.3212222631475834,0.10378158996226644,0.10346099301323969
Ridge,3,2,0.12301720943746848,0.09423164576545309,0.2609290226704031,0.1223166981778674,0.10330176172760977
Ridge,3,3,0.14943527624373118,0.10903375066343944,0.2284282972434497,0.1513026956005763,0.10103830197558553
Ridge,3,4,0.12679725507106218,0.1034751222113956,0.2522908085489455,0.13149362295531225,0.10173195571528247
Ridge,3,5,0.13448558958333912,0.10318533927249784,0.27429881553316793,0.12731412768871192,0.1057677424835305
Ridge,4,1,0.10781395530125347,0.08711124365431337,0.2596103572186552,0.10538453833226231,0.11231843885719023
Ridge,4,2,0.11850468390863764,0.09000537626134213,0.31415585028318094,0.11892950098940179,0.11347142917101802
Ridge,4,3,0.1409946600512647,0.10719078843466684,0.31312871695797206,0.14000593424652516,0.10876670608128963
Ridge,4,4,0.1284373830277908,0.10599521587821857,0.23282240412677546,0.1298330492912439,0.11029293549136429
Ridge,4,5,0.14996117385712054,0.11388949498390047,0.09767291848851534,0.1445741065228279,0.11282942640606007
Ridge,5,1,0.10308806714276736,0.08412947232792008,0.323095859615263,0.10367722269858966,0.10346208417003659
Ridge,5,2,0.12305728777715579,0.09423875119363384,0.26044737359129033,0.122351985823691,0.10330277671948265
Ridge,5,3,0.14938906297306662,0.10902876198389583,0.22890544479980923,0.1510575225521907,0.10104059217218522
Ridge,5,4,0.12669036019250088,0.10345508320199581,0.25355097136139293,0.13139603678498352,0.1017327801105177
Ridge,5,5,0.1342040451589581,0.10293504822538141,0.2773341333663599,0.12696276180365318,0.105769274577559
Ridge,6,1,0.10717689058063941,0.08661562255527426,0.2683343219388409,0.10494088153533322,0.11233339753777563
Ridge,6,2,0.11848363263881168,0.09000788392761,0.31439949648177357,0.11891972702222199,0.11347207619588812
Ridge,6,3,0.14091154691415583,0.10714086877972542,0.31393826819995185,0.13981078470726496,0.10877176063554717
Ridge,6,4,0.1283139081843949,0.10593848096954646,0.2342967661502482,0.129836295543732,0.11030105885464198
Ridge,6,5,0.14965439722686685,0.11363664697871878,0.10136093606439045,0.14425477511917517,0.11283448075516032
Ridge,7,1,0.1027045688865358,0.08387937178387446,0.3281227984444296,0.10339188437466955,0.10347132170577263
Ridge,7,2,0.12315592394171469,0.09424349256032329,0.2592613264916962,0.12244234137623994,0.1033103809831301
Ridge,7,3,0.14927084901093618,0.10899848778173017,0.23012532093888327,0.15047578543463055,0.1010570157062001
Ridge,7,4,0.12638282914708682,0.10339990608447619,0.25717046750554606,0.1311203800045927,0.10174025836703035
Ridge,7,5,0.13350654589192482,0.10228188241477883,0.28482644163328186,0.12610661276348162,0.10578133639730491
Ridge,8,1,0.10602672260984101,0.08553083107447518,0.28395378882471234,0.10415980838831723,0.11241543201804037
Ridge,8,2,0.11842557883626054,0.09001145745283755,0.31507118360829367,0.11889506454844796,0.11347782886324351
Ridge,8,3,0.1407345236808772,0.10704369593882224,0.31566094575539727,0.13938675016629679,0.10880623552712654
Ridge,8,4,0.12806381990046153,0.10580669952054236,0.23727862208147443,0.1298914662419745,0.11035319536553033
Ridge,8,5,0.14890539125589272,0.11297672729389763,0.11033363144029507,0.14348322717646536,0.11287113175046114
Ridge,9,1,0.10188997064547363,0.0832408515290766,0.33873848002600937,0.10276687343385581,0.10353587033301058
Ridge,9,2,0.12329486454039967,0.09416834118766365,0.2575890280547357,0.12259519752414774,0.10335123327200078
Ridge,9,3,0.14899232999366824,0.10890469722484031,0.2329956026692045,0.14953554585190543,0.101138456714331
Ridge,9,4,0.12563312679689592,0.10327761291934312,0.2659572510085131,0.1304701137032662,0.10179809126646189
Ridge,9,5,0.1322846444735399,0.10100180852946691,0.29785760173315157,0.12468132833158857,0.1058510826346828
Ridge,10,1,0.10497034891133329,0.08393805275353777,0.29815104386555713,0.10349661755780189,0.1126560702788618
Ridge,10,2,0.11829360088245562,0.08999815192700536,0.31659695421443124,0.11885152881961983,0.11351960601262806
Ridge,10,3,0.1405313044434807,0.10702585190039446,0.31763587626465795,0.13883624282395993,0.10895228271622308
Ridge,10,4,0.12781548571932075,0.10560789242902548,0.24023380712200082,0.13017073239168617,0.11054848017758155
Ridge,10,5,0.14761581066968174,0.11165849224050513,0.12567664142759138,0.14218417544474904,0.11304653561379094
Ridge,11,1,0.10085014376497127,0.08201546388220875,0.35216647296501247,0.10194268487828834,0.10386110532416988
Ridge,11,2,0.12322620777957907,0.0937375771294873,0.25841562113254524,0.12266631045579456,0.10351808645509464
Ridge,11,3,0.14826995145035546,0.10852742585295735,0.24041510327197113,0.1485837419801175,0.10143198280619353
Ridge,11,4,0.12439441088028512,0.10309089273442264,0.28036090159230354,0.12942349904532952,0.10211429702769628
Ridge,11,5,0.13088983962097447,0.10002424719117702,0.31258627266603545,0.12326294566890658,0.10613990109239871
Ridge,12,1,0.10470231619107112,0.08258590791081316,0.3017306892553673,0.10341632837138165,0.11307141930888062
Ridge,12,2,0.1180697212810994,0.08988032353974995,0.31918129044680477,0.11881889719921157,0.11372106597425864
Ridge,12,3,0.14051689874652692,0.10712394570349139,0.31777576576458577,0.13844344478017268,0.10930944882794628
Ridge,12,4,0.12788916252981075,0.10544850341827182,0.2393576490731233,0.130852072656904,0.11096077140593133
Ridge,12,5,0.14617039194365977,0.10984433396646037,0.14271514313086953,0.14077424266954972,0.11355499143197621
Ridge,13,1,0.10059979648234615,0.08112839169260623,0.35537880479823214,0.10171095399641532,0.10479201788447735
Ridge,13,2,0.12268589661795845,0.09278972072904512,0.2649046282646754,0.12246500318530927,0.10406881828288529
Ridge,13,3,0.14654663574583324,0.1086513779683994,0.25796953561790914,0.1473646907779533,0.10222611405951713
Ridge,13,4,0.12351490364387767,0.10295996220206205,0.2905010725509327,0.1286444283394919,0.10307647162125812
Ridge,13,5,0.12937492178885446,0.09903500223708109,0.3284064292542266,0.12204266559066251,0.10703044067124011
Ridge,14,1,0.10508205919256569,0.08176136914486512,0.296656422498085,0.10376231392638927,0.11367982326475856
Ridge,14,2,0.1177820858997913,0.08955433894882388,0.3224944009462798,0.11887832432461033,0.11427474103078934
Ridge,14,3,0.14072353948932012,0.10785059151016194,0.31576776557076935,0.13806276027498668,0.1099363703221112
Ridge,14,4,0.12829849872706806,0.10532091025702493,0.23448066457540995,0.13169748127225323,0.11162130873621477
Ridge,14,5,0.144567508066433,0.10791342076627002,0.16141378394147987,0.1393095457558211,0.11452172187511837
Ridge,15,1,0.10124122260229007,0.08141911780816327,0.3471323658474724,0.10200805322878868,0.10616804212185099
Ridge,15,2,0.12157598658445885,0.09150783046329886,0.2781449300631207,0.12175241600281989,0.10520510231295593
Ridge,15,3,0.14377804117011475,0.10873019160018081,0.28574193136702153,0.14480975316459152,0.10353325496092344
Ridge,15,4,0.12383233832085824,0.1032257324014444,0.28684954606155344,0.1287855362684083,0.10458662736416154
Ridge,15,5,0.12720690033696602,0.0978178210420261,0.35072651144381084,0.12060835546891506,0.10860660952394163
Ridge,16,1,0.10559797485076416,0.0817725219926658,0.28973313342009055,0.10415215070412305,0.11447301415118125
Ridge,16,2,0.11751514655988168,0.08879926227813364,0.3255618955492646,0.11919439015136385,0.11523385702680863
Ridge,16,3,0.14113840900904673,0.10873140275073348,0.3117274246827936,0.13782457553838515,0.11087234395003179
Ridge,16,4,0.12871532349187564,0.10508240953883179,0.22949844332711544,0.13221970472521133,0.1125097062253082
Ridge,16,5,0.14149567636718535,0.10578154154285689,0.19667243687885028,0.1366250720449166,0.11577264493517694
Ridge,17,1,0.10189877144113071,0.08212630200161064,0.3386242415231835,0.10200163199211935,0.10767587562411432
Ridge,17,2,0.11984967720997952,0.09007299848216954,0.2984992440217865,0.12043729674898047,0.1069317232095149
Ridge,17,3,0.14118315620616573,0.10860231743623763,0.3112909290324476,0.14135228295872004,0.10509754995241824
Ridge,17,4,0.1252786799743814,0.10411567092849373,0.27009329548825356,0.12983971335075173,0.10619438698234339
Ridge,17,5,0.12462594231208714,0.09619673551724617,0.3768060341360825,0.11914934309867006,0.11042076338380559
Ridge,18,1,0.10630678226434982,0.08300761422455692,0.28016605498472613,0.10483910244259942,0.1158512626748144
Ridge,18,2,0.11755765192239948,0.0882967392314026,0.325073917251133,0.12004688728671702,0.11689201674781305
Ridge,18,3,0.14230004984836075,0.11022286189658353,0.30035113401255487,0.1384457494940687,0.11244399670487265
Ridge,18,4,0.12937430926225324,0.10497201506298977,0.2215887506097055,0.13288673027507816,0.11396864442180342
Ridge,18,5,0.1358796868702621,0.10319075616097838,0.25917538468073975,0.13143255914178176,0.11765829407849261
Ridge,19,1,0.10303380500601803,0.08341357874725143,0.3238082718129759,0.10232695711853393,0.10981214308588319
Ridge,19,2,0.11822304620862775,0.08926524196863073,0.31741192475122293,0.11948674132031491,0.10964952020866087
Ridge,19,3,0.14013916905874313,0.10892493791688486,0.3214386701813553,0.13878193111080836,0.1073964232405464
Ridge,19,4,0.12768752866743335,0.1054316341408507,0.2417542610647807,0.1317342936274085,0.10814946116516817
Ridge,19,5,0.12417606121216178,0.0956327011505718,0.3812971881759708,0.11934642035478182,0.11280633320847493
Ridge,20,1,0.1082342247203923,0.08516349820424989,0.25382688333542636,0.1069126262201502,0.11877908868374615
Ridge,20,2,0.11848354231792506,0.0900196846832467,0.3144005417573168,0.12183533825635189,0.12021434671653762
Ridge,20,3,0.14505813308903254,0.11334126793163188,0.2729668766184442,0.14059650493360287,0.11559026055555136
Ridge,20,4,0.13124929903095084,0.1062022224238597,0.198862610966143,0.1349117519645776,0.11710885361709251
Ridge,20,5,0.1307290562438033,0.10040767943072718,0.31427405557358346,0.12602185371332258,0.12143729905609545
Ridge,21,1,0.10566090786471352,0.08526389768406992,0.28888628850015385,0.10442303609321457,0.11349867351881593
Ridge,21,2,0.1178503494333786,0.09023833193219448,0.3217088429691024,0.12021293198707061,0.11425486950586641
Ridge,21,3,0.14208264043382446,0.11078235088096938,0.3024873813527451,0.13914303473253772,0.11170074347163327
Ridge,21,4,0.130992663479958,0.10746861336627976,0.20199252219051922,0.13470712471432253,0.11168108229552579
Ridge,21,5,0.12643564070668842,0.09800132458411208,0.35857577704140975,0.12117908506627016,0.11676316041992768
Ridge,22,1,0.11177621882122062,0.08767403048441444,0.2041903426185423,0.1105361752810697,0.12405904511287719
Ridge,22,2,0.12164117328148912,0.09522380051045341,0.2773706330304485,0.12554635487447482,0.1263076709482907
Ridge,22,3,0.15004686189664626,0.11689578415999799,0.2220998342620053,0.1450446134014066,0.12142902650603735
Ridge,22,4,0.13460251447842128,0.10800119207570183,0.15740406171759802,0.1383417298833885,0.1229703568578136
Ridge,22,5,0.13162259080941408,0.10093557981146799,0.30486813121346656,0.12587802125173939,0.12783279461504843
Ridge,23,1,0.11002787082037395,0.08766783728025691,0.22889095994997666,0.10870915459674381,0.12004091354366836
Ridge,23,2,0.12039840157389287,0.09452667495342824,0.2920609831017855,0.12388529438188256,0.12208019987554021
Ridge,23,3,0.14817042425486737,0.11504656843487689,0.24143451388728854,0.14395716811943485,0.11897418528945468
Ridge,23,4,0.13504083576589007,0.10926150768635387,0.15190744704268844,0.1387874784503304,0.11851621829792865
Ridge,23,5,0.13111287165113786,0.1005026494365186,0.3102416154834955,0.12494185625953776,0.12380826376250884
Ridge,24,1,0.11554149891577563,0.09195791285256293,0.1496722124463955,0.11410682258815164,0.13140583950572227
Ridge,24,2,0.1280869424901208,0.10286685821655046,0.19875722974896803,0.13175683432135826,0.13452845116209544
Ridge,24,3,0.15671607717208752,0.12111428126093553,0.1514115148833296,0.15127215616042752,0.12934212358841604
Ridge,24,4,0.13830565598372327,0.1102159566369559,0.11040384492407873,0.1416991546587638,0.1311654450913372
Ridge,24,5,0.13929390525879196,0.10524070616556495,0.22147859386395097,0.13203157073105184,0.13559529300663262
Ridge,25,1,0.11464246742474961,0.09229941754418576,0.1628535763619623,0.11323589447887754,0.1289540218679929
Ridge,25,2,0.12679268604265334,0.1020217110524266,0.2148677612585096,0.13057415369410882,0.13211351937385968
Ridge,25,3,0.15622719611533548,0.12060318434388437,0.15669765731112872,0.15113050005059062,0.12783862069157229
Ridge,25,4,0.13864195132875712,0.10958972198736565,0.10607241304329995,0.14224533536609063,0.1282476169405828
Ridge,25,5,0.13910641987131303,0.1046143102779543,0.22357291604424334,0.13175490565733605,0.13298107886017302
Lasso,0,1,0.10741258571302141,0.08681138695697506,0.26511273830618043,0.10509293428735096,0.11232362713569913
Lasso,0,2,0.11844466078444078,0.09002173625568105,0.3148504402641882,0.11887039861130119,0.11347254354286478
Lasso,0,3,0.14087528093430193,0.10714447266114993,0.31429136203439345,0.13969790813100436,0.10876932343167621
Lasso,0,4,0.12830608068809884,0.10594774995271623,0.23439018324743666,0.12974407372100297,0.11029719006881251
Lasso,0,5,0.14975534186889133,0.11371257785001075,0.10014823006944695,0.14432742182337868,0.1128308183748333
Lasso,1,1,0.10293432530849358,0.08392186951831643,0.32511337502817217,0.10353324602597971,0.10346449915252282
Lasso,1,2,0.12308257487846218,0.09419710167397535,0.26014340031223293,0.12238262540788952,0.10330523968632509
Lasso,1,3,0.15992538004931897,0.11287107151107728,0.1163000854022479,0.1581410004781002,0.10104420307634222
Lasso,1,4,0.12659808200907596,0.1034296560839623,0.25463796605724176,0.1312532946910606,0.10173514530596918
Lasso,1,5,0.13420866920755273,0.10310275546191754,0.2772843330842629,0.12715480543497137,0.10577021298133685
Lasso,2,1,0.1065988705572127,0.08615410545725054,0.2762049922594205,0.10451653679410752,0.11235030812055476
Lasso,2,2,0.11836313059991056,0.09004044790026036,0.3157933471745683,0.11879855779250183,0.1134765607706068
Lasso,2,3,0.14069068570605517,0.1070652964904791,0.31608721452055333,0.13923007578626453,0.10878007083601066
Lasso,2,4,0.12809156030624236,0.10585253346828,0.23694815416137083,0.12965148316611408,0.11031652971841645
Lasso,2,5,0.14944758252923365,0.11344970860948542,0.10384296600709275,0.14400763110153364,0.1128381936135938
Lasso,3,1,0.10254349917820925,0.08359371937817972,0.330228531559559,0.10321248707970714,0.10347749882160759
Lasso,3,2,0.12313494470843707,0.09411189487247804,0.25951367011147997,0.12245302049005036,0.10331558466341696
Lasso,3,3,0.15929394863872431,0.11256545956768478,0.12326451242819936,0.1568824864769149,0.10106647929647711
Lasso,3,4,0.12633625560600698,0.1033864911079271,0.257717849257153,0.13094896364954076,0.10174691097822762
Lasso,3,5,0.1335233172875778,0.10272006494248666,0.28464674689227365,0.1265116953761969,0.10577895971294957
Lasso,4,1,0.10570062942080512,0.08522978309015758,0.2883515239751928,0.10388716438435422,0.11242282300531076
Lasso,4,2,0.11825217005338869,0.09004336672373423,0.31707557683241416,0.11871052731645539,0.11349222614415928
Lasso,4,3,0.14031415364042144,0.10682385788812693,0.3197430428686393,0.1382872921224534,0.10881389205861988
Lasso,4,4,0.12791702776089087,0.10575147528335226,0.23902614664469268,0.12969034057589027,0.11036823702795573
Lasso,4,5,0.14878552398500106,0.11288184323020958,0.11176539903325611,0.14334894213840574,0.11286811226908391
Lasso,5,1,0.10176278022608647,0.08289024488112016,0.3403883702790743,0.10257605971790482,0.10353771926566423
Lasso,5,2,0.12317676518174016,0.09391278108688181,0.2590106001238828,0.1225513847231599,0.10335306885573567
Lasso,5,3,0.15863209167831827,0.1122333689043219,0.1305349453452338,0.15613798345624105,0.10113666629624564
Lasso,5,4,0.12578956743221392,0.10328293993863477,0.26412802628590515,0.1303040988239805,0.10180154769311388
Lasso,5,5,0.1321948831943909,0.10204590441643822,0.29881015094701324,0.12533643588701807,0.1058162766985397
Lasso,6,1,0.10464518756664339,0.08365898585233661,0.30249247340235885,0.10322475925514658,0.11262196339850852
Lasso,6,2,0.11808011021897712,0.09001608449763822,0.3190614748941266,0.11859430529500752,0.1135608236672284
Lasso,6,3,0.13997666856656898,0.1069737215362207,0.3230114298913418,0.13728887781148516,0.10891322918183298
Lasso,6,4,0.12770075722517393,0.10559657277163391,0.241597142868061,0.1298538631590931,0.11053718199265987
Lasso,6,5,0.14825852179836144,0.11217751830690997,0.11804655529735075,0.14279220256256434,0.11291896681221161
Lasso,7,1,0.10069653469459681,0.08193401436896208,0.35413845467662963,0.10185737475344779,0.10377024505361016
Lasso,7,2,0.12344350380395383,0.09353876987230524,0.2557979082360259,0.12290645941413007,0.10352743517217336
Lasso,7,3,0.1571844051973706,0.11172229853045235,0.1463321178564272,0.15503198154364625,0.10134133411436659
Lasso,7,4,0.1253024700318049,0.10339277512670514,0.2698160548411801,0.12983745571497754,0.10200665718950679
Lasso,7,5,0.12983176404491728,0.10074036950778002,0.32365505985537146,0.12323539894360222,0.10597774969150209
Lasso,8,1,0.1045528640811197,0.08246469995578365,0.3037226860976434,0.10340653365956382,0.11300707242018806
Lasso,8,2,0.11791008887208897,0.0900697262417664,0.3210210044795876,0.11858392183455427,0.11379355314227445
Lasso,8,3,0.1395026560767213,0.10735562599433077,0.32758873118759435,0.13551633250848413,0.10938975822192401
Lasso,8,4,0.12802054919672562,0.10576061596988322,0.23779395756230615,0.13064687069119502,0.11080470907785639
Lasso,8,5,0.14753217541492783,0.11073331789766766,0.12666709822696587,0.1419463438268837,0.11315485156600685
Lasso,9,1,0.10000229535712932,0.08093799790230329,0.3630133744521784,0.10167175126546361,0.1046711857533355
Lasso,9,2,0.12333764095834188,0.0928607720969336,0.2570737885724036,0.12322372175974587,0.10397649450498109
Lasso,9,3,0.15407855880030988,0.11155982617303212,0.17973450091731757,0.1526713188116275,0.10214867236570428
Lasso,9,4,0.12436380367985342,0.10360133393324618,0.2807149919120516,0.12877620249633392,0.10287572964579081
Lasso,9,5,0.12698988299620045,0.09868229912217441,0.3529399670575448,0.12106057882412287,0.10645349505790347
Lasso,10,1,0.10480838887867686,0.0812292590926494,0.30031515570240475,0.1035171071205037,0.11383397683476137
Lasso,10,2,0.1180589840024088,0.09038323285660137,0.31930511233357284,0.11905185780835108,0.11440532067731053
Lasso,10,3,0.14057672164245058,0.10871112339137033,0.3171947492833196,0.13704279343264922,0.1104077139616867
Lasso,10,4,0.12807277454674695,0.10556892409492717,0.23717195434434912,0.1308239296519779,0.11146308550398126
Lasso,10,5,0.14231795728634447,0.10691265189003836,0.18730847157027242,0.137284389578731,0.11407153373507957
Lasso,11,1,0.10150624208819359,0.08186362796325461,0.34370986459175923,0.10264202023908006,0.10634811831657982
Lasso,11,2,0.1220725189795588,0.09187676212018617,0.27223658642976456,0.12221446312426107,0.10529844822444683
Lasso,11,3,0.1511090919300065,0.11201464493286639,0.2110468370592854,0.15004029286120768,0.10353840918375623
Lasso,11,4,0.1253479741123374,0.1048341850042406,0.2692856202507894,0.13002696999938257,0.10470403724761829
Lasso,11,5,0.12514578495245157,0.09621407576684077,0.3715962286775747,0.11958528482760888,0.10828017841094037
Lasso,12,1,0.10490351360020692,0.08136750791766054,0.2990445030266241,0.10320698408892183,0.1147405056599759
Lasso,12,2,0.11831197508374851,0.09024792825101383,0.3163846357077027,0.11961956264405246,0.11526723315343045
Lasso,12,3,0.14084197320842096,0.10892173964595091,0.3146155735666043,0.13730488142285044,0.11114883490471283
Lasso,12,4,0.12782622430462473,0.10443535064474643,0.2401061362570176,0.13024787947291455,0.11278546785552077
Lasso,12,5,0.1365822418173422,0.10326113254064223,0.2514948323557138,0.13207698357986025,0.11624706086650681
Lasso,13,1,0.10273915440437434,0.08265059007059923,0.3276702161741186,0.10293914496285067,0.10853261523018931
Lasso,13,2,0.12071008940219742,0.0910109254208796,0.28839080825953645,0.12121055097275253,0.10742277610303841
Lasso,13,3,0.14593579591386566,0.11060285252337577,0.26414254822407823,0.14515369618655602,0.10583875873067519
Lasso,13,4,0.12679679873357746,0.10542634369027298,0.25229619048118923,0.13170579400214885,0.10696255162923217
Lasso,13,5,0.12435481349141186,0.09587446386899963,0.37951465235539683,0.11917845736961917,0.11139078659221432
Lasso,14,1,0.10557868166373718,0.08268315124327026,0.2899926471028009,0.10389186551944447,0.11608755024358351
Lasso,14,2,0.11904431480570113,0.08979428095331149,0.30789541662302833,0.12079407419972463,0.11640761176004248
Lasso,14,3,0.1416347991723825,0.10955921026868401,0.30687753951287067,0.13758282044806708,0.11237374215842792
Lasso,14,4,0.1286780264647587,0.10476216654595545,0.2299449053821887,0.13084327747412985,0.1141739114666131
Lasso,14,5,0.13420125273429973,0.10144671358365294,0.27736420651339355,0.12951733745385555,0.11759675985726961
Lasso,15,1,0.1048724768362547,0.0842937103785692,0.299459211195647,0.10408954948562978,0.11129229698278045
Lasso,15,2,0.12046527637444983,0.09046277486681517,0.29127432101560435,0.12152226087967172,0.1104862809553491
Lasso,15,3,0.14207234542486136,0.11001555720984728,0.30258845828209446,0.1398846764259472,0.10836280859503207
Lasso,15,4,0.12747394218052033,0.10462974073878113,0.24428881702765626,0.13129188792380952,0.10925864642162207
Lasso,15,5,0.12609426437352494,0.09767178756261884,0.36203479290762797,0.12093189257504033,0.11404659497264018
Lasso,16,1,0.10732830698595605,0.08533599422695833,0.2662655094546903,0.10645366451623059,0.11897765506720087
Lasso,16,2,0.12184542712757734,0.09053591426202111,0.27494178850877316,0.12440559103226219,0.12029966052678802
Lasso,16,3,0.14657461319054446,0.1157228835845148,0.25768618420750544,0.14171783259355353,0.11664311398099515
Lasso,16,4,0.13090187273190726,0.10631950050852203,0.2030983335523917,0.13394591084035867,0.11771984244084462
Lasso,16,5,0.13188409974123858,0.10035311942393411,0.30210319890823234,0.1271328689232347,0.12122400890650817
Lasso,17,1,0.10517264958039053,0.08520865177146685,0.29544320622606945,0.10451169335864144,0.11428964010321142
Lasso,17,2,0.12132953750343119,0.0915808354078548,0.28106853711395974,0.1231823826517147,0.11529545408073803
Lasso,17,3,0.1426711180242553,0.11093236064036699,0.29669750319600274,0.1382187825482154,0.11357547631881575
Lasso,17,4,0.12756001242161852,0.10452250172568524,0.24326796207486057,0.13081623207082174,0.11241155160327529
Lasso,17,5,0.12742288822688388,0.098567252550613,0.3485198030828831,0.12212237411020095,0.11836252388975424
Lasso,18,1,0.10792622468454313,0.08615339223541865,0.25806758165795673,0.10793650322893517,0.12368086327760215
Lasso,18,2,0.12374424001853859,0.0941920042521656,0.25216740299156515,0.1265537395574011,0.12492348552142728
Lasso,18,3,0.14766644172050325,0.11686719186825806,0.24658606258131466,0.14277962508730124,0.11981685861864735
Lasso,18,4,0.13065269089879303,0.10618685136869883,0.2061293737352663,0.13443874563914457,0.12198532058379136
Lasso,18,5,0.1320826436584468,0.10011987955827825,0.3000003303380202,0.12680557532923412,0.12764287890667655
Lasso,19,1,0.10626290218785778,0.08596264451256946,0.28076018169930395,0.10612381795279648,0.11927527537122243
Lasso,19,2,0.12303048391457347,0.09337806401557573,0.2607695114907771,0.12575400447637677,0.11990576443392761
Lasso,19,3,0.14692950004377253,0.11528658129492853,0.25408724812784056,0.14213563380712116,0.11803773885298906
Lasso,19,4,0.1277640359252058,0.10419840125804258,0.24084534408143887,0.13100835356179397,0.11752027592598745
Lasso,19,5,0.13162062173014935,0.09947030736147973,0.3048889294594551,0.12593275027375148,0.12387824717604586
Lasso,20,1,0.1097087233862964,0.08811753115256989,0.23335783827578127,0.10915096564046908,0.1283359775316971
Lasso,20,2,0.1270148975292161,0.09840238699761385,0.2121133708010967,0.12935567224017266,0.1300134067017142
Lasso,20,3,0.14860390010505717,0.11794409794641837,0.23698962138601531,0.14390970093643454,0.12697406362272368
Lasso,20,4,0.1303215318449951,0.10651825035118156,0.21014864447371684,0.13309871821800878,0.12801069525045622
Lasso,20,5,0.13800321665529502,0.10265497179299903,0.23583921308392697,0.13047456862405798,0.1319558479845614
Lasso,21,1,0.10952953445880693,0.08795782240765927,0.23586012970972725,0.10899019687231387,0.12736776709117653
Lasso,21,2,0.12710000567195517,0.0984148066704387,0.21105714771586126,0.12946902893921897,0.12880728073142128
Lasso,21,3,0.14884427372148815,0.1181305419945503,0.23451921651749252,0.14413377032170302,0.12650313449386327
Lasso,21,4,0.12996532791998014,0.10559880833551938,0.21446049760826902,0.13291991333015873,0.12672604424138564
Lasso,21,5,0.1377733096184748,0.10255484509982127,0.2383832059568889,0.13033442588791197,0.13092783059924093
Lasso,22,1,0.11810764961617942,0.0968616672481127,0.11148158999682323,0.11561366202260676,0.13822908665806397
Lasso,22,2,0.13526859323100474,0.107319689039582,0.1063893152228973,0.13673266856569838,0.14052518250516619
Lasso,22,3,0.15993563612835984,0.12563409272254628,0.11618673770488874,0.15371443243898197,0.13796116902199373
Lasso,22,4,0.13682079095288976,0.11073329124850138,0.1294029145629947,0.1384479014335822,0.13983908910646262
Lasso,22,5,0.15071445831637195,0.11107533423375325,0.08858501785361428,0.14057394929642528,0.14121919159900145
Lasso,23,1,0.11810764961617942,0.0968616672481127,0.11148158999682323,0.11561366202260676,0.13822908665806397
Lasso,23,2,0.13526859323100474,0.107319689039582,0.1063893152228973,0.13673266856569838,0.14052518250516619
Lasso,23,3,0.15993563612835984,0.12563409272254628,0.11618673770488874,0.15371443243898197,0.13796116902199373
Lasso,23,4,0.13682079095288976,0.11073329124850138,0.1294029145629947,0.1384479014335822,0.13983908910646262
Lasso,23,5,0.15071445831637195,0.11107533423375325,0.08858501785361428,0.14057394929642528,0.14121919159900145
Lasso,24,1,0.1255694454061861,0.10324732483566786,-0.004334378903196878,0.12266549448097261,0.14891860836096207
Lasso,24,2,0.1447932957174458,0.11731126659623525,-0.023885311856236324,0.14636201651649342,0.15102537184285528
Lasso,24,3,0.17017376146568833,0.1333328256107613,-0.0005878547151858537,0.16358347543893814,0.14608386845011537
Lasso,24,4,0.14672246881168663,0.11827770329401462,-0.0011664036158600677,0.14823563011588767,0.14912617128683267
Lasso,24,5,0.16005198280763433,0.11915758138250712,-0.02784693927087667,0.14914427747474593,0.14996898068635
Lasso,25,1,0.1255694454061861,0.10324732483566786,-0.004334378903196878,0.12266549448097261,0.14891860836096207
Lasso,25,2,0.1447932957174458,0.11731126659623525,-0.023885311856236324,0.14636201651649342,0.15102537184285528
Lasso,25,3,0.17017376146568833,0.1333328256107613,-0.0005878547151858537,0.16358347543893814,0.14608386845011537
Lasso,25,4,0.14672246881168663,0.11827770329401462,-0.0011664036158600677,0.14823563011588767,0.14912617128683267
Lasso,25,5,0.16005198280763433,0.11915758138250712,-0.02784693927087667,0.14914427747474593,0.14996898068635
Linéaire après ACP,0,1,0.1275211512558778,0.09850161483388961,-0.03579742381889983,0.12148919322459005,0.1295273005541838
Linéaire après ACP,0,2,0.1250380505359408,0.1018096196679361,0.23644769243221186,0.12915160053570465,0.13521026411471604
Linéaire après ACP,0,3,0.15084669394183853,0.11746364583459494,0.2137844616087955,0.14545729546430766,0.13101970709305774
Linéaire après ACP,0,4,0.1533900171874137,0.12428594458472737,-0.09422644796461399,0.15240525259579446,0.12903129539706007
Linéaire après ACP,0,5,0.15662342972458132,0.11579868563098031,0.01571744219876614,0.14745613012375658,0.13968491549478362
Linéaire après ACP,1,1,0.1290752870899841,0.1000557058048715,-0.061198374713657744,0.12260347776360167,0.12937716158544724
Linéaire après ACP,1,2,0.12456102760954042,0.10047013337581656,0.24226251725035186,0.12850382072416636,0.13494827398778506
Linéaire après ACP,1,3,0.1531668130341508,0.11747010080132328,0.18941347072274684,0.14758727817088696,0.12979260850645227
Linéaire après ACP,1,4,0.15258097042627664,0.12341137004865955,-0.08271402101708158,0.15055937568951844,0.12875201266048172
Linéaire après ACP,1,5,0.1366757653776237,0.10517266246875584,0.25046941595929373,0.1327465999205871,0.13530383936792978
Linéaire après ACP,2,1,0.12676773075995199,0.09852628343902425,-0.023594183056116602,0.12140138512827664,0.1273262576889495
Linéaire après ACP,2,2,0.12306146962818952,0.09844988383665772,0.2603971083608331,0.1276865776703779,0.1330281241627014
Linéaire après ACP,2,3,0.14977334271224968,0.11393497892838313,0.22493330491625663,0.14459340135153462,0.1288408946291694
Linéaire après ACP,2,4,0.1513738796792597,0.12262064492695357,-0.06565076079684018,0.1512259604445286,0.12704101270235665
Linéaire après ACP,2,5,0.1335934531636707,0.104203920783079,0.2838950414214718,0.12913610914916007,0.13403017501686465
Linéaire après ACP,3,1,0.12676632894729647,0.09852378578780899,-0.023571545128660665,0.12139973505159814,0.12732625743921758
Linéaire après ACP,3,2,0.12476310645101794,0.0977898551514568,0.23980192547087797,0.1301009897325122,0.13243770184884876
Linéaire après ACP,3,3,0.14966723755380174,0.11406449513319969,0.22603108964251994,0.14452112783074408,0.12882523100780602
Linéaire après ACP,3,4,0.1514764266188474,0.12309810907042124,-0.06709508183238921,0.15218432565201467,0.12667093324784612
Linéaire après ACP,3,5,0.1325903142613396,0.10453483352696658,0.2946089755003033,0.12833245182225608,0.1331663740186204
Linéaire après ACP,4,1,0.12495643536780308,0.09905552444208318,0.005447686469562618,0.11937422086945461,0.12674612984159064
Linéaire après ACP,4,2,0.13068535458165573,0.10302709576778843,0.16591896381990523,0.13441807085910934,0.1293156176600321
Linéaire après ACP,4,3,0.14793621381589955,0.11360363920441796,0.24383072137880402,0.1451229690630689,0.1257634482794161
Linéaire après ACP,4,4,0.14689839576565078,0.11961623002181572,-0.0035687316639627653,0.1457411855903153,0.12505605300369563
Linéaire après ACP,4,5,0.13365418782252178,0.10561509104974966,0.2832437778205763,0.12886147141465856,0.1317175505859184
Linéaire après ACP,5,1,0.12462671524287286,0.09830375409743465,0.010689373604203856,0.11882077414354918,0.12660448822360632
Linéaire après ACP,5,2,0.1274687098192814,0.10095794645372648,0.20647322317344718,0.1307498765488574,0.12845675915863616
Linéaire après ACP,5,3,0.14710916817831393,0.1126318381757198,0.2522619007100301,0.1444644510884807,0.12435184951585755
Linéaire après ACP,5,4,0.14752460054450317,0.11999529959672807,-0.012143079966256076,0.14611829158698988,0.12489610055962086
Linéaire après ACP,5,5,0.13324788797313716,0.10586700252324391,0.2875949367068589,0.12852943804195036,0.13107535480647128
Linéaire après ACP,6,1,0.12319007199142896,0.09775829147013053,0.03336660524621826,0.11824334022164994,0.1260377645893096
Linéaire après ACP,6,2,0.12938538756264376,0.10301283166305363,0.18243014857733675,0.1320816349974107,0.12774092738288706
Linéaire après ACP,6,3,0.14579499784957226,0.11181025666862233,0.26556176582281166,0.1411332231507382,0.1207795977840244
Linéaire après ACP,6,4,0.14780622261326173,0.12253506608403039,-0.016011097871325042,0.14728682879752114,0.12307595040708931
Linéaire après ACP,6,5,0.1359116717632254,0.10631865368164257,0.25882657632840067,0.1309003355873373,0.12983770921589388
Linéaire après ACP,7,1,0.12318564050836141,0.0977852178137559,0.03343614887754176,0.11826707401376023,0.12603750875795858
Linéaire après ACP,7,2,0.11739924888417334,0.09346789154712737,0.32689154991352765,0.1197298182497156,0.12193985626530356
Linéaire après ACP,7,3,0.14583347266800276,0.11234530315283149,0.265174083026563,0.14066997476403065,0.12068707457497205
Linéaire après ACP,7,4,0.1480269597225132,0.12311231578268587,-0.019048031156856826,0.14740601582793314,0.12266696519019682
Linéaire après ACP,7,5,0.13666434401155358,0.10596314340734767,0.25059468038301613,0.1315161591665648,0.12965238957944578
Linéaire après ACP,8,1,0.12289692501933994,0.09685905835045307,0.03796159403556587,0.11820346701052381,0.12372710191664998
Linéaire après ACP,8,2,0.12066470304937488,0.09530295774816783,0.2889258302149127,0.12094860984895253,0.11722039610358412
Linéaire après ACP,8,3,0.14470139433613186,0.11146178473810474,0.2765384373926567,0.13876633289405227,0.12055787055535916
Linéaire après ACP,8,4,0.14853298872731538,0.12277972469283661,-0.02602715530149191,0.14714197739346133,0.12201832582931067
Linéaire après ACP,8,5,0.13913228392513163,0.10936531272254284,0.22328416705932208,0.13314460248387686,0.12499993762585142
Linéaire après ACP,9,1,0.10675669279861635,0.08440841777763289,0.2740602132256045,0.10338502583536711,0.11525920371914562
Linéaire après ACP,9,2,0.12047678046154059,0.0944437373550142,0.2911389520282007,0.12053001128571172,0.11595072926328952
Linéaire après ACP,9,3,0.14138702345242996,0.10739645186151686,0.3093005132136081,0.1395348979341532,0.11178074930698155
Linéaire après ACP,9,4,0.13002486641255426,0.1081989507713347,0.21374060482674895,0.12951362072022768,0.11285893732265517
Linéaire après ACP,9,5,0.13606154913164561,0.10480524642129818,0.2571910085995086,0.13063840690017345,0.11637699120990737
Linéaire après ACP,10,1,0.10667635385176544,0.08399916513897053,0.2751524031729261,0.10339912035260242,0.11499050738927614
Linéaire après ACP,10,2,0.1208567682501415,0.0939051770632534,0.2866603574985547,0.12036951963838932,0.11527037220196058
Linéaire après ACP,10,3,0.13811073164538,0.10502845006820205,0.34094010924929763,0.13484931681829065,0.11088010477096348
Linéaire après ACP,10,4,0.12640903814133744,0.10562243713623569,0.25686234283737985,0.12665246911908343,0.11169527453390715
Linéaire après ACP,10,5,0.1357414621812967,0.10482574504959039,0.26068183749430773,0.1304036614193018,0.11583607967907204
Linéaire après ACP,11,1,0.10611231457821274,0.08443307146661021,0.282797239966298,0.10392309457306997,0.11288034984733046
Linéaire après ACP,11,2,0.11880934477716787,0.0907730079960283,0.3106248764928574,0.11932867905811644,0.11360892379516575
Linéaire après ACP,11,3,0.13883497518319982,0.10561847002124725,0.3340098529526341,0.1380522658769139,0.10926846329645136
Linéaire après ACP,11,4,0.12629524017967533,0.10450380740398828,0.25819973906295535,0.12710427540093902,0.11066762015787622
Linéaire après ACP,11,5,0.12967722781163107,0.09742641251873121,0.32526418218802156,0.12510712445026384,0.11419959786092443
Linéaire après ACP,12,1,0.10730678587126578,0.085305244135223,0.26655973194657356,0.10497126941767548,0.1125992618729838
Linéaire après ACP,12,2,0.11873711703779959,0.09053451261937161,0.3114628050551105,0.11906852770833536,0.11353805598172961
Linéaire après ACP,12,3,0.14040028522737547,0.10662360009221326,0.3189076375597605,0.1421919619047591,0.10903607648970175
Linéaire après ACP,12,4,0.12646138008525065,0.10496719981310933,0.25624679630366143,0.12662184599467982,0.1105554281643835
Linéaire après ACP,12,5,0.14090741128941806,0.10671737524444529,0.20333818405760595,0.13671514250619687,0.11351783417395699
Linéaire après ACP,13,1,0.1081869221833944,0.08737923436212544,0.2544789537635601,0.1056467849078111,0.11231632859202755
Linéaire après ACP,13,2,0.11851496228710731,0.09000393086764998,0.3140368731892953,0.11893443397480062,0.11347135428667557
Linéaire après ACP,13,3,0.1410395296572383,0.10721677942832825,0.3126914727704726,0.14011069943376178,0.10876605742658985
Linéaire après ACP,13,4,0.12850541752673408,0.1060248753940474,0.23200942637719657,0.12983555591016066,0.11029186771213952
Linéaire après ACP,13,5,0.1501184048797044,0.1140156299238005,0.09577978599456483,0.1447384736882381,0.11282879361584928
k plus proches voisins,0,1,0.11145189054200186,0.08834594029136737,0.20880186239720722,0.1101128194112854,0.012578818182864968
k plus proches voisins,0,2,0.12156409734821094,0.09499035825411428,0.27828610738047077,0.11520745973845764,0.01649109484677902
k plus proches voisins,0,3,0.13359857667923386,0.09792886291068535,0.38330036307080206,0.13185212317734385,0.015097802382823653
k plus proches voisins,0,4,0.1264213517338083,0.09334138604014046,0.256717556672049,0.13043285069147975,0.015888417762854313
k plus proches voisins,0,5,0.1325141290144725,0.09944827432795889,0.2954193657653449,0.1337567482019792,0.0157695460182275
k plus proches voisins,1,1,0.11145189054200186,0.08834594029136737,0.20880186239720722,0.1101128194112854,0.012578818182864968
k plus proches voisins,1,2,0.12156409734821094,0.09499035825411428,0.27828610738047077,0.11520745973845764,0.01649109484677902
k plus proches voisins,1,3,0.13359857667923386,0.09792886291068535,0.38330036307080206,0.13185212317734385,0.015097802382823653
k plus proches voisins,1,4,0.1264213517338083,0.09334138604014046,0.256717556672049,0.13043285069147975,0.015888417762854313
k plus proches voisins,1,5,0.1325141290144725,0.09944827432795889,0.2954193657653449,0.1337567482019792,0.0157695460182275
k plus proches voisins,2,1,0.11983167681273461,0.09618889388287154,0.08535271463896088,0.11718623019977219,0.012578818182864968
k plus proches voisins,2,2,0.10855331912234255,0.08276093893649507,0.4245062387523061,0.10549886715983495,0.01649109484677902
k plus proches voisins,2,3,0.1492543713437658,0.10482237859034979,0.23029528096301,0.14752571335867484,0.015097802382823653
k plus proches voisins,2,4,0.14297704647368406,0.10406138870133547,0.04929526187479871,0.15759996055593398,0.015888417762854313
k plus proches voisins,2,5,0.14318952406713384,0.11247097904296093,0.17732401364252137,0.1448962290535109,0.0157695460182275
k plus proches voisins,3,1,0.11983167681273461,0.09618889388287154,0.08535271463896088,0.11718623019977219,0.012578818182864968
k plus proches voisins,3,2,0.10855331912234253,0.08276093893649507,0.4245062387523062,0.10549886715983495,0.01649109484677902
k plus proches voisins,3,3,0.1492543713437658,0.10482237859034979,0.23029528096301,0.14752571335867484,0.015097802382823653
k plus proches voisins,3,4,0.14297704647368406,0.10406138870133547,0.049295261874798824,0.15759996055593398,0.015888417762854313
k plus proches voisins,3,5,0.14318952406713384,0.11247097904296095,0.17732401364252137,0.1448962290535109,0.0157695460182275
k plus proches voisins,4,1,0.12779054628343206,0.0972614245363159,-0.04017839771376286,0.1229021041662456,0.012578818182864968
k plus proches voisins,4,2,0.11079051434066073,0.08417084178850684,0.4005408919652663,0.1056256935889658,0.01649109484677902
k plus proches voisins,4,3,0.14212270833141313,0.10457120495434874,0.3020939229430112,0.14199691165255812,0.015097802382823653
k plus proches voisins,4,4,0.13313084035159065,0.09378697410282388,0.17572835145666044,0.14501787878793068,0.015888417762854313
k plus proches voisins,4,5,0.13763587430971544,0.10249974781326004,0.23990194469392767,0.13635137383990809,0.0157695460182275
k plus proches voisins,5,1,0.12779054628343206,0.0972614245363159,-0.04017839771376286,0.1229021041662456,0.012578818182864968
k plus proches voisins,5,2,0.11079051434066073,0.08417084178850684,0.4005408919652663,0.1056256935889658,0.01649109484677902
k plus proches voisins,5,3,0.14212270833141313,0.10457120495434874,0.3020939229430112,0.14199691165255812,0.015097802382823653
k plus proches voisins,5,4,0.13313084035159065,0.09378697410282388,0.17572835145666044,0.1450178787879307,0.015888417762854313
k plus proches voisins,5,5,0.13763587430971544,0.10249974781326004,0.23990194469392778,0.13635137383990809,0.0157695460182275
k plus proches voisins,6,1,0.125792954804317,0.09584665748356082,-0.00791292388490561,0.12034858537930848,0.012578818182864968
k plus proches voisins,6,2,0.12112333722700995,0.08830985176113197,0.2835101172724763,0.11373832441862845,0.01649184620182823
k plus proches voisins,6,3,0.13591775961869232,0.10166288085921733,0.36170352698776775,0.13441509116272665,0.015097802382823653
k plus proches voisins,6,4,0.12860892820541875,0.0926080809375364,0.2307717004727604,0.1345157587856008,0.015888417762854313
k plus proches voisins,6,5,0.13610914238802937,0.10492298153938905,0.2566712602643604,0.13602664832952663,0.0157695460182275
k plus proches voisins,7,1,0.125792954804317,0.09584665748356082,-0.00791292388490561,0.1203485853793085,0.012578818182864968
k plus proches voisins,7,2,0.12112333722700995,0.08830985176113197,0.2835101172724763,0.11373832441862845,0.01649184620182823
k plus proches voisins,7,3,0.13591775961869232,0.10166288085921733,0.36170352698776775,0.13441509116272665,0.015097802382823653
k plus proches voisins,7,4,0.12860892820541878,0.0926080809375364,0.2307717004727602,0.1345157587856008,0.015888417762854313
k plus proches voisins,7,5,0.13610914238802937,0.10492298153938905,0.2566712602643604,0.13602664832952663,0.0157695460182275
k plus proches voisins,8,1,0.11258536430897857,0.09263307812404069,0.19262694420993265,0.11043129636627415,0.012578818182864968
k plus proches voisins,8,2,0.10640579337555087,0.08405864938405204,0.4470511560067376,0.10521883926006038,0.01649109484677902
k plus proches voisins,8,3,0.14593691797202796,0.1006392624749653,0.26413123258997917,0.14270409305246573,0.015097802382823653
k plus proches voisins,8,4,0.13534666371188186,0.09839218621598612,0.14806173472889084,0.14860542768048005,0.015888417762854313
k plus proches voisins,8,5,0.1523806848465661,0.11538429013455705,0.06832128964259176,0.14829541256464193,0.015769546018227498
k plus proches voisins,9,1,0.11258536430897857,0.09263307812404067,0.19262694420993265,0.11043129636627416,0.012578818182864968
k plus proches voisins,9,2,0.10640579337555087,0.08405864938405204,0.4470511560067376,0.10521883926006038,0.01649109484677902
k plus proches voisins,9,3,0.14593691797202796,0.1006392624749653,0.26413123258997917,0.14270409305246573,0.015097802382823653
k plus proches voisins,9,4,0.13534666371188186,0.09839218621598612,0.14806173472889084,0.14860542768048005,0.015888417762854313
k plus proches voisins,9,5,0.1523806848465661,0.11538429013455705,0.06832128964259176,0.14829541256464193,0.015769546018227498
k plus proches voisins,10,1,0.11650771856635163,0.09064423483349066,0.13539095820367486,0.11389760829203632,0.012578818182864968
k plus proches voisins,10,2,0.1115988468405325,0.08646051795775986,0.39176162099266765,0.10683730800998817,0.01649109484677902
k plus proches voisins,10,3,0.13783386031366107,0.1018273583462739,0.34357990245527714,0.13614925729773977,0.015097802382823653
k plus proches voisins,10,4,0.13577064147841258,0.09773330202674146,0.14271592696651225,0.1476717551074739,0.015888417762854313
k plus proches voisins,10,5,0.14041976704292386,0.1049056866860687,0.20884272522738523,0.14051269358971807,0.0157695460182275
k plus proches voisins,11,1,0.11650771856635163,0.09064423483349066,0.13539095820367486,0.11389760829203631,0.012578818182864968
k plus proches voisins,11,2,0.1115988468405325,0.08646051795775986,0.39176162099266765,0.10683730800998817,0.01649109484677902
k plus proches voisins,11,3,0.13783386031366107,0.1018273583462739,0.34357990245527714,0.13614925729773977,0.015097802382823653
k plus proches voisins,11,4,0.13577064147841258,0.09773330202674146,0.14271592696651225,0.1476717551074739,0.015888417762854313
k plus proches voisins,11,5,0.14041976704292386,0.1049056866860687,0.20884272522738523,0.14051269358971807,0.0157695460182275
k plus proches voisins,12,1,0.10117430855379593,0.08003100424330542,0.34799508912484267,0.10144796803118174,0.058688841178993874
k plus proches voisins,12,2,0.11169905489023066,0.08337836206396208,0.3906688185479673,0.10828470838361183,0.054891558513773545
k plus proches voisins,12,3,0.11830505969242908,0.08798807919167088,0.5164107165568205,0.11475561982092113,0.05747441710710077
k plus proches voisins,12,4,0.11099893234879563,0.08205838426553803,0.427005282103335,0.11663073687299055,0.059482745787805935
k plus proches voisins,12,5,0.12611519375713082,0.09420611212433691,0.3618229937948444,0.12546683085591945,0.06025553074953144
k plus proches voisins,13,1,0.09831935475391644,0.07646714476577751,0.3842726907067565,0.09909012786470071,0.0097576723231056
k plus proches voisins,13,2,0.11097513324221969,0.08150962638041404,0.3985413761585487,0.10732408363757917,0.012406240122512532
k plus proches voisins,13,3,0.1171699688045062,0.08605346815405095,0.5256458999808891,0.11316716136441723,0.011537560978493835
k plus proches voisins,13,4,0.10850723071213564,0.07901438184318443,0.4524416894514345,0.11357939270446692,0.011423602503806767
k plus proches voisins,13,5,0.1256162046610596,0.09355868676996718,0.3668630429642703,0.1249571737922602,0.011812854966872292
k plus proches voisins,14,1,0.11190838557462741,0.08884108329399017,0.20230726295770696,0.10963482157513241,0.06650196609032315
k plus proches voisins,14,2,0.10301029997466042,0.07968475513367025,0.48177816266711493,0.10352664217299744,0.060064243701738414
k plus proches voisins,14,3,0.13567786211630462,0.1012993857761887,0.3639547500087297,0.128957332788545,0.05801388964864949
k plus proches voisins,14,4,0.12157999247787786,0.08752592998659214,0.31255613611917754,0.13220195118261413,0.06556562123538748
k plus proches voisins,14,5,0.1339333763941667,0.09972149572502512,0.2802462039630016,0.13589032146039207,0.058487629437411266
k plus proches voisins,15,1,0.10823091876489795,0.08612560620170172,0.2538724655428547,0.10646286439994264,0.0097576723231056
k plus proches voisins,15,2,0.10223228299573829,0.07852917470931806,0.48957666043976245,0.10191721978613952,0.012406240122512532
k plus proches voisins,15,3,0.13402265001533667,0.0970821813834564,0.37937904966668556,0.12699886968120191,0.011537560978493835
k plus proches voisins,15,4,0.12151669667780701,0.08749454311285626,0.3132717305521543,0.13268724460857567,0.011423602503806767
k plus proches voisins,15,5,0.13140443211375352,0.0984049476907059,0.3071705229993509,0.13242690839571497,0.011812854966872292
k plus proches voisins,16,1,0.1114582427449278,0.08443315816030117,0.2087116711169249,0.1081505696719452,0.06040358876673084
k plus proches voisins,16,2,0.1004846478891285,0.07512442651630595,0.5068786158595215,0.09991831002396248,0.05905905181601194
k plus proches voisins,16,3,0.12757188853989793,0.10132825711438853,0.4376845714829376,0.12423239392664674,0.05982650098738892
k plus proches voisins,16,4,0.12325529233639115,0.08863246943284038,0.2934804760664981,0.12882983512522683,0.061927137371529606
k plus proches voisins,16,5,0.12654149796481304,0.0923479713479911,0.3575012725222081,0.12482028507290752,0.05948102747477575
k plus proches voisins,17,1,0.10808259501814521,0.08182032961273537,0.2559161070572189,0.10561666054367905,0.0097576723231056
k plus proches voisins,17,2,0.09935950791582036,0.07369780989954627,0.5178598818868767,0.09810147574374614,0.012406240122512532
k plus proches voisins,17,3,0.12616539989428713,0.09792741367220754,0.45001535164611917,0.12215332081927317,0.011537560978493835
k plus proches voisins,17,4,0.12103855328931075,0.08742890928622735,0.3186653692301914,0.12701051840116068,0.011423602503806767
k plus proches voisins,17,5,0.12804022382725025,0.09277671406705638,0.3421919578245036,0.12636753058396508,0.011812854966872292
k plus proches voisins,18,1,0.1121336643207993,0.08271057780774174,0.1990924172470515,0.10845606884589232,0.058862898267153775
k plus proches voisins,18,2,0.11004738845097725,0.0794404423320677,0.4085556499359547,0.1064709022473691,0.0574186139580872
k plus proches voisins,18,3,0.1250996463475164,0.0939825471630715,0.45926784739763005,0.12193703517986788,0.059702187217280385
k plus proches voisins,18,4,0.11271757373819496,0.08271772882671388,0.4091240965427788,0.1174692647593172,0.061307866724444215
k plus proches voisins,18,5,0.11877004899875128,0.09424090945991571,0.4339950873187868,0.1184300755760119,0.0611600211638751
k plus proches voisins,19,1,0.10768177864256884,0.08051312626219496,0.2614246351711348,0.10502637120168475,0.009757672323107527
k plus proches voisins,19,2,0.10873161563183295,0.07769521816228626,0.4226142137851574,0.10435433785240292,0.011934967556161559
k plus proches voisins,19,3,0.12241768679018714,0.09037110314604638,0.48220438565857315,0.11895747110763265,0.01153756097849545
k plus proches voisins,19,4,0.11147655431825841,0.08092507610158778,0.4220635468381617,0.11546327514036657,0.011423602503808009
k plus proches voisins,19,5,0.11989422844093241,0.09432277764430905,0.42322970671940685,0.11954091541565037,0.011754748357199444
k plus proches voisins,20,1,0.10857746260972329,0.08201278275774881,0.2490867747682709,0.105559121365615,0.06111550689134476
k plus proches voisins,20,2,0.10472762925582085,0.0784158407442218,0.46435512886995123,0.10450564332169637,0.05415387989545217
k plus proches voisins,20,3,0.13282020953383578,0.09748135941998691,0.3904654154845658,0.12880191662850007,0.056810554281779
k plus proches voisins,20,4,0.125023635061079,0.08941767872723606,0.2730621885043131,0.13480579190568662,0.061928320549172085
k plus proches voisins,20,5,0.12609343867392186,0.08996133305385269,0.3620431480203078,0.12345147898087773,0.057991444885995336
k plus proches voisins,21,1,0.10127559344580282,0.07805037072212007,0.3466890005902382,0.09996803452546568,0.009757672323107725
k plus proches voisins,21,2,0.1038116132629743,0.07777005232888141,0.47368434713438023,0.10305404543454146,0.011752651950976833
k plus proches voisins,21,3,0.12975469811749493,0.09242087080415615,0.41827702924224286,0.12531988217983553,0.01153756097849611
k plus proches voisins,21,4,0.12336916230673481,0.08797863545434295,0.2921744304048386,0.13438383796807662,0.011423602503807806
k plus proches voisins,21,5,0.12760357819083282,0.09072841460570405,0.34667085117918006,0.12507789951530987,0.011367955190764471
k plus proches voisins,22,1,0.10434549059968938,0.0791100589164267,0.30648198415369343,0.10315771464895897,0.059468441809876336
k plus proches voisins,22,2,0.10453552644686956,0.07746928280740194,0.46631840276265546,0.10334493162917138,0.05764539538440355
k plus proches voisins,22,3,0.12571494179747217,0.0990696085365928,0.45393564622031446,0.12257690067263095,0.05874650874844329
k plus proches voisins,22,4,0.11816062136226022,0.0878903234340853,0.3506803473554322,0.1228946986676002,0.060032673258740496
k plus proches voisins,22,5,0.13215378606323275,0.09580613293896846,0.2992460590723117,0.1285107782175883,0.05826005573387088
k plus proches voisins,23,1,0.1012301803751633,0.07723583845032134,0.34727477265314355,0.1007183530239168,0.009757672323107223
k plus proches voisins,23,2,0.10346539860214206,0.07620415956509939,0.47718904835454456,0.10154120718881844,0.011766032131397234
k plus proches voisins,23,3,0.12263587676861842,0.09405887072537099,0.4803569647613788,0.11911034728219232,0.011537560978496631
k plus proches voisins,23,4,0.11470565961244614,0.08420001561173442,0.3880968220164228,0.12019722938158306,0.011423602503808798
k plus proches voisins,23,5,0.13323483715908102,0.09589568836452338,0.2877344812931214,0.12963220078275697,0.011761282923116694
k plus proches voisins,24,1,0.10602039366990797,0.08109150543581166,0.284039270637069,0.10302246092324809,0.07017900937509074
k plus proches voisins,24,2,0.10553114078541354,0.08042752256018064,0.4561042418862201,0.10348311663583318,0.06813057959035032
k plus proches voisins,24,3,0.1202599545108467,0.08523810671248293,0.5002968345252721,0.1167482956258961,0.0694231088393739
k plus proches voisins,24,4,0.10521510429354862,0.0771884609431688,0.48516365851637533,0.10805402067669184,0.06986742057800589
k plus proches voisins,24,5,0.12109490150681299,0.08991946439455684,0.41161980478006976,0.1216132086545591,0.07249899496902028
k plus proches voisins,25,1,0.09624376056733093,0.07464968588491443,0.40999520006845036,0.09545712242051525,0.009395356327509582
k plus proches voisins,25,2,0.10355809833389283,0.07820155230779736,0.476251804668005,0.10120492126611613,0.012085317016717454
k plus proches voisins,25,3,0.11758671156758715,0.0825553827047767,0.5222655936669685,0.11347010830131987,0.011178674117021205
k plus proches voisins,25,4,0.10128566866119175,0.07324414621699274,0.5229004416549317,0.1040135005798701,0.011326597812969425
k plus proches voisins,25,5,0.118556854064402,0.08743169265622326,0.4360252469268412,0.11837255923630503,0.011558803139716656
k plus proches voisins,26,1,0.11080645525875867,0.08183309373167086,0.21793923126335502,0.10812409270763368,0.07448405819571473
k plus proches voisins,26,2,0.11000549694660816,0.08287234547643811,0.40900585194648875,0.10968670868364142,0.07525503010015598
k plus proches voisins,26,3,0.12314649368524772,0.0887524405869377,0.47602069834146,0.12028587510584082,0.07131048567063805
k plus proches voisins,26,4,0.11745496868434344,0.08760870493906352,0.35841263555193215,0.12577157904181652,0.07736077731442799
k plus proches voisins,26,5,0.12482847661062568,0.09145337975968794,0.37477883640636567,0.12456776105061595,0.07329080147684437
k plus proches voisins,27,1,0.10460388635486075,0.07909680993079321,0.3030429472810783,0.10208442299201709,0.009395356327509582
k plus proches voisins,27,2,0.10676884719792142,0.08014180519626098,0.4432714244292505,0.10619625196744564,0.012085317016717454
k plus proches voisins,27,3,0.12266727561059494,0.08648804915661447,0.48009083907744654,0.1184235215337432,0.011178674117021205
k plus proches voisins,27,4,0.11686760762939709,0.08605259431303752,0.3648134066483645,0.1259617632566231,0.011326597812969425
k plus proches voisins,27,5,0.12401698409342331,0.09137754214629164,0.38288136499312886,0.12338313877692203,0.011558803139716656
k plus proches voisins,28,1,0.1120119301250878,0.08367938722949947,0.20083043086439967,0.11077777142813672,0.07531239621550573
k plus proches voisins,28,2,0.10001146389596334,0.07708115705280082,0.5115119156952568,0.0981762149858894,0.07557708612545001
k plus proches voisins,28,3,0.12358857946946412,0.09220652696907239,0.4722518603560899,0.11991295502154697,0.07202165873558825
k plus proches voisins,28,4,0.11834053898462094,0.08809206997762521,0.3487014649164175,0.1235007300128356,0.07525893833309573
k plus proches voisins,28,5,0.1206759415258031,0.08769273710692153,0.4156840770627367,0.11995702895991563,0.07559407099769937
k plus proches voisins,29,1,0.1042017371884867,0.0784565834741293,0.3083915426069759,0.1028543062555536,0.009395356327509582
k plus proches voisins,29,2,0.09784318964696496,0.0738718117330789,0.5324634044123031,0.09565732400726096,0.012085317016717454
k plus proches voisins,29,3,0.12099125226995347,0.08888397611552373,0.4942009916084886,0.11658442156966284,0.011178674117021205
k plus proches voisins,29,4,0.11481458882077723,0.0842378789758335,0.38693409338161466,0.11982656941948382,0.011326597812969425
k plus proches voisins,29,5,0.11950506938955834,0.08641791308858247,0.42696785339274723,0.11813720963362469,0.011558803139716656
k plus proches voisins,30,1,0.1098174643616041,0.08089213666595367,0.2318373259805756,0.10574092237149937,0.07212624305844106
k plus proches voisins,30,2,0.10313872568068051,0.07995496729273671,0.4804851950306751,0.09893127256794451,0.06971358660164234
k plus proches voisins,30,3,0.12747950518501416,0.09506481715839181,0.4384986971756316,0.12412719774030913,0.0687942264581459
k plus proches voisins,30,4,0.11234049523372391,0.08251141527193633,0.4130708443800546,0.11716643133665147,0.07516334903014985
k plus proches voisins,30,5,0.12216297340500254,0.09147949754241287,0.4011948608830077,0.1230699297132159,0.07622650574944095
k plus proches voisins,31,1,0.1041451555896569,0.07782092171660723,0.3091424262084562,0.10095319492334034,0.009395356327514537
k plus proches voisins,31,2,0.10229618574084895,0.07721805415219722,0.488938356260855,0.0980440560792355,0.011601014720310639
k plus proches voisins,31,3,0.12371862147798032,0.09104240716580603,0.47114066488978756,0.11988832412096773,0.011178674117023842
k plus proches voisins,31,4,0.10849666578350738,0.07817953375432048,0.45254831152270925,0.11298480058541005,0.011326597812971692
k plus proches voisins,31,5,0.1196522209918275,0.08949982867132922,0.42555578754597756,0.11922718121758691,0.0114994128742407
k plus proches voisins,32,1,0.10813829599910788,0.08063661004452402,0.2551489736900602,0.10761105854643777,0.07576222639222349
k plus proches voisins,32,2,0.10855623431752923,0.08355461699030817,0.42447532861186466,0.10526582652990876,0.07144844431827796
k plus proches voisins,32,3,0.12626447784221198,0.09245482324629979,0.44915120432079125,0.12458060104968295,0.06884537088109682
k plus proches voisins,32,4,0.11260654904915583,0.0861910803024036,0.4102875265739906,0.11750984045805266,0.07603572606039115
k plus proches voisins,32,5,0.12882185041747096,0.08982499655231006,0.3341362141311336,0.1284054790514087,0.07301428064304363
k plus proches voisins,33,1,0.09955921109821889,0.07571583696347906,0.3686455148452159,0.09902865346611789,0.009395356327517045
k plus proches voisins,33,2,0.10555578975009994,0.08000535868763264,0.4558501361708286,0.10254536988699013,0.011413365853050913
k plus proches voisins,33,3,0.12446725865524272,0.08957864804862883,0.46472090935620025,0.12200402119354697,0.011178674117025517
k plus proches voisins,33,4,0.11100959968712486,0.0832866398160382,0.42689514370661186,0.11811612174655878,0.011326597812972336
k plus proches voisins,33,5,0.12712631351505807,0.08898091150867253,0.3515488931435711,0.12560593164451625,0.011103728610795793
k plus proches voisins,34,1,0.10361889044451293,0.07754590239293,0.31610685301408936,0.1021714777254935,0.07382684718155792
k plus proches voisins,34,2,0.10268840044301329,0.0790542064363391,0.48501191160204915,0.10021266111158184,0.07280143395666094
k plus proches voisins,34,3,0.12986790229764852,0.0987188713834736,0.41726154078918354,0.12663619955036143,0.06868007997834054
k plus proches voisins,34,4,0.11326462342443093,0.08750964394212622,0.4033748091887115,0.11592810273605642,0.07344903207371412
k plus proches voisins,34,5,0.12297634084791488,0.08779173199979225,0.393194564415405,0.12411044737867208,0.07670490031895895
k plus proches voisins,35,1,0.09942050491873003,0.0751693346517364,0.3704034991493711,0.0982111990124189,0.00939535632751312
k plus proches voisins,35,2,0.10109891377779348,0.07605408260584434,0.5008312545217122,0.09825958093881387,0.011427143348915418
k plus proches voisins,35,3,0.12601521591934622,0.09422606943765742,0.4513239468544331,0.12208660423472778,0.011178674117026478
k plus proches voisins,35,4,0.1080452135599526,0.08171724089109732,0.45709470179206346,0.11065086378629742,0.011326597812974482
k plus proches voisins,35,5,0.12193011832277795,0.0869324292288235,0.4034754525800104,0.12185640386950879,0.011506092462728691
k plus proches voisins,36,1,0.10494341579369233,0.08133381004221833,0.29851115613821544,0.10367946949440038,0.08467496831795099
k plus proches voisins,36,2,0.10881783602682685,0.08198875087967356,0.4216981569762678,0.10541162971648181,0.08387251145795138
k plus proches voisins,36,3,0.12171226102719561,0.09060549378430853,0.48815473419623967,0.12055764171722691,0.0827319413549404
k plus proches voisins,36,4,0.10007021869668913,0.07755903697245337,0.53428233293764,0.10360241330915318,0.08512271111817696
k plus proches voisins,36,5,0.11650794521501841,0.087509098048745,0.4553501162761029,0.11743648175165286,0.08552549760909235
k plus proches voisins,37,1,0.09639806417940074,0.07598463677135706,0.40810182326256006,0.0960809377873633,0.009395356327509582
k plus proches voisins,37,2,0.1037807681020446,0.07653608093842004,0.4739970651181361,0.10072565801698112,0.012085317016717454
k plus proches voisins,37,3,0.11690567419038765,0.08406253158922417,0.5277834415446294,0.11457431429464816,0.011178674117021205
k plus proches voisins,37,4,0.09610458978052926,0.0726171887945112,0.5704623131824793,0.09921369905192334,0.011326597812969425
k plus proches voisins,37,5,0.11319304775294421,0.08404144176638312,0.4859020920621405,0.11339226871557469,0.011558803139716656
k plus proches voisins,38,1,0.11236693776355015,0.08417201107546046,0.19575666961973648,0.10934799557075625,0.08486758686853986
k plus proches voisins,38,2,0.1111467899894495,0.0852697071163849,0.39667926025244604,0.1100818924613445,0.08776558712568791
k plus proches voisins,38,3,0.12114900800044538,0.08831734635615617,0.49288114889543644,0.11796085904561597,0.08766960585516946
k plus proches voisins,38,4,0.11407165766140638,0.08943723312018256,0.39484235970008685,0.11637190865851367,0.09243811866703613
k plus proches voisins,38,5,0.12285552137400554,0.09026793204889266,0.39438630420783216,0.12642860808840561,0.09129532437843312
k plus proches voisins,39,1,0.10491979258101364,0.07840989239330766,0.2988269368830313,0.10204512349226104,0.009395356327509582
k plus proches voisins,39,2,0.10589892133753183,0.07935611626662578,0.4523066358952441,0.10508429381647964,0.012085317016717454
k plus proches voisins,39,3,0.11976213528671532,0.08623619266852209,0.504425340395235,0.11544597759725242,0.011178674117021205
k plus proches voisins,39,4,0.11075300409479207,0.08453267548842434,0.4295415134323801,0.11396207396928643,0.011326597812969425
k plus proches voisins,39,5,0.11957899980122501,0.08702962117279564,0.42625863483214466,0.12197348255250098,0.011558803139716656
k plus proches voisins,40,1,0.11289992497309988,0.083999713781206,0.18810908176840568,0.11100044700102596,0.08777335319409835
k plus proches voisins,40,2,0.10497032872504164,0.0801172004388779,0.4618696078865697,0.1020719096988805,0.08976618967486807
k plus proches voisins,40,3,0.11972733783860925,0.09021383405093586,0.5047132816245734,0.1169688145118693,0.08463584105957385
k plus proches voisins,40,4,0.10884430263913603,0.08422878723213385,0.44903448411187175,0.11237954527811535,0.0898495004819635
k plus proches voisins,40,5,0.11982346759868476,0.08825582404009445,0.4239103184310459,0.12066794081405298,0.08943838475903336
k plus proches voisins,41,1,0.10474177930131998,0.07824147444799132,0.30120422388559276,0.10272342773484605,0.009395356327509582
k plus proches voisins,41,2,0.0977482952778168,0.07322441440213766,0.5333698563732842,0.09553320581380556,0.012085317016717454
k plus proches voisins,41,3,0.11571334499385291,0.08690360391511116,0.5373666608984609,0.11155429888238798,0.011178674117021205
k plus proches voisins,41,4,0.10553480177327491,0.07929832086448525,0.48203023125326194,0.10831399294649101,0.011326597812969425
k plus proches voisins,41,5,0.11674169647343091,0.08470892179152156,0.4531624489911418,0.1169445340943545,0.011558803139716656
k plus proches voisins,42,1,0.10528294618761914,0.0803771060037304,0.2939646664654666,0.10373881966697573,0.0853548586310609
k plus proches voisins,42,2,0.10765854802653832,0.08221881656730153,0.4339543691753043,0.10443860386788074,0.0888374990234213
k plus proches voisins,42,3,0.12264853983069411,0.09403038508004992,0.4802496452409134,0.1220582042545287,0.0826690195808446
k plus proches voisins,42,4,0.10182030367231167,0.07775751468470694,0.5178504215740712,0.10504603304176116,0.08641899090173659
k plus proches voisins,42,5,0.12226368196661962,0.09115407237145964,0.40020716944806667,0.12163785711309463,0.08932293162114675
k plus proches voisins,43,1,0.10031228698630507,0.07736410393254457,0.35905813383235397,0.09866207560658599,0.009395356327521717
k plus proches voisins,43,2,0.10334249534641875,0.07701437223000189,0.47843037164943414,0.10023685793483163,0.011601014940779437
k plus proches voisins,43,3,0.11813530250404888,0.08861946325330994,0.5177975356737079,0.11640211027712458,0.011178674117028678
k plus proches voisins,43,4,0.09826589941913803,0.0727638301217943,0.5509252026561637,0.10089779228317322,0.011326597812974251
k plus proches voisins,43,5,0.11829131999162693,0.08737218770336198,0.43854870810115365,0.11657854938623667,0.011499412870922883
k plus proches voisins,44,1,0.1066583155583687,0.08285479023064221,0.27539751669052537,0.10593638087840437,0.08588003554973195
k plus proches voisins,44,2,0.10703340898019777,0.08273563774084128,0.44050897842763503,0.10584395403373223,0.08905814246412727
k plus proches voisins,44,3,0.12413961000448116,0.09196011225728946,0.46753534639394,0.121723972233981,0.08421994510991607
k plus proches voisins,44,4,0.10657243858092655,0.08426093354729078,0.47179461776554255,0.11060027969047483,0.08911028034954553
k plus proches voisins,44,5,0.1256481310315181,0.09122448903545591,0.3665411683487868,0.12713632721965187,0.09012928828799611
k plus proches voisins,45,1,0.09968651117661313,0.07824649940442806,0.36702993638625325,0.09836172392529273,0.009395356327527254
k plus proches voisins,45,2,0.10253989851646798,0.07761744436702589,0.48650032557821676,0.10137256549736777,0.011413366079717454
k plus proches voisins,45,3,0.12109701598279027,0.08855597893752215,0.49331632331546527,0.11770675264768943,0.011178674117031327
k plus proches voisins,45,4,0.10328451339337302,0.07925663917699932,0.5038837744173429,0.10860620874956828,0.011326597812978647
k plus proches voisins,45,5,0.12237720097808451,0.0873354044268007,0.3990928647399081,0.12295131787076148,0.011103728587492477
k plus proches voisins,46,1,0.10577469626702325,0.08036719157877308,0.28735383785127966,0.1040791055875167,0.08588091084475667
k plus proches voisins,46,2,0.10559245220158499,0.08017011547562244,0.455472073866496,0.10299605624231392,0.0878636381271508
k plus proches voisins,46,3,0.12226594556811608,0.09231867883766469,0.4834872434804868,0.1209085687344208,0.08327524916210388
k plus proches voisins,46,4,0.10667788276664629,0.08335998096539168,0.47074887384830355,0.10902456012261916,0.08525463955120287
k plus proches voisins,46,5,0.12500116925282814,0.09238148545878112,0.373047728515396,0.12476421592024826,0.08988917614898155
k plus proches voisins,47,1,0.10021385774627439,0.07656041110243879,0.3603153371343316,0.09846860633073444,0.00939535632751781
k plus proches voisins,47,2,0.10026230109611808,0.07466654869442159,0.5090585041037162,0.09784750377522076,0.01142714357381894
k plus proches voisins,47,3,0.11847483883300153,0.0888808387840858,0.5150217263265543,0.115781693406972,0.01117867411703475
k plus proches voisins,47,4,0.10331174545597983,0.0787513458160709,0.5036221272693927,0.10540263495798123,0.011326597812983953
k plus proches voisins,47,5,0.12070414808408657,0.0878182386068786,0.41541089142010656,0.1194073516067295,0.011506092451344735
k plus proches voisins,48,1,0.1109638859079469,0.08697476665672595,0.21571539336207313,0.10842638240620427,0.0917396313868142
k plus proches voisins,48,2,0.11313703536187818,0.08810892372553049,0.3748791352654024,0.11001643176631529,0.09269568576193514
k plus proches voisins,48,3,0.12035173251161836,0.09090277846425553,0.49953383311384625,0.11877792323618336,0.08933095563774905
k plus proches voisins,48,4,0.09880183683944814,0.07690089850660886,0.5460133806021348,0.10299345576978196,0.096370692789605
k plus proches voisins,48,5,0.11739435009966978,0.08687184803611488,0.4470310812341681,0.11705648456639968,0.09454594744989941
k plus proches voisins,49,1,0.0996658135392668,0.0784702613108074,0.36729275278161777,0.0984162887362033,0.009395356327509582
k plus proches voisins,49,2,0.10705300059454073,0.0806597765854143,0.4403041389178072,0.1041971745455477,0.012085317016717454
k plus proches voisins,49,3,0.11565256649005409,0.0845702575422075,0.5378525301405742,0.11317208336561649,0.011178674117021205
k plus proches voisins,49,4,0.09294181709705292,0.07057585111646603,0.5982690112980313,0.09702196025406792,0.011326597812969425
k plus proches voisins,49,5,0.11314338710961865,0.08286312838825471,0.48635308853100523,0.11204941180610996,0.011558803139716656
k plus proches voisins,50,1,0.11352412119668516,0.0851449771624744,0.17910676976804785,0.11152827590542887,0.09556031502363468
k plus proches voisins,50,2,0.1085353368743748,0.08622197915560943,0.4246968881853215,0.10663300347333557,0.09772216740524105
k plus proches voisins,50,3,0.12293989518107838,0.09146580237711449,0.47777734654649273,0.12068049187874233,0.0955741347629663
k plus proches voisins,50,4,0.11306678993510673,0.08933108726062021,0.4054571780547167,0.11681274051204453,0.09941803305248821
k plus proches voisins,50,5,0.1256114961658575,0.09419070224128952,0.3669105060517207,0.12829176444822749,0.0988955023090591
k plus proches voisins,51,1,0.10439726424419196,0.07866339727157397,0.30579360053837135,0.10257299385408951,0.009395356327509582
k plus proches voisins,51,2,0.10331056447028733,0.07872532072176006,0.4787526321527906,0.10206257399785479,0.012085317016717454
k plus proches voisins,51,3,0.11959830667002119,0.08714280381739917,0.5057802557747455,0.11633223555269062,0.011178674117021205
k plus proches voisins,51,4,0.1086618036256156,0.08431597372342531,0.4508805406192784,0.112788119782221,0.011326597812969425
k plus proches voisins,51,5,0.12166739614305581,0.08856188046080017,0.406043339651484,0.12396427429176765,0.011558803139716656
k plus proches voisins,52,1,0.10951278236972149,0.08226921481190283,0.2360938558972573,0.10814448980076115,0.0958747570943189
k plus proches voisins,52,2,0.11338431958133151,0.08823092881655038,0.37214348887820103,0.10940240988201606,0.09719972006814318
k plus proches voisins,52,3,0.11893639150671892,0.091262206894927,0.5112356221474758,0.11835213411957833,0.09320076667419194
k plus proches voisins,52,4,0.1083059260394353,0.08560179109985609,0.45447148597357256,0.11427565230175889,0.09701565471020948
k plus proches voisins,52,5,0.12153557235444694,0.08992302161642438,0.4073297187948778,0.12041929722882655,0.09825956438032993
k plus proches voisins,53,1,0.10243116489151863,0.07749261908596712,0.33169516942062727,0.10065826781039228,0.009395356327509582
k plus proches voisins,53,2,0.10280738828706505,0.07820100975444717,0.483817758729149,0.1002059846729731,0.012085317016717454
k plus proches voisins,53,3,0.11518105165193818,0.08737639959042304,0.541613193451079,0.11329657044255215,0.011178674117021205
k plus proches voisins,53,4,0.10421911318687548,0.07976158735232623,0.4948646498015491,0.10944091197677532,0.011326597812969425
k plus proches voisins,53,5,0.1169037529173878,0.08466424465792122,0.4516431964859924,0.11545145783527933,0.011558803139716656
k plus proches voisins,54,1,0.10777250079300482,0.08330486753917744,0.2601796079771713,0.10637512268307787,0.09472869910888643
k plus proches voisins,54,2,0.11417939242584868,0.08747422613350232,0.3633073133208877,0.11027659582136405,0.0952556511986482
k plus proches voisins,54,3,0.1213285996720026,0.09369534912866989,0.49137652532346454,0.12110541793510989,0.09248604243876822
k plus proches voisins,54,4,0.10326787488393459,0.08134706333403896,0.5040436041797134,0.10598955298024806,0.09566901412070532
k plus proches voisins,54,5,0.12346505495030217,0.0932856174041291,0.388362031057344,0.12132693058384769,0.09803270090939846
k plus proches voisins,55,1,0.1004486767117751,0.07844454943461841,0.35731403414696217,0.09892717977556406,0.009395356327531435
k plus proches voisins,55,2,0.10617389261411578,0.07984388618157563,0.4494587227845551,0.10320014417456701,0.011601014913673815
k plus proches voisins,55,3,0.11626655997909562,0.0879082157128466,0.5329324705545995,0.1150815625561345,0.011178674117033622
k plus proches voisins,55,4,0.09788438008679488,0.0760696914766036,0.5544055171983848,0.10023031751972804,0.01132659781297809
k plus proches voisins,55,5,0.1185975612699873,0.08740996255643153,0.43563789222255656,0.11592821152109208,0.01149941289989818
k plus proches voisins,56,1,0.11222977348310362,0.08649700725854445,0.19771892170371175,0.11104102528352632,0.09518900776738373
k plus proches voisins,56,2,0.10562959353808954,0.08196150120825745,0.4550889394392805,0.10374735021770623,0.09655933196237192
k plus proches voisins,56,3,0.1237490783893424,0.09266823941385242,0.4708802448438232,0.1218298227575581,0.09351209443528125
k plus proches voisins,56,4,0.10424410772125885,0.08199448661834292,0.49462233077821616,0.10830733689682952,0.09816673970734735
k plus proches voisins,56,5,0.12608216467949487,0.09463426408611607,0.3621572221630598,0.12676850880687762,0.09863596855732541
k plus proches voisins,57,1,0.10230543793323953,0.07928791862133772,0.3333347557114674,0.1013226653201775,0.009395356327542095
k plus proches voisins,57,2,0.10079066565105083,0.07655980968068783,0.5038705208272818,0.09950001903698759,0.011413366145989078
k plus proches voisins,57,3,0.12019781107636672,0.0885307942592234,0.5008131368600989,0.11722512470792326,0.011178674117040066
k plus proches voisins,57,4,0.09984774147359227,0.07684301940209312,0.5363508084433816,0.10461922847829695,0.011326597812987485
k plus proches voisins,57,5,0.1217670605328683,0.08863483707398072,0.4050698566071509,0.12205141951913293,0.011103728531817472
k plus proches voisins,58,1,0.11017010188788576,0.08482787615050212,0.22689607358159147,0.10831012947119231,0.09517675439769713
k plus proches voisins,58,2,0.11231129720138194,0.08661822291793778,0.3839708078877717,0.10893036284930717,0.09418106323645652
k plus proches voisins,58,3,0.12152159243436274,0.09225118464219509,0.48975714259194614,0.12261783878142593,0.0917924987247653
k plus proches voisins,58,4,0.10416922706952463,0.08391638541065181,0.4953481160215374,0.10826244698196881,0.09439848633596942
k plus proches voisins,58,5,0.12499590120351814,0.09096655142435167,0.3731005719552456,0.12306762633210643,0.09599179525494753
k plus proches voisins,59,1,0.10242983497379521,0.07890858360611007,0.3317125232146598,0.10057943385835211,0.009395356327524354
k plus proches voisins,59,2,0.10332719372510647,0.07736260303892256,0.47858481479623205,0.10107842686912971,0.011427143673528121
k plus proches voisins,59,3,0.11695949216011142,0.08822606940746286,0.527348568108811,0.11675717217819111,0.011178674117048372
k plus proches voisins,59,4,0.10024968091864661,0.07933533991106359,0.5326104335069883,0.10344898846393863,0.01132659781299273
k plus proches voisins,59,5,0.12118087269716246,0.08630444794257239,0.4107840684927706,0.11899148748920348,0.011506092433682787
k plus proches voisins,60,1,0.11144025360609039,0.08955257685830488,0.20896707523133484,0.10814363404649302,0.09936199018143305
k plus proches voisins,60,2,0.11294956545090025,0.08826679865386935,0.3769490897855494,0.11175564763989727,0.09974956113034307
k plus proches voisins,60,3,0.1256070132503577,0.09659606533647834,0.45487285595387805,0.12395253887471369,0.09957421043860491
k plus proches voisins,60,4,0.10968290962122954,0.08689503830884783,0.44051178777363087,0.11284450774939632,0.10551013896580373
k plus proches voisins,60,5,0.11964769235467963,0.09357183319964192,0.4255992702351926,0.11795579515243926,0.1013519675929913
k plus proches voisins,61,1,0.10007797725778735,0.08010076868999506,0.36204886457917484,0.09814937634005824,0.009395356327509582
k plus proches voisins,61,2,0.10823698133593947,0.081449261386483,0.427855471466286,0.10661986782906863,0.012085317016717454
k plus proches voisins,61,3,0.11854949655427034,0.08706439605652845,0.5144103090620182,0.11662314615554724,0.011178674117021205
k plus proches voisins,61,4,0.09840277081568874,0.07546129713340549,0.5496733278617008,0.10242319884437635,0.011326597812969425
k plus proches voisins,61,5,0.11434726398529306,0.08657254172877178,0.4753642458587206,0.11236566592659937,0.011558803139716656
k plus proches voisins,62,1,0.11487410870915908,0.08812474698892189,0.1594671596574797,0.1128830946422946,0.10175638382688114
k plus proches voisins,62,2,0.1123568240720024,0.08862420542158009,0.38347127549145377,0.11098982368089633,0.10361665607586756
k plus proches voisins,62,3,0.1242113087380615,0.09570400176346008,0.4669201025373496,0.12170767946359329,0.10366104172619822
k plus proches voisins,62,4,0.11281925287845072,0.09035025714118058,0.4080575928922944,0.11697691683859801,0.1067473220421051
k plus proches voisins,62,5,0.1272839615114648,0.09930566492437083,0.3499396212272091,0.1287208004135987,0.10565157047035979
k plus proches voisins,63,1,0.1050260740289727,0.0805272765151177,0.29740567153353936,0.10306758666594376,0.009395356327509582
k plus proches voisins,63,2,0.10511396225352265,0.08016142263567518,0.46039592576510047,0.10472817494252296,0.012085317016717454
k plus proches voisins,63,3,0.11917584703645448,0.08980454411072894,0.5092655750054547,0.11584335354044366,0.011178674117021205
k plus proches voisins,63,4,0.1059877447079617,0.08316886730359205,0.4775745596828114,0.110760797996887,0.011326597812969425
k plus proches voisins,63,5,0.12157387351916171,0.09140729083728945,0.40695610737401244,0.1234677488057354,0.011558803139716656
k plus proches voisins,64,1,0.10887444549599234,0.08325822438617396,0.244973336127965,0.10638237751761992,0.10300731901258812
k plus proches voisins,64,2,0.11094347128466137,0.08780246817121863,0.39888452764240656,0.1081076463784956,0.10252419837945326
k plus proches voisins,64,3,0.12248751522166018,0.09444619647625226,0.48161350424820126,0.1211986259698785,0.10167100535293473
k plus proches voisins,64,4,0.11333431214143319,0.09030430310097484,0.4026404080358187,0.11592338426765052,0.1066440288654316
k plus proches voisins,64,5,0.12841488066363602,0.09688712576595954,0.3383367185401388,0.12452630740702435,0.10398049220641606
k plus proches voisins,65,1,0.10135433414206395,0.07797559530366191,0.34567272096975343,0.0991349502791638,0.009395356327509582
k plus proches voisins,65,2,0.10193397754708661,0.07941244840698856,0.492551061768279,0.10022204922274637,0.012085317016717454
k plus proches voisins,65,3,0.1162640300641187,0.08859318881856765,0.5329527967478258,0.11445251776166321,0.011178674117021205
k plus proches voisins,65,4,0.10514479795603363,0.08242035967254537,0.48585147162812525,0.10810566189240094,0.011326597812969425
k plus proches voisins,65,5,0.12173108430912614,0.08964736810191648,0.40542135032039006,0.11872803468054528,0.011558803139716656
k plus proches voisins,66,1,0.11162378837147133,0.08910701786260442,0.2063593712789511,0.10933450392510637,0.10240701445156641
k plus proches voisins,66,2,0.11374275419748979,0.08985996883912549,0.36816760897872514,0.11074011442627014,0.10216597413414126
k plus proches voisins,66,3,0.12800869440967008,0.09817112996250964,0.43382724541498696,0.12743113226333017,0.10207149206151798
k plus proches voisins,66,4,0.10537797250178987,0.08214707831037443,0.48356853828336177,0.10930956579338526,0.10590793691031247
k plus proches voisins,66,5,0.12578466663487853,0.09624523542332862,0.365163723653004,0.12150997658018065,0.10390604857598003
k plus proches voisins,67,1,0.10222969008141251,0.0810064385323372,0.3343215999381073,0.10037128062430574,0.0093953563275444
k plus proches voisins,67,2,0.10577933753927646,0.08164274040670773,0.4535428765002718,0.10380150317433763,0.01160101491333875
k plus proches voisins,67,3,0.12056993254760362,0.09045826817287402,0.49771747823834667,0.11968681243825063,0.011178674117042391
k plus proches voisins,67,4,0.09889617912756613,0.0763798922828458,0.5451459759811055,0.10243946670854574,0.011326597812985093
k plus proches voisins,67,5,0.11856704620712849,0.08914861330974992,0.4359282747475306,0.11470526997897741,0.011499412907346261
k plus proches voisins,68,1,0.11271714049973462,0.08768750558766443,0.19073584921104447,0.11108847493580508,0.10276427586187291
k plus proches voisins,68,2,0.10454158020291973,0.08245476609526971,0.4662565889112933,0.10290338051515951,0.10111084338099251
k plus proches voisins,68,3,0.1254547682917347,0.09661667793480587,0.4561935236556519,0.12274505200662285,0.10106449972368527
k plus proches voisins,68,4,0.10686076911335321,0.08544340781704374,0.46893264405019974,0.1111036652018199,0.10657930571425582
k plus proches voisins,68,5,0.13072439683220924,0.10126316305369822,0.31432293564001257,0.1305185770716631,0.10277562072030143
k plus proches voisins,69,1,0.10293607362265282,0.0797594799192811,0.3250904492673231,0.10165933202311926,0.009395356327563166
k plus proches voisins,69,2,0.09896776086431777,0.07612345691818681,0.5216542771856677,0.09823794654081296,0.011413366179636989
k plus proches voisins,69,3,0.12000363870451844,0.08982316236501932,0.5024246471764986,0.11672108172315485,0.011178674117054874
k plus proches voisins,69,4,0.10115683146104183,0.07986147319803963,0.5241134282065298,0.10576643633402955,0.011326597813002126
k plus proches voisins,69,5,0.12462169487704323,0.09311988970192431,0.37684851214241477,0.12448660973497976,0.01110372842605545
k plus proches voisins,70,1,0.11070691099335128,0.08668247946468015,0.2193437468391145,0.1080312541827953,0.10389594216344662
k plus proches voisins,70,2,0.10958127272019305,0.08814230749298435,0.4135552720486525,0.10727574674843439,0.103669778375988
k plus proches voisins,70,3,0.12596464719867137,0.0970379570437271,0.4517642155758983,0.12601327929135042,0.10108591360720981
k plus proches voisins,70,4,0.10718437714993935,0.08499917724143805,0.46571129564841407,0.11114125769625399,0.10604714689098839
k plus proches voisins,70,5,0.12811947434821905,0.09630087841971118,0.34137740499224034,0.12423626082865696,0.10240166683979225
k plus proches voisins,71,1,0.10230919493175446,0.07927136077654955,0.3332857904487577,0.09965443530436195,0.009395356327537269
k plus proches voisins,71,2,0.10206330115921562,0.07939539293221859,0.4912626442938266,0.10071680463398125,0.011427143761808645
k plus proches voisins,71,3,0.1189858420949246,0.0905670846470492,0.5108291071989586,0.11884755491880832,0.01117867411706339
k plus proches voisins,71,4,0.10093862968731944,0.07947354828183385,0.5261642496596939,0.10469236423923985,0.011326597813006855
k plus proches voisins,71,5,0.12137018968014139,0.08887502345888862,0.40894160417684156,0.11822093458902219,0.011506092435066102
k plus proches voisins,72,1,0.11490315112777424,0.09359523659238964,0.15904209969077943,0.11250185078701178,0.10785748739101901
k plus proches voisins,72,2,0.11735852808110198,0.0943703566840471,0.3273584142811401,0.11826580726213323,0.10952868247967702
k plus proches voisins,72,3,0.12800843845690782,0.09932696216068969,0.4338295095320651,0.12554320575738823,0.10878415430233528
k plus proches voisins,72,4,0.11628476967888318,0.09354839334333367,0.37113316810488484,0.11835617290762683,0.11188155537984731
k plus proches voisins,72,5,0.12461430054831243,0.09693493681364328,0.3769224583402283,0.1211057487168168,0.11023046807802893
k plus proches voisins,73,1,0.10216189643014886,0.08294629734726536,0.33520419687629244,0.10061802131200111,0.009395356327509582
k plus proches voisins,73,2,0.1097344657196924,0.08462479406524308,0.4119144438005511,0.11040277989487617,0.012085317016717454
k plus proches voisins,73,3,0.11851143157009093,0.08959704211176535,0.5147220943827182,0.11632283038970058,0.011178674117021205
k plus proches voisins,73,4,0.10240097458654981,0.07928442103318425,0.5123354398390492,0.10610037295293402,0.011326597812969425
k plus proches voisins,73,5,0.11619023302754553,0.08967311253237062,0.45831654001149136,0.1134895069949126,0.011558803139716656
k plus proches voisins,74,1,0.11980118527144921,0.0934861369561992,0.08581812508773268,0.11662950308405684,0.10791228216816658
k plus proches voisins,74,2,0.1171181885563807,0.09135951471407203,0.3301106100832204,0.1181464171113246,0.11337066056656715
k plus proches voisins,74,3,0.12991704219368883,0.10169294898294813,0.4168204598994506,0.12577124363793937,0.11229608944417775
k plus proches voisins,74,4,0.12103906059759788,0.09858806683246843,0.3186596578693157,0.12282813139199088,0.11347923239277975
k plus proches voisins,74,5,0.13044081876108896,0.10100263674905052,0.31729456271512935,0.12974585713208223,0.11195086157755879
k plus proches voisins,75,1,0.10736564483486057,0.0837061532346914,0.2657549110180537,0.10507023760053975,0.009395356327509582
k plus proches voisins,75,2,0.1063965294206492,0.08155024026161706,0.44714743403827417,0.1083983679250439,0.012085317016717454
k plus proches voisins,75,3,0.12105202995149425,0.0926862102962834,0.49369270672617416,0.11721237821063395,0.011178674117021205
k plus proches voisins,75,4,0.10976885510720881,0.08769504953246406,0.4396346351541114,0.11268258324545488,0.011326597812969425
k plus proches voisins,75,5,0.12292955579500582,0.09351120689634052,0.3936561820564074,0.12339094909601735,0.011558803139716656
k plus proches voisins,76,1,0.10983686156546325,0.08670089172263626,0.2315659388384067,0.10667399281844943,0.10939305055413752
k plus proches voisins,76,2,0.11207688425845228,0.0898669397158332,0.38653964148189734,0.11155815274558231,0.1110395860873844
k plus proches voisins,76,3,0.12910592993434392,0.10108483751773488,0.4240796685243492,0.12575213738046073,0.10921464163838301
k plus proches voisins,76,4,0.1135464577677121,0.09028579459234622,0.40040197150276846,0.11598673178005937,0.11167273860978774
k plus proches voisins,76,5,0.13217081479816692,0.09875088395892684,0.29906545551515906,0.12548843167198404,0.1128650580519256
k plus proches voisins,77,1,0.10131755264604571,0.079191897857433,0.3461475456416163,0.0986623635278416,0.009395356327509582
k plus proches voisins,77,2,0.10290950960918324,0.08100389112299801,0.4827917742248883,0.1030002251654416,0.012085317016717454
k plus proches voisins,77,3,0.11995040445954312,0.09317912854524528,0.5028660033452457,0.11709350476463841,0.011178674117021205
k plus proches voisins,77,4,0.1047083894263695,0.08243341190751297,0.49011061064694816,0.10748913174913495,0.011326597812969425
k plus proches voisins,77,5,0.12311206611010042,0.09155149980582782,0.39185439971797886,0.11816732679713224,0.011558803139716656
k plus proches voisins,78,1,0.11217217948086766,0.09008157517051178,0.19854213858551928,0.10862124332099134,0.10954882303254743
k plus proches voisins,78,2,0.1169145972104522,0.09311987644315915,0.33243757814043284,0.11580494958757702,0.1119061954044024
k plus proches voisins,78,3,0.13314306134995188,0.10280715365814555,0.38749856999518695,0.13099649753850537,0.10801659438724373
k plus proches voisins,78,4,0.10905090460271696,0.08804928577415401,0.4469408772261215,0.11440414817284086,0.11223406116671361
k plus proches voisins,78,5,0.12357739576958655,0.09478740148051289,0.38724846623467746,0.11803980527633341,0.11188726899897208
k plus proches voisins,79,1,0.10326746722489169,0.08265127196093151,0.32073783065131845,0.10067826154832901,0.009395356327575396
k plus proches voisins,79,2,0.10812452348183896,0.0851232128752276,0.42904376625214424,0.10782672569228985,0.011601014955707208
k plus proches voisins,79,3,0.1244254392008481,0.09491571197376719,0.4650805431941575,0.12293403678595194,0.011178674117060762
k plus proches voisins,79,4,0.10173043844987352,0.080498924037153,0.5187011233886791,0.10698276071892064,0.011326597812998017
k plus proches voisins,79,5,0.11623278320598286,0.08841163949366583,0.4579197261377105,0.11161759582583233,0.011499412983894109
k plus proches voisins,80,1,0.11601040299724423,0.0907192584018585,0.14275640739816575,0.11372702162828774,0.10829286957223454
k plus proches voisins,80,2,0.11177174676034897,0.08800762201815246,0.38987547547352763,0.11165653498006807,0.10990845066604031
k plus proches voisins,80,3,0.12845819812844925,0.09880578071648846,0.4298440223425475,0.12533471841252244,0.1068277159417948
k plus proches voisins,80,4,0.11734635831478686,0.09465662091677801,0.35959863600219866,0.11998666382622859,0.11244710965431286
k plus proches voisins,80,5,0.1259862060708698,0.09669441774094888,0.3631277514066845,0.12384360499536406,0.11082335104386029
k plus proches voisins,81,1,0.10479759325298317,0.08178388304022442,0.3004592881853725,0.10332958422638358,0.009395356327596685
k plus proches voisins,81,2,0.10297032426750685,0.07979903144932361,0.482180302349853,0.10391813010485472,0.011413366261521753
k plus proches voisins,81,3,0.1197589193140426,0.0906406563008917,0.5044519553709987,0.11697620054160922,0.011178674117073663
k plus proches voisins,81,4,0.10682109877911315,0.08570379320609108,0.46932687121480987,0.11008765800628216,0.011326597813029275
k plus proches voisins,81,5,0.1195402182332315,0.0903582838832957,0.4266307232702915,0.1183603159517703,0.011103728486731095
k plus proches voisins,82,1,0.11483535353229696,0.0905125498034707,0.16003420656342204,0.1108390304154018,0.1093795383158387
k plus proches voisins,82,2,0.11594657961806508,0.09173505855442447,0.3434462453699071,0.1141405952367451,0.11150761736261156
k plus proches voisins,82,3,0.1311032992161822,0.10177882630708253,0.4061219527827745,0.12887701953766642,0.10882928459818952
k plus proches voisins,82,4,0.11274389981402014,0.08997954172708322,0.408848056882416,0.11762052290328226,0.11308540835081066
k plus proches voisins,82,5,0.13144166389852083,0.1001212988531797,0.3067778584303389,0.12489876501488822,0.11074838570325732
k plus proches voisins,83,1,0.1045008536196435,0.0815930450241226,0.30441524860877767,0.10131281857831397,0.00939535632755112
k plus proches voisins,83,2,0.10571247163908559,0.08285623908162763,0.4542335179731186,0.10520046870428797,0.011427143861973067
k plus proches voisins,83,3,0.12265827020766379,0.09424155951950995,0.4801671727140795,0.12090597412878448,0.011178674117086403
k plus proches voisins,83,4,0.10454237154855571,0.08281481305915138,0.49172621464613064,0.1093630074602816,0.011326597813032926
k plus proches voisins,83,5,0.12210034936479422,0.09162127355947444,0.40180863090531205,0.11693428642665425,0.011506092382280553
k plus proches voisins,84,1,0.116150171862286,0.09247771603631227,0.14068955584348364,0.11305496295361099,0.11376237751582838
k plus proches voisins,84,2,0.12011662638288871,0.0968117259002293,0.29537076499828485,0.12011471366143012,0.11610650623399288
k plus proches voisins,84,3,0.13640396162870236,0.10592118751152331,0.35712875910502107,0.13237024618382467,0.11600073679028104
k plus proches voisins,84,4,0.12463520509206835,0.10080500985825942,0.27757214854765,0.12756124429672286,0.11701494957709213
k plus proches voisins,84,5,0.1311375190311606,0.10134477856379634,0.3099822613138714,0.1261282713120965,0.1177494572347462
k plus proches voisins,85,1,0.10287155609678296,0.08255123071338344,0.32593621396242767,0.10104757911408321,0.009395356327509582
k plus proches voisins,85,2,0.11177924045279666,0.0869838859763023,0.3897936616173261,0.11219681451329341,0.012085317016717454
k plus proches voisins,85,3,0.12448663385310572,0.09493108157396932,0.4645542479286583,0.12128668375318483,0.011178674117021205
k plus proches voisins,85,4,0.10923282650646528,0.08643301256255233,0.4450940793088757,0.11357496130207412,0.011326597812969425
k plus proches voisins,85,5,0.12010673911398599,0.09272382381720783,0.4211832617587584,0.11643123776865344,0.011558803139716656
k plus proches voisins,86,1,0.12137216562834512,0.09443307887230777,0.0616851730840432,0.11771417730320598,0.11487368384873606
k plus proches voisins,86,2,0.11707526205770336,0.09151302624744911,0.33060157970112836,0.11818482235199829,0.12063430875007142
k plus proches voisins,86,3,0.13068659483587355,0.1010733226332735,0.4098911683241785,0.1273412018394528,0.11843815776489142
k plus proches voisins,86,4,0.12758352859249567,0.10391994352768177,0.24298892352817913,0.12982191253011313,0.12024692931898104
k plus proches voisins,86,5,0.13555037601502756,0.10447251355204876,0.2627618804555266,0.13274852918578953,0.11811281589212261
k plus proches voisins,87,1,0.10884754473541625,0.0850560494970506,0.24534639487870946,0.10642561949815622,0.009395356327509582
k plus proches voisins,87,2,0.10616744020049293,0.0824154381707539,0.44952563588359595,0.1086291004140818,0.012085317016717454
k plus proches voisins,87,3,0.12209858157438438,0.09239685988423438,0.4849003347823636,0.1189251739575613,0.011178674117021205
k plus proches voisins,87,4,0.1151415256217728,0.09266390152267295,0.3834376879513538,0.11861479785873681,0.011326597812969425
k plus proches voisins,87,5,0.12528269149300617,0.09607618589821083,0.37022055876991766,0.12467570794556644,0.011558803139716656
k plus proches voisins,88,1,0.11359985887223396,0.09166137932759152,0.17801108571960833,0.11028976874653361,0.11285402278124843
k plus proches voisins,88,2,0.11501040003458249,0.09149250614926505,0.35400577718612725,0.11365355303035793,0.1164623513345842
k plus proches voisins,88,3,0.13123300484768644,0.10273177906830036,0.40494627785044945,0.1266654253641017,0.11401565471087872
k plus proches voisins,88,4,0.11690392661529603,0.09357801830614361,0.3644185509988418,0.12065345832345604,0.11766800477538003
k plus proches voisins,88,5,0.13692808316850438,0.10354809243195943,0.24769943741596745,0.12972585257252306,0.11737059766593362
k plus proches voisins,89,1,0.10408734936822837,0.08328224381921485,0.30990914036567496,0.10141951957227091,0.009395356327509582
k plus proches voisins,89,2,0.10508617997179949,0.08281643500923135,0.4606811295748142,0.10484941061436966,0.012085317016717454
k plus proches voisins,89,3,0.12264279425650594,0.09537442459230887,0.48029834038689223,0.11873677130606593,0.011178674117021205
k plus proches voisins,89,4,0.10732006296581369,0.08488911343092925,0.46435771619905286,0.11114550631602159,0.011326597812969425
k plus proches voisins,89,5,0.12726196231206438,0.09521778596495303,0.3501643089550388,0.12162814861935269,0.011558803139716656
k plus proches voisins,90,1,0.11375534114638984,0.09044765420698875,0.17575946024927613,0.11008151510326793,0.11521017877527542
k plus proches voisins,90,2,0.12044320466619314,0.09642939513643808,0.29153400337141244,0.11874268843653826,0.11742604431073103
k plus proches voisins,90,3,0.13594670568248376,0.10538111606825913,0.36143162524528316,0.1328248748135225,0.1140626181647001
k plus proches voisins,90,4,0.11733523568293733,0.09408782659520794,0.35972003066901115,0.12270087558892671,0.1174206119263395
k plus proches voisins,90,5,0.13189044763719251,0.10071477335951444,0.30203601441963845,0.12601596015564698,0.11677453508914085
k plus proches voisins,91,1,0.10501964112919762,0.08383201594482947,0.2974917374085484,0.10218126832202588,0.009395356327606368
k plus proches voisins,91,2,0.11133455200772517,0.08812661862279711,0.39463914009741496,0.11057767087574608,0.011601014954113895
k plus proches voisins,91,3,0.12692049101681174,0.09715419376508594,0.443412411976731,0.1244985460846658,0.011178674117085579
k plus proches voisins,91,4,0.10698705330858166,0.08485236183951385,0.4676767099603343,0.11236866104107741,0.01132659781301559
k plus proches voisins,91,5,0.12313712454990275,0.09345183244015916,0.3916068085386314,0.11819909244382693,0.01149941306467601
k plus proches voisins,92,1,0.11938259654316152,0.09381707653062807,0.09219531917420687,0.11599098582209173,0.11411122030781622
k plus proches voisins,92,2,0.1181985131642649,0.09404872668042706,0.31769518975834443,0.1182335787508697,0.116363865398261
k plus proches voisins,92,3,0.13265925644403817,0.10095513884008801,0.39194180272670687,0.12891808723520895,0.11477636317139552
k plus proches voisins,92,4,0.12073818402944038,0.09876318197058616,0.3220427732233865,0.12276072627614396,0.11663761292750818
k plus proches voisins,92,5,0.1338968959400829,0.10451843400888307,0.280638240214348,0.1295809153376219,0.11624433746393358
k plus proches voisins,93,1,0.10780979783357071,0.08451723706982003,0.2596674571860008,0.10569674090951343,0.009395356327635582
k plus proches voisins,93,2,0.10671316661155043,0.08429641371290542,0.44385194751770596,0.1081825539203246,0.01141336640941669
k plus proches voisins,93,3,0.12239246597561042,0.09227330752281729,0.4824177189157538,0.1193529775160396,0.011178674117100034
k plus proches voisins,93,4,0.10965199782322627,0.08910406631842767,0.4408271030689156,0.11239109215045903,0.01132659781306388
k plus proches voisins,93,5,0.12376445047599265,0.09563178845390027,0.38539206192752984,0.12120867600455372,0.011103728452862678
k plus proches voisins,94,1,0.11398417309425421,0.08979020964913674,0.17244001565439915,0.10982639786011672,0.11451063301159596
k plus proches voisins,94,2,0.11614478829211514,0.09232188072309043,0.34119959210866013,0.11428677629614929,0.11615390603114163
k plus proches voisins,94,3,0.13289176513737497,0.1028707852111975,0.389808476845912,0.13021069008614253,0.11355319514706898
k plus proches voisins,94,4,0.11613962525219623,0.0937422561601435,0.37270206747543266,0.12085532993681478,0.1166415224955193
k plus proches voisins,94,5,0.13096286590721848,0.0996799207400924,0.31181901257315003,0.12489563969312457,0.11612084386823364
k plus proches voisins,95,1,0.10430259770063732,0.08242880098463075,0.30705203052716945,0.10109500742435495,0.009395356327569736
k plus proches voisins,95,2,0.10647941311753308,0.08413860979868074,0.4462857459217435,0.10598494412971504,0.01142714397697253
k plus proches voisins,95,3,0.1241859702872989,0.0955679597648556,0.46713757131938827,0.12218544938433666,0.011178674117109296
k plus proches voisins,95,4,0.10660345689089419,0.08583773222283785,0.47148710068497335,0.1114648269096285,0.011326597813058814
k plus proches voisins,95,5,0.12241292362583542,0.09199719821199093,0.3987419966569765,0.117489949282931,0.011506092376033002
k plus proches voisins,96,1,0.12307101550119082,0.09934360589858506,0.03523409937573918,0.12047877887675064,0.12117700123432415
k plus proches voisins,96,2,0.12207523798883779,0.0976646365430965,0.2722041660696619,0.1224242628473175,0.12663021245271497
k plus proches voisins,96,3,0.14209146005994971,0.11077955627482328,0.3024007839833759,0.13747879411513678,0.12352357437452574
k plus proches voisins,96,4,0.12890960937705792,0.10251293451526623,0.22717066212126957,0.1325178480064781,0.1224186096287458
k plus proches voisins,96,5,0.13793528640260924,0.10517150943866348,0.2365913239504832,0.1311042846574426,0.12637310230183604
k plus proches voisins,97,1,0.10762954725247628,0.08775805804920907,0.26214095807320825,0.10601745435359809,0.009395356327509582
k plus proches voisins,97,2,0.11280695251561916,0.08878443196006001,0.37852145570722784,0.11371770562382913,0.012085317016717454
k plus proches voisins,97,3,0.1283326116794451,0.09789897902836592,0.43095829708862865,0.12458155982892813,0.011178674117021205
k plus proches voisins,97,4,0.11312952801470053,0.08855069700797671,0.4047971995856918,0.11735445363038186,0.011326597812969425
k plus proches voisins,97,5,0.1252993023358764,0.09656850052696174,0.37005354669948176,0.12032326132283487,0.011558803139716656
k plus proches voisins,98,1,0.12397791052428679,0.09762039593698019,0.02096323214729856,0.12072628138886322,0.12123987075308577
k plus proches voisins,98,2,0.12060646165420964,0.09276273357714658,0.2896120948143176,0.12142241147558534,0.12863800360501948
k plus proches voisins,98,3,0.14136675740175075,0.10753855695796892,0.30949850518289646,0.1356629259142746,0.12461359595029008
k plus proches voisins,98,4,0.13359928934120452,0.10716773771810711,0.16991739798369399,0.13481013929014066,0.1268384307158066
k plus proches voisins,98,5,0.13620963632301744,0.10568094427527701,0.25557320607783407,0.13118558579389455,0.12532158924331924
k plus proches voisins,99,1,0.11156036385037546,0.08805266198481101,0.20726100662071523,0.10923593724382882,0.009395356327509582
k plus proches voisins,99,2,0.10931593758097805,0.08473477809726673,0.41639181524537505,0.11156550264997116,0.012085317016717454
k plus proches voisins,99,3,0.1302953559650634,0.09843323075182119,0.4134191189621331,0.12511525622407657,0.011178674117021205
k plus proches voisins,99,4,0.12021600669031006,0.09589799768385604,0.3278942504663488,0.12274545345591073,0.011326597812969425
k plus proches voisins,99,5,0.1259954728175887,0.09747146521343712,0.3630340593898972,0.1230971986120164,0.011558803139716656
k plus proches voisins,100,1,0.11946795836940353,0.0958199247686471,0.09089664462575364,0.11712727701650984,0.11847052676244618
k plus proches voisins,100,2,0.11329674389750796,0.08935327735951536,0.37311300086871313,0.11277712354864684,0.1245283638982605
k plus proches voisins,100,3,0.1353749953199564,0.10441075716277129,0.3667912036101896,0.1299948893469629,0.12064022711377587
k plus proches voisins,100,4,0.12519572025994513,0.09966303557603648,0.27105966586656327,0.12889173883644245,0.12225779909630799
k plus proches voisins,100,5,0.14012812832232846,0.10516838282226777,0.21212563184045197,0.1326394052648991,0.12455481386350944
k plus proches voisins,101,1,0.10828166401292631,0.0873997325888995,0.25317264143833607,0.1060759167638662,0.009395356327509582
k plus proches voisins,101,2,0.10465949324025875,0.08211092784918031,0.46505188549696796,0.10491725119971211,0.012085317016717454
k plus proches voisins,101,3,0.12709468497752516,0.09749431908686847,0.4418835693320783,0.12206552419902118,0.011178674117021205
k plus proches voisins,101,4,0.11319727759961185,0.09020163161644225,0.40408409102843634,0.11685074486119097,0.011326597812969425
k plus proches voisins,101,5,0.13105008199470872,0.09754942401584431,0.3109021047395246,0.12475691040563465,0.011558803139716656
k plus proches voisins,102,1,0.12030979536790534,0.09638064854752988,0.07803941876588338,0.11808485408208086,0.1212595680569404
k plus proches voisins,102,2,0.12045049547702681,0.09569056756722571,0.29144822936841075,0.11857909832678942,0.12550094773613524
k plus proches voisins,102,3,0.14247137939202986,0.10919866278899486,0.298665362528439,0.1381502558391817,0.1206632501922096
k plus proches voisins,102,4,0.1276862275007638,0.0997513295962579,0.24176971439943706,0.1328155201471649,0.1223316845799692
k plus proches voisins,102,5,0.13667328013304866,0.10142821530518403,0.2504966738989415,0.12895826708291686,0.1246140943922325
k plus proches voisins,103,1,0.11001391829991675,0.08779701870270634,0.22908651462921192,0.10811706504722135,0.009395356327682233
k plus proches voisins,103,2,0.11215684685634818,0.08870246062020866,0.38566396790586965,0.11122606986323488,0.011601015005192828
k plus proches voisins,103,3,0.13296054385418452,0.10081846398119726,0.38917669879197836,0.12900794865149384,0.01117867411714748
k plus proches voisins,103,4,0.11521357459771361,0.08998392462403797,0.38266582772919633,0.12019316321034942,0.011326597813055757
k plus proches voisins,103,5,0.12799772291115027,0.09497963545634869,0.3426285831842588,0.12131112019284562,0.011499413077116
k plus proches voisins,104,1,0.12019400549157969,0.0958521227481328,0.0798132116614022,0.11729993337504174,0.120303915945772
k plus proches voisins,104,2,0.11866064266874808,0.0918976085296311,0.3123494442478293,0.11992056291153368,0.1258408438536929
k plus proches voisins,104,3,0.14169454091620134,0.10733666160945382,0.30629269627154176,0.13702068153075123,0.12118359230201727
k plus proches voisins,104,4,0.12769490766478214,0.1025572503371251,0.24166662126119887,0.1303173485863225,0.12340408643756037
k plus proches voisins,104,5,0.13514140019933543,0.10500397456135413,0.26720388520446126,0.1312469742053551,0.12354842200748621
k plus proches voisins,105,1,0.10933962835927935,0.08701394671825943,0.23850761689982403,0.1073413947343808,0.009395356327732128
k plus proches voisins,105,2,0.1077474537947673,0.08400792283125527,0.4330190881042776,0.11006592667044075,0.011413366726548134
k plus proches voisins,105,3,0.13056469507281226,0.09783061437610795,0.4109915195586218,0.12655653054946192,0.011178674117157592
k plus proches voisins,105,4,0.11578235365510914,0.0929928144394268,0.3765555501868705,0.11903480542528784,0.011326597813157157
k plus proches voisins,105,5,0.12587425949038977,0.09733977743374052,0.3642590497818996,0.12338642328371562,0.011103728574509931
k plus proches voisins,106,1,0.11872121301987912,0.09399500046671104,0.10222599262475895,0.11575793635827879,0.11997765517120128
k plus proches voisins,106,2,0.12078450349608075,0.0953167051649035,0.28751316703413743,0.11871447483910257,0.12410364605175994
k plus proches voisins,106,3,0.1381435567449982,0.1065441697828673,0.34062679141834806,0.13366190560834112,0.11923499975584657
k plus proches voisins,106,4,0.12340399666376936,0.0973354013572787,0.2917746525485563,0.12826306639725335,0.12193616148903101
k plus proches voisins,106,5,0.13415582524579242,0.10112574927332342,0.2778533520680131,0.12687687121299235,0.12292211555739488
k plus proches voisins,107,1,0.10821246702583502,0.08557558172295258,0.2541268508362211,0.10568699054532753,0.009395356327624614
k plus proches voisins,107,2,0.11119748887746832,0.0874914021127893,0.3961287330295685,0.11008787407167873,0.011427144070603832
k plus proches voisins,107,3,0.1296359645092138,0.09917473264092387,0.4193411674451567,0.1258334986042925,0.011178674117167628
k plus proches voisins,107,4,0.11204682633892014,0.0883007421113369,0.4161354124960771,0.1167600056581743,0.011326597813127733
k plus proches voisins,107,5,0.12591098794723976,0.09428163321718627,0.363887993924528,0.1195832303336716,0.011506092336671893
k plus proches voisins,108,1,0.12366334077316286,0.09921581023693317,0.02592515862967515,0.12058274011761523,0.13082512072431518
k plus proches voisins,108,2,0.12673683647065528,0.09918976596220262,0.2155592781512632,0.12768821054259327,0.136896119425916
k plus proches voisins,108,3,0.15109925362561033,0.11788966008287455,0.21114956692936848,0.14462899653067587,0.13135019742928658
k plus proches voisins,108,4,0.13596290754276966,0.10721346199763912,0.1402861919483228,0.13989438521005224,0.13081966551263893
k plus proches voisins,108,5,0.146790743289506,0.11117200208176997,0.13542301874516505,0.1384061117763921,0.13336258209302027
k plus proches voisins,109,1,0.11015642802887178,0.08890332732281815,0.22708797061858954,0.10805535981006208,0.009395356327509582
k plus proches voisins,109,2,0.11629798133015289,0.09148270055858543,0.33946055248877804,0.11779175468769358,0.012085317016717454
k plus proches voisins,109,3,0.13711305700826731,0.10451755665175502,0.35042745942918585,0.13131712097018852,0.011178674117021205
k plus proches voisins,109,4,0.11976466767997153,0.09385831133977726,0.3329314848267301,0.12391759748276021,0.011326597812969425
k plus proches voisins,109,5,0.1330689520496527,0.10103007116040084,0.2895070010271973,0.12652928874110653,0.011558803139716656
k plus proches voisins,110,1,0.12492352064062028,0.10043995063314773,0.0059715667572889375,0.12161699735454498,0.1280523005241739
k plus proches voisins,110,2,0.12145516198346763,0.0943246794619017,0.2795790045681599,0.12349491527317508,0.13548945095127765
k plus proches voisins,110,3,0.1445511361265459,0.1115931885053541,0.2780401450896528,0.13903196280354696,0.1295357258317245
k plus proches voisins,110,4,0.13799268108074542,0.1098311190036837,0.11442546277543941,0.14030354302229098,0.12957269056624593
k plus proches voisins,110,5,0.14301775722935875,0.11051300230339192,0.17929655595574068,0.13629148251171436,0.13214042892210973
k plus proches voisins,111,1,0.11413234588410404,0.09187754700790243,0.17028705759074436,0.11156951782663262,0.009395356327509582
k plus proches voisins,111,2,0.11139644323893957,0.0871120142414157,0.3939659089727766,0.11410893766602924,0.012085317016717454
k plus proches voisins,111,3,0.13456872167168815,0.1027826621004014,0.37431134003907507,0.1291663391871399,0.011178674117021205
k plus proches voisins,111,4,0.12524624613331226,0.09906763661674185,0.2704711828282722,0.12795509486916218,0.011326597812969425
k plus proches voisins,111,5,0.13247780214556393,0.10191084644102025,0.29580561439021213,0.12753387851365527,0.011558803139716656
k plus proches voisins,112,1,0.12201048645854216,0.09832252938473049,0.051789644151821634,0.1191223761051192,0.12626052950318614
k plus proches voisins,112,2,0.12065513491984874,0.09386200054249355,0.28903859525454645,0.1203545753206547,0.13297645334099517
k plus proches voisins,112,3,0.1455231112164707,0.1126099518415372,0.26829845433460053,0.13962003200747844,0.12969473760589342
k plus proches voisins,112,4,0.13297688007338274,0.10530719524637018,0.177633720817567,0.13720688291897493,0.12948957841810232
k plus proches voisins,112,5,0.1429270761769134,0.10846523324808581,0.18033696743485905,0.1344788504310258,0.12978518228166955
k plus proches voisins,113,1,0.11223882073618476,0.0901364306267299,0.19758956685789864,0.1096227699378119,0.009395356327509582
k plus proches voisins,113,2,0.1114436468748416,0.08683845158781857,0.39345219286518884,0.1116523537106046,0.012085317016717454
k plus proches voisins,113,3,0.13613037695793695,0.10420188068527171,0.35970497953439395,0.13029401532766335,0.011178674117021205
k plus proches voisins,113,4,0.12089634126231558,0.09551638508714921,0.32026547191435206,0.1250413219969695,0.011326597812969425
k plus proches voisins,113,5,0.13506529822695082,0.10146551603405608,0.2680289695613146,0.12755475446099254,0.011558803139716656
k plus proches voisins,114,1,0.12103641380157758,0.09703356709216306,0.0668693133972732,0.11764126253091785,0.1274192072887093
k plus proches voisins,114,2,0.12735430101837153,0.1006787679365639,0.20789703462852294,0.12623893205699527,0.13267567224299265
k plus proches voisins,114,3,0.1489122434415652,0.11473340861752296,0.23381994347309054,0.14214097865044273,0.12786488322749565
k plus proches voisins,114,4,0.1318148537484329,0.10407073381817743,0.191943515601129,0.1370642082953856,0.12883795556597288
k plus proches voisins,114,5,0.14224022292606012,0.10517473441581239,0.18819601667527153,0.13362416185333956,0.13241841548136457
k plus proches voisins,115,1,0.11278893813252573,0.09052475009549862,0.1897045640819892,0.10997087066002166,0.009395356327908236
k plus proches voisins,115,2,0.1192345384606431,0.09438625278447878,0.30568178969463655,0.11856029242611789,0.011601014799046083
k plus proches voisins,115,3,0.13999811476619617,0.1062262422210252,0.322803967542036,0.13327485554243632,0.011178674117317714
k plus proches voisins,115,4,0.12073273096756218,0.09491888387747927,0.32210401083853024,0.12604345345735773,0.01132659781318025
k plus proches voisins,115,5,0.13438782859320125,0.09955682139190088,0.27535349329603587,0.12652057149586263,0.011499413133702233
k plus proches voisins,116,1,0.12375143357320197,0.09857816712718245,0.024536880695021135,0.12055893266511934,0.12834015757427134
k plus proches voisins,116,2,0.1259409693794135,0.09766130061688282,0.22538042150393567,0.12693306656208792,0.13443054430280468
k plus proches voisins,116,3,0.1470552987307913,0.11282259767417951,0.2528094242090976,0.14164866814229235,0.12774441056986496
k plus proches voisins,116,4,0.134474586421749,0.10720085428164049,0.1590049298445141,0.13686222463147385,0.12878488050605308
k plus proches voisins,116,5,0.1418624334622157,0.10720856011456749,0.19250258622757022,0.13472760178590518,0.1328192222382112
k plus proches voisins,117,1,0.1134453770437255,0.09084191177370525,0.18024517318356037,0.11100309925841,0.009395356328005058
k plus proches voisins,117,2,0.11445182680569457,0.08953361597280361,0.36026536486562444,0.1163977078948695,0.011413367177329468
k plus proches voisins,117,3,0.13650563277924205,0.1036755416870331,0.35617005061737306,0.13129338389979073,0.011178674117303241
k plus proches voisins,117,4,0.12205321766924719,0.09740667936540182,0.3071942528054552,0.12472453466109225,0.011326597813359622
k plus proches voisins,117,5,0.13194765393688082,0.10035029352684251,0.3014304118632951,0.12639709798505486,0.011103728629165628
k plus proches voisins,118,1,0.12109424644009067,0.09707423325108952,0.06597737847214147,0.11762983291251763,0.12739962594561108
k plus proches voisins,118,2,0.12578520056652312,0.09777040354074214,0.22729539727800196,0.12463741197454044,0.13201553449456885
k plus proches voisins,118,3,0.14706870393831026,0.11191783997451808,0.2526731938067992,0.13991892286003305,0.12791293554911715
k plus proches voisins,118,4,0.13045408725876464,0.10317890381620545,0.20854104642538918,0.13442462419872958,0.12796754657935705
k plus proches voisins,118,5,0.14086028253054522,0.10434400286614408,0.20387100775230504,0.13231964019633505,0.1312442872152101
k plus proches voisins,119,1,0.1120116141729492,0.09003364969145568,0.20083493929449414,0.10909928806907583,0.009395356327782385
k plus proches voisins,119,2,0.11669316666825838,0.09062785754929217,0.33496384486560105,0.11599131895358232,0.011427144711258688
k plus proches voisins,119,3,0.13800388938842567,0.10425994943960806,0.3419594103378517,0.1310002580340875,0.011178674117326072
k plus proches voisins,119,4,0.11872399083978229,0.09401154163402037,0.34447389851840904,0.1228604773460769,0.011326597813306189
k plus proches voisins,119,5,0.1329619812416348,0.09831404915217143,0.29064883705974753,0.12535407341439916,0.01150609233339546
