modele,etape,parametres,RMSE_groupes,MAE_groupes,R2_groupes,RMSE_lignes,RMSE_apprentissage,ecart_type_RMSE,temps_secondes
Moyenne constante,grille,{},0.13176016860335577,0.105914890411911,-0.025467500046216875,0.1327227238351498,0.13125831385388914,0.01209305831792064,0.17077922821044922
Arbre,grille,"{'max_depth': 20, 'min_samples_leaf': 5, 'min_samples_split': 20}",0.102456935609669,0.07944266420340615,0.3746467887809068,0.10713953367641087,0.0715236476330328,0.008178400665270008,0.2501356601715088
Arbre,grille,"{'max_depth': None, 'min_samples_leaf': 5, 'min_samples_split': 20}",0.102456935609669,0.07944266420340615,0.3746467887809068,0.10713953367641087,0.0715236476330328,0.008178400665270008,0.1873762607574463
Arbre,grille,"{'max_depth': 12, 'min_samples_leaf': 5, 'min_samples_split': 20}",0.102456935609669,0.07944266420340615,0.3746467887809068,0.10713953367641087,0.0715236476330328,0.008178400665270008,0.2529292106628418
Arbre,grille,"{'max_depth': 6, 'min_samples_leaf': 10, 'min_samples_split': 2}",0.1025643988239066,0.080103742069324,0.37542379401786663,0.10747577610888137,0.08219544991738316,0.009028231477373118,0.27806878089904785
Arbre,grille,"{'max_depth': 6, 'min_samples_leaf': 10, 'min_samples_split': 5}",0.1025643988239066,0.080103742069324,0.37542379401786663,0.10747577610888137,0.08219544991738316,0.009028231477373118,0.2738380432128906
Arbre,grille,"{'max_depth': 6, 'min_samples_leaf': 10, 'min_samples_split': 10}",0.1025643988239066,0.080103742069324,0.37542379401786663,0.10747577610888137,0.08219544991738316,0.009028231477373118,0.2511413097381592
Arbre,grille,"{'max_depth': 6, 'min_samples_leaf': 10, 'min_samples_split': 20}",0.1025643988239066,0.080103742069324,0.37542379401786663,0.10747577610888137,0.08219544991738316,0.009028231477373118,0.21621012687683105
Arbre,grille,"{'max_depth': 6, 'min_samples_leaf': 5, 'min_samples_split': 20}",0.10292664659093595,0.08021355217633057,0.3700200861955983,0.10824810044107935,0.08005184677034996,0.009390622402729623,0.25615429878234863
Arbre,grille,"{'max_depth': 8, 'min_samples_leaf': 1, 'min_samples_split': 20}",0.10294980777208555,0.08006825746686932,0.3656076356257433,0.10589260051694185,0.0692023836217586,0.007268962775838358,0.24452972412109375
Arbre,grille,"{'max_depth': 12, 'min_samples_leaf': 1, 'min_samples_split': 20}",0.10297251701957125,0.07828178015859116,0.3634694064369291,0.10573302973158319,0.062008166166683844,0.006874874629380503,0.1736283302307129
Arbre,grille,"{'max_depth': 8, 'min_samples_leaf': 2, 'min_samples_split': 20}",0.10319432465698286,0.08020259518001849,0.36215588494047124,0.1058014629421741,0.0702422653143167,0.0063916661309393,0.29606080055236816
Arbre,grille,"{'max_depth': None, 'min_samples_leaf': 2, 'min_samples_split': 20}",0.10344606869694384,0.07822223777771173,0.35894725516112097,0.10637941126088735,0.06406479409948387,0.005847450906523972,0.2569890022277832
Arbre,grille,"{'max_depth': 20, 'min_samples_leaf': 2, 'min_samples_split': 20}",0.10344606869694384,0.07822223777771173,0.35894725516112097,0.10637941126088735,0.06406479409948387,0.005847450906523972,0.2424333095550537
Arbre,grille,"{'max_depth': 6, 'min_samples_leaf': 2, 'min_samples_split': 20}",0.10354155618671897,0.08125480422585708,0.36180167880086744,0.1070824577194008,0.07811032522125941,0.008845236465320249,0.20800328254699707
Arbre,grille,"{'max_depth': 6, 'min_samples_leaf': 1, 'min_samples_split': 20}",0.10379927300435605,0.08187933330159504,0.35877227867280687,0.1074602019538669,0.07770091854336908,0.008756591036011138,0.20004701614379883
Arbre,grille,"{'max_depth': 8, 'min_samples_leaf': 5, 'min_samples_split': 20}",0.10409237014941201,0.08047546470795634,0.3544788779093435,0.10901982025587018,0.07365102640591462,0.008769864347531983,0.21565794944763184
Arbre,grille,"{'max_depth': None, 'min_samples_leaf': 20, 'min_samples_split': 20}",0.10427933398458933,0.08146414729460509,0.3577330555856485,0.1090307960179501,0.08870715916697416,0.012283612475329843,0.24234890937805176
Arbre,grille,"{'max_depth': None, 'min_samples_leaf': 20, 'min_samples_split': 10}",0.10427933398458933,0.08146414729460509,0.3577330555856485,0.1090307960179501,0.08870715916697416,0.012283612475329843,0.2301943302154541
Arbre,grille,"{'max_depth': 8, 'min_samples_leaf': 20, 'min_samples_split': 2}",0.10427933398458933,0.08146414729460509,0.3577330555856485,0.1090307960179501,0.08870715916697416,0.012283612475329843,0.2677907943725586
Arbre,grille,"{'max_depth': 8, 'min_samples_leaf': 20, 'min_samples_split': 20}",0.10427933398458933,0.08146414729460509,0.3577330555856485,0.1090307960179501,0.08870715916697416,0.012283612475329843,0.18717408180236816
Arbre,grille,"{'max_depth': 8, 'min_samples_leaf': 20, 'min_samples_split': 10}",0.10427933398458933,0.08146414729460509,0.3577330555856485,0.1090307960179501,0.08870715916697416,0.012283612475329843,0.20062851905822754
Arbre,grille,"{'max_depth': 12, 'min_samples_leaf': 20, 'min_samples_split': 2}",0.10427933398458933,0.08146414729460509,0.3577330555856485,0.1090307960179501,0.08870715916697416,0.012283612475329843,0.20795416831970215
Arbre,grille,"{'max_depth': 12, 'min_samples_leaf': 20, 'min_samples_split': 5}",0.10427933398458933,0.08146414729460509,0.3577330555856485,0.1090307960179501,0.08870715916697416,0.012283612475329843,0.21131229400634766
Arbre,grille,"{'max_depth': 12, 'min_samples_leaf': 20, 'min_samples_split': 10}",0.10427933398458933,0.08146414729460509,0.3577330555856485,0.1090307960179501,0.08870715916697416,0.012283612475329843,0.2737870216369629
Arbre,grille,"{'max_depth': 12, 'min_samples_leaf': 20, 'min_samples_split': 20}",0.10427933398458933,0.08146414729460509,0.3577330555856485,0.1090307960179501,0.08870715916697416,0.012283612475329843,0.25857019424438477
Arbre,grille,"{'max_depth': 20, 'min_samples_leaf': 20, 'min_samples_split': 2}",0.10427933398458933,0.08146414729460509,0.3577330555856485,0.1090307960179501,0.08870715916697416,0.012283612475329843,0.21882081031799316
Arbre,grille,"{'max_depth': 20, 'min_samples_leaf': 20, 'min_samples_split': 5}",0.10427933398458933,0.08146414729460509,0.3577330555856485,0.1090307960179501,0.08870715916697416,0.012283612475329843,0.22358083724975586
Arbre,grille,"{'max_depth': 20, 'min_samples_leaf': 20, 'min_samples_split': 10}",0.10427933398458933,0.08146414729460509,0.3577330555856485,0.1090307960179501,0.08870715916697416,0.012283612475329843,0.19392848014831543
Arbre,grille,"{'max_depth': 20, 'min_samples_leaf': 20, 'min_samples_split': 20}",0.10427933398458933,0.08146414729460509,0.3577330555856485,0.1090307960179501,0.08870715916697416,0.012283612475329843,0.19037079811096191
Arbre,grille,"{'max_depth': None, 'min_samples_leaf': 20, 'min_samples_split': 2}",0.10427933398458933,0.08146414729460509,0.3577330555856485,0.1090307960179501,0.08870715916697416,0.012283612475329843,0.19222807884216309
Arbre,grille,"{'max_depth': None, 'min_samples_leaf': 20, 'min_samples_split': 5}",0.10427933398458933,0.08146414729460509,0.3577330555856485,0.1090307960179501,0.08870715916697416,0.012283612475329843,0.23854947090148926
Arbre,grille,"{'max_depth': 8, 'min_samples_leaf': 20, 'min_samples_split': 5}",0.10427933398458933,0.08146414729460509,0.3577330555856485,0.1090307960179501,0.08870715916697416,0.012283612475329843,0.2571237087249756
Arbre,grille,"{'max_depth': 6, 'min_samples_leaf': 1, 'min_samples_split': 5}",0.10442513453912386,0.08164345972758613,0.35316034891818726,0.1076286640802018,0.07216607258039523,0.00908950478363044,0.24267077445983887
Arbre,grille,"{'max_depth': 6, 'min_samples_leaf': 20, 'min_samples_split': 10}",0.10446723510414802,0.08126132493734686,0.35582137023577687,0.10936517278883628,0.08887195064315197,0.01283732799606673,0.26598477363586426
Arbre,grille,"{'max_depth': 6, 'min_samples_leaf': 20, 'min_samples_split': 5}",0.10446723510414802,0.08126132493734686,0.35582137023577687,0.10936517278883628,0.08887195064315197,0.01283732799606673,0.2635161876678467
Arbre,grille,"{'max_depth': 6, 'min_samples_leaf': 20, 'min_samples_split': 2}",0.10446723510414802,0.08126132493734686,0.35582137023577687,0.10936517278883628,0.08887195064315197,0.01283732799606673,0.1878969669342041
Arbre,grille,"{'max_depth': 6, 'min_samples_leaf': 20, 'min_samples_split': 20}",0.10446723510414802,0.08126132493734686,0.35582137023577687,0.10936517278883628,0.08887195064315197,0.01283732799606673,0.24819374084472656
Arbre,grille,"{'max_depth': 20, 'min_samples_leaf': 10, 'min_samples_split': 10}",0.104499360489307,0.08138087564569245,0.34986133717142875,0.10874278526935252,0.07715448659971251,0.008888576667665996,0.20374345779418945
Arbre,grille,"{'max_depth': 20, 'min_samples_leaf': 10, 'min_samples_split': 5}",0.104499360489307,0.08138087564569245,0.34986133717142875,0.10874278526935252,0.07715448659971251,0.008888576667665996,0.17490792274475098
Arbre,grille,"{'max_depth': 20, 'min_samples_leaf': 10, 'min_samples_split': 2}",0.104499360489307,0.08138087564569245,0.34986133717142875,0.10874278526935252,0.07715448659971251,0.008888576667665996,0.23585128784179688
Arbre,grille,"{'max_depth': 12, 'min_samples_leaf': 10, 'min_samples_split': 2}",0.104499360489307,0.08138087564569245,0.34986133717142875,0.10874278526935252,0.07715448659971251,0.008888576667665996,0.2332615852355957
Arbre,grille,"{'max_depth': None, 'min_samples_leaf': 10, 'min_samples_split': 20}",0.104499360489307,0.08138087564569245,0.34986133717142875,0.10874278526935252,0.07715448659971251,0.008888576667665996,0.20266962051391602
Arbre,grille,"{'max_depth': None, 'min_samples_leaf': 10, 'min_samples_split': 10}",0.104499360489307,0.08138087564569245,0.34986133717142875,0.10874278526935252,0.07715448659971251,0.008888576667665996,0.2304248809814453
Arbre,grille,"{'max_depth': 12, 'min_samples_leaf': 10, 'min_samples_split': 5}",0.104499360489307,0.08138087564569245,0.34986133717142875,0.10874278526935252,0.07715448659971251,0.008888576667665996,0.20771145820617676
Arbre,grille,"{'max_depth': 12, 'min_samples_leaf': 10, 'min_samples_split': 10}",0.104499360489307,0.08138087564569245,0.34986133717142875,0.10874278526935252,0.07715448659971251,0.008888576667665996,0.17026495933532715
Arbre,grille,"{'max_depth': 12, 'min_samples_leaf': 10, 'min_samples_split': 20}",0.104499360489307,0.08138087564569245,0.34986133717142875,0.10874278526935252,0.07715448659971251,0.008888576667665996,0.2106640338897705
Arbre,grille,"{'max_depth': None, 'min_samples_leaf': 10, 'min_samples_split': 5}",0.104499360489307,0.08138087564569245,0.34986133717142875,0.10874278526935252,0.07715448659971251,0.008888576667665996,0.23711395263671875
Arbre,grille,"{'max_depth': None, 'min_samples_leaf': 10, 'min_samples_split': 2}",0.104499360489307,0.08138087564569245,0.34986133717142875,0.10874278526935252,0.07715448659971251,0.008888576667665996,0.22646379470825195
Arbre,grille,"{'max_depth': 20, 'min_samples_leaf': 10, 'min_samples_split': 20}",0.104499360489307,0.08138087564569245,0.34986133717142875,0.10874278526935252,0.07715448659971251,0.008888576667665996,0.27403855323791504
Arbre,grille,"{'max_depth': 6, 'min_samples_leaf': 2, 'min_samples_split': 2}",0.10451440487693693,0.08111085148733135,0.3544789079358686,0.107192515460058,0.07252449719450131,0.010091847875215299,0.200286865234375
Arbre,grille,"{'max_depth': 12, 'min_samples_leaf': 2, 'min_samples_split': 20}",0.10457726476249025,0.07949108526828849,0.3434031043002504,0.10767449913602503,0.06453320084171002,0.006035035216153829,0.26042795181274414
Arbre,grille,"{'max_depth': 8, 'min_samples_leaf': 10, 'min_samples_split': 10}",0.10478435146935741,0.08153586707055895,0.3465050949048001,0.10910040178469604,0.07759356674627381,0.008544809080064041,0.21021366119384766
Arbre,grille,"{'max_depth': 8, 'min_samples_leaf': 10, 'min_samples_split': 20}",0.10478435146935741,0.08153586707055895,0.3465050949048001,0.10910040178469604,0.07759356674627381,0.008544809080064041,0.20837187767028809
Arbre,grille,"{'max_depth': 8, 'min_samples_leaf': 10, 'min_samples_split': 2}",0.10478435146935741,0.08153586707055895,0.3465050949048001,0.10910040178469604,0.07759356674627381,0.008544809080064041,0.1819462776184082
Arbre,grille,"{'max_depth': 8, 'min_samples_leaf': 10, 'min_samples_split': 5}",0.10478435146935741,0.08153586707055895,0.3465050949048001,0.10910040178469604,0.07759356674627381,0.008544809080064041,0.24790167808532715
Arbre,grille,"{'max_depth': 6, 'min_samples_leaf': 15, 'min_samples_split': 10}",0.10481722045037593,0.08113078217898553,0.34983872397015575,0.10884541978021575,0.08574492816692857,0.009590033379141197,0.18637394905090332
Arbre,grille,"{'max_depth': 6, 'min_samples_leaf': 15, 'min_samples_split': 20}",0.10481722045037593,0.08113078217898553,0.34983872397015575,0.10884541978021575,0.08574492816692857,0.009590033379141197,0.19942712783813477
Arbre,grille,"{'max_depth': 6, 'min_samples_leaf': 15, 'min_samples_split': 2}",0.10481722045037593,0.08113078217898553,0.34983872397015575,0.10884541978021575,0.08574492816692857,0.009590033379141197,0.12425518035888672
Arbre,grille,"{'max_depth': 6, 'min_samples_leaf': 15, 'min_samples_split': 5}",0.10481722045037593,0.08113078217898553,0.34983872397015575,0.10884541978021575,0.08574492816692857,0.009590033379141197,0.21377158164978027
Arbre,grille,"{'max_depth': 6, 'min_samples_leaf': 2, 'min_samples_split': 5}",0.10483791011568928,0.0810275505180508,0.3496308743339308,0.10791564110175973,0.07278403311217257,0.010411467938522807,0.20527124404907227
Arbre,grille,"{'max_depth': None, 'min_samples_leaf': 1, 'min_samples_split': 20}",0.10490226959906616,0.07968648366468287,0.34097603206744453,0.10854676715800833,0.060772203779824584,0.007565707908876484,0.24531269073486328
Arbre,grille,"{'max_depth': 20, 'min_samples_leaf': 1, 'min_samples_split': 20}",0.10490226959906616,0.07968648366468287,0.34097603206744453,0.10854676715800833,0.060772203779824584,0.007565707908876484,0.2555842399597168
Arbre,grille,"{'max_depth': 6, 'min_samples_leaf': 5, 'min_samples_split': 10}",0.10490969960676706,0.08198469418929659,0.3465262530875998,0.10949572438380437,0.0765251044205646,0.009094122896251264,0.16709136962890625
Arbre,grille,"{'max_depth': 6, 'min_samples_leaf': 5, 'min_samples_split': 5}",0.10490969960676706,0.08198469418929659,0.3465262530875998,0.10949572438380437,0.0765251044205646,0.009094122896251264,0.22505569458007812
Arbre,grille,"{'max_depth': 6, 'min_samples_leaf': 5, 'min_samples_split': 2}",0.10490969960676706,0.08198469418929659,0.3465262530875998,0.10949572438380437,0.0765251044205646,0.009094122896251264,0.23370051383972168
Arbre,grille,"{'max_depth': 6, 'min_samples_leaf': 1, 'min_samples_split': 2}",0.10506034013831236,0.08237527047970628,0.34505208385604175,0.10845023254325037,0.07150132351901824,0.008741376594380247,0.18960118293762207
Arbre,grille,"{'max_depth': 6, 'min_samples_leaf': 1, 'min_samples_split': 10}",0.10541114882594387,0.08283306984322447,0.3395630866775253,0.1088988015028461,0.07384763830058672,0.00832306732952734,0.2313981056213379
Arbre,grille,"{'max_depth': 20, 'min_samples_leaf': 15, 'min_samples_split': 5}",0.10544865475602727,0.08187529690078846,0.3408314731930594,0.1088416783292047,0.08489900131186101,0.009379424831927144,0.19028258323669434
Arbre,grille,"{'max_depth': None, 'min_samples_leaf': 15, 'min_samples_split': 20}",0.10544865475602727,0.08187529690078846,0.3408314731930594,0.1088416783292047,0.08489900131186101,0.009379424831927144,0.20962858200073242
Arbre,grille,"{'max_depth': None, 'min_samples_leaf': 15, 'min_samples_split': 10}",0.10544865475602727,0.08187529690078846,0.3408314731930594,0.1088416783292047,0.08489900131186101,0.009379424831927144,0.19852566719055176
Arbre,grille,"{'max_depth': 8, 'min_samples_leaf': 15, 'min_samples_split': 2}",0.10544865475602727,0.08187529690078846,0.3408314731930594,0.1088416783292047,0.08489900131186101,0.009379424831927144,0.19565200805664062
Arbre,grille,"{'max_depth': 8, 'min_samples_leaf': 15, 'min_samples_split': 5}",0.10544865475602727,0.08187529690078846,0.3408314731930594,0.1088416783292047,0.08489900131186101,0.009379424831927144,0.24031591415405273
Arbre,grille,"{'max_depth': 8, 'min_samples_leaf': 15, 'min_samples_split': 20}",0.10544865475602727,0.08187529690078846,0.3408314731930594,0.1088416783292047,0.08489900131186101,0.009379424831927144,0.269420862197876
Arbre,grille,"{'max_depth': None, 'min_samples_leaf': 15, 'min_samples_split': 5}",0.10544865475602727,0.08187529690078846,0.3408314731930594,0.1088416783292047,0.08489900131186101,0.009379424831927144,0.21875286102294922
Arbre,grille,"{'max_depth': None, 'min_samples_leaf': 15, 'min_samples_split': 2}",0.10544865475602727,0.08187529690078846,0.3408314731930594,0.1088416783292047,0.08489900131186101,0.009379424831927144,0.22647523880004883
Arbre,grille,"{'max_depth': 12, 'min_samples_leaf': 15, 'min_samples_split': 2}",0.10544865475602727,0.08187529690078846,0.3408314731930594,0.1088416783292047,0.08489900131186101,0.009379424831927144,0.12351584434509277
Arbre,grille,"{'max_depth': 20, 'min_samples_leaf': 15, 'min_samples_split': 2}",0.10544865475602727,0.08187529690078846,0.3408314731930594,0.1088416783292047,0.08489900131186101,0.009379424831927144,0.21512436866760254
Arbre,grille,"{'max_depth': 12, 'min_samples_leaf': 15, 'min_samples_split': 5}",0.10544865475602727,0.08187529690078846,0.3408314731930594,0.1088416783292047,0.08489900131186101,0.009379424831927144,0.2108161449432373
Arbre,grille,"{'max_depth': 12, 'min_samples_leaf': 15, 'min_samples_split': 10}",0.10544865475602727,0.08187529690078846,0.3408314731930594,0.1088416783292047,0.08489900131186101,0.009379424831927144,0.19124722480773926
Arbre,grille,"{'max_depth': 8, 'min_samples_leaf': 15, 'min_samples_split': 10}",0.10544865475602727,0.08187529690078846,0.3408314731930594,0.1088416783292047,0.08489900131186101,0.009379424831927144,0.21001219749450684
Arbre,grille,"{'max_depth': 20, 'min_samples_leaf': 15, 'min_samples_split': 10}",0.10544865475602727,0.08187529690078846,0.3408314731930594,0.1088416783292047,0.08489900131186101,0.009379424831927144,0.19461536407470703
Arbre,grille,"{'max_depth': 20, 'min_samples_leaf': 15, 'min_samples_split': 20}",0.10544865475602727,0.08187529690078846,0.3408314731930594,0.1088416783292047,0.08489900131186101,0.009379424831927144,0.23424172401428223
Arbre,grille,"{'max_depth': 12, 'min_samples_leaf': 15, 'min_samples_split': 20}",0.10544865475602727,0.08187529690078846,0.3408314731930594,0.1088416783292047,0.08489900131186101,0.009379424831927144,0.2105863094329834
Arbre,grille,"{'max_depth': 12, 'min_samples_leaf': 5, 'min_samples_split': 5}",0.10577878922533346,0.08145075258462109,0.3286532278612375,0.1085940234677516,0.06098480351297939,0.006617614438162009,0.24092769622802734
Arbre,grille,"{'max_depth': 12, 'min_samples_leaf': 5, 'min_samples_split': 10}",0.10577878922533346,0.08145075258462109,0.3286532278612375,0.1085940234677516,0.06098480351297939,0.006617614438162009,0.2900376319885254
Arbre,grille,"{'max_depth': 12, 'min_samples_leaf': 5, 'min_samples_split': 2}",0.10577878922533346,0.08145075258462109,0.3286532278612375,0.1085940234677516,0.06098480351297939,0.006617614438162009,0.22073578834533691
Arbre,grille,"{'max_depth': None, 'min_samples_leaf': 5, 'min_samples_split': 10}",0.10578412145515301,0.08149284945726062,0.32858595263438906,0.1086014966406453,0.060924169224425714,0.006617315218568018,0.23713374137878418
Arbre,grille,"{'max_depth': None, 'min_samples_leaf': 5, 'min_samples_split': 2}",0.10578412145515301,0.08149284945726062,0.32858595263438906,0.1086014966406453,0.060924169224425714,0.006617315218568018,0.21718525886535645
Arbre,grille,"{'max_depth': 20, 'min_samples_leaf': 5, 'min_samples_split': 10}",0.10578412145515301,0.08149284945726062,0.32858595263438906,0.1086014966406453,0.060924169224425714,0.006617315218568018,0.2297210693359375
Arbre,grille,"{'max_depth': 20, 'min_samples_leaf': 5, 'min_samples_split': 5}",0.10578412145515301,0.08149284945726062,0.32858595263438906,0.1086014966406453,0.060924169224425714,0.006617315218568018,0.2236795425415039
Arbre,grille,"{'max_depth': 20, 'min_samples_leaf': 5, 'min_samples_split': 2}",0.10578412145515301,0.08149284945726062,0.32858595263438906,0.1086014966406453,0.060924169224425714,0.006617315218568018,0.21229338645935059
Arbre,grille,"{'max_depth': None, 'min_samples_leaf': 5, 'min_samples_split': 5}",0.10578412145515301,0.08149284945726062,0.32858595263438906,0.1086014966406453,0.060924169224425714,0.006617315218568018,0.25075817108154297
Arbre,grille,"{'max_depth': 6, 'min_samples_leaf': 2, 'min_samples_split': 10}",0.10602405613521489,0.08251268217059719,0.3331525091256422,0.10931569540397265,0.07426571450728903,0.009030924678029063,0.22740983963012695
Arbre,grille,"{'max_depth': 4, 'min_samples_leaf': 5, 'min_samples_split': 20}",0.10624917187110952,0.08370547229355238,0.32984910875042334,0.11004035621530273,0.09047576691974482,0.009027037638964779,0.15326571464538574
Arbre,grille,"{'max_depth': 8, 'min_samples_leaf': 2, 'min_samples_split': 5}",0.10647088534205344,0.08178668137002719,0.32492596736156115,0.10794396601542618,0.057011290957458736,0.008659123584328191,0.152069091796875
Arbre,grille,"{'max_depth': 3, 'min_samples_leaf': 2, 'min_samples_split': 20}",0.10674615958623883,0.08433569629887343,0.325203181381176,0.111292075170717,0.09734659079145724,0.01096825817307579,0.21096038818359375
Arbre,grille,"{'max_depth': 3, 'min_samples_leaf': 5, 'min_samples_split': 20}",0.10682870868474144,0.0845006075078849,0.32386308947161624,0.11153347150773121,0.09735874407108627,0.010838567402324153,0.2055985927581787
Arbre,grille,"{'max_depth': 3, 'min_samples_leaf': 20, 'min_samples_split': 2}",0.10690756345697375,0.08409322223481866,0.3255250790448246,0.11168866230649392,0.09862525698634092,0.011459343138641734,0.17416024208068848
Arbre,grille,"{'max_depth': 3, 'min_samples_leaf': 20, 'min_samples_split': 20}",0.10690756345697375,0.08409322223481866,0.3255250790448246,0.11168866230649392,0.09862525698634092,0.011459343138641734,0.20072674751281738
Arbre,grille,"{'max_depth': 3, 'min_samples_leaf': 20, 'min_samples_split': 10}",0.10690756345697375,0.08409322223481866,0.3255250790448246,0.11168866230649392,0.09862525698634092,0.011459343138641734,0.1875307559967041
Arbre,grille,"{'max_depth': 3, 'min_samples_leaf': 20, 'min_samples_split': 5}",0.10690756345697375,0.08409322223481866,0.3255250790448246,0.11168866230649392,0.09862525698634092,0.011459343138641734,0.22146081924438477
Arbre,grille,"{'max_depth': 4, 'min_samples_leaf': 2, 'min_samples_split': 20}",0.10701738459038716,0.08486344929066869,0.3217719293895424,0.11044155837326386,0.09007420965565875,0.009436704270718048,0.2542998790740967
Arbre,grille,"{'max_depth': 4, 'min_samples_leaf': 5, 'min_samples_split': 2}",0.10705301642240594,0.08432543659893997,0.32062808049994007,0.11047944563660157,0.08973715694646148,0.009931571996668973,0.19258475303649902
Arbre,grille,"{'max_depth': 4, 'min_samples_leaf': 5, 'min_samples_split': 10}",0.10705301642240594,0.08432543659893997,0.32062808049994007,0.11047944563660157,0.08973715694646148,0.009931571996668973,0.23072147369384766
Arbre,grille,"{'max_depth': 4, 'min_samples_leaf': 5, 'min_samples_split': 5}",0.10705301642240594,0.08432543659893997,0.32062808049994007,0.11047944563660157,0.08973715694646148,0.009931571996668973,0.19992852210998535
Arbre,grille,"{'max_depth': 4, 'min_samples_leaf': 1, 'min_samples_split': 20}",0.1072801433184779,0.08520771779853324,0.31870562905075167,0.11060175816711162,0.08992817405524742,0.009820605807793054,0.24408531188964844
Arbre,grille,"{'max_depth': 8, 'min_samples_leaf': 2, 'min_samples_split': 2}",0.10733140984779917,0.08293664229618966,0.3136184992364165,0.10863054559521283,0.056203983708170056,0.007961545727981087,0.21038413047790527
Arbre,grille,"{'max_depth': 3, 'min_samples_leaf': 2, 'min_samples_split': 2}",0.10739169472969316,0.08456232165997592,0.3173160411784247,0.11169199538223624,0.09690822813476095,0.010827517775102841,0.20420408248901367
Arbre,grille,"{'max_depth': 3, 'min_samples_leaf': 2, 'min_samples_split': 5}",0.10739169472969316,0.08456232165997592,0.3173160411784247,0.11169199538223624,0.09690822813476095,0.010827517775102841,0.15273332595825195
Arbre,grille,"{'max_depth': 3, 'min_samples_leaf': 2, 'min_samples_split': 10}",0.10739169472969316,0.08456232165997592,0.3173160411784247,0.11169199538223624,0.09690822813476095,0.010827517775102841,0.2059645652770996
Arbre,grille,"{'max_depth': 3, 'min_samples_leaf': 1, 'min_samples_split': 20}",0.10747814768518804,0.08468143369603426,0.3146299151731491,0.11171315159506326,0.0973104094395401,0.011202530387666684,0.2337348461151123
Arbre,grille,"{'max_depth': 3, 'min_samples_leaf': 10, 'min_samples_split': 2}",0.10755598342939938,0.084620148723865,0.31489655312309034,0.11179522704374723,0.0976092173782408,0.010742009093764618,0.17784571647644043
Arbre,grille,"{'max_depth': 3, 'min_samples_leaf': 10, 'min_samples_split': 5}",0.10755598342939938,0.084620148723865,0.31489655312309034,0.11179522704374723,0.0976092173782408,0.010742009093764618,0.2146134376525879
Arbre,grille,"{'max_depth': 3, 'min_samples_leaf': 10, 'min_samples_split': 10}",0.10755598342939938,0.084620148723865,0.31489655312309034,0.11179522704374723,0.0976092173782408,0.010742009093764618,0.156996488571167
Arbre,grille,"{'max_depth': 3, 'min_samples_leaf': 10, 'min_samples_split': 20}",0.10755598342939938,0.084620148723865,0.31489655312309034,0.11179522704374723,0.0976092173782408,0.010742009093764618,0.21036195755004883
Arbre,grille,"{'max_depth': 3, 'min_samples_leaf': 5, 'min_samples_split': 10}",0.10755721532489138,0.08483270190272564,0.31523345622774884,0.11198773232505758,0.09697212616728555,0.011578707816098549,0.2148120403289795
Arbre,grille,"{'max_depth': 3, 'min_samples_leaf': 5, 'min_samples_split': 5}",0.10755721532489138,0.08483270190272564,0.31523345622774884,0.11198773232505758,0.09697212616728555,0.011578707816098549,0.20212101936340332
Arbre,grille,"{'max_depth': 3, 'min_samples_leaf': 5, 'min_samples_split': 2}",0.10755721532489138,0.08483270190272564,0.31523345622774884,0.11198773232505758,0.09697212616728555,0.011578707816098549,0.19594025611877441
Arbre,grille,"{'max_depth': 8, 'min_samples_leaf': 1, 'min_samples_split': 5}",0.10757115730289298,0.08333279397095038,0.30700341897177336,0.11074365348229306,0.05517157436939556,0.006367520547451992,0.252699613571167
Arbre,grille,"{'max_depth': 4, 'min_samples_leaf': 10, 'min_samples_split': 2}",0.10760780002450054,0.08429112371940799,0.31274467674740514,0.11145469285497545,0.09122060226868099,0.009177893529641445,0.24288415908813477
Arbre,grille,"{'max_depth': 4, 'min_samples_leaf': 10, 'min_samples_split': 5}",0.10760780002450054,0.08429112371940799,0.31274467674740514,0.11145469285497545,0.09122060226868099,0.009177893529641445,0.2142486572265625
Arbre,grille,"{'max_depth': 4, 'min_samples_leaf': 10, 'min_samples_split': 10}",0.10760780002450054,0.08429112371940799,0.31274467674740514,0.11145469285497545,0.09122060226868099,0.009177893529641445,0.2521481513977051
Arbre,grille,"{'max_depth': 4, 'min_samples_leaf': 10, 'min_samples_split': 20}",0.10760780002450054,0.08429112371940799,0.31274467674740514,0.11145469285497545,0.09122060226868099,0.009177893529641445,0.1901233196258545
Arbre,grille,"{'max_depth': 4, 'min_samples_leaf': 20, 'min_samples_split': 10}",0.10766740444110061,0.08452843096039467,0.3143113014191553,0.11178122064092562,0.09393825247948855,0.010606259164862335,0.21169543266296387
Arbre,grille,"{'max_depth': 4, 'min_samples_leaf': 20, 'min_samples_split': 2}",0.10766740444110061,0.08452843096039467,0.3143113014191553,0.11178122064092562,0.09393825247948855,0.010606259164862335,0.23772358894348145
Arbre,grille,"{'max_depth': 4, 'min_samples_leaf': 20, 'min_samples_split': 5}",0.10766740444110061,0.08452843096039467,0.3143113014191553,0.11178122064092562,0.09393825247948855,0.010606259164862335,0.20165705680847168
Arbre,grille,"{'max_depth': 4, 'min_samples_leaf': 20, 'min_samples_split': 20}",0.10766740444110061,0.08452843096039467,0.3143113014191553,0.11178122064092562,0.09393825247948855,0.010606259164862335,0.2445354461669922
Arbre,grille,"{'max_depth': 4, 'min_samples_leaf': 1, 'min_samples_split': 10}",0.10777001887119642,0.0855873487038729,0.31309402587702906,0.11080619990814619,0.08889165019238046,0.010259440145633255,0.2563436031341553
Arbre,grille,"{'max_depth': 8, 'min_samples_leaf': 5, 'min_samples_split': 10}",0.10778805131496824,0.08330446340824155,0.30621870528889455,0.11200492466816085,0.06705334543823742,0.008320640298796554,0.2277083396911621
Arbre,grille,"{'max_depth': 8, 'min_samples_leaf': 5, 'min_samples_split': 5}",0.10778805131496824,0.08330446340824155,0.30621870528889455,0.11200492466816085,0.06705334543823742,0.008320640298796554,0.22653579711914062
Arbre,grille,"{'max_depth': 8, 'min_samples_leaf': 5, 'min_samples_split': 2}",0.10778805131496824,0.08330446340824155,0.30621870528889455,0.11200492466816085,0.06705334543823742,0.008320640298796554,0.21107864379882812
Arbre,grille,"{'max_depth': 4, 'min_samples_leaf': 2, 'min_samples_split': 10}",0.10785376113790042,0.08547792854813667,0.3113249727465163,0.1108888376294356,0.08904281332212874,0.009878519308714816,0.17074894905090332
Arbre,grille,"{'max_depth': 8, 'min_samples_leaf': 1, 'min_samples_split': 10}",0.10788211664200972,0.0831951198505287,0.30248715476175525,0.11114964707582606,0.060280993523993256,0.004947999931422261,0.26454591751098633
Arbre,grille,"{'max_depth': 4, 'min_samples_leaf': 2, 'min_samples_split': 5}",0.10790370266069452,0.08551708988072602,0.31071128175809504,0.11092260508696142,0.08864339562764084,0.009840595523541868,0.16451478004455566
Arbre,grille,"{'max_depth': 4, 'min_samples_leaf': 2, 'min_samples_split': 2}",0.10790370266069452,0.08551708988072602,0.31071128175809504,0.11092260508696142,0.08862992316416896,0.009840595523541868,0.19402003288269043
Arbre,grille,"{'max_depth': 4, 'min_samples_leaf': 1, 'min_samples_split': 5}",0.10790840842706273,0.08579834009279201,0.3113896013887376,0.1108998474412997,0.08845483810698387,0.010161594096138465,0.22971510887145996
Arbre,grille,"{'max_depth': 8, 'min_samples_leaf': 2, 'min_samples_split': 10}",0.10800481060603151,0.08339024239201497,0.3044500719713953,0.1108809349407045,0.06161497342692797,0.0063511103995733155,0.19965004920959473
Arbre,grille,"{'max_depth': 4, 'min_samples_leaf': 15, 'min_samples_split': 2}",0.10804540464442684,0.08511536470955945,0.308224042561026,0.11193807179310322,0.09290807831416778,0.009973124640278924,0.2246417999267578
Arbre,grille,"{'max_depth': 4, 'min_samples_leaf': 15, 'min_samples_split': 10}",0.10804540464442684,0.08511536470955945,0.308224042561026,0.11193807179310322,0.09290807831416778,0.009973124640278924,0.2501387596130371
Arbre,grille,"{'max_depth': 4, 'min_samples_leaf': 15, 'min_samples_split': 20}",0.10804540464442684,0.08511536470955945,0.308224042561026,0.11193807179310322,0.09290807831416778,0.009973124640278924,0.2782769203186035
Arbre,grille,"{'max_depth': 4, 'min_samples_leaf': 15, 'min_samples_split': 5}",0.10804540464442684,0.08511536470955945,0.308224042561026,0.11193807179310322,0.09290807831416778,0.009973124640278924,0.24619150161743164
Arbre,grille,"{'max_depth': 3, 'min_samples_leaf': 1, 'min_samples_split': 2}",0.10845297210088925,0.08515818706870223,0.30181261203347515,0.11234500731576555,0.09686317279588665,0.01121194485575519,0.15747976303100586
Arbre,grille,"{'max_depth': 3, 'min_samples_leaf': 1, 'min_samples_split': 5}",0.10845297210088925,0.08515818706870223,0.30181261203347515,0.11234500731576555,0.09686317279588665,0.01121194485575519,0.23915481567382812
Arbre,grille,"{'max_depth': 3, 'min_samples_leaf': 1, 'min_samples_split': 10}",0.10845297210088925,0.08515818706870223,0.30181261203347515,0.11234500731576555,0.09686317279588665,0.01121194485575519,0.2456197738647461
Arbre,grille,"{'max_depth': 4, 'min_samples_leaf': 1, 'min_samples_split': 2}",0.10851882080095995,0.08650852473106654,0.3026696779642111,0.11185205106162639,0.08841819330446964,0.009586509077199405,0.24792838096618652
Arbre,grille,"{'max_depth': 3, 'min_samples_leaf': 15, 'min_samples_split': 20}",0.10857810011566997,0.0854973265024079,0.3025665426051319,0.11281144100134859,0.09808477184180377,0.011093593186384905,0.20342254638671875
Arbre,grille,"{'max_depth': 3, 'min_samples_leaf': 15, 'min_samples_split': 5}",0.10857810011566997,0.0854973265024079,0.3025665426051319,0.11281144100134859,0.09808477184180377,0.011093593186384905,0.17368435859680176
Arbre,grille,"{'max_depth': 3, 'min_samples_leaf': 15, 'min_samples_split': 2}",0.10857810011566997,0.0854973265024079,0.3025665426051319,0.11281144100134859,0.09808477184180377,0.011093593186384905,0.2230386734008789
Arbre,grille,"{'max_depth': 3, 'min_samples_leaf': 15, 'min_samples_split': 10}",0.10857810011566997,0.0854973265024079,0.3025665426051319,0.11281144100134859,0.09808477184180377,0.011093593186384905,0.24253225326538086
Arbre,grille,"{'max_depth': 12, 'min_samples_leaf': 1, 'min_samples_split': 10}",0.10867963124667243,0.08234321314012621,0.2893763598638606,0.11048969685663428,0.046994831601577,0.006879362371423719,0.25042080879211426
Arbre,grille,"{'max_depth': 12, 'min_samples_leaf': 1, 'min_samples_split': 5}",0.10932830238344497,0.08258479190292536,0.285975351297017,0.11202882327954466,0.03298983315179395,0.006922204869936309,0.24878668785095215
Arbre,grille,"{'max_depth': 20, 'min_samples_leaf': 1, 'min_samples_split': 10}",0.10968698551767755,0.08253021787155454,0.2766188387651273,0.1121834511700478,0.04411778141114051,0.006635240945368068,0.18772172927856445
Arbre,grille,"{'max_depth': 12, 'min_samples_leaf': 2, 'min_samples_split': 10}",0.10991336207582356,0.08260007637178061,0.27492716834889974,0.11195385029490383,0.05026440110437119,0.00566964122229042,0.19710469245910645
Arbre,grille,"{'max_depth': 12, 'min_samples_leaf': 2, 'min_samples_split': 2}",0.1099878795351723,0.08261571420201622,0.2756735368344434,0.1110369842207219,0.03668142662873987,0.006852113942221949,0.2812657356262207
Arbre,grille,"{'max_depth': 20, 'min_samples_leaf': 2, 'min_samples_split': 10}",0.1100139827570209,0.08277482401778148,0.27873229844106284,0.11180145582474968,0.048249660701484495,0.005542031289768094,0.2601585388183594
Arbre,grille,"{'max_depth': None, 'min_samples_leaf': 2, 'min_samples_split': 10}",0.1100139827570209,0.08277482401778148,0.27873229844106284,0.11180145582474968,0.048249660701484495,0.005542031289768094,0.23705172538757324
Arbre,grille,"{'max_depth': 12, 'min_samples_leaf': 2, 'min_samples_split': 5}",0.11018962622990754,0.0823727425447364,0.27712167024258605,0.11199163037997337,0.038804495812004104,0.008273928261111679,0.2292635440826416
Arbre,grille,"{'max_depth': None, 'min_samples_leaf': 1, 'min_samples_split': 10}",0.11039045004726855,0.08288621913905661,0.2689259958581669,0.11261597543205681,0.04405434203446558,0.007042303098887383,0.19483160972595215
Arbre,grille,"{'max_depth': 8, 'min_samples_leaf': 1, 'min_samples_split': 2}",0.11047895582073301,0.08556677414841954,0.27265446219874034,0.11407472512895989,0.05309724398763629,0.007488921176307379,0.23067903518676758
Arbre,grille,"{'max_depth': 20, 'min_samples_leaf': 1, 'min_samples_split': 2}",0.11062249668039592,0.0832803233087734,0.26540439029443286,0.11109769109170171,0.008439459354248608,0.008642852109090939,0.21749496459960938
Arbre,grille,"{'max_depth': 12, 'min_samples_leaf': 1, 'min_samples_split': 2}",0.1106248390459464,0.08340678696550283,0.26744059781305235,0.11198804606945492,0.023750331071094595,0.006864561318771355,0.254453182220459
Arbre,grille,"{'max_depth': None, 'min_samples_leaf': 2, 'min_samples_split': 2}",0.11081827037515868,0.08311708442735836,0.2669908042087791,0.11194794896069882,0.031599908668944,0.0065226860472297156,0.1992664337158203
Arbre,grille,"{'max_depth': 2, 'min_samples_leaf': 2, 'min_samples_split': 2}",0.1109612242722204,0.08830604079665334,0.27101467481826014,0.1141596112401532,0.10483703273307114,0.00984951293157697,0.2537238597869873
Arbre,grille,"{'max_depth': 2, 'min_samples_leaf': 1, 'min_samples_split': 10}",0.1109612242722204,0.08830604079665334,0.27101467481826014,0.1141596112401532,0.10483703273307114,0.00984951293157697,0.17021727561950684
Arbre,grille,"{'max_depth': 2, 'min_samples_leaf': 1, 'min_samples_split': 5}",0.1109612242722204,0.08830604079665334,0.27101467481826014,0.1141596112401532,0.10483703273307114,0.00984951293157697,0.15441274642944336
Arbre,grille,"{'max_depth': 2, 'min_samples_leaf': 1, 'min_samples_split': 20}",0.1109612242722204,0.08830604079665334,0.27101467481826014,0.1141596112401532,0.10483703273307114,0.00984951293157697,0.22667884826660156
Arbre,grille,"{'max_depth': 2, 'min_samples_leaf': 2, 'min_samples_split': 5}",0.1109612242722204,0.08830604079665334,0.27101467481826014,0.1141596112401532,0.10483703273307114,0.00984951293157697,0.23007893562316895
Arbre,grille,"{'max_depth': 2, 'min_samples_leaf': 1, 'min_samples_split': 2}",0.1109612242722204,0.08830604079665334,0.27101467481826014,0.1141596112401532,0.10483703273307114,0.00984951293157697,0.17766761779785156
Arbre,grille,"{'max_depth': 2, 'min_samples_leaf': 5, 'min_samples_split': 10}",0.1109612242722204,0.08830604079665334,0.27101467481826014,0.1141596112401532,0.10483703273307114,0.00984951293157697,0.1955106258392334
Arbre,grille,"{'max_depth': 2, 'min_samples_leaf': 10, 'min_samples_split': 20}",0.1109612242722204,0.08830604079665334,0.27101467481826014,0.1141596112401532,0.10483703273307114,0.00984951293157697,0.18440818786621094
Arbre,grille,"{'max_depth': 2, 'min_samples_leaf': 2, 'min_samples_split': 20}",0.1109612242722204,0.08830604079665334,0.27101467481826014,0.1141596112401532,0.10483703273307114,0.00984951293157697,0.14209771156311035
Arbre,grille,"{'max_depth': 2, 'min_samples_leaf': 5, 'min_samples_split': 2}",0.1109612242722204,0.08830604079665334,0.27101467481826014,0.1141596112401532,0.10483703273307114,0.00984951293157697,0.25499463081359863
Arbre,grille,"{'max_depth': 2, 'min_samples_leaf': 10, 'min_samples_split': 10}",0.1109612242722204,0.08830604079665334,0.27101467481826014,0.1141596112401532,0.10483703273307114,0.00984951293157697,0.22240495681762695
Arbre,grille,"{'max_depth': 2, 'min_samples_leaf': 10, 'min_samples_split': 5}",0.1109612242722204,0.08830604079665334,0.27101467481826014,0.1141596112401532,0.10483703273307114,0.00984951293157697,0.2100985050201416
Arbre,grille,"{'max_depth': 2, 'min_samples_leaf': 10, 'min_samples_split': 2}",0.1109612242722204,0.08830604079665334,0.27101467481826014,0.1141596112401532,0.10483703273307114,0.00984951293157697,0.1715869903564453
Arbre,grille,"{'max_depth': 2, 'min_samples_leaf': 5, 'min_samples_split': 20}",0.1109612242722204,0.08830604079665334,0.27101467481826014,0.1141596112401532,0.10483703273307114,0.00984951293157697,0.23815560340881348
Arbre,grille,"{'max_depth': 2, 'min_samples_leaf': 5, 'min_samples_split': 5}",0.1109612242722204,0.08830604079665334,0.27101467481826014,0.1141596112401532,0.10483703273307114,0.00984951293157697,0.21179628372192383
Arbre,grille,"{'max_depth': 2, 'min_samples_leaf': 2, 'min_samples_split': 10}",0.1109612242722204,0.08830604079665334,0.27101467481826014,0.1141596112401532,0.10483703273307114,0.00984951293157697,0.20515990257263184
Arbre,grille,"{'max_depth': 20, 'min_samples_leaf': 2, 'min_samples_split': 2}",0.11100839524691189,0.0832266491804512,0.26409206828577814,0.11212743005679841,0.03160069147413802,0.0064482315830231346,0.20206356048583984
Arbre,grille,"{'max_depth': None, 'min_samples_leaf': 1, 'min_samples_split': 2}",0.11125791134974258,0.08362944228909072,0.25857687959890435,0.11225224299218964,0.007640756032187275,0.009156011110115379,0.26606130599975586
Arbre,grille,"{'max_depth': 20, 'min_samples_leaf': 2, 'min_samples_split': 5}",0.11156215769708133,0.08340688786668518,0.25606596288270034,0.11284829470815272,0.03434935049381764,0.0066656159849095105,0.253079891204834
Arbre,grille,"{'max_depth': None, 'min_samples_leaf': 2, 'min_samples_split': 5}",0.11156215769708133,0.08340688786668518,0.25606596288270034,0.11284829470815272,0.03434935049381764,0.0066656159849095105,0.2325448989868164
Arbre,grille,"{'max_depth': 2, 'min_samples_leaf': 20, 'min_samples_split': 5}",0.11167013767886728,0.08908745556077755,0.2633158161247471,0.11478097221914145,0.10525473768507995,0.011116437215829361,0.22571730613708496
Arbre,grille,"{'max_depth': 2, 'min_samples_leaf': 20, 'min_samples_split': 10}",0.11167013767886728,0.08908745556077755,0.2633158161247471,0.11478097221914145,0.10525473768507995,0.011116437215829361,0.19783949851989746
Arbre,grille,"{'max_depth': 2, 'min_samples_leaf': 20, 'min_samples_split': 2}",0.11167013767886728,0.08908745556077755,0.2633158161247471,0.11478097221914145,0.10525473768507995,0.011116437215829361,0.21026110649108887
Arbre,grille,"{'max_depth': 2, 'min_samples_leaf': 20, 'min_samples_split': 20}",0.11167013767886728,0.08908745556077755,0.2633158161247471,0.11478097221914145,0.10525473768507995,0.011116437215829361,0.19724488258361816
Arbre,grille,"{'max_depth': 20, 'min_samples_leaf': 1, 'min_samples_split': 5}",0.11185589317280738,0.08372111957796953,0.2513873305915609,0.114144863814851,0.0269598261715318,0.005581947574826823,0.21961188316345215
Arbre,grille,"{'max_depth': 2, 'min_samples_leaf': 15, 'min_samples_split': 2}",0.11209722617491343,0.08955974452157121,0.25735704752562205,0.1153356855342135,0.10515146816615,0.010922774136020936,0.21006464958190918
Arbre,grille,"{'max_depth': 2, 'min_samples_leaf': 15, 'min_samples_split': 5}",0.11209722617491343,0.08955974452157121,0.25735704752562205,0.1153356855342135,0.10515146816615,0.010922774136020936,0.20945310592651367
Arbre,grille,"{'max_depth': 2, 'min_samples_leaf': 15, 'min_samples_split': 10}",0.11209722617491343,0.08955974452157121,0.25735704752562205,0.1153356855342135,0.10515146816615,0.010922774136020936,0.18036937713623047
Arbre,grille,"{'max_depth': 2, 'min_samples_leaf': 15, 'min_samples_split': 20}",0.11209722617491343,0.08955974452157121,0.25735704752562205,0.1153356855342135,0.10515146816615,0.010922774136020936,0.18687987327575684
Arbre,grille,"{'max_depth': None, 'min_samples_leaf': 1, 'min_samples_split': 5}",0.11444868533972148,0.0862116312407791,0.21881749650095322,0.11690901270193221,0.026805829391368097,0.00715554397979825,0.29082679748535156
Bagging,reglages a 100 arbres,"{'estimator__min_samples_leaf': 1, 'max_samples': 1.0, 'n_estimators': 100}",0.08305505996805106,0.06317710103717464,0.5874710460863699,0.08437944590987018,0.031926048423124506,0.01041613360553217,1.8603754043579102
Bagging,nombre d'arbres,"{'estimator__min_samples_leaf': 1, 'max_samples': 1.0, 'n_estimators': 250}",0.083478894705824,0.06318486350362594,0.5832932463643369,0.08485230883448774,0.031230083215256426,0.010275175316679028,3.2798187732696533
Bagging,nombre d'arbres,"{'estimator__min_samples_leaf': 1, 'max_samples': 1.0, 'n_estimators': 500}",0.08350077600708984,0.06310264675878152,0.5834061980659428,0.08502011382220225,0.03114498837449617,0.010081504346013896,5.542378187179565
Bagging,nombre d'arbres,"{'estimator__min_samples_leaf': 1, 'max_samples': 1.0, 'n_estimators': 50}",0.08382036264448989,0.06367930621181521,0.5796876190343976,0.08525589686069249,0.032268389260754364,0.011014480346098096,1.2869267463684082
Bagging,reglages a 100 arbres,"{'estimator__min_samples_leaf': 2, 'max_samples': 1.0, 'n_estimators': 100}",0.08404825930268356,0.06439190944611754,0.5782663043130517,0.08538521897267179,0.040484864417213884,0.01005694530367487,1.7352912425994873
Bagging,nombre d'arbres,"{'estimator__min_samples_leaf': 2, 'max_samples': 1.0, 'n_estimators': 250}",0.08458734550063303,0.06430784473263756,0.5727670658694825,0.08602633250987775,0.03993877236560355,0.00989645126403808,3.0052754878997803
Bagging,nombre d'arbres,"{'estimator__min_samples_leaf': 2, 'max_samples': 1.0, 'n_estimators': 500}",0.08462897762494287,0.06433311502082487,0.5726250215541502,0.08621795114156751,0.039878870338556735,0.009711251490243999,4.7060558795928955
Bagging,nombre d'arbres,"{'estimator__min_samples_leaf': 2, 'max_samples': 1.0, 'n_estimators': 50}",0.08497965928706083,0.06504195382826672,0.5687172787751645,0.08642257519144145,0.04095307411360252,0.01016470628159522,1.2687156200408936
Bagging,nombre d'arbres,"{'estimator__min_samples_leaf': 1, 'max_samples': 0.65, 'n_estimators': 500}",0.08516295306696693,0.0647321529186293,0.5685868438930177,0.08692759277419272,0.044072230918048745,0.009867391398809058,5.444230079650879
Bagging,nombre d'arbres,"{'estimator__min_samples_leaf': 1, 'max_samples': 0.65, 'n_estimators': 250}",0.08523530959118275,0.06493361911460557,0.5682283932724523,0.08716796551992034,0.04426607868460249,0.010009221936869282,2.9390203952789307
Bagging,nombre d'arbres,"{'estimator__min_samples_leaf': 1, 'max_samples': 0.65, 'n_estimators': 50}",0.0853021222775966,0.06583788561116202,0.5674062824276349,0.087128533822827,0.04532402336599139,0.009754744791385387,1.1968636512756348
Bagging,reglages a 100 arbres,"{'estimator__min_samples_leaf': 1, 'max_samples': 0.65, 'n_estimators': 100}",0.08537755589507914,0.06528345966370432,0.567000170006483,0.08740560633356635,0.04492106502534583,0.00966922960095021,1.7012584209442139
Bagging,reglages a 100 arbres,"{'estimator__min_samples_leaf': 1, 'max_samples': 0.8, 'n_estimators': 100}",0.08566422438381319,0.0649452185192465,0.562462068829193,0.0874371203619827,0.03885123770434527,0.010197551960499684,1.7795286178588867
Bagging,reglages a 100 arbres,"{'estimator__min_samples_leaf': 2, 'max_samples': 0.8, 'n_estimators': 100}",0.0862977917368063,0.06582894152805112,0.5565332841835234,0.08825645077193942,0.046339610529406106,0.009261581284792512,1.645444631576538
Bagging,reglages a 100 arbres,"{'estimator__min_samples_leaf': 2, 'max_samples': 0.65, 'n_estimators': 100}",0.08667211873888028,0.0663878407007671,0.5535229267106685,0.08881592327264728,0.051290265558059156,0.010593025572008672,1.560197114944458
Bagging,reglages a 100 arbres,"{'estimator__min_samples_leaf': 1, 'max_samples': 0.5, 'n_estimators': 100}",0.08697915824920376,0.06707532213325387,0.5504695067020755,0.08890676094216868,0.0518960014665894,0.009925642079082959,6.120779514312744
Bagging,reglages a 100 arbres,"{'estimator__min_samples_leaf': 2, 'max_samples': 0.5, 'n_estimators': 100}",0.08811955552644478,0.06804663820386934,0.5387143244859242,0.09042210203216437,0.05723950176683558,0.010565874879404987,1.5506904125213623
Bagging,reglages a 100 arbres,"{'estimator__min_samples_leaf': 5, 'max_samples': 1.0, 'n_estimators': 100}",0.08857357292528664,0.06870789329607171,0.5330457753510492,0.09059818088843181,0.05996083630420177,0.011353226006692812,1.6340508460998535
Bagging,reglages a 100 arbres,"{'estimator__min_samples_leaf': 5, 'max_samples': 0.8, 'n_estimators': 100}",0.09059662397293362,0.0700595373496487,0.5130015880596276,0.09316367678861598,0.06442040820960142,0.01040619455889698,1.5412726402282715
Bagging,reglages a 100 arbres,"{'estimator__min_samples_leaf': 5, 'max_samples': 0.65, 'n_estimators': 100}",0.09107945196668274,0.07031184301274711,0.5085201610682916,0.09377271717360414,0.06784497915299968,0.010973717879311508,1.5227136611938477
Bagging,reglages a 100 arbres,"{'estimator__min_samples_leaf': 5, 'max_samples': 0.5, 'n_estimators': 100}",0.09291719014347748,0.07233352941244536,0.4886763968255875,0.09590589775216764,0.07233476648205922,0.011267428069400086,1.5054864883422852
Bagging,reglages a 100 arbres,"{'estimator__min_samples_leaf': 10, 'max_samples': 1.0, 'n_estimators': 100}",0.0935340776347606,0.07305008950904586,0.48186923487531175,0.09674190266315917,0.07586543692664094,0.011114359571611068,1.442690372467041
Bagging,reglages a 100 arbres,"{'estimator__min_samples_leaf': 10, 'max_samples': 0.8, 'n_estimators': 100}",0.0949570677581427,0.0741872599973398,0.46652014278003334,0.09865480560503892,0.07869737787072634,0.011077721821269244,1.4201886653900146
Bagging,reglages a 100 arbres,"{'estimator__min_samples_leaf': 10, 'max_samples': 0.65, 'n_estimators': 100}",0.09664640353235276,0.07543937324784464,0.44817175992903124,0.1000735267690767,0.08155967159323801,0.011681659911643985,1.5062012672424316
Bagging,reglages a 100 arbres,"{'estimator__min_samples_leaf': 10, 'max_samples': 0.5, 'n_estimators': 100}",0.09773384980490116,0.07651806665862275,0.43613959244968437,0.10135638222448733,0.08520802259826922,0.012010830877767643,1.5854918956756592
Forêt aleatoire,reglages a 100 arbres,"{'max_depth': None, 'max_features': 0.25, 'min_samples_leaf': 1, 'n_estimators': 100}",0.08166584796609325,0.06290529909516782,0.6006485968233916,0.08354760666695113,0.03144023497831702,0.010264709010915167,1.697432041168213
Forêt aleatoire,nombre d'arbres,"{'max_depth': 20, 'max_features': 0.25, 'min_samples_leaf': 1, 'n_estimators': 50}",0.08197990776946056,0.06303968922767582,0.5972247630918133,0.08350672110337379,0.032134044762563305,0.010396817802743931,1.0786464214324951
Forêt aleatoire,reglages a 100 arbres,"{'max_depth': 20, 'max_features': 0.25, 'min_samples_leaf': 1, 'n_estimators': 100}",0.0819912210141375,0.06313721779907551,0.5976642680526938,0.08380806416049655,0.03144843387542925,0.010252651058770964,1.6511104106903076
Forêt aleatoire,nombre d'arbres,"{'max_depth': None, 'max_features': 0.25, 'min_samples_leaf': 1, 'n_estimators': 50}",0.08201309845822533,0.0628888744650011,0.5962843537103211,0.08376280470854072,0.03207475441634877,0.010424665060062566,1.18766188621521
Forêt aleatoire,nombre d'arbres,"{'max_depth': None, 'max_features': 0.25, 'min_samples_leaf': 1, 'n_estimators': 500}",0.0823714452926371,0.06339599001606554,0.5938506573557571,0.0841016240708101,0.03059702782695477,0.010928465894214508,6.23101806640625
Forêt aleatoire,nombre d'arbres,"{'max_depth': None, 'max_features': 0.25, 'min_samples_leaf': 1, 'n_estimators': 250}",0.0825705708807342,0.06342695408707268,0.5918062914438165,0.08421889906305055,0.03076901106273942,0.010994006340606247,3.534799575805664
Forêt aleatoire,nombre d'arbres,"{'max_depth': 20, 'max_features': 0.25, 'min_samples_leaf': 1, 'n_estimators': 500}",0.08257060298099386,0.06361834177946805,0.5917773570131128,0.08423957497158562,0.03062332220793466,0.010856789604253006,6.153047800064087
Forêt aleatoire,nombre d'arbres,"{'max_depth': 20, 'max_features': 0.25, 'min_samples_leaf': 1, 'n_estimators': 250}",0.08275983367862931,0.06358459392084917,0.5899550456963698,0.0843908442033123,0.030744165790464968,0.010941996886594644,3.318763494491577
Forêt aleatoire,reglages a 100 arbres,"{'max_depth': 20, 'max_features': 1.0, 'min_samples_leaf': 1, 'n_estimators': 100}",0.08289077861358889,0.06287160912552692,0.5889720107308557,0.08425320351665089,0.031993992153546494,0.010386328017011575,1.638948917388916
Forêt aleatoire,reglages a 100 arbres,"{'max_depth': 20, 'max_features': 0.5, 'min_samples_leaf': 1, 'n_estimators': 100}",0.08295259914108116,0.06295056796780191,0.5881214501674912,0.0852653102627406,0.031288460249889204,0.01012723987619907,1.6391780376434326
Forêt aleatoire,reglages a 100 arbres,"{'max_depth': None, 'max_features': 1.0, 'min_samples_leaf': 1, 'n_estimators': 100}",0.08320528915878975,0.06315750778824633,0.5858708780153947,0.08450047500544836,0.03200939502235635,0.010233129409490305,1.5536823272705078
Forêt aleatoire,reglages a 100 arbres,"{'max_depth': 12, 'max_features': 0.75, 'min_samples_leaf': 1, 'n_estimators': 100}",0.08325476818808537,0.06332615231960378,0.5861455574900851,0.08540439395191077,0.03409088873565084,0.010073913920377119,1.7151072025299072
Forêt aleatoire,reglages a 100 arbres,"{'max_depth': None, 'max_features': 0.5, 'min_samples_leaf': 1, 'n_estimators': 100}",0.08333418975125717,0.06353394725372649,0.5843146853121194,0.08568435663889735,0.031205227497727517,0.010058434691311572,1.7825758457183838
Forêt aleatoire,reglages a 100 arbres,"{'max_depth': None, 'max_features': 0.75, 'min_samples_leaf': 1, 'n_estimators': 100}",0.08338445883118183,0.06339223736208115,0.5846382550992678,0.08496819581897894,0.0314092748513641,0.010112407858843875,1.4117982387542725
Forêt aleatoire,nombre d'arbres,"{'max_depth': 20, 'max_features': 1.0, 'min_samples_leaf': 1, 'n_estimators': 250}",0.08339558915793746,0.06292351922545467,0.584268777131849,0.0847663956532044,0.03125613022518028,0.01006958991449953,3.2173619270324707
Forêt aleatoire,reglages a 100 arbres,"{'max_depth': 12, 'max_features': 1.0, 'min_samples_leaf': 1, 'n_estimators': 100}",0.08348365780893904,0.06335717876082372,0.5833822203704067,0.08506943247811974,0.03426266595071619,0.010371489735555269,1.7929604053497314
Forêt aleatoire,reglages a 100 arbres,"{'max_depth': 20, 'max_features': 0.75, 'min_samples_leaf': 1, 'n_estimators': 100}",0.08360411032379549,0.06342511089649272,0.5826924482924777,0.08514057946514632,0.03148213221151004,0.010026387802731542,1.8395988941192627
Forêt aleatoire,nombre d'arbres,"{'max_depth': 20, 'max_features': 1.0, 'min_samples_leaf': 1, 'n_estimators': 500}",0.08361869674180783,0.06301390788912156,0.5823297282292277,0.0851457844225852,0.031165096186138958,0.00996117204541904,5.6407694816589355
Forêt aleatoire,reglages a 100 arbres,"{'max_depth': 12, 'max_features': 0.25, 'min_samples_leaf': 1, 'n_estimators': 100}",0.08369138817120451,0.06447163589719992,0.5808313556485434,0.08588843972968842,0.03578960397172738,0.010937540228632503,1.694732904434204
Forêt aleatoire,reglages a 100 arbres,"{'max_depth': 12, 'max_features': 0.5, 'min_samples_leaf': 1, 'n_estimators': 100}",0.08383593274896946,0.06374899704916707,0.5798342427413514,0.08591359573865723,0.03420220525152049,0.010397932777733872,1.7273428440093994
Forêt aleatoire,nombre d'arbres,"{'max_depth': 20, 'max_features': 1.0, 'min_samples_leaf': 1, 'n_estimators': 50}",0.08386606408589332,0.06358511391043498,0.578795771620908,0.08530524737804845,0.03235271910405753,0.010545115762559596,1.1680009365081787
Forêt aleatoire,reglages a 100 arbres,"{'max_depth': 12, 'max_features': 0.75, 'min_samples_leaf': 2, 'n_estimators': 100}",0.08398522896367358,0.06426100778385321,0.5786551054135469,0.08562446592902467,0.04193252849745064,0.009748145365150899,1.6678826808929443
Forêt aleatoire,reglages a 100 arbres,"{'max_depth': None, 'max_features': 1.0, 'min_samples_leaf': 2, 'n_estimators': 100}",0.08425642000885511,0.0646200349171191,0.5761140268274205,0.08547401319018803,0.04052863130005588,0.01008197028758963,1.6531779766082764
Forêt aleatoire,reglages a 100 arbres,"{'max_depth': 20, 'max_features': 1.0, 'min_samples_leaf': 2, 'n_estimators': 100}",0.08426366466509932,0.06463117717996884,0.5760490139958596,0.08548156460283746,0.04053068123354395,0.010074370365841362,1.729907751083374
Forêt aleatoire,reglages a 100 arbres,"{'max_depth': 12, 'max_features': 1.0, 'min_samples_leaf': 2, 'n_estimators': 100}",0.08442452559028758,0.06466829468811537,0.57463502537753,0.08580003387618522,0.041483119789773815,0.010211020830120853,1.647948980331421
Forêt aleatoire,reglages a 100 arbres,"{'max_depth': 20, 'max_features': 0.75, 'min_samples_leaf': 2, 'n_estimators': 100}",0.08459971060505596,0.06498717283613985,0.5726573695147776,0.08630829466513296,0.04103694470212361,0.009561430292359951,1.6187593936920166
Forêt aleatoire,reglages a 100 arbres,"{'max_depth': None, 'max_features': 0.75, 'min_samples_leaf': 2, 'n_estimators': 100}",0.0846223914274715,0.06501222584605597,0.5724382745288746,0.08632355692609432,0.04102844427578846,0.009540152340167299,1.445737361907959
Forêt aleatoire,reglages a 100 arbres,"{'max_depth': None, 'max_features': 0.5, 'min_samples_leaf': 2, 'n_estimators': 100}",0.08474693851741012,0.06513550290127249,0.5713849572126718,0.08702716591293229,0.04205505541321185,0.009846577620206607,1.7295713424682617
Forêt aleatoire,reglages a 100 arbres,"{'max_depth': 20, 'max_features': 0.5, 'min_samples_leaf': 2, 'n_estimators': 100}",0.08476370788209112,0.06515560949201178,0.5712105338372945,0.08704166986868205,0.04205631782769336,0.009844722925568771,1.64658784866333
Forêt aleatoire,reglages a 100 arbres,"{'max_depth': 12, 'max_features': 0.5, 'min_samples_leaf': 2, 'n_estimators': 100}",0.0848736821628784,0.06492859427571643,0.5704599902803433,0.0871749556400026,0.04332807571519087,0.0096640652224186,2.224987268447876
Forêt aleatoire,reglages a 100 arbres,"{'max_depth': 20, 'max_features': 0.25, 'min_samples_leaf': 2, 'n_estimators': 100}",0.08555926273928385,0.06592276276131974,0.56278466491128,0.08788367076825601,0.04634087967882607,0.011231804793565288,1.657590627670288
Forêt aleatoire,reglages a 100 arbres,"{'max_depth': None, 'max_features': 0.25, 'min_samples_leaf': 2, 'n_estimators': 100}",0.08562406155888931,0.06596262701565409,0.5620210579757041,0.08794866071817849,0.04633027409449545,0.011220235261840364,1.4379963874816895
Forêt aleatoire,reglages a 100 arbres,"{'max_depth': 12, 'max_features': 0.25, 'min_samples_leaf': 2, 'n_estimators': 100}",0.08578802809387576,0.0664381367647355,0.55985399933125,0.08783021086577247,0.047681801713074415,0.01085990818045063,1.6012942790985107
Forêt aleatoire,reglages a 100 arbres,"{'max_depth': 8, 'max_features': 0.75, 'min_samples_leaf': 1, 'n_estimators': 100}",0.0860095405343764,0.06576416021314119,0.5591186955998605,0.08845000228552609,0.04675300800178265,0.010498013370475104,1.6226224899291992
Forêt aleatoire,reglages a 100 arbres,"{'max_depth': 8, 'max_features': 1.0, 'min_samples_leaf': 1, 'n_estimators': 100}",0.08612030292043613,0.06583541640030352,0.5578730165817058,0.08835072821346568,0.04667915528517553,0.010538413086555076,1.5389420986175537
Forêt aleatoire,reglages a 100 arbres,"{'max_depth': 8, 'max_features': 1.0, 'min_samples_leaf': 2, 'n_estimators': 100}",0.0862082575553814,0.0660782167606814,0.5572521368495723,0.08820270775630526,0.05017151727104885,0.010488046426114766,1.614567518234253
Forêt aleatoire,reglages a 100 arbres,"{'max_depth': 8, 'max_features': 0.5, 'min_samples_leaf': 1, 'n_estimators': 100}",0.08628702441127092,0.06595626312455102,0.5564321471223087,0.08934223747544547,0.04745264512076482,0.010674508153701759,1.5851874351501465
Forêt aleatoire,reglages a 100 arbres,"{'max_depth': 8, 'max_features': 0.75, 'min_samples_leaf': 2, 'n_estimators': 100}",0.08694887030635903,0.06665275818915165,0.5500664661812171,0.08949804102346198,0.05054228907413438,0.010050180066468031,1.4369802474975586
Forêt aleatoire,reglages a 100 arbres,"{'max_depth': 8, 'max_features': 0.25, 'min_samples_leaf': 1, 'n_estimators': 100}",0.08703748113702708,0.06735067496675344,0.549338311717164,0.09017247282295679,0.05202296251215699,0.010667196669071777,1.6062431335449219
Forêt aleatoire,reglages a 100 arbres,"{'max_depth': 8, 'max_features': 0.5, 'min_samples_leaf': 2, 'n_estimators': 100}",0.08722510570987033,0.0669612032749443,0.5480025654114078,0.0902470618366723,0.05220076661288915,0.010547016032627844,1.594691514968872
Forêt aleatoire,reglages a 100 arbres,"{'max_depth': 8, 'max_features': 0.25, 'min_samples_leaf': 2, 'n_estimators': 100}",0.08817876604140813,0.06871433108160599,0.5370145442343981,0.0914059640229918,0.057162506504561915,0.010857310317906826,1.6263573169708252
Forêt aleatoire,reglages a 100 arbres,"{'max_depth': 12, 'max_features': 1.0, 'min_samples_leaf': 5, 'n_estimators': 100}",0.08859825218396422,0.0686836439947296,0.5328323129699968,0.09063322630214958,0.059975943386296436,0.011233877195036414,1.57338547706604
Forêt aleatoire,reglages a 100 arbres,"{'max_depth': 20, 'max_features': 1.0, 'min_samples_leaf': 5, 'n_estimators': 100}",0.0886075075421804,0.06869921005878085,0.5327444542392321,0.0906417322321544,0.05994854229058144,0.011223109801625004,1.7555744647979736
Forêt aleatoire,reglages a 100 arbres,"{'max_depth': None, 'max_features': 1.0, 'min_samples_leaf': 5, 'n_estimators': 100}",0.08860750754218041,0.06869921005878085,0.5327444542392321,0.0906417322321544,0.05994854229058144,0.011223109801625004,1.756227731704712
Forêt aleatoire,reglages a 100 arbres,"{'max_depth': 12, 'max_features': 0.75, 'min_samples_leaf': 5, 'n_estimators': 100}",0.08861175036505489,0.06873148284837667,0.5329562406708229,0.09115129724419829,0.06112530305676113,0.011051037245026034,1.7330474853515625
Forêt aleatoire,reglages a 100 arbres,"{'max_depth': 20, 'max_features': 0.75, 'min_samples_leaf': 5, 'n_estimators': 100}",0.08865044316646026,0.06876324997025385,0.5325267613102898,0.09112997324633079,0.06111962550203805,0.011090198351008473,1.8558368682861328
Forêt aleatoire,reglages a 100 arbres,"{'max_depth': None, 'max_features': 0.75, 'min_samples_leaf': 5, 'n_estimators': 100}",0.08865044316646026,0.06876324997025385,0.5325267613102898,0.09112997324633079,0.06111962550203805,0.011090198351008478,1.7920916080474854
Forêt aleatoire,reglages a 100 arbres,"{'max_depth': 8, 'max_features': 1.0, 'min_samples_leaf': 5, 'n_estimators': 100}",0.08900004393822356,0.06895421273476868,0.5285739909375649,0.09122579734948799,0.06197292391534508,0.011396799377060942,1.5433018207550049
Forêt aleatoire,reglages a 100 arbres,"{'max_depth': 12, 'max_features': 0.5, 'min_samples_leaf': 5, 'n_estimators': 100}",0.08913687889535095,0.06931764416348711,0.5279551667652165,0.091955250550435,0.06285711242134276,0.010944230425577333,2.085899591445923
Forêt aleatoire,reglages a 100 arbres,"{'max_depth': 20, 'max_features': 0.5, 'min_samples_leaf': 5, 'n_estimators': 100}",0.0891591746990215,0.06936157517289473,0.527786168373692,0.09197603095799686,0.06278357782394026,0.011133745409849152,1.5591588020324707
Forêt aleatoire,reglages a 100 arbres,"{'max_depth': None, 'max_features': 0.5, 'min_samples_leaf': 5, 'n_estimators': 100}",0.0891591746990215,0.06936157517289473,0.527786168373692,0.09197603095799686,0.06278357782394026,0.011133745409849155,1.522705078125
Forêt aleatoire,reglages a 100 arbres,"{'max_depth': 8, 'max_features': 0.75, 'min_samples_leaf': 5, 'n_estimators': 100}",0.08927325908210708,0.0690200239070043,0.5261699212658171,0.09206300744004224,0.06301049702288367,0.011219731846221555,1.5866308212280273
Forêt aleatoire,reglages a 100 arbres,"{'max_depth': 8, 'max_features': 0.5, 'min_samples_leaf': 5, 'n_estimators': 100}",0.08989426874908799,0.06983091178685306,0.5201693810148347,0.09279273667145328,0.06464554714142721,0.0113104649839091,1.621246576309204
Forêt aleatoire,reglages a 100 arbres,"{'max_depth': 6, 'max_features': 1.0, 'min_samples_leaf': 1, 'n_estimators': 100}",0.08992248679706202,0.0692642714995967,0.5201284560511598,0.09311705118550309,0.06127495734466295,0.010821215851910627,1.4922006130218506
Forêt aleatoire,reglages a 100 arbres,"{'max_depth': 6, 'max_features': 1.0, 'min_samples_leaf': 2, 'n_estimators': 100}",0.0900757651573284,0.06946731139063786,0.5182923323989925,0.09322229414545158,0.06268524292008462,0.010975606752503463,1.5457825660705566
Forêt aleatoire,reglages a 100 arbres,"{'max_depth': None, 'max_features': 0.25, 'min_samples_leaf': 5, 'n_estimators': 100}",0.09008494737245201,0.0701239231292368,0.5173274155131248,0.0933600525475799,0.06794989726825955,0.011768093344810509,1.2927324771881104
Forêt aleatoire,reglages a 100 arbres,"{'max_depth': 20, 'max_features': 0.25, 'min_samples_leaf': 5, 'n_estimators': 100}",0.09008494737245201,0.0701239231292368,0.5173274155131248,0.0933600525475799,0.06794989726825955,0.011768093344810503,1.7552671432495117
Forêt aleatoire,reglages a 100 arbres,"{'max_depth': 12, 'max_features': 0.25, 'min_samples_leaf': 5, 'n_estimators': 100}",0.09032268891169164,0.07028305010602363,0.514804504497205,0.09358034223800257,0.06797920418797468,0.011623434743411808,1.7300422191619873
Forêt aleatoire,reglages a 100 arbres,"{'max_depth': 6, 'max_features': 0.75, 'min_samples_leaf': 1, 'n_estimators': 100}",0.0903801696378442,0.06965725099832334,0.5153942631721501,0.09408020727247864,0.061684194278023886,0.01141835504248674,1.6213862895965576
Forêt aleatoire,reglages a 100 arbres,"{'max_depth': 6, 'max_features': 0.75, 'min_samples_leaf': 2, 'n_estimators': 100}",0.09052132060346517,0.06955621252883012,0.513461450058607,0.09416337025186314,0.06308807507561645,0.010976023672271119,1.4940760135650635
Forêt aleatoire,reglages a 100 arbres,"{'max_depth': 6, 'max_features': 1.0, 'min_samples_leaf': 5, 'n_estimators': 100}",0.09091798493917239,0.07049159519892526,0.5095551542967078,0.09376156468411687,0.068364965693709,0.011410474615121274,1.6670043468475342
Forêt aleatoire,reglages a 100 arbres,"{'max_depth': 6, 'max_features': 0.75, 'min_samples_leaf': 5, 'n_estimators': 100}",0.09102535805828318,0.07021453477289855,0.5084061497897577,0.09437920844828446,0.06929773226375688,0.011268071824723674,1.841566801071167
Forêt aleatoire,reglages a 100 arbres,"{'max_depth': 6, 'max_features': 0.5, 'min_samples_leaf': 1, 'n_estimators': 100}",0.0910289605224878,0.07007421395468762,0.5087058299547975,0.09442507252520269,0.06244869388351311,0.01075887779991928,1.6959071159362793
Forêt aleatoire,reglages a 100 arbres,"{'max_depth': 8, 'max_features': 0.25, 'min_samples_leaf': 5, 'n_estimators': 100}",0.09116853072884648,0.07098453486075498,0.5061227617252955,0.09453889762357096,0.07034904256909838,0.011422230333765285,1.785872220993042
Forêt aleatoire,reglages a 100 arbres,"{'max_depth': 6, 'max_features': 0.5, 'min_samples_leaf': 2, 'n_estimators': 100}",0.09143568871447538,0.07053269116512784,0.5046744797521713,0.09501799382063816,0.06452889538894305,0.011144552759457346,1.4203202724456787
Forêt aleatoire,reglages a 100 arbres,"{'max_depth': 6, 'max_features': 0.25, 'min_samples_leaf': 1, 'n_estimators': 100}",0.09202380773692614,0.07153729295257326,0.4975572560649617,0.09637105846456565,0.0669562180261392,0.011799188398069248,1.529707670211792
Forêt aleatoire,reglages a 100 arbres,"{'max_depth': 6, 'max_features': 0.5, 'min_samples_leaf': 5, 'n_estimators': 100}",0.09225883915441355,0.07154685523814419,0.49538729392183783,0.09562256602655533,0.07056808390007488,0.011151596689566896,1.5775384902954102
Forêt aleatoire,reglages a 100 arbres,"{'max_depth': 6, 'max_features': 0.25, 'min_samples_leaf': 2, 'n_estimators': 100}",0.0924843015552683,0.07199551884967728,0.49233746217186375,0.0965226701550997,0.06922707439783445,0.011098370588011199,1.5240957736968994
Forêt aleatoire,reglages a 100 arbres,"{'max_depth': None, 'max_features': 1.0, 'min_samples_leaf': 10, 'n_estimators': 100}",0.09349673739788972,0.073023672625392,0.4822726070635442,0.09671124803264992,0.07587529687431324,0.01114279086830736,1.8292372226715088
Forêt aleatoire,reglages a 100 arbres,"{'max_depth': 12, 'max_features': 1.0, 'min_samples_leaf': 10, 'n_estimators': 100}",0.09349673739788973,0.073023672625392,0.482272607063544,0.09671124803264994,0.07587529687431324,0.011142790868307356,1.5256109237670898
Forêt aleatoire,reglages a 100 arbres,"{'max_depth': 20, 'max_features': 1.0, 'min_samples_leaf': 10, 'n_estimators': 100}",0.09349673739788973,0.07302367262539199,0.4822726070635441,0.09671124803264992,0.07587529687431324,0.011142790868307358,1.5922081470489502
Forêt aleatoire,reglages a 100 arbres,"{'max_depth': 8, 'max_features': 1.0, 'min_samples_leaf': 10, 'n_estimators': 100}",0.09356216141577875,0.07307379456373773,0.48154331610864975,0.09678034540680934,0.0759485945436719,0.01116047954699167,1.6383473873138428
Forêt aleatoire,reglages a 100 arbres,"{'max_depth': 6, 'max_features': 0.25, 'min_samples_leaf': 5, 'n_estimators': 100}",0.09361794744904336,0.07283521439625451,0.48008106017263097,0.0975011805955864,0.07593089968766573,0.011098097509068039,1.558485984802246
Forêt aleatoire,reglages a 100 arbres,"{'max_depth': 6, 'max_features': 1.0, 'min_samples_leaf': 10, 'n_estimators': 100}",0.09421057006442193,0.07353646703237161,0.4746022937049735,0.0975307501369134,0.07733919146325119,0.011149069237522558,1.4974939823150635
Forêt aleatoire,reglages a 100 arbres,"{'max_depth': None, 'max_features': 0.75, 'min_samples_leaf': 10, 'n_estimators': 100}",0.09425746933969878,0.07363650722031467,0.474138573785386,0.09781450149845154,0.07668570493098362,0.011303204804288583,1.7978096008300781
Forêt aleatoire,reglages a 100 arbres,"{'max_depth': 20, 'max_features': 0.75, 'min_samples_leaf': 10, 'n_estimators': 100}",0.09425746933969878,0.07363650722031467,0.474138573785386,0.09781450149845154,0.07668570493098362,0.011303204804288583,1.6378226280212402
Forêt aleatoire,reglages a 100 arbres,"{'max_depth': 12, 'max_features': 0.75, 'min_samples_leaf': 10, 'n_estimators': 100}",0.09425746933969878,0.07363650722031465,0.474138573785386,0.09781450149845154,0.07668570493098362,0.011303204804288583,1.6035187244415283
Forêt aleatoire,reglages a 100 arbres,"{'max_depth': 8, 'max_features': 0.75, 'min_samples_leaf': 10, 'n_estimators': 100}",0.09429221492328224,0.07367251999297333,0.4737737665766691,0.09783449102649208,0.07679552028601809,0.011252187696777128,1.6993112564086914
Forêt aleatoire,reglages a 100 arbres,"{'max_depth': 12, 'max_features': 0.5, 'min_samples_leaf': 10, 'n_estimators': 100}",0.09449008862753387,0.07400996112266346,0.47196658450915396,0.09809570830911815,0.07840613255641346,0.011321882244491923,2.030341625213623
Forêt aleatoire,reglages a 100 arbres,"{'max_depth': 20, 'max_features': 0.5, 'min_samples_leaf': 10, 'n_estimators': 100}",0.09449008862753387,0.07400996112266346,0.47196658450915396,0.09809570830911815,0.07840613255641346,0.011321882244491923,1.6940181255340576
Forêt aleatoire,reglages a 100 arbres,"{'max_depth': None, 'max_features': 0.5, 'min_samples_leaf': 10, 'n_estimators': 100}",0.0944900886275339,0.07400996112266345,0.47196658450915396,0.09809570830911815,0.07840613255641346,0.011321882244491929,1.586108684539795
Forêt aleatoire,reglages a 100 arbres,"{'max_depth': 6, 'max_features': 0.75, 'min_samples_leaf': 10, 'n_estimators': 100}",0.09462401040982268,0.07380128915259507,0.47008965250878365,0.09831018530711581,0.07813912263051734,0.01146580790024128,1.5703034400939941
Forêt aleatoire,reglages a 100 arbres,"{'max_depth': 8, 'max_features': 0.5, 'min_samples_leaf': 10, 'n_estimators': 100}",0.09467893177269807,0.07415183342108345,0.4697722368495392,0.09831134744130708,0.07850533937710365,0.011308103562952703,1.7008559703826904
Forêt aleatoire,reglages a 100 arbres,"{'max_depth': 6, 'max_features': 0.5, 'min_samples_leaf': 10, 'n_estimators': 100}",0.09519305913710688,0.07439560718252794,0.4638628402406333,0.09889952722179829,0.07974636130205105,0.011418860562525507,1.7165119647979736
Forêt aleatoire,reglages a 100 arbres,"{'max_depth': 8, 'max_features': 0.25, 'min_samples_leaf': 10, 'n_estimators': 100}",0.0962031195678946,0.0752991182840519,0.452875778994602,0.10007827672674967,0.08276474808105327,0.011920447811824015,1.5888538360595703
Forêt aleatoire,reglages a 100 arbres,"{'max_depth': None, 'max_features': 0.25, 'min_samples_leaf': 10, 'n_estimators': 100}",0.0962628585127826,0.07543668418396099,0.4520180806358668,0.1000458646239805,0.08260430205931728,0.011696605364043416,1.6155791282653809
Forêt aleatoire,reglages a 100 arbres,"{'max_depth': 12, 'max_features': 0.25, 'min_samples_leaf': 10, 'n_estimators': 100}",0.09626285851278261,0.07543668418396099,0.4520180806358668,0.1000458646239805,0.08260430205931728,0.011696605364043421,1.6594703197479248
Forêt aleatoire,reglages a 100 arbres,"{'max_depth': 20, 'max_features': 0.25, 'min_samples_leaf': 10, 'n_estimators': 100}",0.09626285851278261,0.075436684183961,0.4520180806358668,0.1000458646239805,0.08260430205931728,0.01169660536404342,1.5999622344970703
Forêt aleatoire,reglages a 100 arbres,"{'max_depth': 4, 'max_features': 0.75, 'min_samples_leaf': 5, 'n_estimators': 100}",0.09631499406103791,0.07460403175413344,0.4513183744374629,0.1005534887217598,0.0823116314105811,0.011476839802990494,1.650343894958496
Forêt aleatoire,reglages a 100 arbres,"{'max_depth': 4, 'max_features': 0.75, 'min_samples_leaf': 2, 'n_estimators': 100}",0.0963553504859386,0.07443782082097776,0.45087889418476157,0.1006604372399796,0.0809706968466529,0.011163427656672739,1.819162368774414
Forêt aleatoire,reglages a 100 arbres,"{'max_depth': 4, 'max_features': 1.0, 'min_samples_leaf': 5, 'n_estimators': 100}",0.09645789695539433,0.07479998767519914,0.4496803597024517,0.1003800288163206,0.08211004848539304,0.011690864669528856,1.8961248397827148
Forêt aleatoire,reglages a 100 arbres,"{'max_depth': 4, 'max_features': 1.0, 'min_samples_leaf': 2, 'n_estimators': 100}",0.09650358584342163,0.074643444442885,0.4491031696355002,0.10052234094200396,0.08083252155052534,0.011348388336025207,2.1862146854400635
Forêt aleatoire,reglages a 100 arbres,"{'max_depth': 4, 'max_features': 1.0, 'min_samples_leaf': 1, 'n_estimators': 100}",0.09650521430634863,0.07465555261493909,0.44928317820641883,0.10051486368153069,0.08052766110282612,0.0114600993589655,2.063202142715454
Forêt aleatoire,reglages a 100 arbres,"{'max_depth': 4, 'max_features': 0.75, 'min_samples_leaf': 1, 'n_estimators': 100}",0.09675152838747725,0.07486064790922761,0.44658385018949787,0.10090034026707928,0.08072905279778127,0.01123375451607592,1.453977108001709
Forêt aleatoire,reglages a 100 arbres,"{'max_depth': 4, 'max_features': 0.5, 'min_samples_leaf': 2, 'n_estimators': 100}",0.09680229755692474,0.07493515909980761,0.446524552776524,0.1011122362218351,0.08181442902902299,0.011382630247088911,1.491434097290039
Forêt aleatoire,reglages a 100 arbres,"{'max_depth': 6, 'max_features': 0.25, 'min_samples_leaf': 10, 'n_estimators': 100}",0.0969784916734727,0.07598976314136645,0.4442410398474794,0.10086676481438632,0.08420127049892143,0.011855950441419344,1.5002806186676025
Forêt aleatoire,reglages a 100 arbres,"{'max_depth': 4, 'max_features': 0.5, 'min_samples_leaf': 1, 'n_estimators': 100}",0.09701851986015006,0.07518188124560592,0.443890890857372,0.10138499577005984,0.081498914999276,0.011344849107599236,1.624180793762207
Forêt aleatoire,reglages a 100 arbres,"{'max_depth': 4, 'max_features': 0.5, 'min_samples_leaf': 5, 'n_estimators': 100}",0.09726822766323043,0.07547852109837419,0.4404830859610895,0.10161705341726682,0.08324710687890483,0.010952445097336868,1.5905697345733643
Forêt aleatoire,reglages a 100 arbres,"{'max_depth': 4, 'max_features': 1.0, 'min_samples_leaf': 10, 'n_estimators': 100}",0.09748022761408241,0.07601727380314849,0.43835167644768613,0.10141845444606476,0.08452304810860632,0.01159287126860715,1.7881848812103271
Forêt aleatoire,reglages a 100 arbres,"{'max_depth': 4, 'max_features': 0.75, 'min_samples_leaf': 10, 'n_estimators': 100}",0.09750775913096812,0.07585122383667495,0.4382100150080454,0.10154711638675781,0.08503870052505072,0.011376720435284926,1.524569034576416
Forêt aleatoire,reglages a 100 arbres,"{'max_depth': 4, 'max_features': 0.5, 'min_samples_leaf': 10, 'n_estimators': 100}",0.09810186882396929,0.07635796979005806,0.43132901144862784,0.10227706725764796,0.0864156640667759,0.011095833000312822,1.6274921894073486
Forêt aleatoire,reglages a 100 arbres,"{'max_depth': 4, 'max_features': 0.25, 'min_samples_leaf': 1, 'n_estimators': 100}",0.09957242308811118,0.07785694977259713,0.41379292407951046,0.10403998640526682,0.08545490430956787,0.012342742259616749,1.6022045612335205
Forêt aleatoire,reglages a 100 arbres,"{'max_depth': 4, 'max_features': 0.25, 'min_samples_leaf': 5, 'n_estimators': 100}",0.09969721039692866,0.07791901993347757,0.4121190533486653,0.10414473178100545,0.08768277440344514,0.01193740434559361,1.4018869400024414
Forêt aleatoire,reglages a 100 arbres,"{'max_depth': 4, 'max_features': 0.25, 'min_samples_leaf': 2, 'n_estimators': 100}",0.0997482252377071,0.07787995242120659,0.41163528775215064,0.10428866454497032,0.08588381624659389,0.01180762766956982,1.5432982444763184
Forêt aleatoire,reglages a 100 arbres,"{'max_depth': 4, 'max_features': 0.25, 'min_samples_leaf': 10, 'n_estimators': 100}",0.10090711273747448,0.07899292158392515,0.39840027407014744,0.10524463464958991,0.09092172204118838,0.012083599596300272,1.468446969985962
Regression lineaire,grille,{'preparation__indicateurs': False},0.10411970157783794,0.08039875001411809,0.3579296379788186,0.10908159648952345,0.08855640990396019,0.018006015271546428,0.2189655303955078
Regression lineaire,grille,{'preparation__indicateurs': True},0.10521060935536253,0.08001582757099811,0.3465388207286666,0.10908737335638732,0.08202168205476054,0.017782638695623753,0.1816878318786621
Ridge,grille,"{'alpha': 31.622776601683793, 'preparation__indicateurs': True}",0.09790386367820163,0.07797554037639509,0.4274774512109129,0.10183249754094385,0.08753726056829834,0.011886559146087794,0.2224419116973877
Ridge,grille,"{'alpha': 10.0, 'preparation__indicateurs': True}",0.09812766215277755,0.07766801087975862,0.4220051388609785,0.10154843297041856,0.08557143584819438,0.01206881674099198,0.20943593978881836
Ridge,grille,"{'alpha': 3.1622776601683795, 'preparation__indicateurs': True}",0.0988042855137126,0.07799290684654342,0.4128682856930707,0.1018236835126987,0.08424416654506658,0.012977333864330977,0.21845054626464844
Ridge,grille,"{'alpha': 100.0, 'preparation__indicateurs': True}",0.09936774349629075,0.07960822407712073,0.41383950208347003,0.10393911760020516,0.09170643535809671,0.012453681102180902,0.18291926383972168
Ridge,grille,"{'alpha': 31.622776601683793, 'preparation__indicateurs': False}",0.09939075976729343,0.07863982931352016,0.4115060883026005,0.10440053207203852,0.09314042155385974,0.014458417121545403,0.18632960319519043
Ridge,grille,"{'alpha': 1.0, 'preparation__indicateurs': True}",0.0997512415890955,0.07828676070987024,0.4021774578146197,0.10243791734857313,0.0831302429221926,0.014202767416907153,0.24627184867858887
Ridge,grille,"{'alpha': 10.0, 'preparation__indicateurs': False}",0.09981962615729677,0.07862196435760901,0.40494160857477013,0.10458177281438803,0.09164767734130327,0.015015564785036876,0.2337203025817871
Ridge,grille,"{'alpha': 3.1622776601683795, 'preparation__indicateurs': False}",0.10043589633553185,0.07885809664441856,0.39723033173184286,0.10515119921414864,0.09055546644982507,0.015468633779360886,0.21105360984802246
Ridge,grille,"{'alpha': 100.0, 'preparation__indicateurs': False}",0.10052203393367401,0.0797652009851991,0.4006047547928141,0.10573919860048922,0.09633477263003129,0.013675460134882444,0.17918801307678223
Ridge,grille,"{'alpha': 0.31622776601683794, 'preparation__indicateurs': True}",0.10102367091270663,0.0788420876273541,0.3891409165782803,0.10355787539279651,0.08245820056979614,0.01524190229461964,0.23967957496643066
Ridge,grille,"{'alpha': 1.0, 'preparation__indicateurs': False}",0.10109976417914664,0.0792677578647958,0.390209779534772,0.10583048788409008,0.0895909612105467,0.015921783409831615,0.24249887466430664
Ridge,grille,"{'alpha': 0.31622776601683794, 'preparation__indicateurs': False}",0.10203127172703028,0.07964930240832149,0.3808523570649932,0.10678500334492766,0.08891440545301721,0.016528235127380223,0.23660540580749512
Ridge,grille,"{'alpha': 0.1, 'preparation__indicateurs': True}",0.10251148087499709,0.07941433488111295,0.3746530646424408,0.10531836241242723,0.08216325838326102,0.01599542968536803,0.1787278652191162
Ridge,grille,"{'alpha': 0.1, 'preparation__indicateurs': False}",0.10306521981871812,0.07999344197329808,0.3697967840782578,0.10790531190573874,0.08863019436338694,0.017239494636820337,0.22387337684631348
Ridge,grille,"{'alpha': 0.03162277660168379, 'preparation__indicateurs': False}",0.10371066168457732,0.0802383796946987,0.3625930962611978,0.1086230857535758,0.08856653270416003,0.017705127455991197,0.21274518966674805
Ridge,grille,"{'alpha': 0.03162277660168379, 'preparation__indicateurs': True}",0.10389162558421179,0.07977635837964898,0.36074440009141595,0.10720923906332862,0.08205244211094567,0.016780455457773805,0.2452991008758545
Ridge,grille,"{'alpha': 0.01, 'preparation__indicateurs': False}",0.10398047852325498,0.08034558855211504,0.35952487324413374,0.10892531576067019,0.08855754463020624,0.017903206505374948,0.21563172340393066
Ridge,grille,"{'alpha': 0.0031622776601683794, 'preparation__indicateurs': False}",0.1040745907335463,0.08038167668592415,0.3584474000181121,0.10903093741384359,0.08855652775118761,0.017972663076894574,0.21261978149414062
Ridge,grille,"{'alpha': 0.001, 'preparation__indicateurs': False}",0.10410532441135416,0.08039332414071573,0.3580947430891199,0.10906544896899065,0.08855642183269045,0.017995381646408123,0.2214953899383545
Ridge,grille,"{'alpha': 316.22776601683796, 'preparation__indicateurs': True}",0.10444753855084359,0.08379569363101502,0.35546076199962073,0.10937076090586702,0.09968650093997514,0.01299711634066942,0.18441057205200195
Ridge,grille,"{'alpha': 0.01, 'preparation__indicateurs': True}",0.1047045087908284,0.07993348715655843,0.35210357145656657,0.10836349107265324,0.08202609477530658,0.017368355537388417,0.16584372520446777
Ridge,grille,"{'alpha': 0.0031622776601683794, 'preparation__indicateurs': True}",0.10503892304569047,0.0799892385717493,0.3484426178724148,0.10884157442330397,0.08202218646704634,0.01763816649967797,0.22046327590942383
Ridge,grille,"{'alpha': 0.001, 'preparation__indicateurs': True}",0.10515503679417829,0.08000736670817782,0.3471568576127752,0.1090077929312363,0.08202173480326531,0.017735446156202834,0.2495880126953125
Ridge,grille,"{'alpha': 316.22776601683796, 'preparation__indicateurs': False}",0.10563636155774547,0.08416918013140091,0.3407390649893385,0.11049320540173357,0.10301217436773843,0.012818840350070936,0.2001512050628662
Ridge,grille,"{'alpha': 1000.0, 'preparation__indicateurs': True}",0.11273115219899488,0.0903575999132498,0.25060930816591875,0.11697678351896579,0.11013420694615532,0.0128668974615062,0.2095036506652832
Ridge,grille,"{'alpha': 1000.0, 'preparation__indicateurs': False}",0.11417918995343948,0.0911872296027322,0.23071138248941558,0.11798163664553955,0.11261394910016084,0.011986830055751166,0.17203783988952637
Lasso,grille,"{'alpha': 0.00046415888336127773, 'preparation__indicateurs': True}",0.09852299925863468,0.07770851495319102,0.4161238431447673,0.10172020599561508,0.08425115728570971,0.012277015067729173,0.19949078559875488
Lasso,grille,"{'alpha': 0.001, 'preparation__indicateurs': True}",0.09891049666314114,0.07828280442025409,0.4121255126139167,0.10260819513858725,0.08672682092123321,0.012121695149745777,0.22802090644836426
Lasso,grille,"{'alpha': 0.00021544346900318823, 'preparation__indicateurs': True}",0.09893516932332523,0.07780681855325974,0.41154902294042905,0.1018616400660034,0.08298126068468085,0.012584864915566778,0.2107405662536621
Lasso,grille,"{'alpha': 0.002154434690031882, 'preparation__indicateurs': True}",0.09915998866778662,0.0787382463610672,0.4136261349807399,0.10338956774639255,0.08880376950477281,0.013230555113783606,0.24952244758605957
Lasso,grille,"{'alpha': 0.004641588833612777, 'preparation__indicateurs': True}",0.09924153140855738,0.07909635937224828,0.41566162902511933,0.1040426557462589,0.09210431763618629,0.012974568880818051,0.20134234428405762
Lasso,grille,"{'alpha': 0.00046415888336127773, 'preparation__indicateurs': False}",0.10022511756372506,0.0788335992228934,0.40022428821417594,0.10492744845541191,0.09046420301784783,0.015294072909299523,0.2675657272338867
Lasso,grille,"{'alpha': 0.001, 'preparation__indicateurs': False}",0.10028286579565013,0.07886464213304953,0.3998174824409296,0.10495456411169657,0.09196238533355768,0.015643935327334848,0.21671628952026367
Lasso,grille,"{'alpha': 0.002154434690031882, 'preparation__indicateurs': False}",0.10051157731119827,0.07934746839532085,0.39857132100868514,0.10545386273064952,0.09386742553344032,0.015335173407313166,0.19876670837402344
Lasso,grille,"{'alpha': 0.0001, 'preparation__indicateurs': True}",0.1008999939062187,0.07884539075056743,0.3910155918878255,0.10364066540493826,0.08243693078038618,0.013979089206003145,0.2069239616394043
Lasso,grille,"{'alpha': 0.01, 'preparation__indicateurs': True}",0.1012875256115747,0.08096790705234977,0.3939810087948999,0.10587238916374946,0.09724005231512675,0.013372862980743437,0.1929326057434082
Lasso,grille,"{'alpha': 0.00021544346900318823, 'preparation__indicateurs': False}",0.10133663106737174,0.07933671524224814,0.3885761738296943,0.10616543428255654,0.08918058782389683,0.015286488746827517,0.2413039207458496
Lasso,grille,"{'alpha': 0.004641588833612777, 'preparation__indicateurs': False}",0.10157887859168284,0.08041474356942298,0.38840984553921687,0.10682312665457305,0.09699672594846478,0.014417433224681194,0.22273969650268555
Lasso,grille,"{'alpha': 0.0001, 'preparation__indicateurs': False}",0.10250660830497345,0.07981949587862008,0.37595028824756527,0.10745644540079773,0.08875168833330113,0.01629189139450635,0.1698451042175293
Lasso,grille,"{'alpha': 4.641588833612782e-05, 'preparation__indicateurs': True}",0.10303637945448645,0.0795549066639846,0.3691889754932355,0.10624582502246209,0.08213662174143214,0.01575860627501202,0.2088775634765625
Lasso,grille,"{'alpha': 4.641588833612782e-05, 'preparation__indicateurs': False}",0.10329257423169262,0.08008764241497514,0.36749437234666665,0.10824769832051026,0.08860737101157774,0.01690054184767057,0.1906418800354004
Lasso,grille,"{'alpha': 2.1544346900318823e-05, 'preparation__indicateurs': False}",0.10381495033371427,0.08027433321664612,0.36162970260037763,0.10879958314857263,0.08856743204952182,0.017360949508192676,0.1884937286376953
Lasso,grille,"{'alpha': 2.1544346900318823e-05, 'preparation__indicateurs': True}",0.10386101726306993,0.07971774624317227,0.3612933264251487,0.10729358129824298,0.08205146146646722,0.016398538532595278,0.2167215347290039
Lasso,grille,"{'alpha': 0.01, 'preparation__indicateurs': False}",0.10392331032563758,0.08291796232471638,0.3622244042035482,0.10842439712759364,0.10030137608259967,0.013931760350245358,0.23224091529846191
Lasso,grille,"{'alpha': 1e-05, 'preparation__indicateurs': False}",0.10407701466660604,0.08036968589309222,0.3586384697679262,0.10907881664373513,0.08855876801575849,0.017594098978427043,0.21580195426940918
Lasso,grille,"{'alpha': 1e-05, 'preparation__indicateurs': True}",0.10448875644695992,0.07985872061447599,0.35458854417127644,0.10813148953129907,0.08202843050963035,0.017112282361209617,0.24218392372131348
Lasso,grille,"{'alpha': 0.021544346900318822, 'preparation__indicateurs': True}",0.11089256088408055,0.08885836327467425,0.2750217583808103,0.11373759918839657,0.10851063529324137,0.012483285197896177,0.2264564037322998
Lasso,grille,"{'alpha': 0.021544346900318822, 'preparation__indicateurs': False}",0.11089911827611962,0.08880931268898645,0.27509271235333876,0.11359369969229349,0.10880444289440219,0.012688544945333911,0.22794556617736816
Lasso,grille,"{'alpha': 0.046415888336127774, 'preparation__indicateurs': False}",0.12728716644628976,0.1015978987643033,0.04339432242546566,0.12830214920433652,0.126150183438908,0.012180012231974882,0.17100167274475098
Lasso,grille,"{'alpha': 0.046415888336127774, 'preparation__indicateurs': True}",0.12728716644628976,0.1015978987643033,0.04339432242546566,0.12830214920433652,0.126150183438908,0.012180012231974882,0.21715903282165527
Lasso,grille,"{'alpha': 0.1, 'preparation__indicateurs': False}",0.1317601686033558,0.10591489041191098,-0.025467500046216875,0.1327227238351498,0.13125831385388914,0.01209305831792065,0.22300481796264648
Lasso,grille,"{'alpha': 0.1, 'preparation__indicateurs': True}",0.1317601686033558,0.10591489041191098,-0.025467500046216875,0.1327227238351498,0.13125831385388914,0.01209305831792065,0.2353682518005371
Lineaire apres ACP,grille,{'preparation__n_axes': 20},0.10228113628014449,0.07936757481655514,0.37900322405450865,0.10727215837855586,0.08907229391675801,0.015061489213441422,0.19151949882507324
Lineaire apres ACP,grille,{'preparation__n_axes': 18},0.10365760718406199,0.08040124361880427,0.36127530595793955,0.1094264373139657,0.09075199662094786,0.01793386036788811,0.2425844669342041
Lineaire apres ACP,grille,{'preparation__n_axes': 22},0.10411970157783794,0.08039875001411807,0.35792963797881894,0.1090815964895234,0.08855640990396019,0.018006015271546393,0.2590184211730957
Lineaire apres ACP,grille,{'preparation__n_axes': 14},0.10545099507732977,0.08214233205245995,0.34224126751997824,0.10949428216163026,0.09373532152570184,0.016986333554482966,0.26180410385131836
Lineaire apres ACP,grille,{'preparation__n_axes': 16},0.10649383295644695,0.08266088495576551,0.32660800689823655,0.11167303724523889,0.092611961466149,0.020624169459116985,0.20357847213745117
Lineaire apres ACP,grille,{'preparation__n_axes': 12},0.10981339197847677,0.08680232832886739,0.28643483266662606,0.11388063986061236,0.10089004342665386,0.017868415953838344,0.2558712959289551
Lineaire apres ACP,grille,{'preparation__n_axes': 11},0.11099008751345327,0.08788824588443821,0.2707999478927363,0.11497125031959206,0.10145073612495739,0.017842657687647638,0.26141977310180664
Lineaire apres ACP,grille,{'preparation__n_axes': 10},0.11167794174656495,0.0884115971739485,0.2614278497245153,0.11582960385143763,0.10300399928666042,0.01719496204138127,0.19804596900939941
Lineaire apres ACP,grille,{'preparation__n_axes': 8},0.1154798994541502,0.09208409745274634,0.21225886534162766,0.1197407810301904,0.1064003514658008,0.015881345641205503,0.2547261714935303
Lineaire apres ACP,grille,{'preparation__n_axes': 6},0.1155581598149709,0.09224092308579598,0.20960282737470023,0.12054855105182975,0.10740259276881199,0.015000950640022118,0.19498300552368164
Lineaire apres ACP,grille,{'preparation__n_axes': 4},0.11783693465664072,0.09291156904723644,0.181040618183902,0.12222597330932142,0.11119241820502371,0.015080142291223895,0.17290782928466797
Lineaire apres ACP,grille,{'preparation__n_axes': 3},0.11785094807003635,0.09310004233788075,0.18089954587165252,0.12221245901889007,0.11149316967922449,0.015008134321020994,0.20153021812438965
Lineaire apres ACP,grille,{'preparation__n_axes': 2},0.11995445560108789,0.09414839139874856,0.15253497273933667,0.12428212659324567,0.11318649635186218,0.015334301719066619,0.23237824440002441
Lineaire apres ACP,grille,{'preparation__n_axes': 1},0.12331366218535667,0.09636133506716081,0.10463699683592032,0.12747387408450286,0.11606119876147662,0.01947669717054755,0.2425088882446289
k plus proches voisins,grille,"{'n_neighbors': 7, 'p': 1, 'preparation__n_axes': None, 'weights': 'distance'}",0.09043048532383183,0.06843727293642213,0.5122757357833023,0.09073702593009207,0.007640756032187275,0.005983231432769769,0.2748725414276123
k plus proches voisins,grille,"{'n_neighbors': 5, 'p': 1, 'preparation__n_axes': None, 'weights': 'distance'}",0.09057869747782561,0.06719774122119104,0.5113996653838052,0.09119116241227107,0.007640756032187275,0.006470699342653946,0.3733699321746826
k plus proches voisins,grille,"{'n_neighbors': 3, 'p': 1, 'preparation__n_axes': None, 'weights': 'distance'}",0.09082189382797148,0.06682040724104162,0.5088992014140639,0.09146405275132849,0.007640756032187275,0.007316120761855925,0.2978816032409668
k plus proches voisins,grille,"{'n_neighbors': 10, 'p': 1, 'preparation__n_axes': None, 'weights': 'distance'}",0.09091746658764041,0.06907952070666543,0.5071980557595329,0.09175330143364606,0.007640756032187275,0.006564423706651834,0.2507593631744385
k plus proches voisins,grille,"{'n_neighbors': 5, 'p': 2, 'preparation__n_axes': 8, 'weights': 'distance'}",0.0910757141406708,0.06822218932187596,0.5044624307739956,0.09226145189990972,0.007640756032202725,0.00851421444864681,0.23388433456420898
k plus proches voisins,grille,"{'n_neighbors': 3, 'p': 2, 'preparation__n_axes': 14, 'weights': 'distance'}",0.09127961325404982,0.0667391231576449,0.5042284071540069,0.09184033769881747,0.0076407560321932275,0.013700999464915169,0.283184289932251
k plus proches voisins,grille,"{'n_neighbors': 5, 'p': 2, 'preparation__n_axes': 14, 'weights': 'distance'}",0.09170126681454234,0.06818216692851038,0.4999523149341941,0.09236674139411019,0.007640756032200979,0.008231795471706955,0.261716365814209
k plus proches voisins,grille,"{'n_neighbors': 5, 'p': 1, 'preparation__n_axes': 14, 'weights': 'distance'}",0.09170777314001557,0.06901452570290903,0.5012046077021771,0.09199168391868615,0.007640756032187275,0.009108623863980635,0.257843017578125
k plus proches voisins,grille,"{'n_neighbors': 7, 'p': 1, 'preparation__n_axes': 14, 'weights': 'distance'}",0.09213541842133485,0.06987582207335949,0.49654097257690033,0.09188719789423647,0.007640756032187275,0.007029309874551917,0.32721996307373047
k plus proches voisins,grille,"{'n_neighbors': 15, 'p': 1, 'preparation__n_axes': None, 'weights': 'distance'}",0.0925958177944874,0.07115088121920715,0.4899147948380402,0.09410732218541529,0.007640756032187275,0.008042984907695106,0.302417516708374
k plus proches voisins,grille,"{'n_neighbors': 7, 'p': 2, 'preparation__n_axes': 14, 'weights': 'distance'}",0.09271502086642684,0.0696349782742018,0.48798113933234644,0.09375012669154786,0.0076407560322100014,0.007247912712169659,0.22816777229309082
k plus proches voisins,grille,"{'n_neighbors': 3, 'p': 2, 'preparation__n_axes': 8, 'weights': 'distance'}",0.0931125116000219,0.06926574284161066,0.4774745075937193,0.09425840075673868,0.007640756032193728,0.011852775121860648,0.34274792671203613
k plus proches voisins,grille,"{'n_neighbors': 15, 'p': 2, 'preparation__n_axes': 8, 'weights': 'distance'}",0.09318820975310241,0.07221117527865263,0.48359336443014217,0.0944118109005523,0.0076407560322647155,0.00788307772262606,0.313143253326416
k plus proches voisins,grille,"{'n_neighbors': 5, 'p': 2, 'preparation__n_axes': None, 'weights': 'distance'}",0.09324765456077318,0.06887791569860038,0.4853469819050343,0.0936503580515072,0.007640756032199247,0.008745576467104043,0.22758126258850098
k plus proches voisins,grille,"{'n_neighbors': 7, 'p': 2, 'preparation__n_axes': None, 'weights': 'distance'}",0.09328893131545242,0.0702522994867322,0.4834094273224638,0.09361706711881937,0.007640756032208397,0.008680110141882417,0.2568068504333496
k plus proches voisins,grille,"{'n_neighbors': 10, 'p': 1, 'preparation__n_axes': 14, 'weights': 'distance'}",0.09333897877611028,0.07167015508362076,0.4809360919550062,0.09358687140483411,0.007640756032187275,0.006094533146375162,0.2718627452850342
k plus proches voisins,grille,"{'n_neighbors': 2, 'p': 1, 'preparation__n_axes': None, 'weights': 'distance'}",0.09335019163762309,0.06834295586664532,0.48354171048566547,0.09477381447008353,0.007750878532073668,0.009536884762162185,0.31616640090942383
k plus proches voisins,grille,"{'n_neighbors': 7, 'p': 2, 'preparation__n_axes': 8, 'weights': 'distance'}",0.09356734196343455,0.07070396828197618,0.4765296580375005,0.0943922088035116,0.007640756032215122,0.007578075498003293,0.24123454093933105
k plus proches voisins,grille,"{'n_neighbors': 10, 'p': 2, 'preparation__n_axes': None, 'weights': 'distance'}",0.09361018481914922,0.07162551046536872,0.4784029168618996,0.0941278958878208,0.007640756032223269,0.007543594408862202,0.24099516868591309
k plus proches voisins,grille,"{'n_neighbors': 3, 'p': 1, 'preparation__n_axes': 14, 'weights': 'distance'}",0.09369990975648125,0.06874510259878233,0.47799198053115877,0.09317999540873378,0.007640756032187275,0.012856057633463073,0.3097543716430664
k plus proches voisins,grille,"{'n_neighbors': 3, 'p': 2, 'preparation__n_axes': None, 'weights': 'distance'}",0.09382741720447327,0.06882911573875679,0.478651325060961,0.0943347123610897,0.007640756032191759,0.011656997244180048,0.27654266357421875
k plus proches voisins,grille,"{'n_neighbors': 10, 'p': 2, 'preparation__n_axes': 14, 'weights': 'distance'}",0.09431156103152669,0.07200474887259053,0.4678939116230839,0.09537411303779611,0.007640756032224041,0.00658645266539639,0.20762872695922852
k plus proches voisins,grille,"{'n_neighbors': 10, 'p': 2, 'preparation__n_axes': 8, 'weights': 'distance'}",0.09450439139903695,0.07204681430668976,0.467304546939234,0.09573913412228374,0.007640756032235245,0.006553141162962615,0.2336406707763672
k plus proches voisins,grille,"{'n_neighbors': 15, 'p': 1, 'preparation__n_axes': 14, 'weights': 'distance'}",0.0945993412123424,0.07305605033673249,0.4687395525282524,0.09496989675917912,0.007640756032187275,0.008063973644086918,0.26189112663269043
k plus proches voisins,grille,"{'n_neighbors': 20, 'p': 1, 'preparation__n_axes': None, 'weights': 'distance'}",0.09500065581189318,0.07374174979687752,0.46483277749723706,0.09647425545368218,0.007640756032187275,0.009253606679074475,0.32631778717041016
k plus proches voisins,grille,"{'n_neighbors': 15, 'p': 2, 'preparation__n_axes': 14, 'weights': 'distance'}",0.09538837813265003,0.07402948569086554,0.45892333603923197,0.0962682613882457,0.007640756032249165,0.007904040624122192,0.26508116722106934
k plus proches voisins,grille,"{'n_neighbors': 2, 'p': 1, 'preparation__n_axes': None, 'weights': 'uniform'}",0.09547051228015295,0.0707518933415405,0.45913471144684337,0.09739955836735924,0.05210760117840024,0.01000005343277169,0.35294413566589355
k plus proches voisins,grille,"{'n_neighbors': 20, 'p': 1, 'preparation__n_axes': 14, 'weights': 'distance'}",0.09550158194235941,0.07483583378490735,0.45969511994676376,0.09629771481479678,0.007640756032187275,0.008357107371037521,0.25365519523620605
k plus proches voisins,grille,"{'n_neighbors': 3, 'p': 1, 'preparation__n_axes': None, 'weights': 'uniform'}",0.09559277364636502,0.07112107527686244,0.4558566230479436,0.09719502616411593,0.06347570279804784,0.008303071303396914,0.31566619873046875
k plus proches voisins,grille,"{'n_neighbors': 5, 'p': 1, 'preparation__n_axes': 8, 'weights': 'distance'}",0.09562049878972749,0.07168348352750838,0.45413755173175596,0.0964703433605771,0.007640756032187275,0.008347896225360392,0.2848508358001709
k plus proches voisins,grille,"{'n_neighbors': 15, 'p': 2, 'preparation__n_axes': None, 'weights': 'distance'}",0.09563313688629992,0.07419393013197306,0.4561244119102609,0.09645021376433956,0.007640756032246743,0.008415889838394239,0.23034334182739258
k plus proches voisins,grille,"{'n_neighbors': 20, 'p': 2, 'preparation__n_axes': 8, 'weights': 'distance'}",0.09565096641022475,0.07441937211999608,0.45641590696983114,0.09732793188035391,0.007640756032302655,0.009157066029214041,0.2401423454284668
k plus proches voisins,grille,"{'n_neighbors': 3, 'p': 2, 'preparation__n_axes': 14, 'weights': 'uniform'}",0.09578758906506767,0.07117614792574975,0.4550624955849222,0.09757156656868547,0.06450390997488169,0.013992248583812133,0.27873849868774414
k plus proches voisins,grille,"{'n_neighbors': 15, 'p': 1, 'preparation__n_axes': 8, 'weights': 'distance'}",0.09596334788932712,0.0742378257887176,0.4528983498584096,0.09702682490549987,0.007640756032187275,0.008507183266934282,0.24239444732666016
k plus proches voisins,grille,"{'n_neighbors': 10, 'p': 1, 'preparation__n_axes': 8, 'weights': 'distance'}",0.09626439945407539,0.07316609699122151,0.4473918192398137,0.09698761040693529,0.007640756032187275,0.007273575510466555,0.29474830627441406
k plus proches voisins,grille,"{'n_neighbors': 3, 'p': 1, 'preparation__n_axes': 8, 'weights': 'distance'}",0.09628187515245601,0.07117127966585886,0.4468343567182571,0.0971132136568581,0.007640756032187275,0.011624639851876934,0.3101801872253418
k plus proches voisins,grille,"{'n_neighbors': 7, 'p': 1, 'preparation__n_axes': 8, 'weights': 'distance'}",0.09629004673628172,0.07261931475854799,0.44716515092059606,0.09704593610494901,0.007640756032187275,0.008049339821302624,0.2333838939666748
k plus proches voisins,grille,"{'n_neighbors': 2, 'p': 2, 'preparation__n_axes': 14, 'weights': 'distance'}",0.09632431230885595,0.07145626660726248,0.4484785524043412,0.09728258120455817,0.007750878532076305,0.01716999095176553,0.32440781593322754
k plus proches voisins,grille,"{'n_neighbors': 2, 'p': 2, 'preparation__n_axes': 8, 'weights': 'distance'}",0.09648978339024764,0.07159461340010438,0.44304880740390684,0.09749074519230862,0.0077508785320759156,0.01491952685278991,0.23954272270202637
k plus proches voisins,grille,"{'n_neighbors': 2, 'p': 2, 'preparation__n_axes': None, 'weights': 'distance'}",0.09657744854156063,0.07054851123245989,0.44661573465081333,0.09776723762334723,0.007750878532075648,0.013276618329237877,0.23340964317321777
k plus proches voisins,grille,"{'n_neighbors': 20, 'p': 2, 'preparation__n_axes': 14, 'weights': 'distance'}",0.09667492655393627,0.07526224948308144,0.44466523447254086,0.09756808757459583,0.007640756032280023,0.007530747838134075,0.2508056163787842
k plus proches voisins,grille,"{'n_neighbors': 20, 'p': 2, 'preparation__n_axes': None, 'weights': 'distance'}",0.09671831667821737,0.07565704051178004,0.44469900447339494,0.09742369635612644,0.007640756032277878,0.00870264290406697,0.23708724975585938
k plus proches voisins,grille,"{'n_neighbors': 2, 'p': 1, 'preparation__n_axes': 14, 'weights': 'distance'}",0.09692614834332229,0.07081758180053063,0.440402605481936,0.09697264197037755,0.007750878532073668,0.017300603504635553,0.2770380973815918
k plus proches voisins,grille,"{'n_neighbors': 5, 'p': 2, 'preparation__n_axes': 8, 'weights': 'uniform'}",0.0972356957098003,0.07409166543097097,0.4383005197550924,0.09959740103563688,0.0763432784778885,0.007881484967952107,0.2149507999420166
k plus proches voisins,grille,"{'n_neighbors': 30, 'p': 1, 'preparation__n_axes': None, 'weights': 'distance'}",0.09729671812116167,0.0766949859131558,0.4387534982931177,0.09855429676969203,0.007640756032187275,0.010047753875232528,0.2326793670654297
k plus proches voisins,grille,"{'n_neighbors': 20, 'p': 1, 'preparation__n_axes': 8, 'weights': 'distance'}",0.09738652782558581,0.07617430816452915,0.43841255706418003,0.09855984684632654,0.007640756032187275,0.009722774129546762,0.32555079460144043
k plus proches voisins,grille,"{'n_neighbors': 3, 'p': 2, 'preparation__n_axes': 8, 'weights': 'uniform'}",0.0976146735521461,0.0737349441131654,0.4271787728136346,0.09968528612976955,0.06447238917104559,0.01076189867803747,0.28024935722351074
k plus proches voisins,grille,"{'n_neighbors': 30, 'p': 2, 'preparation__n_axes': 14, 'weights': 'distance'}",0.09768926575600559,0.07726540562664291,0.43344443920954384,0.09827941345848461,0.00764075603235643,0.009122958657307856,0.25426483154296875
k plus proches voisins,grille,"{'n_neighbors': 5, 'p': 1, 'preparation__n_axes': None, 'weights': 'uniform'}",0.09794014512796917,0.07393056599640713,0.4301916518972311,0.09941740210906977,0.07517956371741771,0.0075202431292237,0.24963855743408203
k plus proches voisins,grille,"{'n_neighbors': 5, 'p': 1, 'preparation__n_axes': 14, 'weights': 'uniform'}",0.0984231336452703,0.07526874176869763,0.4271487159603572,0.10049049464155549,0.07664197872402789,0.00988990080160927,0.2566983699798584
k plus proches voisins,grille,"{'n_neighbors': 2, 'p': 2, 'preparation__n_axes': 14, 'weights': 'uniform'}",0.09851549219493556,0.07396045020853795,0.4222977706710081,0.09970390608422072,0.051659662105453495,0.01755338681181566,0.375244140625
k plus proches voisins,grille,"{'n_neighbors': 30, 'p': 1, 'preparation__n_axes': 14, 'weights': 'distance'}",0.09855534683863898,0.07805915697983472,0.42455769930579235,0.0987897277702404,0.007640756032187275,0.00898810261462509,0.31409525871276855
k plus proches voisins,grille,"{'n_neighbors': 7, 'p': 1, 'preparation__n_axes': None, 'weights': 'uniform'}",0.09860961165033406,0.07578464089789183,0.42156529366499057,0.09967393700760598,0.08143850150718315,0.0076766834574669846,0.31029415130615234
k plus proches voisins,grille,"{'n_neighbors': 5, 'p': 2, 'preparation__n_axes': 14, 'weights': 'uniform'}",0.0986717227567497,0.07479952381699324,0.4222890639351668,0.10107173886265693,0.07549304652283147,0.008375906984493465,0.29090332984924316
k plus proches voisins,grille,"{'n_neighbors': 10, 'p': 1, 'preparation__n_axes': None, 'weights': 'uniform'}",0.09873158785760147,0.07643378957556536,0.42136830001210157,0.10044826535895293,0.08599815799182817,0.00804480698220436,0.29174327850341797
k plus proches voisins,grille,"{'n_neighbors': 3, 'p': 2, 'preparation__n_axes': None, 'weights': 'uniform'}",0.09873949653419764,0.07368005406443263,0.4229907641291778,0.10058544684835372,0.06450215768043885,0.012257451000031614,0.2694580554962158
k plus proches voisins,grille,"{'n_neighbors': 2, 'p': 2, 'preparation__n_axes': 8, 'weights': 'uniform'}",0.09881652518704372,0.0744767943370865,0.4159097015002489,0.09988621559074647,0.05007804580461336,0.015312275273075842,0.23460888862609863
k plus proches voisins,grille,"{'n_neighbors': 2, 'p': 2, 'preparation__n_axes': None, 'weights': 'uniform'}",0.09884541835113846,0.07322194988671342,0.41882542804732276,0.10024145220123477,0.051363569758493245,0.01316562140966065,0.22284531593322754
k plus proches voisins,grille,"{'n_neighbors': 2, 'p': 1, 'preparation__n_axes': 8, 'weights': 'distance'}",0.09885286064795758,0.07324030201738349,0.415173142661902,0.10081297370729865,0.007750878532073668,0.014944335446929148,0.3232104778289795
k plus proches voisins,grille,"{'n_neighbors': 30, 'p': 2, 'preparation__n_axes': 8, 'weights': 'distance'}",0.09888656978609264,0.07806043534282285,0.4197834876766319,0.10019620574744378,0.007640756032397024,0.009922705708979069,0.26140332221984863
k plus proches voisins,grille,"{'n_neighbors': 30, 'p': 2, 'preparation__n_axes': None, 'weights': 'distance'}",0.09899877921300727,0.07854929959053987,0.4190378424731299,0.09958320170598442,0.007640756032357183,0.009950705604311438,0.2130279541015625
k plus proches voisins,grille,"{'n_neighbors': 3, 'p': 1, 'preparation__n_axes': 14, 'weights': 'uniform'}",0.09905076224692513,0.07407193348847343,0.4178040967094693,0.0998734298203549,0.06504725449787577,0.013632888696134927,0.278637170791626
k plus proches voisins,grille,"{'n_neighbors': 2, 'p': 1, 'preparation__n_axes': 14, 'weights': 'uniform'}",0.09928566502037021,0.07330831692737584,0.41158061266665624,0.09931509854055576,0.05222348710969736,0.017618060806484585,0.3513913154602051
k plus proches voisins,grille,"{'n_neighbors': 7, 'p': 1, 'preparation__n_axes': 14, 'weights': 'uniform'}",0.09932956119625806,0.0770288916956127,0.4159950114584935,0.10037631742461488,0.08308704294695414,0.007926589515132877,0.38111424446105957
k plus proches voisins,grille,"{'n_neighbors': 5, 'p': 2, 'preparation__n_axes': None, 'weights': 'uniform'}",0.0999291416406364,0.0751632771176669,0.41003688068258864,0.10175428570760683,0.07687693923010877,0.00979862339905932,0.2356429100036621
k plus proches voisins,grille,"{'n_neighbors': 7, 'p': 2, 'preparation__n_axes': 14, 'weights': 'uniform'}",0.10012707205204634,0.07662714939074693,0.40457252846249225,0.10261309720782004,0.0819046055362189,0.007509343766516504,0.295485258102417
k plus proches voisins,grille,"{'n_neighbors': 30, 'p': 1, 'preparation__n_axes': 8, 'weights': 'distance'}",0.10013538117787965,0.07914394186046068,0.4064796995121636,0.10081125912805725,0.007640756032187275,0.010396723749888814,0.320507287979126
k plus proches voisins,grille,"{'n_neighbors': 15, 'p': 2, 'preparation__n_axes': 8, 'weights': 'uniform'}",0.10020543929413547,0.07888826199258506,0.40616057793858557,0.10235046688917027,0.09198929347882413,0.009880297179819347,0.2720351219177246
k plus proches voisins,grille,"{'n_neighbors': 10, 'p': 1, 'preparation__n_axes': 14, 'weights': 'uniform'}",0.1005088396398049,0.07880227038497305,0.3995370331315681,0.10185261664634401,0.0876928642642759,0.006660130794318312,0.38301897048950195
k plus proches voisins,grille,"{'n_neighbors': 7, 'p': 2, 'preparation__n_axes': None, 'weights': 'uniform'}",0.10051344410680477,0.07690796510703495,0.4013021163567723,0.10191332178177488,0.08263844647610838,0.009345648057168091,0.26543140411376953
k plus proches voisins,grille,"{'n_neighbors': 50, 'p': 2, 'preparation__n_axes': 14, 'weights': 'distance'}",0.10052885963463828,0.08027112810068313,0.4014779099096126,0.10066437054596808,0.007640756032565321,0.009685662613532094,0.2787919044494629
k plus proches voisins,grille,"{'n_neighbors': 3, 'p': 1, 'preparation__n_axes': 8, 'weights': 'uniform'}",0.10073380156430049,0.07579057134126918,0.3958566703174838,0.1022518427166684,0.06515748144902185,0.010630322109434263,0.34272146224975586
k plus proches voisins,grille,"{'n_neighbors': 15, 'p': 1, 'preparation__n_axes': None, 'weights': 'uniform'}",0.1010850088878106,0.07936005373437635,0.3956235802149687,0.10358278644848451,0.09213774634456635,0.010262532871824893,0.2788815498352051
k plus proches voisins,grille,"{'n_neighbors': 10, 'p': 2, 'preparation__n_axes': None, 'weights': 'uniform'}",0.10113206223219673,0.07894276919241566,0.39311571103808174,0.10262108665738423,0.0871691004504598,0.008517507923908058,0.3419528007507324
k plus proches voisins,grille,"{'n_neighbors': 7, 'p': 2, 'preparation__n_axes': 8, 'weights': 'uniform'}",0.10134201909125569,0.07780864255152783,0.38949718463161964,0.10342125569203212,0.08342194248452411,0.00734093025725966,0.27683448791503906
k plus proches voisins,grille,"{'n_neighbors': 2, 'p': 1, 'preparation__n_axes': 8, 'weights': 'uniform'}",0.10134633141405906,0.07588592472898756,0.38640578379919466,0.10363875492088928,0.052300191403681605,0.015538703208031414,0.38451576232910156
k plus proches voisins,grille,"{'n_neighbors': 50, 'p': 1, 'preparation__n_axes': None, 'weights': 'distance'}",0.1015055507302711,0.08092185905583704,0.390173971163139,0.10235214714492333,0.007640756032187275,0.010234460889902671,0.3425905704498291
k plus proches voisins,grille,"{'n_neighbors': 50, 'p': 2, 'preparation__n_axes': None, 'weights': 'distance'}",0.10160014286874057,0.0819392077360836,0.3893273556803428,0.10201679392832316,0.007640756032570625,0.010537658878748997,0.238555908203125
k plus proches voisins,grille,"{'n_neighbors': 15, 'p': 1, 'preparation__n_axes': 14, 'weights': 'uniform'}",0.10184944802953273,0.08032147240018939,0.38636557388779413,0.10307578371093218,0.09190229162311248,0.009907379410948039,0.24390840530395508
k plus proches voisins,grille,"{'n_neighbors': 5, 'p': 1, 'preparation__n_axes': 8, 'weights': 'uniform'}",0.10185629718004656,0.07796196249045033,0.38350597005024556,0.10373665166171837,0.07719184762564843,0.008105701433802811,0.2602579593658447
k plus proches voisins,grille,"{'n_neighbors': 10, 'p': 2, 'preparation__n_axes': 14, 'weights': 'uniform'}",0.10186952378441241,0.07972372172871287,0.38109319701840033,0.10391696928992131,0.087226610334345,0.006599675946069463,0.24422574043273926
k plus proches voisins,grille,"{'n_neighbors': 50, 'p': 2, 'preparation__n_axes': 8, 'weights': 'distance'}",0.10197267835870946,0.08161342176082126,0.38437847909583517,0.10297600551694704,0.007640756032622792,0.010528381218393832,0.3427088260650635
k plus proches voisins,grille,"{'n_neighbors': 50, 'p': 1, 'preparation__n_axes': 8, 'weights': 'distance'}",0.10213380873033424,0.08210060886203625,0.38333505996113415,0.10263568749853724,0.007640756032187275,0.011580549238193301,0.3656895160675049
k plus proches voisins,grille,"{'n_neighbors': 10, 'p': 2, 'preparation__n_axes': 8, 'weights': 'uniform'}",0.10218647351827397,0.07933766760011426,0.3807263400236405,0.10454095842929237,0.08805360502106971,0.007431345554865643,0.2958805561065674
k plus proches voisins,grille,"{'n_neighbors': 50, 'p': 1, 'preparation__n_axes': 14, 'weights': 'distance'}",0.10221141911914344,0.08156615312836718,0.38183870257266816,0.10216520211940824,0.007640756032187275,0.00971262182496375,0.37241101264953613
k plus proches voisins,grille,"{'n_neighbors': 15, 'p': 2, 'preparation__n_axes': 14, 'weights': 'uniform'}",0.10292787152330427,0.08141949878045464,0.3724550587672327,0.10455496721504867,0.09231344482613153,0.009429905395418594,0.3080735206604004
k plus proches voisins,grille,"{'n_neighbors': 15, 'p': 1, 'preparation__n_axes': 8, 'weights': 'uniform'}",0.10296235817301065,0.08117863232838811,0.37346575340403476,0.10490365195232625,0.09394266397242475,0.01050096250633388,0.2723429203033447
k plus proches voisins,grille,"{'n_neighbors': 20, 'p': 1, 'preparation__n_axes': 14, 'weights': 'uniform'}",0.10309678663886926,0.08271240071462252,0.37257710930216775,0.1047669765871528,0.09609819908905463,0.010732770697624383,0.3422360420227051
k plus proches voisins,grille,"{'n_neighbors': 15, 'p': 2, 'preparation__n_axes': None, 'weights': 'uniform'}",0.10312248551266874,0.08154161596640597,0.3698996228803323,0.1047131014467588,0.09186340041858222,0.01014098218207206,0.29500746726989746
k plus proches voisins,grille,"{'n_neighbors': 20, 'p': 2, 'preparation__n_axes': 8, 'weights': 'uniform'}",0.10322934139073477,0.08205921772122418,0.3692188729945327,0.10580191418593206,0.09615268661292353,0.011007926924494704,0.3468892574310303
k plus proches voisins,grille,"{'n_neighbors': 10, 'p': 1, 'preparation__n_axes': 8, 'weights': 'uniform'}",0.10340783163605957,0.08005183939596301,0.36505312679422847,0.10509697948396408,0.0894800002603447,0.007580525192852028,0.2908191680908203
k plus proches voisins,grille,"{'n_neighbors': 7, 'p': 1, 'preparation__n_axes': 8, 'weights': 'uniform'}",0.10354029367854012,0.07946261802358809,0.36321355163852187,0.10522141158793508,0.0843540151759928,0.008346844632073112,0.2595818042755127
k plus proches voisins,grille,"{'n_neighbors': 20, 'p': 2, 'preparation__n_axes': None, 'weights': 'uniform'}",0.10405671100869487,0.08286287140316011,0.35931612926912476,0.10537385189510673,0.0965993988750214,0.010588255971536745,0.33576416969299316
k plus proches voisins,grille,"{'n_neighbors': 20, 'p': 2, 'preparation__n_axes': 14, 'weights': 'uniform'}",0.10423100365241808,0.08282650686230501,0.3568629010632244,0.10586149313534562,0.09577758943597062,0.008876782266846106,0.34938955307006836
k plus proches voisins,grille,"{'n_neighbors': 20, 'p': 1, 'preparation__n_axes': None, 'weights': 'uniform'}",0.10466307830510253,0.0832526959619736,0.35348497902924764,0.10694270091861025,0.0976075186460871,0.01178442267573957,0.27601027488708496
k plus proches voisins,grille,"{'n_neighbors': 20, 'p': 1, 'preparation__n_axes': 8, 'weights': 'uniform'}",0.1050795365631356,0.08419404495634018,0.34835880519527135,0.1069944762489059,0.09747889388457624,0.01200072346884029,0.3269779682159424
k plus proches voisins,grille,"{'n_neighbors': 30, 'p': 2, 'preparation__n_axes': 14, 'weights': 'uniform'}",0.10538047710999446,0.08477979832048557,0.34270668344108735,0.10676286315034836,0.10040771368176862,0.011077349318384647,0.3331587314605713
k plus proches voisins,grille,"{'n_neighbors': 1, 'p': 2, 'preparation__n_axes': 8, 'weights': 'uniform'}",0.10564483170879076,0.08050946898403617,0.3329150064515187,0.1064127841295841,0.011099517287531278,0.01309496726252277,0.24657964706420898
k plus proches voisins,grille,"{'n_neighbors': 1, 'p': 2, 'preparation__n_axes': 8, 'weights': 'distance'}",0.10564483170879077,0.08050946898403617,0.3329150064515187,0.1064127841295841,0.011099517287531278,0.013094967262522772,0.27364611625671387
k plus proches voisins,grille,"{'n_neighbors': 1, 'p': 1, 'preparation__n_axes': None, 'weights': 'distance'}",0.10657828770642301,0.08011022661740266,0.32596970307690226,0.10768432858299475,0.011099517287531278,0.012042263645176361,0.2412867546081543
k plus proches voisins,grille,"{'n_neighbors': 1, 'p': 1, 'preparation__n_axes': None, 'weights': 'uniform'}",0.10657828770642301,0.08011022661740266,0.3259697030769022,0.10768432858299475,0.011099517287531278,0.012042263645176361,2.9017646312713623
k plus proches voisins,grille,"{'n_neighbors': 30, 'p': 2, 'preparation__n_axes': None, 'weights': 'uniform'}",0.10687815608078961,0.08602785543661975,0.3248450760865742,0.10820294518314758,0.10189719717450552,0.012067188491903663,0.27292919158935547
k plus proches voisins,grille,"{'n_neighbors': 30, 'p': 2, 'preparation__n_axes': 8, 'weights': 'uniform'}",0.10688134411227002,0.08618126052742899,0.3241150427299568,0.10878480140144879,0.10191038150148339,0.011643791294056826,0.3697221279144287
k plus proches voisins,grille,"{'n_neighbors': 1, 'p': 1, 'preparation__n_axes': 8, 'weights': 'distance'}",0.10703722363986952,0.08083643315468168,0.31293503220825764,0.10869390944726554,0.011099517287531278,0.015493310492095198,0.28620481491088867
k plus proches voisins,grille,"{'n_neighbors': 1, 'p': 1, 'preparation__n_axes': 8, 'weights': 'uniform'}",0.10703722363986952,0.08083643315468168,0.31293503220825764,0.10869390944726554,0.011099517287531278,0.015493310492095196,0.33055758476257324
k plus proches voisins,grille,"{'n_neighbors': 30, 'p': 1, 'preparation__n_axes': 14, 'weights': 'uniform'}",0.1075232384005262,0.08678858368519896,0.31729996573967056,0.10828239726411489,0.10258587585543692,0.01137778280473642,0.39437317848205566
k plus proches voisins,grille,"{'n_neighbors': 30, 'p': 1, 'preparation__n_axes': None, 'weights': 'uniform'}",0.10760857666142876,0.08714069219798073,0.31561984459056547,0.1091919154850474,0.10308502156454771,0.012481198364747002,0.32198333740234375
k plus proches voisins,grille,"{'n_neighbors': 1, 'p': 1, 'preparation__n_axes': 14, 'weights': 'uniform'}",0.10771240074664416,0.08036178693265081,0.3138336737876967,0.10818785895526062,0.011099517287531278,0.01982230813128267,0.22737598419189453
k plus proches voisins,grille,"{'n_neighbors': 1, 'p': 1, 'preparation__n_axes': 14, 'weights': 'distance'}",0.10771240074664416,0.08036178693265081,0.31383367378769667,0.10818785895526062,0.011099517287531278,0.01982230813128267,0.33376073837280273
k plus proches voisins,grille,"{'n_neighbors': 1, 'p': 2, 'preparation__n_axes': None, 'weights': 'distance'}",0.10814014173134559,0.07991519677755118,0.30552626268241473,0.10845221563836857,0.011099517287531278,0.01614542957539846,0.2930772304534912
k plus proches voisins,grille,"{'n_neighbors': 1, 'p': 2, 'preparation__n_axes': None, 'weights': 'uniform'}",0.10814014173134559,0.07991519677755118,0.30552626268241473,0.10845221563836856,0.011099517287531278,0.01614542957539846,0.26701974868774414
k plus proches voisins,grille,"{'n_neighbors': 30, 'p': 1, 'preparation__n_axes': 8, 'weights': 'uniform'}",0.10847193950283632,0.08771772590556932,0.3052791251859202,0.10957780561351652,0.10290721626979764,0.012669191433929288,0.3260307312011719
k plus proches voisins,grille,"{'n_neighbors': 50, 'p': 2, 'preparation__n_axes': 14, 'weights': 'uniform'}",0.10851261586211866,0.08777215390815235,0.3046669415550933,0.10942109131853425,0.10613808251768712,0.011900170651357832,0.34892916679382324
k plus proches voisins,grille,"{'n_neighbors': 50, 'p': 2, 'preparation__n_axes': None, 'weights': 'uniform'}",0.10919456261559027,0.08895590057475897,0.29645294819714146,0.11031650809971923,0.10738949480836561,0.012816197269571557,0.303755521774292
k plus proches voisins,grille,"{'n_neighbors': 50, 'p': 2, 'preparation__n_axes': 8, 'weights': 'uniform'}",0.11020019243574371,0.08929612236041823,0.28301361476504433,0.11186613662930607,0.1066466139000454,0.012525243504643728,0.27739667892456055
k plus proches voisins,grille,"{'n_neighbors': 1, 'p': 2, 'preparation__n_axes': 14, 'weights': 'uniform'}",0.11052199398616365,0.08149743292108633,0.27605647742427514,0.11003741338889542,0.011099517287531278,0.018363093578171886,0.3388936519622803
k plus proches voisins,grille,"{'n_neighbors': 1, 'p': 2, 'preparation__n_axes': 14, 'weights': 'distance'}",0.11052199398616365,0.08149743292108633,0.27605647742427514,0.11003741338889542,0.011099517287531278,0.018363093578171886,0.2214062213897705
k plus proches voisins,grille,"{'n_neighbors': 50, 'p': 1, 'preparation__n_axes': 8, 'weights': 'uniform'}",0.11055341139564807,0.09041292450041549,0.27915399757937126,0.11154111676651216,0.10806857529197378,0.01399150511754262,0.2753148078918457
k plus proches voisins,grille,"{'n_neighbors': 50, 'p': 1, 'preparation__n_axes': 14, 'weights': 'uniform'}",0.11155632698465104,0.09062103590759282,0.2655908036186805,0.11198594188035904,0.10971892064582629,0.012066331325036478,0.32596397399902344
k plus proches voisins,grille,"{'n_neighbors': 50, 'p': 1, 'preparation__n_axes': None, 'weights': 'uniform'}",0.11267086492154976,0.0914115447711779,0.25063680617012085,0.11376347209534052,0.11004097120217664,0.012564415736117126,0.3175840377807617
