row_id,groupe,partition,WeldID,YieldStrength_MPa,UTS_MPa,Elongation_pct,ReductionArea_pct,score_compromis,C,Si,Mn,S,P,Ni,Cr,Mo,V,Cu,Co,W,O_ppm,Ti_ppm,N_ppm,Al_ppm,B_ppm,Nb_ppm,Sn_ppm,As_ppm,Sb_ppm,Current_A,Voltage_V,AC_DC,Electrode_pol,HeatInput_kJmm,InterpassT_C,WeldType,PWHT_T_C,PWHT_time_h
0,11,developpement,Evans-Ni/CMn-1990/1991-0Aaw,392.0,466.0,31.9,80.6,0.24273625976818375,0.037,0.3,0.65,0.008,0.012,0.0,,,,,,,,,,,,,,,,170.0,21.0,DC,+,1.0,200.0,MMA,250.0,14.0
2,11,developpement,Evans-Ni/CMn-1990/1991-0Aht,370.0,456.0,35.2,80.6,0.14623730129854673,0.037,0.3,0.65,0.008,0.012,0.0,,,,,,,,,,,,,,,,170.0,21.0,DC,+,1.0,200.0,MMA,580.0,2.0
3,14,developpement,Evans-Ni/CMn-1990/1991-0Baw,413.0,498.0,31.2,80.6,0.35103045759337803,0.037,0.31,1.03,0.007,0.014,0.0,,,,,,,,,,,,,,,,170.0,21.0,DC,+,1.0,200.0,MMA,250.0,14.0
5,14,developpement,Evans-Ni/CMn-1990/1991-0Bht,402.0,490.0,31.0,80.6,0.298069665359332,0.037,0.31,1.03,0.007,0.014,0.0,,,,,,,,,,,,,,,,170.0,21.0,DC,+,1.0,200.0,MMA,580.0,2.0
6,49,test,Evans-Ni/CMn-1990/1991-0Caw,468.0,551.0,29.4,78.7,0.5294559603779544,0.044,0.35,1.43,0.007,0.014,0.0,,,,,,,,,,,,,,,,170.0,21.0,DC,+,1.0,200.0,MMA,250.0,14.0
8,49,test,Evans-Ni/CMn-1990/1991-0Cht,436.0,529.0,31.6,78.8,0.44397521366847637,0.044,0.35,1.43,0.007,0.014,0.0,,,,,,,,,,,,,,,,170.0,21.0,DC,+,1.0,200.0,MMA,580.0,2.0
9,56,test,Evans-Ni/CMn-1990/1991-0Daw,514.0,588.0,28.0,76.8,0.5947808608394393,0.045,0.33,1.85,0.007,0.016,0.0,,,,,,,,,,,,,,,,170.0,21.0,DC,+,1.0,200.0,MMA,250.0,14.0
11,56,test,Evans-Ni/CMn-1990/1991-0Dht,479.0,576.0,27.4,76.9,0.5220683354620669,0.045,0.33,1.85,0.007,0.016,0.0,,,,,,,,,,,,,,,,170.0,21.0,DC,+,1.0,200.0,MMA,580.0,2.0
12,22,developpement,Evans-Ni/CMn-1990/1991-0.5Aaw,411.0,484.0,32.6,79.3,0.308406193630471,0.039,0.32,0.66,0.006,0.011,0.53,,,,,,,,,,,,,,,,170.0,21.0,DC,+,1.0,200.0,MMA,250.0,14.0
13,22,developpement,Evans-Ni/CMn-1990/1991-0.5Aht,401.0,475.0,34.2,80.6,0.27642987111516865,0.039,0.32,0.66,0.006,0.011,0.53,,,,,,,,,,,,,,,,170.0,21.0,DC,+,1.0,200.0,MMA,580.0,2.0
14,30,test,Evans-Ni/CMn-1990/1991-0.5Baw,464.0,522.0,29.6,77.8,0.4465902891304641,0.041,0.33,1.01,0.006,0.011,0.49,,,,,,,,,,,,,,,,170.0,21.0,DC,+,1.0,200.0,MMA,250.0,14.0
16,30,test,Evans-Ni/CMn-1990/1991-0.5Bht,426.0,506.0,31.6,79.7,0.38672088449838704,0.041,0.33,1.01,0.006,0.011,0.49,,,,,,,,,,,,,,,,170.0,21.0,DC,+,1.0,200.0,MMA,580.0,2.0
17,105,developpement,Evans-Ni/CMn-1990/1991-0.5Caw,509.0,568.0,28.6,76.9,0.5774761617690964,0.051,0.32,1.4,0.007,0.014,0.47,,,,,,,,,,,,,,,,170.0,21.0,DC,+,1.0,200.0,MMA,250.0,14.0
18,105,developpement,Evans-Ni/CMn-1990/1991-0.5Cht,450.0,536.0,28.2,78.8,0.4469839342391784,0.051,0.32,1.4,0.007,0.014,0.47,,,,,,,,,,,,,,,,170.0,21.0,DC,+,1.0,200.0,MMA,580.0,2.0
19,83,developpement,Evans-Ni/CMn-1990/1991-0.5Daw,547.0,618.0,26.0,74.9,0.5765600249659291,0.049,0.33,1.85,0.006,0.014,0.51,,,,,,,,,,,,,,,,170.0,21.0,DC,+,1.0,200.0,MMA,250.0,14.0
21,83,developpement,Evans-Ni/CMn-1990/1991-0.5Dht,526.0,612.0,26.8,72.9,0.553715672746119,0.049,0.33,1.85,0.006,0.014,0.51,,,,,,,,,,,,,,,,170.0,21.0,DC,+,1.0,200.0,MMA,580.0,2.0
22,19,developpement,Evans-Ni/CMn-1990/1991-1Aaw,423.0,497.0,30.6,78.8,0.3392602985171633,0.038,0.31,0.63,0.007,0.012,1.09,,,,,,,,,,,,,,,,170.0,21.0,DC,+,1.0,200.0,MMA,250.0,14.0
24,19,developpement,Evans-Ni/CMn-1990/1991-1Aht,411.0,493.0,33.6,79.7,0.3324315156057019,0.038,0.31,0.63,0.007,0.012,1.09,,,,,,,,,,,,,,,,170.0,21.0,DC,+,1.0,200.0,MMA,580.0,2.0
25,43,developpement,Evans-Ni/CMn-1990/1991-1Baw,475.0,541.0,29.6,77.9,0.5134841580351244,0.043,0.33,1.0,0.006,0.013,1.1,,,,,,,,,,,,,,,,170.0,21.0,DC,+,1.0,200.0,MMA,250.0,14.0
27,43,developpement,Evans-Ni/CMn-1990/1991-1Bht,443.0,521.0,31.8,77.8,0.43061384800681385,0.043,0.33,1.0,0.006,0.013,1.1,,,,,,,,,,,,,,,,170.0,21.0,DC,+,1.0,200.0,MMA,580.0,2.0
28,86,test,Evans-Ni/CMn-1990/1991-1Caw,498.0,569.0,28.4,78.8,0.6057364476586878,0.049,0.35,1.37,0.007,0.013,1.06,,,,,,,,,,,,,,,,170.0,21.0,DC,+,1.0,200.0,MMA,250.0,14.0
30,86,test,Evans-Ni/CMn-1990/1991-1Cht,470.0,557.0,30.2,76.0,0.5157204812003452,0.049,0.35,1.37,0.007,0.013,1.06,,,,,,,,,,,,,,,,170.0,21.0,DC,+,1.0,200.0,MMA,580.0,2.0
31,113,developpement,Evans-Ni/CMn-1990/1991-1Daw,566.0,641.0,26.4,76.0,0.629321603621746,0.053,0.35,1.83,0.007,0.012,1.06,,,,,,,,,,,,,,,,170.0,21.0,DC,+,1.0,200.0,MMA,250.0,14.0
33,113,developpement,Evans-Ni/CMn-1990/1991-1Dht,521.0,612.0,26.0,74.0,0.5425119396277781,0.053,0.35,1.83,0.007,0.012,1.06,,,,,,,,,,,,,,,,170.0,21.0,DC,+,1.0,200.0,MMA,580.0,2.0
34,27,developpement,Evans-Ni/CMn-1990/1991-2.25Aaw,466.0,538.0,30.6,77.8,0.4943358842438668,0.041,0.3,0.62,0.007,0.01,2.38,,,,,,,,,,,,,,,,170.0,21.0,DC,+,1.0,200.0,MMA,250.0,14.0
36,27,developpement,Evans-Ni/CMn-1990/1991-2.25Aht,431.0,518.0,32.2,76.9,0.38614694994700216,0.041,0.3,0.62,0.007,0.01,2.38,,,,,,,,,,,,,,,,170.0,21.0,DC,+,1.0,200.0,MMA,580.0,2.0
37,46,developpement,Evans-Ni/CMn-1990/1991-2.25Baw,489.0,567.0,30.6,76.9,0.5814543150595394,0.044,0.31,0.96,0.006,0.013,2.38,,,,,,,,,,,,,,,,170.0,21.0,DC,+,1.0,200.0,MMA,250.0,14.0
39,46,developpement,Evans-Ni/CMn-1990/1991-2.25Bht,481.0,561.0,29.1,76.9,0.5321481785641902,0.044,0.31,0.96,0.006,0.013,2.38,,,,,,,,,,,,,,,,170.0,21.0,DC,+,1.0,200.0,MMA,580.0,2.0
40,82,test,Evans-Ni/CMn-1990/1991-2.25Caw,567.0,635.0,23.6,72.7,0.5173256904701052,0.049,0.32,1.41,0.007,0.014,2.32,,,,,,,,,,,,,,,,170.0,21.0,DC,+,1.0,200.0,MMA,250.0,14.0
42,82,test,Evans-Ni/CMn-1990/1991-2.25Cht,530.0,615.0,26.6,73.0,0.559400938916796,0.049,0.32,1.41,0.007,0.014,2.32,,,,,,,,,,,,,,,,170.0,21.0,DC,+,1.0,200.0,MMA,580.0,2.0
43,64,developpement,Evans-Ni/CMn-1990/1991-2.25Daw,621.0,684.0,23.5,73.9,0.5675418908510353,0.046,0.32,1.81,0.007,0.015,2.33,,,,,,,,,,,,,,,,170.0,21.0,DC,+,1.0,200.0,MMA,250.0,14.0
45,64,developpement,Evans-Ni/CMn-1990/1991-2.25Dht,574.0,665.0,26.4,70.7,0.573504695006968,0.046,0.32,1.81,0.007,0.015,2.33,,,,,,,,,,,,,,,,170.0,21.0,DC,+,1.0,200.0,MMA,580.0,2.0
46,13,developpement,Evans-Ni/CMn-1990/1991-3.5Aaw,479.0,561.0,30.4,76.6,0.5449068561013352,0.037,0.3,0.65,0.009,0.011,3.5,,,,,,,,,,,,,,,,170.0,21.0,DC,+,1.0,200.0,MMA,250.0,14.0
48,13,developpement,Evans-Ni/CMn-1990/1991-3.5Aht,482.0,560.0,31.4,48.8,0.44957413427461235,0.037,0.3,0.65,0.009,0.011,3.5,,,,,,,,,,,,,,,,170.0,21.0,DC,+,1.0,200.0,MMA,580.0,2.0
49,28,developpement,Evans-Ni/CMn-1990/1991-3.5Baw,525.0,605.0,27.6,76.0,0.6077392366500377,0.041,0.31,0.98,0.008,0.012,3.46,,,,,,,,,,,,,,,,170.0,21.0,DC,+,1.0,200.0,MMA,250.0,14.0
51,28,developpement,Evans-Ni/CMn-1990/1991-3.5Bht,521.0,599.0,28.4,74.0,0.5865745791519219,0.041,0.31,0.98,0.008,0.012,3.46,,,,,,,,,,,,,,,,170.0,21.0,DC,+,1.0,200.0,MMA,580.0,2.0
52,77,test,Evans-Ni/CMn-1990/1991-3.5Caw,621.0,682.0,25.4,72.9,0.5949210748240942,0.048,0.33,1.4,0.007,0.013,3.47,,,,,,,,,,,,,,,,170.0,21.0,DC,+,1.0,200.0,MMA,250.0,14.0
54,77,test,Evans-Ni/CMn-1990/1991-3.5Cht,584.0,677.0,26.6,70.8,0.5899317769318095,0.048,0.33,1.4,0.007,0.013,3.47,,,,,,,,,,,,,,,,170.0,21.0,DC,+,1.0,200.0,MMA,580.0,2.0
55,109,test,Evans-Ni/CMn-1990/1991-3.5Daw,692.0,753.0,22.2,69.7,0.5204192606699198,0.051,0.36,1.79,0.007,0.013,3.42,,,,,,,,,,,,,,,,170.0,21.0,DC,+,1.0,200.0,MMA,250.0,14.0
57,109,test,Evans-Ni/CMn-1990/1991-3.5Dht,662.0,745.0,24.0,67.5,0.523878673260571,0.051,0.36,1.79,0.007,0.013,3.42,,,,,,,,,,,,,,,,170.0,21.0,DC,+,1.0,200.0,MMA,580.0,2.0
58,308,developpement,Es-Souni&-Cu/CMn-1990--aw***WELDINGPROCEDURE***EvansWeldingJVol59No3(1980)67,484.0,560.0,26.0,78.8,0.5325373707922607,0.074,0.36,1.51,0.008,0.011,,,,,0.02,,,400.0,40.0,,,,,,,,170.0,21.0,DC,+,1.0,150.0,MMA,0.0,0.0
59,308,developpement,Es-Souni&-Cu/CMn-1990--ht,471.0,563.0,31.2,77.0,0.5570286902499222,0.074,0.36,1.51,0.008,0.011,,,,,0.02,,,400.0,40.0,,,,,,,,170.0,21.0,DC,+,1.0,150.0,MMA,580.0,2.0
60,327,developpement,Es-Souni&-Cu/CMn-1990-0.2aw,502.0,578.0,27.6,77.0,0.5755334515789724,0.075,0.36,1.48,0.007,0.006,,,,,0.11,,,390.0,40.0,,,,,,,,170.0,21.0,DC,+,1.0,150.0,MMA,0.0,0.0
61,327,developpement,Es-Souni&-Cu/CMn-1990-0.2ht,462.0,548.0,29.8,77.9,0.5059455978349232,0.075,0.36,1.48,0.007,0.006,,,,,0.11,,,390.0,40.0,,,,,,,,170.0,21.0,DC,+,1.0,150.0,MMA,580.0,2.0
62,299,test,Es-Souni&-Cu/CMn-1990-0.4aw,488.0,566.0,28.2,77.0,0.5506658231007265,0.074,0.32,1.42,0.008,0.007,,,,,0.19,,,380.0,40.0,,,,,,,,170.0,21.0,DC,+,1.0,150.0,MMA,0.0,0.0
63,299,test,Es-Souni&-Cu/CMn-1990-0.4ht,453.0,549.0,31.2,78.8,0.5241072173948509,0.074,0.32,1.42,0.008,0.007,,,,,0.19,,,380.0,40.0,,,,,,,,170.0,21.0,DC,+,1.0,150.0,MMA,580.0,2.0
64,347,developpement,Es-Souni&-Cu/CMn-1990-0.8aw,504.0,586.0,27.6,77.0,0.5859852692706892,0.076,0.33,1.48,0.007,0.006,,,,,0.35,,,400.0,40.0,,,,,,,,170.0,21.0,DC,+,1.0,150.0,MMA,0.0,0.0
65,347,developpement,Es-Souni&-Cu/CMn-1990-0.8ht,482.0,572.0,28.2,77.9,0.5663746542055221,0.076,0.33,1.48,0.007,0.006,,,,,0.35,,,400.0,40.0,,,,,,,,170.0,21.0,DC,+,1.0,150.0,MMA,580.0,2.0
66,208,test,Es-Souni&-Cu/CMn-1990-1.6aw,513.0,593.0,28.6,77.0,0.6192175094440006,0.068,0.32,1.49,0.006,0.006,,,,,0.66,,,390.0,40.0,,,,,,,,170.0,21.0,DC,+,1.0,150.0,MMA,0.0,0.0
67,208,test,Es-Souni&-Cu/CMn-1990-1.6ht,499.0,607.0,28.6,74.0,0.5704292223291327,0.068,0.32,1.49,0.006,0.006,,,,,0.66,,,390.0,40.0,,,,,,,,170.0,21.0,DC,+,1.0,150.0,MMA,580.0,2.0
68,351,developpement,Es-Souni&-Cu/CMn-1990-3.2aw,568.0,647.0,27.4,73.0,0.6111904153027288,0.076,0.36,1.49,0.006,0.006,,,,,1.4,,,410.0,40.0,,,,,,,,170.0,21.0,DC,+,1.0,150.0,MMA,0.0,0.0
69,351,developpement,Es-Souni&-Cu/CMn-1990-3.2ht,583.0,673.0,24.2,73.0,0.5610786248619128,0.076,0.36,1.49,0.006,0.006,,,,,1.4,,,410.0,40.0,,,,,,,,170.0,21.0,DC,+,1.0,150.0,MMA,580.0,2.0
70,297,developpement,Evans-AlTi-1994-5/6ht,431.0,527.0,29.6,78.0,0.40130254505837104,0.074,0.29,1.49,0.006,0.013,,,,,,,,471.0,5.0,72.0,6.0,,,,,,170.0,21.0,DC,+,1.0,200.0,MMA,250.0,14.0
74,423,developpement,Evans-AlTi-1994-5/60ht,444.0,542.0,27.6,72.9,0.38249937680619805,0.081,0.29,1.43,0.006,0.013,,,,,,,,461.0,5.0,54.0,60.0,,,,,,170.0,21.0,DC,+,1.0,200.0,MMA,250.0,14.0
78,349,test,Evans-AlTi-1994-5/150ht,437.0,527.0,24.6,78.9,0.37824675285249787,0.076,0.34,1.36,0.005,0.011,,,,,,,,476.0,5.0,57.0,150.0,,,,,,170.0,21.0,DC,+,1.0,200.0,MMA,250.0,14.0
82,398,developpement,Evans-AlTi-1994-5/250ht,437.0,538.0,25.2,78.9,0.4069640062288005,0.079,0.39,1.37,0.005,0.011,,,,,,,,446.0,5.0,47.0,250.0,,,,,,170.0,21.0,DC,+,1.0,200.0,MMA,250.0,14.0
86,392,developpement,Evans-AlTi-1994-5/420ht,469.0,545.0,24.4,77.0,0.4257234183031862,0.078,0.44,1.4,0.004,0.011,,,,,,,,436.0,5.0,44.0,420.0,,,,,,170.0,21.0,DC,+,1.0,200.0,MMA,250.0,14.0
90,426,developpement,Evans-AlTi-1994-5/660ht,466.0,551.0,26.2,78.9,0.4981007386642327,0.081,0.48,1.42,0.004,0.006,,,,,,,,444.0,4.0,46.0,660.0,,,,,,170.0,21.0,DC,+,1.0,200.0,MMA,250.0,14.0
94,218,test,Evans-AlTi-1994-40/5ht,468.0,529.0,32.6,80.7,0.5470131147135582,0.069,0.3,1.36,0.007,0.009,,,,,,,,432.0,37.0,68.0,5.0,,,,,,170.0,21.0,DC,+,1.0,200.0,MMA,250.0,14.0
98,417,developpement,Evans-AlTi-1994-40/78ht,478.0,540.0,31.2,80.7,0.5792922603212444,0.08,0.33,1.41,0.006,0.009,,,,,,,,432.0,43.0,55.0,78.0,,,,,,170.0,21.0,DC,+,1.0,200.0,MMA,250.0,14.0
102,353,developpement,Evans-AlTi-1994-40/190ht,485.0,549.0,31.4,79.8,0.6137399086238435,0.076,0.37,1.36,0.005,0.009,,,,,,,,422.0,36.0,53.0,190.0,,,,,,170.0,21.0,DC,+,1.0,200.0,MMA,250.0,14.0
106,391,developpement,Evans-AlTi-1994-40/340ht,491.0,564.0,28.2,78.9,0.595046624173334,0.078,0.44,1.31,0.005,0.008,,,,,,,,431.0,36.0,50.0,340.0,,,,,,170.0,21.0,DC,+,1.0,200.0,MMA,250.0,14.0
110,356,test,Evans-AlTi-1994-40/490ht,485.0,560.0,25.2,78.9,0.5361876927812004,0.076,0.51,1.3,0.005,0.008,,,,,,,,423.0,43.0,48.0,490.0,,,,,,170.0,21.0,DC,+,1.0,200.0,MMA,250.0,14.0
114,400,developpement,Evans-AlTi-1994-40/610ht,491.0,570.0,29.2,77.0,0.5759084214057685,0.079,0.57,1.32,0.004,0.008,,,,,,,,422.0,38.0,52.0,610.0,,,,,,170.0,21.0,DC,+,1.0,200.0,MMA,250.0,14.0
118,300,test,Evans-AlTi-1994-80/8ht,484.0,547.0,29.4,79.8,0.5804801799579187,0.074,0.32,1.5,0.006,0.006,,,,,,,,375.0,99.0,89.0,8.0,,,,,,170.0,21.0,DC,+,1.0,200.0,MMA,250.0,14.0
121,294,developpement,Evans-AlTi-1994-80/47ht,442.0,514.0,32.2,81.6,0.4574521237630339,0.074,0.27,1.41,0.007,0.006,,,,,,,,407.0,88.0,70.0,47.0,,,,,,170.0,21.0,DC,+,1.0,200.0,MMA,250.0,14.0
124,253,developpement,Evans-AlTi-1994-80/160ht,481.0,545.0,30.6,81.4,0.6003966044974085,0.071,0.39,1.36,0.005,0.009,,,,,,,,381.0,92.0,52.0,160.0,,,,,,170.0,21.0,DC,+,1.0,200.0,MMA,250.0,14.0
127,222,developpement,Evans-AlTi-1994-80/280ht,474.0,540.0,28.0,80.7,0.5341635297449716,0.069,0.45,1.36,0.005,0.008,,,,,,,,374.0,63.0,44.0,280.0,,,,,,170.0,21.0,DC,+,1.0,200.0,MMA,250.0,14.0
130,224,developpement,Evans-AlTi-1994-80/480ht,466.0,533.0,27.2,77.0,0.42987613448294687,0.069,0.51,1.39,0.004,0.008,,,,,,,,379.0,69.0,41.0,480.0,,,,,,170.0,21.0,DC,+,1.0,200.0,MMA,250.0,14.0
133,268,developpement,Evans-AlTi-1994-80/640ht,486.0,555.0,26.6,78.0,0.5241513820397696,0.072,0.57,1.4,0.004,0.008,,,,,,,,360.0,80.0,38.0,640.0,,,,,,170.0,21.0,DC,+,1.0,200.0,MMA,250.0,14.0
136,425,developpement,Evans-AlTi-1994-220/3,502.0,555.0,26.6,78.9,0.5721993671445739,0.081,0.34,1.54,0.007,0.008,,,,,,,,312.0,180.0,80.0,3.0,,,,,,170.0,21.0,DC,+,1.0,200.0,MMA,250.0,14.0
140,260,test,Evans-AlTi-1994-220/47,452.0,535.0,30.7,78.9,0.48378173137180275,0.072,0.24,1.32,0.006,0.008,,,,,,,,397.0,180.0,68.0,47.0,,,,,,170.0,21.0,DC,+,1.0,200.0,MMA,250.0,14.0
144,263,developpement,Evans-AlTi-1994-220/150,467.0,522.0,29.2,77.0,0.43860532823353143,0.072,0.34,1.33,0.006,0.008,,,,,,,,427.0,190.0,57.0,150.0,,,,,,170.0,21.0,DC,+,1.0,200.0,MMA,250.0,14.0
148,310,test,Evans-AlTi-1994-220/320,514.0,570.0,23.6,77.0,0.5131771858941876,0.074,0.41,1.36,0.005,0.005,,,,,,,,418.0,260.0,49.0,320.0,,,,,,170.0,21.0,DC,+,1.0,200.0,MMA,250.0,14.0
152,194,developpement,Evans-AlTi-1994-220/440,522.0,580.0,24.0,76.0,0.5161352542688399,0.066,0.46,1.41,0.004,0.009,,,,,,,,407.0,240.0,49.0,440.0,,,,,,170.0,21.0,DC,+,1.0,200.0,MMA,250.0,14.0
156,193,developpement,Evans-AlTi-1994-220/680,522.0,591.0,23.8,71.9,0.46090026357421926,0.066,0.44,1.33,0.004,0.008,,,,,,,,454.0,240.0,49.0,680.0,,,,,,170.0,21.0,DC,+,1.0,200.0,MMA,250.0,14.0
160,221,developpement,Evans-AlTi-1994-450/1,535.0,594.0,26.0,79.8,0.6652797895982958,0.069,0.43,1.49,0.004,0.005,,,,,,,,294.0,460.0,77.0,1.0,,,,,,170.0,21.0,DC,+,1.0,200.0,MMA,250.0,14.0
164,251,developpement,Evans-AlTi-1994-450/67,522.0,583.0,22.0,78.9,0.5746695657247919,0.071,0.36,1.44,0.007,0.005,,,,,,,,373.0,460.0,94.0,67.0,,,,,,170.0,21.0,DC,+,1.0,200.0,MMA,250.0,14.0
168,256,test,Evans-AlTi-1994-450/150,531.0,587.0,25.2,78.0,0.6040472643691088,0.071,0.42,1.39,0.007,0.005,,,,,,,,446.0,420.0,65.0,150.0,,,,,,170.0,21.0,DC,+,1.0,200.0,MMA,250.0,14.0
172,257,test,Evans-AlTi-1994-450/300,538.0,604.0,23.2,77.0,0.563634613740113,0.071,0.52,1.44,0.005,0.005,,,,,,,,466.0,460.0,67.0,300.0,,,,,,170.0,21.0,DC,+,1.0,200.0,MMA,250.0,14.0
176,227,test,Evans-AlTi-1994-450/420,561.0,622.0,26.0,77.0,0.6328634934015637,0.069,0.54,1.41,0.005,0.005,,,,,,,,439.0,460.0,58.0,420.0,,,,,,170.0,21.0,DC,+,1.0,200.0,MMA,250.0,14.0
180,203,test,Evans-AlTi-1994-450/500,547.0,616.0,22.6,75.0,0.5236490327125823,0.067,0.57,1.4,0.005,0.005,,,,,,,,451.0,450.0,60.0,500.0,,,,,,170.0,21.0,DC,+,1.0,200.0,MMA,250.0,14.0
184,469,developpement,Evans-B/9Cr1Mo-1994-CM57,542.0,697.0,18.8,65.3,0.3421491990238121,0.09,0.18,0.98,0.008,0.012,,8.9,1.0,0.22,,,,642.0,,460.0,,3.0,520.0,,,,180.0,34.0,DC,+,1.0,175.0,MMA,750.0,8.0
188,433,developpement,Evans-B/9Cr1Mo-1994-CM58,574.0,723.0,17.1,59.1,0.24962719298202005,0.088,0.17,1.03,0.007,0.013,,9.1,1.01,0.23,,,,604.0,,460.0,,17.0,530.0,,,,180.0,34.0,DC,+,1.0,175.0,MMA,750.0,8.0
192,476,developpement,Evans-B/9Cr1Mo-1994-CM59,642.0,778.0,16.8,59.8,0.245214735570677,0.091,0.2,1.04,0.007,0.013,,9.02,1.01,0.24,,,,591.0,,480.0,,32.0,620.0,,,,180.0,34.0,DC,+,1.0,175.0,MMA,750.0,8.0
196,441,developpement,Evans-B/9Cr1Mo-1994-CM60,643.0,777.0,15.7,60.2,0.24826810702372262,0.089,0.22,1.05,0.007,0.013,,9.0,1.04,0.23,,,,592.0,,460.0,,64.0,700.0,,,,180.0,34.0,DC,+,1.0,175.0,MMA,750.0,8.0
200,482,developpement,Evans-B/9Cr1Mo-1994-CM61,558.0,705.0,20.8,64.5,0.37931706571563123,0.094,0.17,1.0,0.008,0.012,,8.99,1.03,0.21,,,,636.0,,160.0,,3.0,520.0,,,,180.0,34.0,DC,+,1.0,175.0,MMA,750.0,8.0
204,430,developpement,Evans-B/9Cr1Mo-1994-CM62,569.0,709.0,17.4,62.7,0.2916516775449577,0.086,0.2,1.01,0.007,0.012,,8.9,1.01,0.21,,,,596.0,,160.0,,19.0,510.0,,,,180.0,34.0,DC,+,1.0,175.0,MMA,750.0,8.0
208,431,developpement,Evans-B/9Cr1Mo-1994-CM63,609.0,743.0,16.9,61.9,0.2726874555107696,0.086,0.2,1.04,0.008,0.013,,8.98,1.01,0.22,,,,567.0,,160.0,,36.0,560.0,,,,180.0,34.0,DC,+,1.0,175.0,MMA,750.0,8.0
212,434,developpement,Evans-B/9Cr1Mo-1994-CM64,620.0,753.0,16.8,58.8,0.22926500245404388,0.088,0.24,1.06,0.007,0.013,,9.08,1.0,0.23,,,,538.0,,155.0,,69.0,560.0,,,,180.0,34.0,DC,+,1.0,175.0,MMA,750.0,8.0
216,12,developpement,Evans-Cr/CMn-1989-0A-aw,392.0,466.0,31.9,80.6,0.24273625976818375,0.037,0.3,0.65,0.008,0.012,,0.0,,,,,,,,,,,,,,,170.0,21.0,DC,+,1.0,200.0,MMA,250.0,14.0
217,12,developpement,Evans-Cr/CMn-1989-0A-ht,370.0,456.0,35.2,80.6,0.14623730129854673,0.037,0.3,0.65,0.008,0.012,,0.0,,,,,,,,,,,,,,,170.0,21.0,DC,+,1.0,200.0,MMA,580.0,2.0
219,15,developpement,Evans-Cr/CMn-1989-0B-aw,413.0,498.0,31.2,80.6,0.35103045759337803,0.037,0.31,1.03,0.007,0.014,,0.0,,,,,,,,,,,,,,,170.0,21.0,DC,+,1.0,200.0,MMA,250.0,14.0
220,15,developpement,Evans-Cr/CMn-1989-0B-ht,402.0,490.0,31.0,80.6,0.298069665359332,0.037,0.31,1.03,0.007,0.014,,0.0,,,,,,,,,,,,,,,170.0,21.0,DC,+,1.0,200.0,MMA,580.0,2.0
222,50,developpement,Evans-Cr/CMn-1989-0C-aw,468.0,551.0,29.4,78.7,0.5294559603779544,0.044,0.35,1.43,0.007,0.014,,0.0,,,,,,,,,,,,,,,170.0,21.0,DC,+,1.0,200.0,MMA,250.0,14.0
223,50,developpement,Evans-Cr/CMn-1989-0C-ht,436.0,529.0,31.6,78.8,0.44397521366847637,0.044,0.35,1.43,0.007,0.014,,0.0,,,,,,,,,,,,,,,170.0,21.0,DC,+,1.0,200.0,MMA,580.0,2.0
225,57,developpement,Evans-Cr/CMn-1989-0D-aw,514.0,588.0,28.0,76.8,0.5947808608394393,0.045,0.33,1.85,0.007,0.016,,0.0,,,,,,,,,,,,,,,170.0,21.0,DC,+,1.0,200.0,MMA,250.0,14.0
226,57,developpement,Evans-Cr/CMn-1989-0D-ht,479.0,576.0,27.4,76.9,0.5220683354620669,0.045,0.33,1.85,0.007,0.016,,0.0,,,,,,,,,,,,,,,170.0,21.0,DC,+,1.0,200.0,MMA,580.0,2.0
228,17,developpement,Evans-Cr/CMn-1989-0.25A-aw,422.0,496.0,30.4,78.8,0.3301302265783596,0.038,0.3,0.65,0.007,0.014,,0.22,,,,,,,,,,,,,,,170.0,21.0,DC,+,1.0,200.0,MMA,250.0,14.0
229,17,developpement,Evans-Cr/CMn-1989-0.25A-ht,410.0,496.0,31.0,79.7,0.32403588890689733,0.038,0.3,0.65,0.007,0.014,,0.22,,,,,,,,,,,,,,,170.0,21.0,DC,+,1.0,200.0,MMA,580.0,2.0
230,29,test,Evans-Cr/CMn-1989-0.25B-aw,463.0,532.0,30.0,77.8,0.4668797333352767,0.041,0.32,1.01,0.008,0.013,,0.24,,,,,,,,,,,,,,,170.0,21.0,DC,+,1.0,200.0,MMA,250.0,14.0
231,29,test,Evans-Cr/CMn-1989-0.25B-ht,426.0,519.0,29.8,78.8,0.3799194724107317,0.041,0.32,1.01,0.008,0.013,,0.24,,,,,,,,,,,,,,,170.0,21.0,DC,+,1.0,200.0,MMA,580.0,2.0
233,48,developpement,Evans-Cr/CMn-1989-0.25C-aw,500.0,575.0,28.0,78.8,0.609231652356752,0.044,0.32,1.45,0.007,0.013,,0.24,,,,,,,,,,,,,,,170.0,21.0,DC,+,1.0,200.0,MMA,250.0,14.0
234,48,developpement,Evans-Cr/CMn-1989-0.25C-ht,468.0,559.0,28.0,76.9,0.49034164982978334,0.044,0.32,1.45,0.007,0.013,,0.24,,,,,,,,,,,,,,,170.0,21.0,DC,+,1.0,200.0,MMA,580.0,2.0
235,78,test,Evans-Cr/CMn-1989-0.25D-aw,567.0,622.0,26.0,75.0,0.5964746972136271,0.048,0.33,1.85,0.007,0.013,,0.26,,,,,,,,,,,,,,,170.0,21.0,DC,+,1.0,200.0,MMA,250.0,14.0
236,78,test,Evans-Cr/CMn-1989-0.25D-ht,535.0,620.0,27.0,74.0,0.5821222408849847,0.048,0.33,1.85,0.007,0.013,,0.26,,,,,,,,,,,,,,,170.0,21.0,DC,+,1.0,200.0,MMA,580.0,2.0
238,24,test,Evans-Cr/CMn-1989-0.5A-aw,446.0,510.0,32.2,78.8,0.43632247318084394,0.04,0.33,0.6,0.006,0.01,,0.51,,,,,,,,,,,,,,,170.0,21.0,DC,+,1.0,200.0,MMA,250.0,14.0
239,24,test,Evans-Cr/CMn-1989-0.5A-ht,417.0,496.0,29.0,78.8,0.31389176272291136,0.04,0.33,0.6,0.006,0.01,,0.51,,,,,,,,,,,,,,,170.0,21.0,DC,+,1.0,200.0,MMA,580.0,2.0
241,42,developpement,Evans-Cr/CMn-1989-0.5B-aw,494.0,545.0,29.6,77.0,0.5482154049997744,0.043,0.31,0.95,0.007,0.01,,0.53,,,,,,,,,,,,,,,170.0,21.0,DC,+,1.0,200.0,MMA,250.0,14.0
242,42,developpement,Evans-Cr/CMn-1989-0.5B-ht,460.0,536.0,28.8,77.0,0.4429147711459871,0.043,0.31,0.95,0.007,0.01,,0.53,,,,,,,,,,,,,,,170.0,21.0,DC,+,1.0,200.0,MMA,580.0,2.0
244,72,test,Evans-Cr/CMn-1989-0.5C-aw,543.0,603.0,28.2,77.0,0.6583618414450778,0.047,0.33,1.42,0.006,0.01,,0.53,,,,,,,,,,,,,,,170.0,21.0,DC,+,1.0,200.0,MMA,250.0,14.0
245,72,test,Evans-Cr/CMn-1989-0.5C-ht,514.0,600.0,25.8,76.0,0.5566266737722698,0.047,0.33,1.42,0.006,0.01,,0.53,,,,,,,,,,,,,,,170.0,21.0,DC,+,1.0,200.0,MMA,580.0,2.0
247,107,developpement,Evans-Cr/CMn-1989-0.5D-aw,617.0,674.0,23.0,70.2,0.5121593382219234,0.051,0.33,1.83,0.006,0.013,,0.52,,,,,,,,,,,,,,,170.0,21.0,DC,+,1.0,200.0,MMA,250.0,14.0
248,107,developpement,Evans-Cr/CMn-1989-0.5D-ht,570.0,650.0,24.0,68.7,0.4856430041748373,0.051,0.33,1.83,0.006,0.013,,0.52,,,,,,,,,,,,,,,170.0,21.0,DC,+,1.0,200.0,MMA,580.0,2.0
250,26,developpement,Evans-Cr/CMn-1989-1.0A-aw,472.0,531.0,25.8,77.8,0.4282639478594798,0.041,0.3,0.59,0.009,0.011,,1.0,,,,,,,,,,,,,,,170.0,21.0,DC,+,1.0,200.0,MMA,250.0,14.0
251,26,developpement,Evans-Cr/CMn-1989-1.0A-ht,427.0,514.0,29.2,77.9,0.3535838678046488,0.041,0.3,0.59,0.009,0.011,,1.0,,,,,,,,,,,,,,,170.0,21.0,DC,+,1.0,200.0,MMA,580.0,2.0
253,55,test,Evans-Cr/CMn-1989-1.0B-aw,531.0,592.0,24.6,76.0,0.545181006902371,0.045,0.32,0.97,0.007,0.012,,1.04,,,,,,,,,,,,,,,170.0,21.0,DC,+,1.0,200.0,MMA,250.0,14.0
254,55,test,Evans-Cr/CMn-1989-1.0B-ht,471.0,568.0,26.2,77.0,0.4919269619807285,0.045,0.32,0.97,0.007,0.012,,1.04,,,,,,,,,,,,,,,170.0,21.0,DC,+,1.0,200.0,MMA,580.0,2.0
256,76,test,Evans-Cr/CMn-1989-1.0C-aw,626.0,676.0,24.4,70.9,0.5500753026566015,0.048,0.33,1.37,0.008,0.013,,1.08,,,,,,,,,,,,,,,170.0,21.0,DC,+,1.0,200.0,MMA,250.0,14.0
257,76,test,Evans-Cr/CMn-1989-1.0C-ht,548.0,630.0,26.0,72.0,0.5561482545270773,0.048,0.33,1.37,0.008,0.013,,1.08,,,,,,,,,,,,,,,170.0,21.0,DC,+,1.0,200.0,MMA,580.0,2.0
259,111,developpement,Evans-Cr/CMn-1989-1.0D-aw,692.0,723.0,21.6,70.9,0.5101885848160518,0.052,0.33,1.81,0.007,0.013,,1.1,,,,,,,,,,,,,,,170.0,21.0,DC,+,1.0,200.0,MMA,250.0,14.0
260,111,developpement,Evans-Cr/CMn-1989-1.0D-ht,592.0,671.0,22.8,72.0,0.5225715933347538,0.052,0.33,1.81,0.007,0.013,,1.1,,,,,,,,,,,,,,,170.0,21.0,DC,+,1.0,200.0,MMA,580.0,2.0
262,25,developpement,Evans-Cr/CMn-1989-2.3A-aw,587.0,652.0,21.4,72.0,0.488839264951067,0.041,0.27,0.59,0.009,0.011,,2.34,,,,,,,,,,,,,,,170.0,21.0,DC,+,1.0,200.0,MMA,250.0,14.0
263,25,developpement,Evans-Cr/CMn-1989-2.3A-ht,534.0,619.0,22.0,75.0,0.5057232455962939,0.041,0.27,0.59,0.009,0.011,,2.34,,,,,,,,,,,,,,,170.0,21.0,DC,+,1.0,200.0,MMA,580.0,2.0
265,60,test,Evans-Cr/CMn-1989-2.3B-aw,655.0,722.0,19.6,67.5,0.4138639843178433,0.046,0.3,0.93,0.008,0.012,,2.38,,,,,,,,,,,,,,,170.0,21.0,DC,+,1.0,200.0,MMA,250.0,14.0
266,60,test,Evans-Cr/CMn-1989-2.3B-ht,605.0,683.0,19.8,71.9,0.46023703716208625,0.046,0.3,0.93,0.008,0.012,,2.38,,,,,,,,,,,,,,,170.0,21.0,DC,+,1.0,200.0,MMA,580.0,2.0
268,98,developpement,Evans-Cr/CMn-1989-2.3C-aw,738.0,789.0,20.0,67.0,0.4310929561525005,0.05,0.31,1.29,0.008,0.011,,2.32,,,,,,,,,,,,,,,170.0,21.0,DC,+,1.0,200.0,MMA,250.0,14.0
269,98,developpement,Evans-Cr/CMn-1989-2.3C-ht,662.0,731.0,18.6,68.7,0.4143936095810347,0.05,0.31,1.29,0.008,0.011,,2.32,,,,,,,,,,,,,,,170.0,21.0,DC,+,1.0,200.0,MMA,580.0,2.0
271,116,developpement,Evans-Cr/CMn-1989-2.3D-aw,808.0,865.0,18.2,65.2,0.37034872893102233,0.054,0.33,1.72,0.007,0.014,,2.36,,,,,,,,,,,,,,,170.0,21.0,DC,+,1.0,200.0,MMA,250.0,14.0
272,116,developpement,Evans-Cr/CMn-1989-2.3D-ht,697.0,757.0,19.6,69.7,0.45129675683745546,0.054,0.33,1.72,0.007,0.014,,2.36,,,,,,,,,,,,,,,170.0,21.0,DC,+,1.0,200.0,MMA,580.0,2.0
274,217,developpement,Evans-Al/CMn-1990-<5aw,468.0,529.0,32.6,80.7,0.5470131147135582,0.069,0.3,1.36,0.007,0.009,,,,0.00025,,,,432.0,37.0,67.0,2.5,2.5,2.5,,,,170.0,21.0,DC,+,1.0,200.0,MMA,250.0,14.0
278,217,developpement,Evans-Al/CMn-1990-<5ht,393.0,500.0,31.8,77.0,0.29858702287043504,0.069,0.3,1.36,0.007,0.009,,,,0.00025,,,,432.0,37.0,67.0,2.5,2.5,2.5,,,,170.0,21.0,DC,+,1.0,200.0,MMA,580.0,2.0
281,277,developpement,Evans-Al/CMn-1990-20aw,475.0,536.0,33.4,80.7,0.5810231881333432,0.073,0.33,1.39,0.007,0.008,,,,0.00025,,,,427.0,39.0,66.0,20.0,2.5,2.5,,,,170.0,21.0,DC,+,1.0,200.0,MMA,250.0,14.0
284,277,developpement,Evans-Al/CMn-1990-20ht,387.0,493.0,32.5,80.7,0.27515210700605397,0.073,0.33,1.39,0.007,0.008,,,,0.00025,,,,427.0,39.0,66.0,20.0,2.5,2.5,,,,170.0,21.0,DC,+,1.0,200.0,MMA,580.0,2.0
286,385,developpement,Evans-Al/CMn-1990-44aw,478.0,541.0,30.4,78.9,0.5504049909686515,0.078,0.32,1.39,0.007,0.009,,,,0.00025,,,,436.0,42.0,66.0,44.0,2.5,2.5,,,,170.0,21.0,DC,+,1.0,200.0,MMA,250.0,14.0
289,385,developpement,Evans-Al/CMn-1990-44ht,398.0,499.0,32.8,80.7,0.34016310945878325,0.078,0.32,1.39,0.007,0.009,,,,0.00025,,,,436.0,42.0,66.0,44.0,2.5,2.5,,,,170.0,21.0,DC,+,1.0,200.0,MMA,580.0,2.0
292,416,developpement,Evans-Al/CMn-1990-78aw,478.0,540.0,31.2,80.7,0.5792922603212444,0.08,0.33,1.41,0.006,0.009,,,,0.00025,,,,432.0,43.0,61.0,78.0,2.5,2.5,,,,170.0,21.0,DC,+,1.0,200.0,MMA,250.0,14.0
296,416,developpement,Evans-Al/CMn-1990-78ht,391.0,504.0,31.8,78.9,0.3194670262122793,0.08,0.33,1.41,0.006,0.009,,,,0.00025,,,,432.0,43.0,61.0,78.0,2.5,2.5,,,,170.0,21.0,DC,+,1.0,200.0,MMA,580.0,2.0
299,419,developpement,Evans-Al/CMn-1990-120aw,480.0,543.0,29.0,78.9,0.5440987418614396,0.08,0.37,1.42,0.006,0.009,,,,0.00025,,,,439.0,43.0,54.0,120.0,2.5,2.5,,,,170.0,21.0,DC,+,1.0,200.0,MMA,250.0,14.0
302,419,developpement,Evans-Al/CMn-1990-120ht,397.0,518.0,31.0,79.8,0.3571394846612094,0.08,0.37,1.42,0.006,0.009,,,,0.00025,,,,439.0,43.0,54.0,120.0,2.5,2.5,,,,170.0,21.0,DC,+,1.0,200.0,MMA,580.0,2.0
305,352,developpement,Evans-Al/CMn-1990-190aw,485.0,549.0,31.4,79.8,0.6137399086238435,0.076,0.37,1.36,0.005,0.009,,,,0.00025,,,,422.0,36.0,54.0,190.0,2.5,2.5,,,,170.0,21.0,DC,+,1.0,200.0,MMA,250.0,14.0
309,352,developpement,Evans-Al/CMn-1990-190ht,403.0,519.0,29.1,78.9,0.3509674825479147,0.076,0.37,1.36,0.005,0.009,,,,0.00025,,,,422.0,36.0,54.0,190.0,2.5,2.5,,,,170.0,21.0,DC,+,1.0,200.0,MMA,580.0,2.0
312,390,developpement,Evans-Al/CMn-1990-340aw,491.0,564.0,28.2,78.9,0.595046624173334,0.078,0.44,1.31,0.005,0.008,,,,0.00025,,,,431.0,36.0,52.0,340.0,2.5,2.5,,,,170.0,21.0,DC,+,1.0,200.0,MMA,250.0,14.0
316,390,developpement,Evans-Al/CMn-1990-340ht,409.0,528.0,31.0,78.9,0.3954904382359701,0.078,0.44,1.31,0.005,0.008,,,,0.00025,,,,431.0,36.0,52.0,340.0,2.5,2.5,,,,170.0,21.0,DC,+,1.0,200.0,MMA,580.0,2.0
319,355,developpement,Evans-Al/CMn-1990-490aw,485.0,560.0,25.2,78.9,0.5361876927812004,0.076,0.51,1.3,0.005,0.008,,,,0.00025,,,,423.0,43.0,50.0,490.0,2.5,2.5,,,,170.0,21.0,DC,+,1.0,200.0,MMA,250.0,14.0
323,355,developpement,Evans-Al/CMn-1990-490ht,417.0,528.0,29.0,78.9,0.3908683884126745,0.076,0.51,1.3,0.005,0.008,,,,0.00025,,,,423.0,43.0,50.0,490.0,2.5,2.5,,,,170.0,21.0,DC,+,1.0,200.0,MMA,580.0,2.0
326,399,developpement,Evans-Al/CMn-1990-610aw,491.0,570.0,29.2,77.0,0.5759084214057685,0.079,0.57,1.32,0.004,0.008,,,,0.00025,,,,422.0,38.0,48.0,610.0,2.5,2.5,,,,170.0,21.0,DC,+,1.0,200.0,MMA,250.0,14.0
330,399,developpement,Evans-Al/CMn-1990-610ht,443.0,550.0,29.4,76.0,0.45077519379815495,0.079,0.57,1.32,0.004,0.008,,,,0.00025,,,,422.0,38.0,48.0,610.0,2.5,2.5,,,,170.0,21.0,DC,+,1.0,200.0,MMA,580.0,2.0
333,286,developpement,Evans-V/Mn-1991-A3aw,402.0,494.0,33.3,77.5,0.29952996224044864,0.073,0.35,0.64,0.005,0.004,,,,0.0003,,,,428.0,38.0,77.0,2.5,2.5,2.5,,,,170.0,21.0,DC,+,1.0,200.0,MMA,250.0,14.0
335,286,developpement,Evans-V/Mn-1991-A3ht,329.0,447.0,36.4,80.5,0.035570254986955464,0.073,0.35,0.64,0.005,0.004,,,,0.0003,,,,428.0,38.0,77.0,2.5,2.5,2.5,,,,170.0,21.0,DC,+,1.0,200.0,MMA,580.0,2.0
336,249,developpement,Evans-V/Mn-1991-A210aw,436.0,513.0,29.2,77.0,0.36437428999648963,0.071,0.36,0.63,0.007,0.006,,,,0.021,,,,435.0,43.0,78.0,2.5,2.5,5.0,,,,170.0,21.0,DC,+,1.0,200.0,MMA,250.0,14.0
338,249,developpement,Evans-V/Mn-1991-A210ht,398.0,481.0,30.8,76.0,0.23713107164137853,0.071,0.36,0.63,0.007,0.006,,,,0.021,,,,435.0,43.0,78.0,2.5,2.5,5.0,,,,170.0,21.0,DC,+,1.0,200.0,MMA,580.0,2.0
339,254,developpement,Evans-V/Mn-1991-A435aw,478.0,546.0,28.2,78.0,0.5161683841263647,0.071,0.4,0.64,0.008,0.006,,,,0.0435,,,,411.0,36.0,88.0,2.5,2.5,5.0,,,,170.0,21.0,DC,+,1.0,200.0,MMA,250.0,14.0
342,307,developpement,Evans-V/Mn-1991-A600aw,488.0,548.0,25.6,77.5,0.4888467258108739,0.074,0.36,0.63,0.008,0.005,,,,0.06,,,,432.0,31.0,75.0,2.5,2.5,5.0,,,,170.0,21.0,DC,+,1.0,200.0,MMA,250.0,14.0
344,307,developpement,Evans-V/Mn-1991-A600ht,458.0,547.0,25.6,76.0,0.4133696341882576,0.074,0.36,0.63,0.008,0.005,,,,0.06,,,,432.0,31.0,75.0,2.5,2.5,5.0,,,,170.0,21.0,DC,+,1.0,200.0,MMA,580.0,2.0
345,265,test,Evans-V/Mn-1991-A815aw,490.0,563.0,25.2,77.0,0.4992776048743202,0.072,0.36,0.64,0.008,0.006,,,,0.0815,,,,436.0,34.0,84.0,2.5,2.5,5.0,,,,170.0,21.0,DC,+,1.0,200.0,MMA,250.0,14.0
347,265,test,Evans-V/Mn-1991-A815ht,483.0,576.0,25.2,76.0,0.48840722008815163,0.072,0.36,0.64,0.008,0.006,,,,0.0815,,,,436.0,34.0,84.0,2.5,2.5,5.0,,,,170.0,21.0,DC,+,1.0,200.0,MMA,580.0,2.0
348,372,developpement,Evans-V/Mn-1991-B4aw,443.0,522.0,31.1,77.0,0.4174593494206172,0.077,0.35,1.02,0.007,0.005,,,,0.0004,,,,399.0,41.0,75.0,2.5,2.5,5.0,,,,170.0,21.0,DC,+,1.0,200.0,MMA,250.0,14.0
350,372,developpement,Evans-V/Mn-1991-B4ht,332.0,461.0,33.3,80.3,0.1212660969699787,0.077,0.35,1.02,0.007,0.005,,,,0.0004,,,,399.0,41.0,75.0,2.5,2.5,5.0,,,,170.0,21.0,DC,+,1.0,200.0,MMA,580.0,2.0
351,348,developpement,Evans-V/Mn-1991-B215aw,456.0,534.0,25.0,79.6,0.43297356377726276,0.076,0.34,1.01,0.007,0.007,,,,0.0215,,,,426.0,37.0,75.0,2.5,2.5,5.0,,,,170.0,21.0,DC,+,1.0,200.0,MMA,250.0,14.0
353,348,developpement,Evans-V/Mn-1991-B215ht,434.0,515.0,29.8,78.9,0.39696960991308267,0.076,0.34,1.01,0.007,0.007,,,,0.0215,,,,426.0,37.0,75.0,2.5,2.5,5.0,,,,170.0,21.0,DC,+,1.0,200.0,MMA,580.0,2.0
354,383,developpement,Evans-V/Mn-1991-B440aw,505.0,570.0,24.8,77.4,0.5309493443594957,0.078,0.31,1.04,0.007,0.006,,,,0.044,,,,429.0,32.0,48.0,2.5,2.5,5.0,,,,170.0,21.0,DC,+,1.0,200.0,MMA,250.0,14.0
356,383,developpement,Evans-V/Mn-1991-B440ht,478.0,554.0,27.2,78.0,0.5129046157855781,0.078,0.31,1.04,0.007,0.006,,,,0.044,,,,429.0,32.0,48.0,2.5,2.5,5.0,,,,170.0,21.0,DC,+,1.0,200.0,MMA,580.0,2.0
357,346,developpement,Evans-V/Mn-1991-B610aw,509.0,576.0,25.6,77.4,0.5561832788064445,0.076,0.33,1.04,0.007,0.006,,,,0.061,,,,429.0,31.0,70.0,2.5,2.5,5.0,,,,170.0,21.0,DC,+,1.0,200.0,MMA,250.0,14.0
359,346,developpement,Evans-V/Mn-1991-B610ht,493.0,569.0,27.0,77.0,0.5428655230497641,0.076,0.33,1.04,0.007,0.006,,,,0.061,,,,429.0,31.0,70.0,2.5,2.5,5.0,,,,170.0,21.0,DC,+,1.0,200.0,MMA,580.0,2.0
360,368,test,Evans-V/Mn-1991-B850aw,538.0,592.0,25.2,74.0,0.5334511190074289,0.077,0.32,1.05,0.008,0.006,,,,0.085,,,,400.0,34.0,72.0,2.5,2.5,5.0,,,,170.0,21.0,DC,+,1.0,200.0,MMA,250.0,14.0
362,368,test,Evans-V/Mn-1991-B850ht,538.0,609.0,25.4,75.0,0.5613754160728135,0.077,0.32,1.05,0.008,0.006,,,,0.085,,,,400.0,34.0,72.0,2.5,2.5,5.0,,,,170.0,21.0,DC,+,1.0,200.0,MMA,580.0,2.0
363,366,developpement,Evans-V/Mn-1991-C4aw,463.0,541.0,27.1,75.9,0.42366090498784514,0.077,0.31,1.33,0.007,0.005,,,,0.0004,,,,419.0,38.0,80.0,2.5,2.5,6.0,,,,170.0,21.0,DC,+,1.0,200.0,MMA,250.0,14.0
365,366,developpement,Evans-V/Mn-1991-C4ht,372.0,497.0,31.4,76.4,0.23625626636895083,0.077,0.31,1.33,0.007,0.005,,,,0.0004,,,,419.0,38.0,80.0,2.5,2.5,6.0,,,,170.0,21.0,DC,+,1.0,200.0,MMA,580.0,2.0
366,262,developpement,Evans-V/Mn-1991-C190aw,486.0,545.0,29.6,78.2,0.5547704560622142,0.072,0.33,1.22,0.008,0.006,,,,0.019,,,,447.0,29.0,85.0,2.5,2.5,5.0,,,,170.0,21.0,DC,+,1.0,200.0,MMA,250.0,14.0
368,262,developpement,Evans-V/Mn-1991-C190ht,455.0,533.0,28.4,77.9,0.4386249824305498,0.072,0.33,1.22,0.008,0.006,,,,0.019,,,,447.0,29.0,85.0,2.5,2.5,5.0,,,,170.0,21.0,DC,+,1.0,200.0,MMA,580.0,2.0
369,358,developpement,Evans-V/Mn-1991-C425aw,536.0,590.0,24.4,78.1,0.5979470689171604,0.077,0.26,1.36,0.007,0.007,,,,0.0425,,,,410.0,29.0,79.0,2.5,2.5,5.0,,,,170.0,21.0,DC,+,1.0,200.0,MMA,250.0,14.0
371,358,developpement,Evans-V/Mn-1991-C425ht,526.0,594.0,26.0,76.0,0.5695021160518111,0.077,0.26,1.36,0.007,0.007,,,,0.0425,,,,410.0,29.0,79.0,2.5,2.5,5.0,,,,170.0,21.0,DC,+,1.0,200.0,MMA,580.0,2.0
372,381,test,Evans-V/Mn-1991-C595aw,521.0,589.0,22.6,76.0,0.5013345392510766,0.078,0.3,1.35,0.007,0.007,,,,0.0595,,,,405.0,30.0,76.0,2.5,2.5,5.0,,,,170.0,21.0,DC,+,1.0,200.0,MMA,250.0,14.0
374,381,test,Evans-V/Mn-1991-C595ht,527.0,600.0,26.0,75.0,0.5632169627682718,0.078,0.3,1.35,0.007,0.007,,,,0.0595,,,,405.0,30.0,76.0,2.5,2.5,5.0,,,,170.0,21.0,DC,+,1.0,200.0,MMA,580.0,2.0
375,335,developpement,Evans-V/Mn-1991-C1005aw,599.0,638.0,20.8,74.0,0.5006435419040353,0.076,0.26,1.36,0.007,0.006,,,,0.1005,,,,407.0,29.0,83.0,2.5,2.5,5.0,,,,170.0,21.0,DC,+,1.0,200.0,MMA,250.0,14.0
377,335,developpement,Evans-V/Mn-1991-C1005ht,574.0,642.0,22.6,73.0,0.5173944776158768,0.076,0.26,1.36,0.007,0.006,,,,0.1005,,,,407.0,29.0,83.0,2.5,2.5,5.0,,,,170.0,21.0,DC,+,1.0,200.0,MMA,580.0,2.0
378,342,developpement,Evans-V/Mn-1991-D4aw,500.0,571.0,28.8,77.0,0.5816024820392671,0.076,0.29,1.74,0.008,0.006,,,,0.0004,,,,415.0,35.0,92.0,2.5,2.5,6.0,,,,170.0,21.0,DC,+,1.0,200.0,MMA,250.0,14.0
380,342,developpement,Evans-V/Mn-1991-D4ht,414.0,518.0,29.2,78.4,0.3539724954319922,0.076,0.29,1.74,0.008,0.006,,,,0.0004,,,,415.0,35.0,92.0,2.5,2.5,6.0,,,,170.0,21.0,DC,+,1.0,200.0,MMA,580.0,2.0
381,360,developpement,Evans-V/Mn-1991-D235aw,543.0,607.0,23.2,77.0,0.5688184971218571,0.077,0.26,1.73,0.007,0.008,,,,0.0235,,,,423.0,27.0,72.0,2.5,2.5,5.0,,,,170.0,21.0,DC,+,1.0,200.0,MMA,250.0,14.0
383,360,developpement,Evans-V/Mn-1991-D235ht,523.0,602.0,25.6,75.0,0.5496126359349577,0.077,0.26,1.73,0.007,0.008,,,,0.0235,,,,423.0,27.0,72.0,2.5,2.5,5.0,,,,170.0,21.0,DC,+,1.0,200.0,MMA,580.0,2.0
384,359,developpement,Evans-V/Mn-1991-D410aw,578.0,617.0,21.8,75.0,0.5178837821201567,0.077,0.26,1.72,0.007,0.008,,,,0.041,,,,423.0,25.0,74.0,2.5,2.5,5.0,,,,170.0,21.0,DC,+,1.0,200.0,MMA,250.0,14.0
386,359,developpement,Evans-V/Mn-1991-D410ht,538.0,626.0,21.8,74.0,0.48815056676960134,0.077,0.26,1.72,0.007,0.008,,,,0.041,,,,423.0,25.0,74.0,2.5,2.5,5.0,,,,170.0,21.0,DC,+,1.0,200.0,MMA,580.0,2.0
387,334,test,Evans-V/Mn-1991-D605aw,589.0,650.0,21.6,75.0,0.5339674459187861,0.076,0.25,1.72,0.005,0.008,,,,0.0605,,,,405.0,25.0,86.0,2.5,2.5,5.0,,,,170.0,21.0,DC,+,1.0,200.0,MMA,250.0,14.0
389,334,test,Evans-V/Mn-1991-D605ht,521.0,597.0,24.4,74.0,0.5037849034532428,0.076,0.25,1.72,0.005,0.008,,,,0.0605,,,,405.0,25.0,86.0,2.5,2.5,5.0,,,,170.0,21.0,DC,+,1.0,200.0,MMA,580.0,2.0
390,413,developpement,Evans-V/Mn-1991-D830aw,639.0,681.0,19.6,71.9,0.46311618373256597,0.08,0.26,1.74,0.007,0.008,,,,0.083,,,,411.0,25.0,90.0,2.5,2.5,5.0,,,,170.0,21.0,DC,+,1.0,200.0,MMA,250.0,14.0
392,413,developpement,Evans-V/Mn-1991-D830ht,570.0,647.0,24.0,74.0,0.5509924501822842,0.08,0.26,1.74,0.007,0.008,,,,0.083,,,,411.0,25.0,90.0,2.5,2.5,5.0,,,,170.0,21.0,DC,+,1.0,200.0,MMA,580.0,2.0
393,286,developpement,Evans-Nb/Mn-1991-A<5aw,402.0,494.0,33.3,77.5,0.29952996224044864,0.073,0.35,0.64,0.005,0.004,,,,0.0003,,,,428.0,38.0,77.0,2.5,2.5,2.5,,,,170.0,21.0,DC,+,1.0,200.0,MMA,250.0,14.0
395,286,developpement,Evans-Nb/Mn-1991-A<5ht,329.0,447.0,36.4,80.5,0.035570254986955464,0.073,0.35,0.64,0.005,0.004,,,,0.0003,,,,428.0,38.0,77.0,2.5,2.5,2.5,,,,170.0,21.0,DC,+,1.0,200.0,MMA,580.0,2.0
396,279,developpement,Evans-Nb/Mn-1991-A120aw,450.0,532.0,28.0,76.0,0.39722079676651817,0.073,0.34,0.64,0.007,0.005,,,,0.0003,,,,431.0,41.0,80.0,2.5,2.5,120.0,,,,170.0,21.0,DC,+,1.0,200.0,MMA,250.0,14.0
398,279,developpement,Evans-Nb/Mn-1991-A120ht,415.0,497.0,24.6,78.7,0.28015267107802994,0.073,0.34,0.64,0.007,0.005,,,,0.0003,,,,431.0,41.0,80.0,2.5,2.5,120.0,,,,170.0,21.0,DC,+,1.0,200.0,MMA,580.0,2.0
399,321,developpement,Evans-Nb/Mn-1991-A220aw,474.0,553.0,26.8,80.7,0.5492331064101074,0.075,0.33,0.62,0.007,0.005,,,,0.0003,,,,429.0,42.0,85.0,2.5,2.5,220.0,,,,170.0,21.0,DC,+,1.0,200.0,MMA,250.0,14.0
401,321,developpement,Evans-Nb/Mn-1991-A220ht,451.0,539.0,24.4,78.0,0.40195160965455234,0.075,0.33,0.62,0.007,0.005,,,,0.0003,,,,429.0,42.0,85.0,2.5,2.5,220.0,,,,170.0,21.0,DC,+,1.0,200.0,MMA,580.0,2.0
402,240,developpement,Evans-Nb/Mn-1991-A450aw,522.0,580.0,25.0,76.0,0.5333595832384727,0.07,0.33,0.64,0.007,0.004,,,,0.0007,,,,413.0,42.0,85.0,2.5,2.5,450.0,,,,170.0,21.0,DC,+,1.0,200.0,MMA,250.0,14.0
404,240,developpement,Evans-Nb/Mn-1991-A450ht,484.0,576.0,23.0,74.9,0.4349997008510679,0.07,0.33,0.64,0.007,0.004,,,,0.0007,,,,413.0,42.0,85.0,2.5,2.5,450.0,,,,170.0,21.0,DC,+,1.0,200.0,MMA,580.0,2.0
405,301,developpement,Evans-Nb/Mn-1991-A880aw,549.0,614.0,24.0,70.8,0.489716266418521,0.074,0.33,0.64,0.008,0.006,,,,0.0003,,,,460.0,39.0,110.0,2.5,2.5,880.0,,,,170.0,21.0,DC,+,1.0,200.0,MMA,250.0,14.0
407,301,developpement,Evans-Nb/Mn-1991-A880ht,544.0,621.0,22.6,71.9,0.47849240572890694,0.074,0.33,0.64,0.008,0.006,,,,0.0003,,,,460.0,39.0,110.0,2.5,2.5,880.0,,,,170.0,21.0,DC,+,1.0,200.0,MMA,580.0,2.0
408,373,developpement,Evans-Nb/Mn-1991-B<5aw,443.0,522.0,31.1,77.0,0.4174593494206172,0.077,0.35,1.02,0.007,0.005,,,,0.0004,,,,399.0,41.0,75.0,2.5,2.5,2.5,,,,170.0,21.0,DC,+,1.0,200.0,MMA,250.0,14.0
410,373,developpement,Evans-Nb/Mn-1991-B<5ht,332.0,461.0,33.3,80.3,0.1212660969699787,0.077,0.35,1.02,0.007,0.005,,,,0.0004,,,,399.0,41.0,75.0,2.5,2.5,2.5,,,,170.0,21.0,DC,+,1.0,200.0,MMA,580.0,2.0
411,386,developpement,Evans-Nb/Mn-1991-B120aw,480.0,557.0,25.4,75.0,0.4465552009953126,0.078,0.35,1.02,0.007,0.005,,,,0.0004,,,,368.0,36.0,83.0,2.5,2.5,120.0,,,,170.0,21.0,DC,+,1.0,200.0,MMA,250.0,14.0
413,386,developpement,Evans-Nb/Mn-1991-B120ht,447.0,540.0,30.4,77.0,0.45542834617210365,0.078,0.35,1.02,0.007,0.005,,,,0.0004,,,,368.0,36.0,83.0,2.5,2.5,120.0,,,,170.0,21.0,DC,+,1.0,200.0,MMA,580.0,2.0
414,304,developpement,Evans-Nb/Mn-1991-B255aw,513.0,594.0,28.0,76.0,0.5914516292972691,0.074,0.34,1.0,0.007,0.006,,,,0.0005,,,,424.0,37.0,86.0,2.5,2.5,255.0,,,,170.0,21.0,DC,+,1.0,200.0,MMA,250.0,14.0
416,304,developpement,Evans-Nb/Mn-1991-B255ht,492.0,575.0,25.2,76.0,0.49987573452822737,0.074,0.34,1.0,0.007,0.006,,,,0.0005,,,,424.0,37.0,86.0,2.5,2.5,255.0,,,,170.0,21.0,DC,+,1.0,200.0,MMA,580.0,2.0
417,302,test,Evans-Nb/Mn-1991-B465aw,553.0,618.0,22.8,74.0,0.5115102263241896,0.074,0.33,0.99,0.008,0.006,,,,0.0004,,,,393.0,37.0,88.0,2.5,2.5,465.0,,,,170.0,21.0,DC,+,1.0,200.0,MMA,250.0,14.0
419,302,test,Evans-Nb/Mn-1991-B465ht,540.0,616.0,22.4,75.0,0.5155687317543057,0.074,0.33,0.99,0.008,0.006,,,,0.0004,,,,393.0,37.0,88.0,2.5,2.5,465.0,,,,170.0,21.0,DC,+,1.0,200.0,MMA,580.0,2.0
420,322,developpement,Evans-Nb/Mn-1991-B985aw,615.0,655.0,20.2,72.9,0.4850851975376618,0.075,0.34,1.02,0.007,0.006,,,,0.0005,,,,417.0,37.0,79.0,2.5,2.5,985.0,,,,170.0,21.0,DC,+,1.0,200.0,MMA,250.0,14.0
422,322,developpement,Evans-Nb/Mn-1991-B985ht,603.0,676.0,19.8,70.8,0.4450246855903199,0.075,0.34,1.02,0.007,0.006,,,,0.0005,,,,417.0,37.0,79.0,2.5,2.5,985.0,,,,170.0,21.0,DC,+,1.0,200.0,MMA,580.0,2.0
423,366,developpement,Evans-Nb/Mn-1991-C<6aw,463.0,541.0,27.1,75.9,0.42366090498784514,0.077,0.31,1.33,0.007,0.005,,,,0.0004,,,,419.0,38.0,80.0,2.5,2.5,6.0,,,,170.0,21.0,DC,+,1.0,200.0,MMA,250.0,14.0
425,366,developpement,Evans-Nb/Mn-1991-C<6ht,372.0,497.0,31.4,76.4,0.23625626636895083,0.077,0.31,1.33,0.007,0.005,,,,0.0004,,,,419.0,38.0,80.0,2.5,2.5,6.0,,,,170.0,21.0,DC,+,1.0,200.0,MMA,580.0,2.0
426,396,developpement,Evans-Nb/Mn-1991-C105aw,505.0,586.0,25.8,77.9,0.5739558262088206,0.079,0.33,1.37,0.007,0.006,,,,0.0004,,,,417.0,34.0,97.0,2.5,2.5,105.0,,,,170.0,21.0,DC,+,1.0,200.0,MMA,250.0,14.0
428,396,developpement,Evans-Nb/Mn-1991-C105ht,500.0,578.0,24.8,76.0,0.5031256829255237,0.079,0.33,1.37,0.007,0.006,,,,0.0004,,,,417.0,34.0,97.0,2.5,2.5,105.0,,,,170.0,21.0,DC,+,1.0,200.0,MMA,580.0,2.0
429,345,developpement,Evans-Nb/Mn-1991-C235aw,540.0,597.0,26.4,76.0,0.5904804795875388,0.076,0.3,1.36,0.008,0.006,,,,0.0004,,,,370.0,33.0,84.0,2.5,2.5,235.0,,,,170.0,21.0,DC,+,1.0,200.0,MMA,250.0,14.0
431,345,developpement,Evans-Nb/Mn-1991-C235ht,539.0,607.0,25.0,76.0,0.5689411837264249,0.076,0.3,1.36,0.008,0.006,,,,0.0004,,,,370.0,33.0,84.0,2.5,2.5,235.0,,,,170.0,21.0,DC,+,1.0,200.0,MMA,580.0,2.0
432,371,developpement,Evans-Nb/Mn-1991-C455aw,586.0,641.0,24.2,76.0,0.594945895779727,0.077,0.34,1.39,0.007,0.007,,,,0.0004,,,,409.0,32.0,99.0,2.5,2.5,455.0,,,,170.0,21.0,DC,+,1.0,200.0,MMA,250.0,14.0
434,371,developpement,Evans-Nb/Mn-1991-C455ht,583.0,651.0,22.6,71.9,0.505320388319682,0.077,0.34,1.39,0.007,0.007,,,,0.0004,,,,409.0,32.0,99.0,2.5,2.5,455.0,,,,170.0,21.0,DC,+,1.0,200.0,MMA,580.0,2.0
435,344,test,Evans-Nb/Mn-1991-C940aw,610.0,685.0,20.6,71.9,0.4809476986715822,0.076,0.3,1.36,0.006,0.007,,,,0.0005,,,,432.0,33.0,91.0,2.5,2.5,940.0,,,,170.0,21.0,DC,+,1.0,200.0,MMA,250.0,14.0
437,344,test,Evans-Nb/Mn-1991-C940ht,614.0,686.0,19.0,70.8,0.44011910482517663,0.076,0.3,1.36,0.006,0.007,,,,0.0005,,,,432.0,33.0,91.0,2.5,2.5,940.0,,,,170.0,21.0,DC,+,1.0,200.0,MMA,580.0,2.0
438,343,developpement,Evans-Nb/Mn-1991-D<5aw,500.0,571.0,28.8,77.0,0.5816024820392671,0.076,0.29,1.74,0.008,0.006,,,,0.0004,,,,415.0,35.0,92.0,2.5,2.5,3.0,,,,170.0,21.0,DC,+,1.0,200.0,MMA,250.0,14.0
440,343,developpement,Evans-Nb/Mn-1991-D<5ht,414.0,518.0,29.2,78.4,0.3539724954319922,0.076,0.29,1.74,0.008,0.006,,,,0.0004,,,,415.0,35.0,92.0,2.5,2.5,3.0,,,,170.0,21.0,DC,+,1.0,200.0,MMA,580.0,2.0
441,370,developpement,Evans-Nb/Mn-1991-D125aw,540.0,614.0,22.0,75.9,0.5173524658500048,0.077,0.32,1.77,0.007,0.006,,,,0.0004,,,,418.0,31.0,89.0,2.5,2.5,125.0,,,,170.0,21.0,DC,+,1.0,200.0,MMA,250.0,14.0
443,370,developpement,Evans-Nb/Mn-1991-D125ht,524.0,605.0,24.4,74.0,0.5151053838178657,0.077,0.32,1.77,0.007,0.006,,,,0.0004,,,,418.0,31.0,89.0,2.5,2.5,125.0,,,,170.0,21.0,DC,+,1.0,200.0,MMA,580.0,2.0
444,382,developpement,Evans-Nb/Mn-1991-D230aw,575.0,635.0,22.6,74.0,0.5264933142373442,0.078,0.3,1.76,0.007,0.007,,,,0.0004,,,,433.0,32.0,110.0,2.5,2.5,230.0,,,,170.0,21.0,DC,+,1.0,200.0,MMA,250.0,14.0
446,382,developpement,Evans-Nb/Mn-1991-D230ht,553.0,627.0,22.0,76.8,0.5485407935624892,0.078,0.3,1.76,0.007,0.007,,,,0.0004,,,,433.0,32.0,110.0,2.5,2.5,230.0,,,,170.0,21.0,DC,+,1.0,200.0,MMA,580.0,2.0
447,364,developpement,Evans-Nb/Mn-1991-D450aw,606.0,660.0,22.0,74.0,0.5380579447011664,0.077,0.29,1.77,0.008,0.009,,,,0.0004,,,,432.0,31.0,97.0,2.5,2.5,450.0,,,,170.0,21.0,DC,+,1.0,200.0,MMA,250.0,14.0
449,364,developpement,Evans-Nb/Mn-1991-D450ht,577.0,661.0,21.6,71.9,0.4829195723608999,0.077,0.29,1.77,0.008,0.009,,,,0.0004,,,,432.0,31.0,97.0,2.5,2.5,450.0,,,,170.0,21.0,DC,+,1.0,200.0,MMA,580.0,2.0
450,393,developpement,Evans-Nb/Mn-1991-D895aw,654.0,708.0,19.2,70.8,0.4570337614305435,0.079,0.29,1.79,0.006,0.007,,,,0.0004,,,,406.0,33.0,105.0,2.5,2.5,895.0,,,,170.0,21.0,DC,+,1.0,200.0,MMA,250.0,14.0
452,393,developpement,Evans-Nb/Mn-1991-D895ht,638.0,716.0,17.2,68.6,0.3845316747368632,0.079,0.29,1.79,0.006,0.007,,,,0.0004,,,,406.0,33.0,105.0,2.5,2.5,895.0,,,,170.0,21.0,DC,+,1.0,200.0,MMA,580.0,2.0
453,168,developpement,Evans-FelowH-1991-UF.05a,427.0,512.0,31.4,81.5,0.40453189901702163,0.062,0.22,1.17,0.007,0.006,,,,,,,,330.0,,120.0,,,,,,,180.0,34.0,AC,0,2.0,200.0,MMA,250.0,14.0
454,158,test,Evans-FelowH-1991-UF.15a,440.0,523.0,33.0,81.5,0.47597687957736173,0.06,0.26,1.2,0.008,0.007,,,,,,,,320.0,,150.0,,,,,,,180.0,34.0,AC,0,2.0,200.0,MMA,250.0,14.0
455,157,developpement,Evans-FelowH-1991-UF.25a,443.0,508.0,30.4,82.4,0.43791536133916165,0.06,0.25,1.19,0.008,0.007,,,,,,,,353.0,,110.0,,,,,,,180.0,34.0,AC,0,2.0,200.0,MMA,250.0,14.0
456,171,developpement,Evans-FelowH-1991-UF.35a,468.0,531.0,29.6,81.5,0.5201325544315535,0.062,0.31,1.24,0.008,0.008,,,,,,,,366.0,,110.0,,,,,,,180.0,34.0,AC,0,2.0,200.0,MMA,250.0,14.0
457,118,test,Evans-FelowH-1991-UF.05b,435.0,510.0,35.6,81.5,0.4435969828318089,0.055,0.33,1.39,0.007,0.007,,,,,,,,323.0,,70.0,,,,,,,180.0,34.0,DC,+,1.0,200.0,MMA,250.0,14.0
458,84,developpement,Evans-FelowH-1991-UF.15b,430.0,505.0,31.2,82.3,0.4048395495329715,0.049,0.34,1.39,0.006,0.007,,,,,,,,339.0,,65.0,,,,,,,180.0,34.0,DC,+,1.0,200.0,MMA,250.0,14.0
459,75,developpement,Evans-FelowH-1991-UF.25b,433.0,504.0,31.0,82.3,0.4087122210139509,0.048,0.31,1.34,0.008,0.008,,,,,,,,371.0,,75.0,,,,,,,180.0,34.0,DC,+,1.0,200.0,MMA,250.0,14.0
460,80,developpement,Evans-FelowH-1991-UF.35b,465.0,526.0,30.4,80.6,0.5040380421950859,0.048,0.36,1.3,0.007,0.007,,,,,,,,401.0,,70.0,,,,,,,180.0,34.0,DC,+,1.0,200.0,MMA,250.0,14.0
461,130,developpement,Evans-FelowH-1991-E7016(1),442.0,524.0,31.6,80.6,0.4670223367893748,0.059,0.29,1.49,0.008,0.017,,,,,,,,305.0,,110.0,,,,,,,180.0,34.0,DC,+,1.0,200.0,MMA,250.0,14.0
462,104,developpement,Evans-FelowH-1991-E7016(2),497.0,559.0,30.0,77.8,0.5923993489671695,0.051,0.31,1.64,0.005,0.016,,,,,,,,330.0,,60.0,,,,,,,180.0,34.0,DC,+,1.0,200.0,MMA,250.0,14.0
463,226,developpement,Evans-FelowH-1991-E7016(3),487.0,555.0,31.4,78.8,0.6090441561443337,0.069,0.53,1.17,0.008,0.014,,,,,,,,365.0,,120.0,,,,,,,180.0,34.0,DC,+,1.0,200.0,MMA,250.0,14.0
464,211,test,Evans-FelowH-1991-TENACITOR,494.0,569.0,28.4,79.6,0.6210578626556674,0.068,0.36,1.56,0.006,0.01,,,,,,,,396.0,,90.0,,,,,,,180.0,34.0,DC,+,1.0,200.0,MMA,250.0,14.0
465,40,developpement,Evans-StressRelief-1991-0.045A,373.0,448.0,34.4,83.0,0.15153157469773662,0.043,0.3,0.69,0.006,0.007,,,,,,,,,,,,,,,,,170.0,21.0,DC,+,1.0,200.0,MMA,580.0,2.0
472,35,developpement,Evans-StressRelief-1991-0.045B,392.0,476.0,34.4,80.6,0.2597920256840894,0.042,0.31,0.98,0.006,0.007,,,,,,,,,,,,,,,,,170.0,21.0,DC,+,1.0,200.0,MMA,580.0,2.0
479,54,developpement,Evans-StressRelief-1991-0.045C,414.0,502.0,31.0,80.6,0.36584861228011833,0.045,0.31,1.39,0.005,0.007,,,,,,,,,,,,,,,,,170.0,21.0,DC,+,1.0,200.0,MMA,580.0,2.0
486,52,developpement,Evans-StressRelief-1991-0.045D,444.0,525.0,29.8,79.9,0.4520068870297919,0.045,0.29,1.83,0.005,0.008,,,,,,,,,,,,,,,,,170.0,21.0,DC,+,1.0,200.0,MMA,580.0,2.0
493,127,developpement,Evans-StressRelief-1991-0.065A,386.0,465.0,33.4,78.8,0.20172865765998452,0.058,0.33,0.63,0.007,0.007,,,,,,,,,,,,,,,,,170.0,21.0,DC,+,1.0,200.0,MMA,580.0,2.0
499,184,test,Evans-StressRelief-1991-0.065B,418.0,500.0,35.0,80.6,0.38415836259255925,0.065,0.34,0.97,0.007,0.008,,,,,,,,,,,,,,,,,170.0,21.0,DC,+,1.0,200.0,MMA,580.0,2.0
506,189,developpement,Evans-StressRelief-1991-0.065C,455.0,540.0,31.2,77.9,0.49021736593771154,0.066,0.35,1.36,0.007,0.008,,,,,,,,,,,,,,,,,170.0,21.0,DC,+,1.0,200.0,MMA,580.0,2.0
513,309,developpement,Evans-StressRelief-1991-0.065D,504.0,594.0,26.2,75.0,0.5348532032466954,0.074,0.36,1.8,0.008,0.008,,,,,,,,,,,,,,,,,170.0,21.0,DC,+,1.0,200.0,MMA,580.0,2.0
520,444,developpement,Evans-StressRelief-1991-0.095A,394.0,499.0,34.2,78.8,0.32158055959717263,0.089,0.35,0.68,0.008,0.008,,,,,,,,,,,,,,,,,170.0,21.0,DC,+,1.0,200.0,MMA,580.0,2.0
527,490,developpement,Evans-StressRelief-1991-0.095B,435.0,546.0,34.0,77.0,0.48448941481536045,0.095,0.36,1.05,0.007,0.008,,,,,,,,,,,,,,,,,170.0,21.0,DC,+,1.0,200.0,MMA,580.0,2.0
534,435,developpement,Evans-StressRelief-1991-0.095C,461.0,568.0,28.6,77.9,0.5241215918137827,0.088,0.34,1.33,0.008,0.007,,,,,,,,,,,,,,,,,170.0,21.0,DC,+,1.0,200.0,MMA,580.0,2.0
541,443,test,Evans-StressRelief-1991-0.095D,490.0,597.0,30.2,75.0,0.5941802628259943,0.089,0.33,1.69,0.007,0.008,,,,,,,,,,,,,,,,,170.0,21.0,DC,+,1.0,200.0,MMA,580.0,2.0
548,616,developpement,Evans-StressRelief-1991-0.145A,449.0,533.0,30.6,76.0,0.4298217116727124,0.151,0.36,0.63,0.008,0.008,,,,,,,,,,,,,,,,,170.0,21.0,DC,+,1.0,200.0,MMA,580.0,2.0
554,612,test,Evans-StressRelief-1991-0.145B,482.0,576.0,29.4,76.9,0.5647531913985162,0.147,0.36,1.02,0.007,0.007,,,,,,,,,,,,,,,,,170.0,21.0,DC,+,1.0,200.0,MMA,580.0,2.0
561,611,test,Evans-StressRelief-1991-0.145C,513.0,623.0,27.4,72.9,0.5564382685654378,0.147,0.35,1.38,0.007,0.007,,,,,,,,,,,,,,,,,170.0,21.0,DC,+,1.0,200.0,MMA,580.0,2.0
568,610,test,Evans-StressRelief-1991-0.145D,567.0,679.0,24.0,69.8,0.5076204286398016,0.145,0.35,1.76,0.006,0.007,,,,,,,,,,,,,,,,,170.0,21.0,DC,+,1.0,200.0,MMA,580.0,2.0
575,303,developpement,Evans-Ti/CMn-1992-P0,463.0,537.0,31.2,78.8,0.5089199291209284,0.074,0.33,1.45,0.005,0.005,,,,,,,,408.0,6.0,90.0,,,,,,,170.0,21.0,DC,+,1.0,200.0,ShMA,250.0,14.0
579,284,test,Evans-Ti/CMn-1992-P0.1,482.0,548.0,33.6,78.8,0.6061978628939527,0.073,0.34,1.49,0.004,0.007,,,,,,,,396.0,16.0,84.0,,,,,,,170.0,21.0,DC,+,1.0,200.0,ShMA,250.0,14.0
583,252,developpement,Evans-Ti/CMn-1992-P0.2,497.0,563.0,30.6,77.0,0.5952702791010006,0.071,0.36,1.46,0.004,0.006,,,,,,,,400.0,22.0,85.0,,,,,,,170.0,21.0,DC,+,1.0,200.0,ShMA,250.0,14.0
587,166,developpement,Evans-Ti/CMn-1992-Q0.4,474.0,538.0,32.2,78.8,0.5478041523100564,0.061,0.33,1.36,0.005,0.006,,,,,,,,419.0,28.0,81.0,,,,,,,170.0,21.0,DC,+,1.0,200.0,ShMA,250.0,14.0
591,239,developpement,Evans-Ti/CMn-1992-Q0.8,488.0,549.0,32.4,78.8,0.6112664189844882,0.07,0.32,1.48,0.005,0.006,,,,,,,,373.0,55.0,75.0,,,,,,,170.0,21.0,DC,+,1.0,200.0,ShMA,250.0,14.0
595,207,developpement,Evans-Ti/CMn-1992-Q1.2,466.0,542.0,30.6,80.6,0.5508823179510304,0.068,0.32,1.38,0.004,0.005,,,,,,,,376.0,77.0,74.0,,,,,,,170.0,21.0,DC,+,1.0,200.0,ShMA,250.0,14.0
599,210,test,Evans-Ti/CMn-1992-R1.6,499.0,569.0,29.0,77.9,0.5957856632811545,0.068,0.35,1.51,0.006,0.006,,,,,,,,351.0,100.0,87.0,,,,,,,170.0,21.0,DC,+,1.0,200.0,ShMA,250.0,14.0
603,186,developpement,Evans-Ti/CMn-1992-R2.4,513.0,579.0,27.0,77.9,0.5985992077201311,0.065,0.39,1.53,0.005,0.006,,,,,,,,351.0,140.0,93.0,,,,,,,170.0,21.0,DC,+,1.0,200.0,ShMA,250.0,14.0
607,246,developpement,Evans-Ti/CMn-1992-S3.6,515.0,592.0,27.2,78.9,0.6486266226192998,0.07,0.48,1.64,0.005,0.006,,,,,,,,290.0,210.0,102.0,,,,,,,170.0,21.0,DC,+,1.0,200.0,ShMA,250.0,14.0
611,316,test,Evans-Ti/CMn-1992-S4.8,588.0,654.0,26.4,72.0,0.5928865492295139,0.075,0.29,1.75,0.006,0.005,,,,,,,,272.0,255.0,96.0,,,,,,,170.0,21.0,DC,+,1.0,200.0,ShMA,250.0,14.0
615,305,developpement,Evans-Ti/Mn-1992-A8aw,404.0,494.0,32.4,76.0,0.2893435285110574,0.074,0.35,0.63,0.009,0.007,,,,0.00025,,,,472.0,8.0,66.0,2.5,2.5,2.5,,,,170.0,21.0,DC,+,1.0,200.0,MMA,250.0,14.0
617,305,developpement,Evans-Ti/Mn-1992-A8ht,333.0,450.0,30.4,78.9,0.07263791595675441,0.074,0.35,0.63,0.009,0.007,,,,0.00025,,,,472.0,8.0,66.0,2.5,2.5,2.5,,,,170.0,21.0,DC,+,1.0,200.0,MMA,580.0,2.0
618,306,developpement,Evans-Ti/Mn-1992-A36aw,402.0,494.0,33.3,77.5,0.29952996224044864,0.074,0.35,0.65,0.005,0.004,,,,0.00025,,,,426.0,36.0,73.0,2.5,2.5,2.5,,,,170.0,21.0,DC,+,1.0,200.0,MMA,250.0,14.0
620,306,developpement,Evans-Ti/Mn-1992-A36ht,329.0,447.0,36.4,80.5,0.035570254986955464,0.074,0.35,0.65,0.005,0.004,,,,0.00025,,,,426.0,36.0,73.0,2.5,2.5,2.5,,,,170.0,21.0,DC,+,1.0,200.0,MMA,580.0,2.0
621,323,developpement,Evans-Ti/Mn-1992-A96aw,396.0,492.0,30.2,78.0,0.26939824614872754,0.075,0.35,0.66,0.009,0.007,,,,0.00025,,,,396.0,96.0,71.0,2.5,2.5,2.5,,,,170.0,21.0,DC,+,1.0,200.0,MMA,250.0,14.0
623,323,developpement,Evans-Ti/Mn-1992-A96ht,351.0,457.0,31.6,79.8,0.1252367325984755,0.075,0.35,0.66,0.009,0.007,,,,0.00025,,,,396.0,96.0,71.0,2.5,2.5,2.5,,,,170.0,21.0,DC,+,1.0,200.0,MMA,580.0,2.0
624,354,developpement,Evans-Ti/Mn-1992-A160aw,410.0,494.0,31.4,78.9,0.31871056717803004,0.076,0.38,0.67,0.009,0.007,,,,0.00025,,,,362.0,160.0,70.0,2.5,2.5,2.5,,,,170.0,21.0,DC,+,1.0,200.0,MMA,250.0,14.0
626,354,developpement,Evans-Ti/Mn-1992-A160ht,365.0,465.0,30.4,79.8,0.15328357715325586,0.076,0.38,0.67,0.009,0.007,,,,0.00025,,,,362.0,160.0,70.0,2.5,2.5,2.5,,,,170.0,21.0,DC,+,1.0,200.0,MMA,580.0,2.0
627,388,test,Evans-Ti/Mn-1992-A225aw,440.0,523.0,31.4,77.0,0.4170307696674465,0.078,0.44,0.71,0.006,0.008,,,,0.00025,,,,306.0,225.0,76.0,2.5,2.5,2.5,,,,170.0,21.0,DC,+,1.0,200.0,MMA,250.0,14.0
629,388,test,Evans-Ti/Mn-1992-A225ht,381.0,484.0,31.6,78.0,0.22114435667920468,0.078,0.44,0.71,0.006,0.008,,,,0.00025,,,,306.0,225.0,76.0,2.5,2.5,2.5,,,,170.0,21.0,DC,+,1.0,200.0,MMA,580.0,2.0
630,365,developpement,Evans-Ti/Mn-1992-B7aw,409.0,504.0,30.6,77.0,0.3193680680551478,0.077,0.3,1.0,0.008,0.007,,,,0.00025,,,,464.0,7.0,83.0,2.5,2.5,2.5,,,,170.0,21.0,DC,+,1.0,200.0,MMA,250.0,14.0
632,365,developpement,Evans-Ti/Mn-1992-B7ht,372.0,480.0,30.5,78.9,0.1947176460875687,0.077,0.3,1.0,0.008,0.007,,,,0.00025,,,,464.0,7.0,83.0,2.5,2.5,2.5,,,,170.0,21.0,DC,+,1.0,200.0,MMA,580.0,2.0
633,350,test,Evans-Ti/Mn-1992-B41aw,443.0,522.0,31.1,77.0,0.4174593494206172,0.076,0.35,1.01,0.008,0.005,,,,0.00025,,,,401.0,41.0,74.0,2.5,2.5,2.5,,,,170.0,21.0,DC,+,1.0,200.0,MMA,250.0,14.0
635,350,test,Evans-Ti/Mn-1992-B41ht,359.0,480.0,29.4,80.3,0.17896479698891452,0.076,0.35,1.01,0.008,0.005,,,,0.00025,,,,401.0,41.0,74.0,2.5,2.5,2.5,,,,170.0,21.0,DC,+,1.0,200.0,MMA,580.0,2.0
636,319,developpement,Evans-Ti/Mn-1992-B92aw,427.0,516.0,32.0,78.9,0.39829694465824694,0.075,0.31,1.03,0.008,0.007,,,,0.00025,,,,394.0,92.0,79.0,2.5,2.5,2.5,,,,170.0,21.0,DC,+,1.0,200.0,MMA,250.0,14.0
638,319,developpement,Evans-Ti/Mn-1992-B92ht,375.0,470.0,32.4,79.8,0.19681300311146321,0.075,0.31,1.03,0.008,0.007,,,,0.00025,,,,394.0,92.0,79.0,2.5,2.5,2.5,,,,170.0,21.0,DC,+,1.0,200.0,MMA,580.0,2.0
639,325,developpement,Evans-Ti/Mn-1992-B140aw,434.0,517.0,30.8,78.9,0.4078220001117903,0.075,0.35,1.05,0.008,0.007,,,,0.00025,,,,361.0,140.0,82.0,2.5,2.5,2.5,,,,170.0,21.0,DC,+,1.0,200.0,MMA,250.0,14.0
641,325,developpement,Evans-Ti/Mn-1992-B140ht,398.0,488.0,32.2,80.7,0.2962442445762365,0.075,0.35,1.05,0.008,0.007,,,,0.00025,,,,361.0,140.0,82.0,2.5,2.5,2.5,,,,170.0,21.0,DC,+,1.0,200.0,MMA,580.0,2.0
642,387,developpement,Evans-Ti/Mn-1992-B190aw,456.0,545.0,29.0,78.9,0.5024101774919448,0.078,0.43,1.1,0.007,0.005,,,,0.00025,,,,329.0,190.0,73.0,2.5,2.5,2.5,,,,170.0,21.0,DC,+,1.0,200.0,MMA,250.0,14.0
644,387,developpement,Evans-Ti/Mn-1992-B190ht,399.0,492.0,32.2,80.7,0.30800654088351076,0.078,0.43,1.1,0.007,0.005,,,,0.00025,,,,329.0,190.0,73.0,2.5,2.5,2.5,,,,170.0,21.0,DC,+,1.0,200.0,MMA,580.0,2.0
645,318,developpement,Evans-Ti/Mn-1992-C5aw,420.0,523.0,26.4,77.0,0.3270635739495768,0.075,0.3,1.31,0.008,0.006,,,,0.00025,,,,441.0,5.0,81.0,2.5,2.5,2.5,,,,170.0,21.0,DC,+,1.0,200.0,MMA,250.0,14.0
647,318,developpement,Evans-Ti/Mn-1992-C5ht,359.0,480.0,29.6,78.6,0.17086051894742063,0.075,0.3,1.31,0.008,0.006,,,,0.00025,,,,441.0,5.0,81.0,2.5,2.5,2.5,,,,170.0,21.0,DC,+,1.0,200.0,MMA,580.0,2.0
648,369,developpement,Evans-Ti/Mn-1992-C36aw,463.0,541.0,27.1,75.9,0.42366090498784514,0.077,0.32,1.33,0.007,0.005,,,,0.00025,,,,422.0,36.0,83.0,2.5,2.5,2.5,,,,170.0,21.0,DC,+,1.0,200.0,MMA,250.0,14.0
650,369,developpement,Evans-Ti/Mn-1992-C36ht,372.0,497.0,31.4,76.4,0.23625626636895083,0.077,0.32,1.33,0.007,0.005,,,,0.00025,,,,422.0,36.0,83.0,2.5,2.5,2.5,,,,170.0,21.0,DC,+,1.0,200.0,MMA,580.0,2.0
651,276,developpement,Evans-Ti/Mn-1992-C75aw,450.0,522.0,29.4,78.9,0.4405912423378472,0.073,0.3,1.32,0.008,0.007,,,,0.00025,,,,401.0,75.0,77.0,2.5,2.5,2.5,,,,170.0,21.0,DC,+,1.0,200.0,MMA,250.0,14.0
653,276,developpement,Evans-Ti/Mn-1992-C75ht,419.0,507.0,33.4,80.7,0.3995944259016062,0.073,0.3,1.32,0.008,0.007,,,,0.00025,,,,401.0,75.0,77.0,2.5,2.5,2.5,,,,170.0,21.0,DC,+,1.0,200.0,MMA,580.0,2.0
654,395,test,Evans-Ti/Mn-1992-C140aw,464.0,544.0,29.4,78.9,0.5200524410437897,0.079,0.33,1.35,0.008,0.007,,,,0.00025,,,,375.0,140.0,78.0,2.5,2.5,2.5,,,,170.0,21.0,DC,+,1.0,200.0,MMA,250.0,14.0
656,395,test,Evans-Ti/Mn-1992-C140ht,413.0,508.0,27.0,79.8,0.33403416471559066,0.079,0.33,1.35,0.008,0.007,,,,0.00025,,,,375.0,140.0,78.0,2.5,2.5,2.5,,,,170.0,21.0,DC,+,1.0,200.0,MMA,580.0,2.0
657,420,developpement,Evans-Ti/Mn-1992-C215aw,485.0,559.0,28.0,80.7,0.5997290873634883,0.08,0.39,1.37,0.007,0.006,,,,0.00025,,,,320.0,215.0,90.0,2.5,2.5,2.5,,,,170.0,21.0,DC,+,1.0,200.0,MMA,250.0,14.0
659,420,developpement,Evans-Ti/Mn-1992-C215ht,429.0,537.0,28.4,77.5,0.3944024294669062,0.08,0.39,1.37,0.007,0.006,,,,0.00025,,,,320.0,215.0,90.0,2.5,2.5,2.5,,,,170.0,21.0,DC,+,1.0,200.0,MMA,580.0,2.0
660,362,developpement,Evans-Ti/Mn-1992-D7aw,458.0,568.0,28.6,76.0,0.49141298714738235,0.077,0.28,1.79,0.007,0.006,,,,0.00025,,,,439.0,7.0,82.0,2.5,2.5,2.5,,,,170.0,21.0,DC,+,1.0,200.0,MMA,250.0,14.0
662,362,developpement,Evans-Ti/Mn-1992-D7ht,381.0,500.0,30.4,78.9,0.2789712096426307,0.077,0.28,1.79,0.007,0.006,,,,0.00025,,,,439.0,7.0,82.0,2.5,2.5,2.5,,,,170.0,21.0,DC,+,1.0,200.0,MMA,580.0,2.0
663,384,developpement,Evans-Ti/Mn-1992-D36aw,500.0,571.0,28.8,77.0,0.5816024820392671,0.078,0.31,1.75,0.007,0.006,,,,0.00025,,,,417.0,36.0,94.0,2.5,2.5,2.5,,,,170.0,21.0,DC,+,1.0,200.0,MMA,250.0,14.0
665,384,developpement,Evans-Ti/Mn-1992-D36ht,414.0,518.0,29.2,78.4,0.3539724954319922,0.078,0.31,1.75,0.007,0.006,,,,0.00025,,,,417.0,36.0,94.0,2.5,2.5,2.5,,,,170.0,21.0,DC,+,1.0,200.0,MMA,580.0,2.0
666,363,developpement,Evans-Ti/Mn-1992-D105aw,484.0,577.0,26.2,77.9,0.5432362827942876,0.077,0.29,1.76,0.007,0.007,,,,0.00025,,,,396.0,105.0,81.0,2.5,2.5,2.5,,,,170.0,21.0,DC,+,1.0,200.0,MMA,250.0,14.0
668,363,developpement,Evans-Ti/Mn-1992-D105ht,429.0,532.0,27.4,78.9,0.3942090277433068,0.077,0.29,1.76,0.007,0.007,,,,0.00025,,,,396.0,105.0,81.0,2.5,2.5,2.5,,,,170.0,21.0,DC,+,1.0,200.0,MMA,580.0,2.0
669,320,developpement,Evans-Ti/Mn-1992-D170aw,510.0,590.0,27.4,79.7,0.6523949737919565,0.075,0.32,1.83,0.006,0.007,,,,0.00025,,,,346.0,170.0,82.0,2.5,2.5,2.5,,,,170.0,21.0,DC,+,1.0,200.0,MMA,250.0,14.0
671,320,developpement,Evans-Ti/Mn-1992-D170ht,471.0,565.0,27.8,78.0,0.530070077672258,0.075,0.32,1.83,0.006,0.007,,,,0.00025,,,,346.0,170.0,82.0,2.5,2.5,2.5,,,,170.0,21.0,DC,+,1.0,200.0,MMA,580.0,2.0
672,397,developpement,Evans-Ti/Mn-1992-D255aw,536.0,612.0,25.4,76.0,0.5753866456743095,0.079,0.37,1.82,0.006,0.007,,,,0.00025,,,,324.0,255.0,81.0,2.5,2.5,2.5,,,,170.0,21.0,DC,+,1.0,200.0,MMA,250.0,14.0
674,397,developpement,Evans-Ti/Mn-1992-D255ht,474.0,575.0,29.4,78.0,0.5760670746901956,0.079,0.37,1.82,0.006,0.007,,,,0.00025,,,,324.0,255.0,81.0,2.5,2.5,2.5,,,,170.0,21.0,DC,+,1.0,200.0,MMA,580.0,2.0
675,292,test,KocakPEv-TiN-1994-O,445.0,528.0,28.2,78.0,0.4191102649441646,0.074,0.25,1.4,0.008,0.007,,,,,,,,475.0,1.0,79.0,,,,,,,170.0,21.0,DC,+,1.0,200.0,MMA,0.0,0.0
676,361,developpement,KocakPREv-TiN-1994-Wa,471.0,544.0,25.2,77.0,0.4387424692839784,0.077,0.27,1.46,0.008,0.007,,,,,,,,459.0,28.0,81.0,,,,,,,170.0,21.0,DC,+,1.0,200.0,MMA,0.0,0.0
677,271,test,KocakPREv-TiN-1994-Wb,478.0,540.0,24.2,78.9,0.4684422743544962,0.073,0.26,1.41,0.007,0.011,,,,,,,,392.0,90.0,83.0,,,,,,,170.0,21.0,DC,+,1.0,200.0,MMA,0.0,0.0
678,298,developpement,KocakPREv-TiN-1994-Wc,480.0,538.0,27.8,79.8,0.5246323365870158,0.074,0.3,1.45,0.007,0.009,,,,,,,,337.0,120.0,84.0,,,,,,,170.0,21.0,DC,+,1.0,200.0,MMA,0.0,0.0
679,267,developpement,KocakPREv-TiN-1994-Wd,509.0,578.0,26.4,78.9,0.6165880520365193,0.072,0.38,1.5,0.006,0.01,,,,,,,,291.0,260.0,77.0,,,,,,,170.0,21.0,DC,+,1.0,200.0,MMA,0.0,0.0
680,223,developpement,KocakPREv-TiN-1994-Xa,504.0,577.0,25.8,79.8,0.6081763516269288,0.069,0.45,1.47,0.005,0.006,,,,,,,,282.0,410.0,77.0,,,,,,,170.0,21.0,DC,+,1.0,200.0,MMA,0.0,0.0
681,244,developpement,KocakPREv-TiN-1994-Xb,530.0,597.0,25.0,81.6,0.6758795966317439,0.07,0.45,1.5,0.005,0.006,,,,,,,,294.0,550.0,75.0,,,,,,,170.0,21.0,DC,+,1.0,200.0,MMA,0.0,0.0
682,296,developpement,KocakPREv-TiN-1994-O1,473.0,566.0,24.0,77.0,0.4582608259004659,0.074,0.28,1.58,0.008,0.008,,,,,,,,404.0,2.5,145.0,,,,,,,170.0,21.0,DC,+,1.0,200.0,MMA,0.0,0.0
683,206,developpement,KocakPREv-TiN-1994-W1a,482.0,545.0,28.0,78.9,0.543215259323767,0.068,0.28,1.4,0.01,0.008,,,,,,,,409.0,31.0,148.0,,,,,,,170.0,21.0,DC,+,1.0,200.0,MMA,0.0,0.0
684,219,developpement,KocakPREv-TiN-1994-W1b,522.0,584.0,26.4,78.9,0.6368358946719466,0.069,0.31,1.5,0.008,0.008,,,,,,,,400.0,51.0,160.0,,,,,,,170.0,21.0,DC,+,1.0,200.0,MMA,0.0,0.0
685,237,developpement,KocakPREv-TiN-1994-W1c,513.0,573.0,25.2,76.0,0.5209003253090662,0.07,0.29,1.5,0.008,0.009,,,,,,,,341.0,120.0,164.0,,,,,,,170.0,21.0,DC,+,1.0,200.0,MMA,0.0,0.0
686,212,test,KocakPREv-TiN-1994-W1d,546.0,611.0,24.0,78.0,0.6109897225680835,0.068,0.39,1.51,0.007,0.009,,,,,,,,278.0,300.0,166.0,,,,,,,170.0,21.0,DC,+,1.0,200.0,MMA,0.0,0.0
687,195,developpement,KocakPREv-TiN-1994-X1a,584.0,639.0,23.0,75.0,0.5557101404804126,0.066,0.47,1.48,0.007,0.011,,,,,,,,285.0,410.0,164.0,,,,,,,170.0,21.0,DC,+,1.0,200.0,MMA,0.0,0.0
688,243,developpement,KocakPREv-TiN-1994-X1b,535.0,599.0,25.6,76.0,0.571525957682343,0.07,0.45,1.5,0.004,0.006,,,,,,,,297.0,590.0,155.0,,,,,,,170.0,21.0,DC,+,1.0,200.0,MMA,0.0,0.0
689,272,test,KocakPREv-TiN-1994-O2,505.0,607.0,24.0,76.0,0.5205003084997477,0.073,0.27,1.66,0.009,0.008,,,,,,,,399.0,2.5,235.0,,,,,,,170.0,21.0,DC,+,1.0,200.0,MMA,0.0,0.0
690,216,developpement,KocakPREv-TiN-1994-W2a,492.0,581.0,25.8,77.9,0.5544005876179707,0.069,0.26,1.45,0.01,0.009,,,,,,,,391.0,29.0,226.0,,,,,,,170.0,21.0,DC,+,1.0,200.0,MMA,0.0,0.0
691,275,developpement,KocakPREv-TiN-1994-W2b,538.0,591.0,24.9,74.5,0.5260376514241069,0.073,0.29,1.53,0.009,0.007,,,,,,,,419.0,46.0,243.0,,,,,,,170.0,21.0,DC,+,1.0,200.0,MMA,0.0,0.0
692,236,developpement,KocakPREv-TiN-1994-W2c,523.0,599.0,29.2,77.0,0.6518565614570254,0.07,0.28,1.45,0.009,0.009,,,,,,,,315.0,120.0,239.0,,,,,,,170.0,21.0,DC,+,1.0,200.0,MMA,0.0,0.0
693,201,developpement,KocakPREv-TiN-1994-W2d,546.0,621.0,23.6,76.0,0.5561502252188502,0.067,0.4,1.48,0.006,0.008,,,,,,,,286.0,320.0,253.0,,,,,,,170.0,21.0,DC,+,1.0,200.0,MMA,0.0,0.0
694,213,developpement,KocakPREv-TiN-1994-X2a,578.0,631.0,24.6,78.0,0.6486715667231194,0.068,0.47,1.46,0.007,0.006,,,,,,,,297.0,450.0,249.0,,,,,,,170.0,21.0,DC,+,1.0,200.0,MMA,0.0,0.0
695,192,test,KocakPREv-TiN-1994-X2b,552.0,615.0,26.4,78.0,0.6580763651306982,0.066,0.43,1.47,0.005,0.006,,,,,,,,322.0,690.0,240.0,,,,,,,170.0,21.0,DC,+,1.0,200.0,MMA,0.0,0.0
696,5,developpement,Evans-Mn-1977-Aaw,392.0,466.0,31.9,80.6,0.24273625976818375,0.035,0.3,0.66,0.006,0.013,,,,,,,,490.0,,70.0,,,,,,,170.0,21.0,DC,+,1.0,150.0,MMA,0.0,0.0
697,5,developpement,Evans-Mn-1977-Aht,370.0,456.0,35.2,80.6,0.14623730129854673,0.035,0.3,0.66,0.006,0.013,,,,,,,,490.0,,70.0,,,,,,,170.0,21.0,DC,+,1.0,150.0,MMA,500.0,2.0
698,18,developpement,Evans-Mn-1977-Baw,413.0,498.0,31.2,80.6,0.35103045759337803,0.038,0.3,1.0,0.005,0.014,,,,,,,,460.0,,100.0,,,,,,,170.0,21.0,DC,+,1.0,150.0,MMA,0.0,0.0
699,18,developpement,Evans-Mn-1977-Bht,402.0,490.0,31.0,80.6,0.298069665359332,0.038,0.3,1.0,0.005,0.014,,,,,,,,460.0,,100.0,,,,,,,170.0,21.0,DC,+,1.0,150.0,MMA,500.0,2.0
700,85,developpement,Evans-Mn-1977-Caw,468.0,551.0,29.4,78.7,0.5294559603779544,0.049,0.34,1.42,0.005,0.013,,,,,,,,410.0,,90.0,,,,,,,170.0,21.0,DC,+,1.0,150.0,MMA,0.0,0.0
701,85,developpement,Evans-Mn-1977-Cht,436.0,529.0,31.6,78.8,0.44397521366847637,0.049,0.34,1.42,0.005,0.013,,,,,,,,410.0,,90.0,,,,,,,170.0,21.0,DC,+,1.0,150.0,MMA,500.0,2.0
702,108,developpement,Evans-Mn-1977-Daw,514.0,588.0,28.0,76.8,0.5947808608394393,0.051,0.34,1.82,0.006,0.017,,,,,,,,390.0,,90.0,,,,,,,170.0,21.0,DC,+,1.0,150.0,MMA,0.0,0.0
703,108,developpement,Evans-Mn-1977-Dht,479.0,576.0,27.4,76.9,0.5220683354620669,0.051,0.34,1.82,0.006,0.017,,,,,,,,390.0,,90.0,,,,,,,170.0,21.0,DC,+,1.0,150.0,MMA,500.0,2.0
712,94,developpement,Alekseev&-CMnNi-1991-CH1,481.0,616.0,23.0,69.0,0.39986194542051395,0.04,0.24,0.84,0.009,0.01,2.2,,,,0.13,,,300.0,150.0,,,,,,,,165.0,25.0,DC,-,1.0,200.0,MMA,0.0,0.0
713,89,developpement,Alekseev&-CMnNi-1991-CH2,471.0,596.0,23.0,66.0,0.35210496005770575,0.04,0.22,0.81,0.009,0.011,2.19,,,,0.29,,,300.0,120.0,,,,,,,,165.0,25.0,DC,-,1.0,200.0,MMA,0.0,0.0
714,90,test,Alekseev&-CMnNi-1991-CH3,498.0,599.0,24.0,65.0,0.388226993221257,0.04,0.23,0.83,0.01,0.011,2.19,,,,0.45,,,280.0,140.0,,,,,,,,165.0,25.0,DC,-,1.0,200.0,MMA,0.0,0.0
715,93,developpement,Alekseev&-CMnNi-1991-CH4,525.0,623.0,21.0,65.0,0.3586783357825108,0.04,0.24,0.82,0.009,0.01,2.2,,,,0.62,,,300.0,150.0,,,,,,,,165.0,25.0,DC,-,1.0,200.0,MMA,0.0,0.0
716,91,developpement,Alekseev&-CMnNi-1991-CH5,536.0,635.0,23.0,65.0,0.40986948033870557,0.04,0.23,0.83,0.01,0.011,2.21,,,,0.79,,,320.0,140.0,,,,,,,,165.0,25.0,DC,-,1.0,200.0,MMA,0.0,0.0
717,92,developpement,Alekseev&-CMnNi-1991-CH6,566.0,674.0,21.0,62.0,0.36036988693519834,0.04,0.23,0.83,0.01,0.011,2.21,,,,1.01,,,320.0,130.0,,,,,,,,165.0,25.0,DC,-,1.0,200.0,MMA,0.0,0.0
718,88,developpement,Alekseev&-CMnNi-1991-CH7,573.0,690.0,21.0,62.0,0.3650744310400074,0.04,0.2,0.8,0.01,0.011,2.2,,,,1.2,,,370.0,140.0,,,,,,,,165.0,25.0,DC,-,1.0,200.0,MMA,0.0,0.0
719,500,developpement,Evans-AlEl9Cr1Mo-1994--,617.0,762.0,18.4,61.2,0.31295660394882757,0.099,0.17,1.01,0.007,0.012,0.08,9.3,1.0,0.2,,0.0,0.0,634.0,,539.0,,,460.0,,,,180.0,34.0,DC,+,1.0,175.0,MMA,750.0,8.0
720,479,test,Evans-AlEl9Cr1Mo-1994-1Ni,551.0,751.0,19.6,64.5,0.35590521414084847,0.093,0.16,1.03,0.008,0.012,0.98,9.08,0.98,0.19,,0.0,0.0,651.0,,515.0,,,430.0,,,,180.0,34.0,DC,+,1.0,175.0,MMA,750.0,8.0
721,518,developpement,Evans-AlEl9Cr1Mo-1994-2Ni,672.0,866.0,13.6,56.8,0.18725197446090874,0.101,0.17,1.02,0.008,0.012,1.92,9.12,1.0,0.19,,0.0,0.0,664.0,,494.0,,,470.0,,,,180.0,34.0,DC,+,1.0,175.0,MMA,750.0,8.0
722,487,developpement,Evans-AlEl9Cr1Mo-1994-3Ni,920.0,1151.0,10.6,47.6,0.12491686064926576,0.095,0.16,1.02,0.007,0.012,3.01,9.17,0.96,0.19,,0.0,0.0,610.0,,489.0,,,450.0,,,,180.0,34.0,DC,+,1.0,175.0,MMA,750.0,8.0
723,493,developpement,Evans-AlEl9Cr1Mo-1994-1Co,525.0,696.0,19.8,64.4,0.33676114171666555,0.096,0.16,1.01,0.007,0.013,0.0,9.16,0.99,0.19,,0.95,0.0,672.0,,552.0,,,450.0,,,,180.0,34.0,DC,+,1.0,175.0,MMA,750.0,8.0
724,483,developpement,Evans-AlEl9Cr1Mo-1994-2Co,526.0,690.0,21.9,66.0,0.4050179000695654,0.094,0.18,1.0,0.008,0.017,0.0,9.31,0.98,0.19,,1.89,0.0,687.0,,517.0,,,430.0,,,,180.0,34.0,DC,+,1.0,175.0,MMA,750.0,8.0
725,474,developpement,Evans-AlEl9Cr1Mo-1994-3Co,481.0,672.0,23.7,66.7,0.4093278171075787,0.091,0.16,1.0,0.008,0.015,0.0,9.3,0.98,0.19,,2.8,0.0,666.0,,520.0,,,410.0,,,,180.0,34.0,DC,+,1.0,175.0,MMA,750.0,8.0
726,488,developpement,Evans-AlEl9Cr1Mo-1994-1W,526.0,702.0,19.6,59.3,0.2869897338996897,0.095,0.18,1.04,0.008,0.015,0.0,9.35,1.0,0.19,,0.0,1.03,656.0,,544.0,,,510.0,,,,180.0,34.0,DC,+,1.0,175.0,MMA,750.0,8.0
727,494,developpement,Evans-AlEl9Cr1Mo-1994-2W,515.0,698.0,18.9,59.0,0.2614926090570135,0.096,0.2,0.99,0.007,0.015,0.0,9.25,0.91,0.19,,0.0,1.92,669.0,,526.0,,,530.0,,,,180.0,34.0,DC,+,1.0,175.0,MMA,750.0,8.0
728,485,developpement,Evans-AlEl9Cr1Mo-1994-3W,489.0,686.0,18.7,49.6,0.2100737669944093,0.094,0.2,1.03,0.008,0.015,0.0,9.26,0.84,0.19,,0.0,2.99,640.0,,537.0,,,580.0,,,,180.0,34.0,DC,+,1.0,175.0,MMA,750.0,8.0
729,496,test,Evans-AlEl9Cr1Mo-1994-1W1Ni,531.0,738.0,17.3,58.1,0.23267009803877015,0.097,0.18,1.0,0.007,0.015,0.93,9.1,0.96,0.19,,0.0,0.98,667.0,,529.0,,,460.0,,,,180.0,34.0,DC,+,1.0,175.0,MMA,750.0,8.0
730,475,developpement,Evans-AlEl9Cr1Mo-1994-1W1Co,492.0,673.0,21.8,65.3,0.3690424457513437,0.091,0.18,0.99,0.008,0.015,0.0,8.94,0.97,0.18,,0.92,0.98,695.0,,509.0,,,440.0,,,,180.0,34.0,DC,+,1.0,175.0,MMA,750.0,8.0
731,468,developpement,Evans-AlEl9Cr1Mo-1994-1W2Co,524.0,701.0,20.7,63.7,0.35317153420121744,0.09,0.17,0.97,0.008,0.015,0.0,9.2,0.96,0.18,,1.87,0.97,662.0,,523.0,,,450.0,,,,180.0,34.0,DC,+,1.0,175.0,MMA,750.0,8.0
895,408,developpement,Kluket-CuMnB-1994-1,462.0,638.0,31.0,67.0,0.5283262489973429,0.07,0.53,1.72,0.012,0.016,0.01,0.03,0.01,0.01,0.03,,,176.0,240.0,54.0,210.0,7.0,,,,,700.0,32.0,DC,+,4.8,200.0,SA,0.0,0.0
896,460,developpement,Kluket-CuMnB-1994-2,507.0,694.0,30.0,58.0,0.542167134727954,0.08,0.59,1.84,0.013,0.016,0.01,0.05,0.01,0.01,0.38,,,155.0,230.0,54.0,240.0,8.0,,,,,700.0,32.0,DC,+,4.8,200.0,SA,0.0,0.0
897,463,developpement,Kluket-CuMnB-1994-3,523.0,714.0,30.0,53.0,0.5585764311868358,0.08,0.62,1.86,0.013,0.016,0.01,0.05,0.01,0.01,0.81,,,174.0,230.0,54.0,220.0,10.0,,,,,700.0,32.0,DC,+,4.8,200.0,SA,0.0,0.0
898,458,developpement,Kluket-CuMnB-1994-4,522.0,709.0,30.0,54.0,0.5559815484676579,0.08,0.58,1.83,0.013,0.016,0.45,0.05,0.01,0.01,0.03,,,171.0,230.0,55.0,230.0,6.0,,,,,700.0,32.0,DC,+,4.8,200.0,SA,0.0,0.0
899,459,developpement,Kluket-CuMnB-1994-5,500.0,731.0,28.0,49.0,0.48339927854952425,0.08,0.59,1.84,0.013,0.015,0.45,0.05,0.01,0.01,0.4,,,168.0,250.0,49.0,240.0,9.0,,,,,700.0,32.0,DC,+,4.8,200.0,SA,0.0,0.0
900,462,developpement,Kluket-CuMnB-1994-6,504.0,743.0,27.0,46.0,0.4559403578699515,0.08,0.62,1.85,0.013,0.017,0.45,0.05,0.01,0.01,0.81,,,152.0,220.0,52.0,240.0,10.0,,,,,700.0,32.0,DC,+,4.8,200.0,SA,0.0,0.0
901,461,developpement,Kluket-CuMnB-1994-7,515.0,737.0,26.0,48.0,0.4359353984168439,0.08,0.62,1.83,0.013,0.014,1.51,0.05,0.01,0.01,0.03,,,185.0,230.0,67.0,200.0,7.0,,,,,700.0,32.0,DC,+,4.8,200.0,SA,0.0,0.0
902,409,developpement,Kluket-CuMnB-1994-8,515.0,810.0,24.0,41.0,0.3719058803363846,0.07,0.59,1.85,0.013,0.014,1.5,0.05,0.01,0.01,0.42,,,146.0,250.0,57.0,200.0,9.0,,,,,700.0,32.0,DC,+,4.8,200.0,SA,0.0,0.0
903,464,developpement,Kluket-CuMnB-1994-9,542.0,829.0,26.0,51.0,0.46472545552241784,0.08,0.66,1.92,0.013,0.015,1.54,0.05,0.01,0.01,0.89,,,148.0,260.0,51.0,230.0,13.0,,,,,700.0,32.0,DC,+,4.8,200.0,SA,0.0,0.0
904,514,developpement,Kluket-CuMnB-1994-10,466.0,761.0,29.0,44.0,0.47379024053576196,0.09,0.63,1.9,0.013,0.015,0.01,0.05,0.01,0.01,0.04,,,165.0,250.0,56.0,190.0,36.0,,,,,700.0,32.0,DC,+,4.8,200.0,SA,0.0,0.0
905,465,developpement,Kluket-CuMnB-1994-11,489.0,807.0,27.0,42.0,0.4470782811319991,0.08,0.67,1.94,0.013,0.015,0.51,0.05,0.01,0.01,0.43,,,142.0,280.0,57.0,220.0,40.0,,,,,700.0,32.0,DC,+,4.8,200.0,SA,0.0,0.0
906,466,developpement,Kluket-CuMnB-1994-12,546.0,869.0,21.0,28.0,0.2929101651285179,0.08,0.68,1.94,0.013,0.015,1.54,0.05,0.01,0.01,0.85,,,132.0,290.0,55.0,270.0,44.0,,,,,700.0,32.0,DC,+,4.8,200.0,SA,0.0,0.0
907,405,developpement,Cunh-1982-7018aw1,456.2,529.8,27.5,73.0,0.37406929075490275,0.07,0.34,0.95,0.027,0.021,0.0,0.0,0.0,0.006,0.0,,,,70.0,90.0,35.0,,60.0,0.0,,90.0,,,DC,+,2.7,250.0,MMA,0.0,0.0
908,405,developpement,Cunh-1982-7018ht1,430.7,519.9,29.5,73.5,0.3413970827304991,0.07,0.34,0.95,0.027,0.021,0.0,0.0,0.0,0.006,0.0,,,,70.0,90.0,35.0,,60.0,0.0,,90.0,,,DC,+,2.7,250.0,MMA,600.0,2.1
909,230,developpement,Cunh-1982-8018Gaw2,475.8,564.1,28.0,70.5,0.4528988271484877,0.06,0.28,0.55,0.024,0.041,1.26,0.0,0.0,0.01,0.02,,,,70.0,70.0,35.0,,60.0,0.0,,90.0,,,DC,+,2.2,250.0,MMA,0.0,0.0
910,230,developpement,Cunh-1982-8018Ght2,430.7,529.8,24.5,69.0,0.2702261594798699,0.06,0.28,0.55,0.024,0.041,1.26,0.0,0.0,0.01,0.02,,,,70.0,70.0,35.0,,60.0,0.0,,90.0,,,DC,+,2.2,250.0,MMA,600.0,2.1
911,509,developpement,Cunh-1982-7016aw3,491.5,573.9,28.0,74.0,0.5201661261344567,0.09,0.42,0.93,0.011,0.058,0.0,0.0,0.02,0.004,0.08,,,,140.0,160.0,40.0,,120.0,1000.0,,140.0,,,DC,+,2.5,250.0,MMA,0.0,0.0
912,509,developpement,Cunh-1982-7016ht3,420.9,541.5,24.5,74.5,0.3213689547964284,0.09,0.42,0.93,0.011,0.058,0.0,0.0,0.02,0.004,0.08,,,,140.0,160.0,40.0,,120.0,1000.0,,140.0,,,DC,+,2.5,250.0,MMA,600.0,2.1
913,453,developpement,Cunh-1982-7018Gaw4,503.3,591.5,28.0,73.0,0.5436520864528823,0.08,0.33,0.65,0.015,0.026,0.5,0.35,0.008,0.004,0.02,,,,200.0,140.0,45.0,,150.0,60.0,,140.0,,,DC,+,2.4,250.0,MMA,0.0,0.0
914,453,developpement,Cunh-1982-7018Ght4,500.3,600.4,22.7,73.7,0.46129238559036145,0.08,0.33,0.65,0.015,0.026,0.5,0.35,0.008,0.004,0.02,,,,200.0,140.0,45.0,,150.0,60.0,,140.0,,,DC,+,2.4,250.0,MMA,600.0,2.1
915,410,developpement,Cunh-1982-8018Gaw5,479.7,583.7,24.0,71.5,0.4181331883316422,0.07,0.61,1.07,0.025,0.026,0.0,0.0,0.0,0.014,0.0,,,,64.0,94.0,70.0,,40.0,0.0,,64.0,,,DC,+,2.8,250.0,MMA,0.0,0.0
916,410,developpement,Cunh-1982-8018Ght5,456.2,555.2,24.5,72.0,0.3708868437657345,0.07,0.61,1.07,0.025,0.026,0.0,0.0,0.0,0.014,0.0,,,,64.0,94.0,70.0,,40.0,0.0,,64.0,,,DC,+,2.8,250.0,MMA,600.0,2.1
917,402,developpement,Cunh-1982-7018aw6,463.0,552.3,33.0,75.0,0.5194197066687158,0.07,0.21,0.75,0.011,0.011,0.0,0.0,0.0,0.0,0.0,,,,0.0,190.0,69.0,,0.0,0.0,,0.0,,,DC,+,2.6,250.0,MMA,0.0,0.0
919,510,developpement,Cunh-1982-7016aw7,486.8,569.3,24.0,71.0,0.41017643564505624,0.09,0.44,0.9,0.01,0.027,0.0,0.0,0.0,0.0,0.0,,,,200.0,70.0,88.0,,0.0,0.0,,0.0,,,DC,+,1.8,150.0,MMA,0.0,0.0
921,454,developpement,Cunh-1982-8018Gaw8,453.8,536.3,22.6,72.0,0.3098486295827377,0.08,0.35,0.65,0.01,0.021,1.2,0.0,0.0,0.02,0.0,,,,40.0,100.0,150.0,,0.0,0.0,,0.0,,,DC,+,1.8,140.0,MMA,0.0,0.0
923,234,developpement,Cunh-1982-8018Gaw9,553.3,626.9,25.0,70.4,0.5147502007420939,0.06,0.53,1.15,0.013,0.015,0.0,0.02,0.0,0.0,0.0,,,,0.0,100.0,57.0,,0.0,0.0,,80.0,,,DC,+,1.8,150.0,MMA,0.0,0.0
925,406,developpement,Cunh-1982-7016aw10,478.5,569.3,22.1,72.4,0.3903664232694086,0.07,0.47,0.85,0.013,0.024,0.0,0.0,0.0,0.01,0.0,,,,80.0,120.0,43.0,,0.0,0.0,,0.0,,,DC,+,1.8,150.0,MMA,0.0,0.0
927,407,developpement,Cunh-1982-7018ht11,561.1,643.5,21.0,64.2,0.37059494620706523,0.07,0.47,1.1,0.011,0.02,0.0,0.0,0.0,0.01,0.0,,,,200.0,190.0,53.0,,0.0,0.0,,0.0,,,DC,+,1.9,140.0,MMA,0.0,0.0
929,457,developpement,Cunh-1982-7018aw12,486.8,577.5,20.5,70.2,0.355406629408136,0.08,0.49,0.9,0.014,0.029,0.0,0.05,0.0,0.0,0.0,,,,50.0,170.0,108.0,,0.0,0.0,,0.0,,,DC,+,1.9,150.0,MMA,0.0,0.0
931,137,developpement,Cunh-1982-13aw,420.8,504.2,33.0,73.0,0.3335336843191769,0.05,0.25,1.15,0.015,0.024,0.0,0.0,0.0,0.004,0.12,,,,30.0,140.0,105.0,,50.0,150.0,,60.0,,,DC,+,2.4,200.0,SA,0.0,0.0
932,137,developpement,Cunh-1982-13ht,387.5,482.7,29.5,70.5,0.18235972640314468,0.05,0.25,1.15,0.015,0.024,0.0,0.0,0.0,0.004,0.12,,,,30.0,140.0,105.0,,50.0,150.0,,60.0,,,DC,+,2.4,200.0,SA,600.0,2.1
933,527,developpement,Cunh-1982-14aw,630.8,725.9,24.5,68.5,0.5315887186990012,0.1,0.18,1.6,0.015,0.029,0.0,0.0,0.5,0.004,0.14,,,,20.0,110.0,80.0,,100.0,0.0,,60.0,,,DC,+,2.4,200.0,SA,0.0,0.0
934,527,developpement,Cunh-1982-14ht,605.3,694.5,25.5,67.5,0.5382232947706985,0.1,0.18,1.6,0.015,0.029,0.0,0.0,0.5,0.004,0.14,,,,20.0,110.0,80.0,,100.0,0.0,,60.0,,,DC,+,2.4,200.0,SA,600.0,2.1
935,504,developpement,Cunh-1982-15aw,540.5,645.5,27.5,66.0,0.529699300238392,0.09,0.28,1.52,0.015,0.045,0.0,0.0,0.5,0.005,0.1,,,,80.0,110.0,125.0,,50.0,0.0,,70.0,,,DC,+,2.4,200.0,SA,0.0,0.0
936,504,developpement,Cunh-1982-15ht,562.1,640.6,27.5,66.5,0.5440333311922777,0.09,0.28,1.52,0.015,0.045,0.0,0.0,0.5,0.005,0.1,,,,80.0,110.0,125.0,,50.0,0.0,,70.0,,,DC,+,2.4,200.0,SA,600.0,2.1
937,588,developpement,Cunh-1982-16aw,483.6,586.6,32.0,70.5,0.5670101637401828,0.12,0.22,1.24,0.036,0.019,0.0,0.0,0.0,0.0,0.18,,,,0.0,110.0,110.0,,200.0,150.0,,0.0,,,DC,+,1.7,200.0,SA,0.0,0.0
938,588,developpement,Cunh-1982-16ht,414.0,532.7,33.0,74.5,0.38320418410627677,0.12,0.22,1.24,0.036,0.019,0.0,0.0,0.0,0.0,0.18,,,,0.0,110.0,110.0,,200.0,150.0,,0.0,,,DC,+,1.7,200.0,SA,600.0,2.1
939,619,test,Cunh-1982-17aw,536.6,627.8,30.0,68.0,0.596451267844593,0.15,0.32,1.2,0.017,0.025,0.0,0.0,0.0,0.0,0.0,,,,0.0,99.0,90.0,,0.0,0.0,,0.0,,,DC,+,1.6,200.0,SA,0.0,0.0
940,619,test,Cunh-1982-17ht,487.6,586.6,31.0,73.5,0.5787017330164458,0.15,0.32,1.2,0.017,0.025,0.0,0.0,0.0,0.0,0.0,,,,0.0,99.0,90.0,,0.0,0.0,,0.0,,,DC,+,1.6,200.0,SA,600.0,1.3
941,447,developpement,Cunh-1982-18aw,453.2,596.4,30.0,74.0,0.5220327101588557,0.08,0.21,1.2,0.014,0.022,0.0,0.0,0.0,0.0,0.0,,,,0.0,100.0,128.0,,60.0,0.0,,120.0,,,DC,+,1.7,200.0,SA,0.0,0.0
942,447,developpement,Cunh-1982-18ht,455.2,569.0,35.0,74.0,0.5401107009939049,0.08,0.21,1.2,0.014,0.022,0.0,0.0,0.0,0.0,0.0,,,,0.0,100.0,128.0,,60.0,0.0,,120.0,,,DC,+,1.7,200.0,SA,600.0,1.7
943,524,developpement,Cunh-1982-19aw,519.9,593.5,30.0,72.0,0.5919055859493636,0.1,0.12,1.2,0.013,0.024,0.0,0.0,0.0,0.0,0.0,,,,0.0,89.0,42.0,,60.0,0.0,,150.0,,,DC,+,1.7,200.0,SA,0.0,0.0
944,524,developpement,Cunh-1982-19ht,390.1,487.6,37.0,77.0,0.25440327752272596,0.1,0.12,1.2,0.013,0.024,0.0,0.0,0.0,0.0,0.0,,,,0.0,89.0,42.0,,60.0,0.0,,150.0,,,DC,+,1.7,200.0,SA,600.0,2.3
945,176,developpement,Pat-1981-RE2L/BX200,388.0,497.0,30.0,58.0,0.19528526575628521,0.064,0.27,1.44,0.021,0.024,,,0.02,0.009,0.28,,,590.0,,102.0,,,,,,,625.0,75.36,DC,+,4.6,200.0,TSA,0.0,0.0
950,278,developpement,Pat-1981-S2/BX200,383.0,492.0,30.0,66.0,0.18883524989601272,0.073,0.33,1.44,0.021,0.018,,,0.02,0.009,0.22,,,563.0,,124.0,,,,,,,625.0,75.36,DC,+,4.6,200.0,TSA,0.0,0.0
955,159,developpement,Pat-1981-RE3L/BX200,371.0,526.0,34.0,66.0,0.2809695464704953,0.06,0.29,1.68,0.017,0.019,,,0.02,0.01,0.28,,,521.0,,133.0,,,,,,,625.0,75.36,DC,+,4.6,200.0,TSA,0.0,0.0
960,415,developpement,Pat-1981-WB3/BX200,391.0,522.0,30.0,64.0,0.2588605992429623,0.08,0.31,1.67,0.017,0.017,,,0.03,0.01,0.25,,,502.0,,82.0,,,,,,,625.0,75.36,DC,+,4.6,200.0,TSA,0.0,0.0
965,432,developpement,Pat-1981-S4/BX200,389.0,564.0,28.0,69.0,0.3417062139604957,0.086,0.28,1.68,0.023,0.02,,,0.01,0.01,0.23,,,487.0,,77.0,,,,,,,625.0,75.36,DC,+,4.6,200.0,TSA,0.0,0.0
970,446,test,Pat-1981-S6/BX200,517.0,672.0,24.0,56.0,0.3744826674107217,0.089,0.42,2.22,0.022,0.025,,,0.02,0.01,0.06,,,466.0,,82.0,,,,,,,625.0,75.36,DC,+,4.6,200.0,TSA,0.0,0.0
975,411,test,Pat-1981-S2Mo/BX200,554.0,554.0,30.0,67.0,0.5393716848734513,0.08,0.24,1.34,0.023,0.02,,,0.43,0.01,0.15,,,575.0,,86.0,,,,,,,625.0,75.36,DC,+,4.6,200.0,TSA,0.0,0.0
980,491,developpement,Pat-1981-S4Mo/BX200,747.0,747.0,25.0,62.0,0.5004069196595248,0.095,0.45,1.88,0.02,0.022,,,0.44,0.01,0.26,,,425.0,,84.0,,,,,,,625.0,75.36,DC,+,4.6,200.0,TSA,0.0,0.0
985,289,developpement,Pat-1981-RE2L/BX400,352.0,459.0,36.0,72.0,0.11909764817974611,0.074,0.16,0.84,0.015,0.026,,,0.02,0.004,0.28,,,415.0,,84.0,,,,,,,625.0,72.24,DC,+,4.4,200.0,TSA,0.0,0.0
990,427,developpement,Pat-1981-S2/BX400,349.0,456.0,36.0,72.0,0.09918398848764749,0.082,0.18,0.75,0.014,0.02,,,0.02,0.005,0.22,,,381.0,,109.0,,,,,,,625.0,72.24,DC,+,4.4,200.0,TSA,0.0,0.0
995,235,test,Pat-1981-RE3L/BX400,350.0,462.0,24.0,76.0,0.09557291650605503,0.07,0.16,1.17,0.013,0.02,,,0.02,0.01,0.26,,,368.0,,108.0,,,,,,,625.0,72.24,DC,+,4.4,200.0,TSA,0.0,0.0
1000,556,test,Pat-1981-WB3/BX400,376.0,484.0,32.0,74.0,0.19571397077600547,0.11,0.16,1.09,0.012,0.018,,,0.03,0.01,0.24,,,353.0,,78.0,,,,,,,625.0,72.24,DC,+,4.4,200.0,TSA,0.0,0.0
1005,497,test,Pat-1981-S4/BX400,359.0,503.0,28.0,72.0,0.20651343143500425,0.098,0.18,1.29,0.017,0.017,,,0.01,0.01,0.21,,,337.0,,61.0,,,,,,,625.0,72.24,DC,+,4.4,200.0,TSA,0.0,0.0
1010,530,developpement,Pat-1981-S6/BX400,376.0,553.0,33.0,70.0,0.3742130515400086,0.1,0.24,1.91,0.016,0.016,,,0.02,0.01,0.05,,,228.0,,74.0,,,,,,,625.0,72.24,DC,+,4.4,200.0,TSA,0.0,0.0
1015,492,developpement,Pat-1981-S2Mo/BX400,353.0,491.0,32.0,67.0,0.17361459665909054,0.096,0.13,0.73,0.018,0.022,,,0.43,0.01,0.14,,,373.0,,81.0,,,,,,,625.0,72.24,DC,+,4.4,200.0,TSA,0.0,0.0
1020,594,test,Pat-1981-S4Mo/BX400,689.0,689.0,34.0,69.0,0.7514988061472552,0.12,0.27,1.46,0.014,0.026,,,0.48,0.01,0.3,,,365.0,,77.0,,,,,,,625.0,72.24,DC,+,4.4,200.0,TSA,0.0,0.0
1024,486,developpement,Wats-1981-AWO,429.0,537.0,22.0,75.0,0.29761213166828154,0.094,0.31,1.32,0.009,0.017,0.05,0.04,0.005,0.005,0.11,,,233.0,50.0,95.0,140.0,5.0,50.0,50.0,50.0,50.0,550.0,28.0,DC,+,3.6,100.0,SA,0.0,0.0
1025,571,developpement,Wats-1981-BWO,542.0,625.0,19.0,64.0,0.30983091331698764,0.11,0.36,1.61,0.017,0.03,0.06,0.052,0.02,0.01,0.12,,,305.0,50.0,95.0,140.0,5.0,200.0,100.0,100.0,100.0,550.0,28.0,DC,+,3.6,100.0,SA,0.0,0.0
1026,533,developpement,Wats-1981-CWO,493.0,618.0,18.0,75.0,0.41475196552728305,0.1,0.28,1.42,0.011,0.024,0.09,0.08,0.04,0.01,0.15,,,430.0,50.0,150.0,150.0,5.0,300.0,200.0,200.0,200.0,550.0,28.0,DC,+,3.6,100.0,SA,0.0,0.0
1027,449,test,Wats-1981-DWO,547.0,635.0,15.0,66.0,0.2858182099476549,0.08,0.25,1.35,0.009,0.017,0.09,0.07,0.005,0.005,0.14,,,392.0,50.0,122.0,120.0,5.0,200.0,100.0,50.0,50.0,550.0,28.0,DC,+,3.6,100.0,SA,0.0,0.0
1028,535,developpement,Wats-1981-EWO,498.0,621.0,16.0,70.0,0.3219865047671404,0.1,0.31,1.37,0.02,0.028,0.08,0.06,0.02,0.005,0.15,,,336.0,50.0,99.0,130.0,5.0,300.0,200.0,50.0,100.0,550.0,28.0,DC,+,3.6,100.0,SA,0.0,0.0
1029,339,developpement,Wats-1981-FWO,503.0,625.0,17.0,72.0,0.36957649826348027,0.076,0.28,1.27,0.012,0.02,0.1,0.06,0.01,0.005,0.15,,,435.0,50.0,121.0,160.0,5.0,300.0,200.0,50.0,100.0,550.0,28.0,DC,+,3.6,100.0,SA,0.0,0.0
1030,484,developpement,Wats-1981-AW5,380.0,486.0,22.0,75.0,0.152336351533717,0.094,0.18,1.05,0.013,0.017,0.1,0.05,0.01,0.005,0.11,,,511.0,50.0,100.0,25.0,5.0,50.0,50.0,50.0,50.0,550.0,28.0,DC,+,3.6,100.0,SA,0.0,0.0
1031,481,test,Wats-1981-BW5,402.0,498.0,18.0,70.0,0.1552940615972674,0.094,0.16,1.01,0.018,0.026,0.13,0.05,0.01,0.005,0.11,,,569.0,50.0,102.0,25.0,5.0,100.0,50.0,50.0,100.0,550.0,28.0,DC,+,3.6,100.0,SA,0.0,0.0
1032,467,developpement,Wats-1981-CW5,427.0,518.0,18.0,75.0,0.23201429183041614,0.09,0.15,1.18,0.012,0.018,0.13,0.08,0.03,0.01,0.14,,,621.0,50.0,131.0,25.0,5.0,200.0,100.0,50.0,50.0,550.0,28.0,DC,+,3.6,100.0,SA,0.0,0.0
1033,259,test,Wats-1981-DW5,436.0,525.0,15.0,77.0,0.2698667555680174,0.072,0.11,0.85,0.015,0.017,0.14,0.07,0.01,0.005,0.14,,,543.0,50.0,119.0,25.0,5.0,100.0,100.0,50.0,50.0,550.0,28.0,DC,+,3.6,100.0,SA,0.0,0.0
1035,330,developpement,Wats-1981-FW5,441.0,557.0,16.0,69.0,0.22848699357517924,0.076,0.19,1.16,0.02,0.02,0.17,0.07,0.02,0.02,0.17,,,609.0,50.0,131.0,25.0,5.0,200.0,200.0,200.0,100.0,550.0,28.0,DC,+,3.6,100.0,SA,0.0,0.0
1036,47,developpement,EvHtIp1979-0.6A,445.0,496.0,31.0,79.7,0.40502337277258194,0.044,0.32,0.62,0.007,0.007,,,,,,,,,,,,,,,,,,,DC,+,0.6,200.0,MMA,250.0,14.0
1038,61,developpement,EvHtIp1979-0.6B,479.0,527.0,27.8,77.0,0.45369232751235505,0.046,0.31,0.96,0.008,0.012,,,,,,,,,,,,,,,,,,,DC,+,0.6,200.0,MMA,250.0,14.0
1040,100,developpement,EvHtIp1979-0.6C,511.0,575.0,26.8,78.7,0.5995396332685213,0.05,0.38,1.42,0.007,0.009,,,,,,,,,,,,,,,,,,,DC,+,0.6,200.0,MMA,250.0,14.0
1042,120,developpement,EvHtIp1979-0.6D,587.0,633.0,24.2,76.9,0.6026624825963356,0.055,0.35,1.93,0.007,0.011,,,,,,,,,,,,,,,,,,,DC,+,0.6,200.0,MMA,250.0,14.0
1044,10,test,EvHtIp1979-1.0A,401.0,466.0,32.0,81.5,0.2668349055827776,0.037,0.29,0.6,0.006,0.009,,,,,,,,,,,,,,,,,,,DC,+,1.0,200.0,MMA,250.0,14.0
1046,21,developpement,EvHtIp1979-1.0B,438.0,501.0,32.6,80.6,0.42491085100897574,0.039,0.29,0.94,0.007,0.011,,,,,,,,,,,,,,,,,,,DC,+,1.0,200.0,MMA,250.0,14.0
1048,79,developpement,EvHtIp1979-1.0C,479.0,551.0,29.8,78.8,0.5598447357421552,0.048,0.35,1.41,0.006,0.012,,,,,,,,,,,,,,,,,,,DC,+,1.0,200.0,MMA,250.0,14.0
1050,106,developpement,EvHtIp1979-1.0D,507.0,587.0,29.2,76.9,0.6101154669887396,0.051,0.32,1.8,0.006,0.012,,,,,,,,,,,,,,,,,,,DC,+,1.0,200.0,MMA,250.0,14.0
1052,16,developpement,EvHtIp1979-2.2A,389.0,457.0,30.0,80.6,0.19905237043590907,0.038,0.24,0.55,0.007,0.005,,,,,,,,,,,,,,,,,,,DC,+,2.2,200.0,MMA,250.0,14.0
1054,6,developpement,EvHtIp1979-2.2B,400.0,478.0,32.6,80.6,0.2784062891189057,0.036,0.24,0.89,0.008,0.01,,,,,,,,,,,,,,,,,,,DC,+,2.2,200.0,MMA,250.0,14.0
1056,34,developpement,EvHtIp1979-2.2C,438.0,518.0,29.8,82.3,0.43378690942250514,0.042,0.28,1.37,0.007,0.012,,,,,,,,,,,,,,,,,,,DC,+,2.2,200.0,MMA,250.0,14.0
1058,51,developpement,EvHtIp1979-2.2D,456.0,548.0,32.0,78.8,0.5387466445038187,0.045,0.26,1.69,0.007,0.012,,,,,,,,,,,,,,,,,,,DC,+,2.2,200.0,MMA,250.0,14.0
1060,38,developpement,EvHtIp1979-4.3A,341.0,453.0,32.6,78.8,0.09490992489391212,0.043,0.2,0.52,0.009,0.01,,,,,,,,,,,,,,,,,,,DC,+,4.3,200.0,MMA,250.0,14.0
1062,32,developpement,EvHtIp1979-4.3B,376.0,484.0,32.6,78.8,0.22067833171996853,0.042,0.2,0.93,0.008,0.011,,,,,,,,,,,,,,,,,,,DC,+,4.3,200.0,MMA,250.0,14.0
1064,39,test,EvHtIp1979-4.3C,405.0,500.0,31.8,80.6,0.350064910788302,0.043,0.24,1.37,0.008,0.013,,,,,,,,,,,,,,,,,,,DC,+,4.3,200.0,MMA,250.0,14.0
1066,66,developpement,EvHtIp1979-4.3D,437.0,541.0,30.0,78.8,0.4627061274832401,0.047,0.25,1.73,0.007,0.014,,,,,,,,,,,,,,,,,,,DC,+,4.3,200.0,MMA,250.0,14.0
1084,7,developpement,Evans-intpss-1978-A20,450.0,506.0,28.8,77.8,0.38830361231852384,0.036,0.31,0.6,0.008,0.012,,,,,,,,,,,,,,,,,170.0,21.0,DC,+,1.0,20.0,MMA,0.0,0.0
1085,41,developpement,Evans-intpss-1978-B20,495.0,554.0,30.6,77.8,0.5902401861900095,0.043,0.3,1.03,0.007,0.013,,,,,,,,,,,,,,,,,170.0,21.0,DC,+,1.0,20.0,MMA,0.0,0.0
1086,62,developpement,Evans-intpss-1978-C20,542.0,597.0,26.6,75.0,0.5816893078946054,0.046,0.31,1.39,0.008,0.015,,,,,,,,,,,,,,,,,170.0,21.0,DC,+,1.0,20.0,MMA,0.0,0.0
1087,99,developpement,Evans-intpss-1978-D20,604.0,657.0,22.0,71.9,0.5029624183084382,0.05,0.31,1.79,0.007,0.015,,,,,,,,,,,,,,,,,170.0,21.0,DC,+,1.0,20.0,MMA,0.0,0.0
1088,20,developpement,Evans-intpss-1978-A150,411.0,475.0,30.6,79.7,0.2805281828791649,0.039,0.28,0.58,0.008,0.012,,,,,,,,,,,,,,,,,170.0,21.0,DC,+,1.0,150.0,MMA,0.0,0.0
1089,69,developpement,Evans-intpss-1978-B150,454.0,519.0,29.0,78.8,0.4295383874877113,0.047,0.31,1.0,0.008,0.015,,,,,,,,,,,,,,,,,170.0,21.0,DC,+,1.0,150.0,MMA,0.0,0.0
1090,63,test,Evans-intpss-1978-C150,486.0,556.0,28.6,77.0,0.5342387687448525,0.046,0.31,1.4,0.007,0.012,,,,,,,,,,,,,,,,,170.0,21.0,DC,+,1.0,150.0,MMA,0.0,0.0
1091,81,test,Evans-intpss-1978-D150,525.0,600.0,29.6,77.0,0.665889629649944,0.049,0.31,1.77,0.007,0.014,,,,,,,,,,,,,,,,,170.0,21.0,DC,+,1.0,150.0,MMA,0.0,0.0
1092,9,developpement,Evans-intpss-1978-A240,390.0,465.0,34.8,80.6,0.2298248813291904,0.037,0.28,0.6,0.008,0.01,,,,,,,,,,,,,,,,,170.0,21.0,DC,+,1.0,240.0,MMA,0.0,0.0
1093,36,developpement,Evans-intpss-1978-B240,427.0,499.0,34.6,80.5,0.38814556589246035,0.042,0.32,1.02,0.007,0.012,,,,,,,,,,,,,,,,,170.0,21.0,DC,+,1.0,240.0,MMA,0.0,0.0
1094,70,test,Evans-intpss-1978-C240,448.0,525.0,32.0,78.8,0.46308444271083626,0.047,0.31,1.37,0.008,0.013,,,,,,,,,,,,,,,,,170.0,21.0,DC,+,1.0,240.0,MMA,0.0,0.0
1095,71,developpement,Evans-intpss-1978-D240,501.0,566.0,31.4,77.8,0.6322847851779951,0.047,0.32,1.75,0.007,0.015,,,,,,,,,,,,,,,,,170.0,21.0,DC,+,1.0,240.0,MMA,0.0,0.0
1096,33,developpement,Evans-intpss-1978-A300,371.0,452.0,34.2,79.7,0.13989968435997244,0.042,0.25,0.55,0.008,0.01,,,,,,,,,,,,,,,,,170.0,21.0,DC,+,1.0,300.0,MMA,0.0,0.0
1097,53,developpement,Evans-intpss-1978-B300,410.0,486.0,34.8,80.6,0.319591718277789,0.045,0.3,0.99,0.008,0.01,,,,,,,,,,,,,,,,,170.0,21.0,DC,+,1.0,300.0,MMA,0.0,0.0
1098,67,developpement,Evans-intpss-1978-C300,431.0,513.0,33.4,78.8,0.4083992339472557,0.047,0.27,1.32,0.007,0.012,,,,,,,,,,,,,,,,,170.0,21.0,DC,+,1.0,300.0,MMA,0.0,0.0
1099,68,developpement,Evans-intpss-1978-D300,446.0,533.0,32.2,80.6,0.5022870828343294,0.047,0.28,1.66,0.007,0.012,,,,,,,,,,,,,,,,,170.0,21.0,DC,+,1.0,300.0,MMA,0.0,0.0
1126,452,developpement,Gar&K-1975-12mm-14aw,500.0,707.0,23.0,55.0,0.3516953095512314,0.08,0.3,1.35,0.013,0.014,0.03,0.03,0.005,0.046,0.043,,,420.0,50.0,90.0,230.0,,150.0,,,,650.0,33.0,DC,+,3.3,300.0,SA,0.0,0.0
1127,452,developpement,Gar&K-1975-12mm-14ht,522.0,670.0,26.0,63.0,0.4663407078003407,0.08,0.3,1.35,0.013,0.014,0.03,0.03,0.005,0.046,0.043,,,420.0,50.0,90.0,230.0,,150.0,,,,650.0,33.0,DC,+,3.3,300.0,SA,600.0,0.75
1128,450,developpement,Gar&K-1975-12mm-15aw,562.0,694.0,22.0,55.0,0.3505226268872117,0.08,0.28,1.39,0.011,0.015,0.028,0.03,0.17,0.049,0.044,,,340.0,50.0,54.0,120.0,,150.0,,,,650.0,33.0,DC,+,3.3,300.0,SA,0.0,0.0
1129,450,developpement,Gar&K-1975-12mm-15ht,642.0,732.0,22.0,58.0,0.381137309864504,0.08,0.28,1.39,0.011,0.015,0.028,0.03,0.17,0.049,0.044,,,340.0,50.0,54.0,120.0,,150.0,,,,650.0,33.0,DC,+,3.3,300.0,SA,600.0,0.75
1130,451,developpement,Gar&K-1975-12mm-16aw,562.0,692.0,21.0,59.0,0.3349704743817878,0.08,0.29,1.33,0.01,0.017,0.032,0.03,0.43,0.05,0.053,,,450.0,50.0,95.0,100.0,,150.0,,,,650.0,33.0,DC,+,3.3,300.0,SA,0.0,0.0
1131,451,developpement,Gar&K-1975-12mm-16ht,701.0,766.0,22.0,52.0,0.3739889181872772,0.08,0.29,1.33,0.01,0.017,0.032,0.03,0.43,0.05,0.053,,,450.0,50.0,95.0,100.0,,150.0,,,,650.0,33.0,DC,+,3.3,300.0,SA,600.0,0.75
1132,622,developpement,Gar&K-1975-12mm-17aw,355.0,524.0,27.0,50.0,0.18468888885015522,0.16,0.13,1.06,0.028,0.013,0.03,0.02,0.005,0.005,0.048,,,410.0,50.0,67.0,120.0,,50.0,,,,650.0,33.0,DC,+,3.3,300.0,SA,0.0,0.0
1133,622,developpement,Gar&K-1975-12mm-17ht,330.0,494.0,27.0,51.0,0.12152071546373924,0.16,0.13,1.06,0.028,0.013,0.03,0.02,0.005,0.005,0.048,,,410.0,50.0,67.0,120.0,,50.0,,,,650.0,33.0,DC,+,3.3,300.0,SA,600.0,0.75
1134,592,developpement,Gar&K-1975-12mm-18aw,522.0,689.0,28.0,60.0,0.5108168990816129,0.12,0.26,1.4,0.012,0.014,0.057,0.05,0.009,0.056,0.106,,,420.0,50.0,138.0,140.0,,50.0,,,,650.0,33.0,DC,+,3.3,300.0,SA,0.0,0.0
1135,592,developpement,Gar&K-1975-12mm-18ht,581.0,704.0,23.0,60.0,0.40925208847872596,0.12,0.26,1.4,0.012,0.014,0.057,0.05,0.009,0.056,0.106,,,420.0,50.0,138.0,140.0,,50.0,,,,650.0,33.0,DC,+,3.3,300.0,SA,600.0,0.75
1136,562,developpement,Gar&K-1975-12mm-19aw,577.0,716.0,26.0,61.0,0.49865947584973813,0.11,0.26,1.44,0.008,0.012,0.069,0.056,0.01,0.105,0.076,,,410.0,50.0,145.0,170.0,,50.0,,,,650.0,33.0,DC,+,3.3,300.0,SA,0.0,0.0
1137,562,developpement,Gar&K-1975-12mm-19ht,599.0,701.0,26.0,64.0,0.5177480245669686,0.11,0.26,1.44,0.008,0.012,0.069,0.056,0.01,0.105,0.076,,,410.0,50.0,145.0,170.0,,50.0,,,,650.0,33.0,DC,+,3.3,300.0,SA,600.0,0.75
1138,621,developpement,Gar&K-1975-12mm-20aw,405.0,577.0,20.0,32.0,0.15882052610485436,0.16,0.12,1.04,0.027,0.012,0.027,0.02,0.15,0.005,0.041,,,420.0,50.0,67.0,90.0,,50.0,,,,650.0,33.0,DC,+,3.3,300.0,SA,0.0,0.0
1139,621,developpement,Gar&K-1975-12mm-20ht,405.0,562.0,26.0,60.0,0.283758492862134,0.16,0.12,1.04,0.027,0.012,0.027,0.02,0.15,0.005,0.041,,,420.0,50.0,67.0,90.0,,50.0,,,,650.0,33.0,DC,+,3.3,300.0,SA,600.0,0.75
1140,538,test,Gar&K-1975-12mm-21aw,556.0,704.0,25.0,58.0,0.435705333448254,0.1,0.35,1.54,0.009,0.016,0.06,0.049,0.18,0.057,0.11,,,420.0,50.0,138.0,160.0,,50.0,,,,650.0,33.0,DC,+,3.3,300.0,SA,0.0,0.0
1141,538,test,Gar&K-1975-12mm-21ht,593.0,692.0,26.0,65.0,0.5207585863822656,0.1,0.35,1.54,0.009,0.016,0.06,0.049,0.18,0.057,0.11,,,420.0,50.0,138.0,160.0,,50.0,,,,650.0,33.0,DC,+,3.3,300.0,SA,600.0,0.75
1142,565,developpement,Gar&K-1975-12mm-22aw,556.0,716.0,25.0,63.0,0.4741355093160144,0.11,0.27,1.47,0.008,0.012,0.07,0.054,0.22,0.095,0.072,,,480.0,50.0,139.0,220.0,,50.0,,,,650.0,33.0,DC,+,3.3,300.0,SA,0.0,0.0
1143,565,developpement,Gar&K-1975-12mm-22ht,648.0,735.0,25.0,65.0,0.5182408695294702,0.11,0.27,1.47,0.008,0.012,0.07,0.054,0.22,0.095,0.072,,,480.0,50.0,139.0,220.0,,50.0,,,,650.0,33.0,DC,+,3.3,300.0,SA,600.0,0.75
1144,620,test,Gar&K-1975-12mm-23aw,599.0,670.0,25.0,55.0,0.4325425268778136,0.16,0.12,1.0,0.032,0.014,0.028,0.02,0.39,0.005,0.043,,,450.0,50.0,62.0,120.0,,50.0,,,,650.0,33.0,DC,+,3.3,300.0,SA,0.0,0.0
1145,620,test,Gar&K-1975-12mm-23ht,569.0,624.0,22.0,54.0,0.3330419834861449,0.16,0.12,1.0,0.032,0.014,0.028,0.02,0.39,0.005,0.043,,,450.0,50.0,62.0,120.0,,50.0,,,,650.0,33.0,DC,+,3.3,300.0,SA,600.0,0.75
1146,601,developpement,Gar&K-1975-12mm-24aw,574.0,744.0,24.0,55.0,0.41421146925120556,0.12,0.33,1.47,0.014,0.014,0.06,0.05,0.39,0.055,0.11,,,400.0,50.0,136.0,150.0,,50.0,,,,650.0,33.0,DC,+,3.3,300.0,SA,0.0,0.0
1147,601,developpement,Gar&K-1975-12mm-24ht,613.0,747.0,24.0,64.0,0.47602513561595905,0.12,0.33,1.47,0.014,0.014,0.06,0.05,0.39,0.055,0.11,,,400.0,50.0,136.0,150.0,,50.0,,,,650.0,33.0,DC,+,3.3,300.0,SA,600.0,0.75
1148,560,developpement,Gar&K-1975-12mm-25aw,559.0,735.0,25.0,62.0,0.47225150573579144,0.11,0.25,1.33,0.008,0.011,0.067,0.053,0.44,0.097,0.072,,,440.0,50.0,145.0,180.0,,50.0,,,,650.0,33.0,DC,+,3.3,300.0,SA,0.0,0.0
1149,560,developpement,Gar&K-1975-12mm-25ht,662.0,740.0,24.0,60.0,0.45362698302817545,0.11,0.25,1.33,0.008,0.011,0.067,0.053,0.44,0.097,0.072,,,440.0,50.0,145.0,180.0,,50.0,,,,650.0,33.0,DC,+,3.3,300.0,SA,600.0,0.75
1150,575,developpement,Gar&K-1975-12mmE-26aw,524.0,596.0,29.0,64.0,0.5134578745116347,0.11,0.38,1.5,0.029,,,,0.0,0.0025,,,,,0.0,,,,0.0,,,,650.0,33.0,DC,+,3.3,300.0,SA,600.0,0.75
1153,615,developpement,Gar&K-1975-12mmE-29aw,644.0,714.0,34.0,63.0,0.7176507077961792,0.14,0.38,1.65,0.028,,,,0.5,0.0025,,,,,0.0,,,,0.0,,,,650.0,33.0,DC,+,3.3,300.0,SA,600.0,0.75
1156,598,test,Ga&K-1975II-1aw,426.0,652.0,21.0,54.0,0.2395281562374308,0.12,0.3,1.4,0.016,0.025,0.14,0.11,0.025,,0.25,,,210.0,,50.0,150.0,,50.0,,,,650.0,33.0,DC,+,3.3,300.0,SA,0.0,0.0
1157,570,developpement,Ga&K-1975II-2aw,493.0,649.0,25.0,60.0,0.3980574659578213,0.11,0.35,1.42,0.01,0.016,0.067,0.075,0.022,,0.17,,,260.0,,80.0,180.0,,230.0,,,,650.0,33.0,DC,+,3.3,300.0,SA,0.0,0.0
1159,568,developpement,Ga&K-1975II-4aw,488.0,618.0,26.0,60.0,0.4034272422778123,0.11,0.31,1.37,0.013,0.019,0.09,0.06,0.018,,0.18,,,,,,220.0,,120.0,,,,650.0,33.0,DC,+,3.3,300.0,SA,0.0,0.0
1160,618,developpement,Ga&K-1975II-5aw,432.0,598.0,16.0,40.0,0.08292632251185779,0.15,0.31,1.23,0.015,0.02,0.06,0.065,0.02,,0.15,,,,,,250.0,,200.0,,,,850.0,38.0,DC,+,7.6,300.0,SA,0.0,0.0
1161,455,developpement,Ga&K-1975II-6aw,457.0,556.0,25.0,60.0,0.30343874913454494,0.08,0.36,1.6,0.017,0.021,0.065,0.075,0.017,,0.18,,,,,,300.0,,170.0,,,,450.0,30.0,DC,+,1.9,300.0,SA,0.0,0.0
1162,508,developpement,Ga&K-1975II-7aw,507.0,647.0,22.0,60.0,0.3402549731225593,0.09,0.4,1.6,0.016,0.016,0.04,0.055,0.015,,0.11,,,400.0,,80.0,270.0,,150.0,,,,650.0,33.0,DC,+,3.3,300.0,SA,0.0,0.0
1163,540,developpement,Ga&K-1975II-8aw,452.0,581.0,18.0,50.0,0.15759767101588482,0.1,0.38,1.5,0.02,0.021,0.055,0.065,0.017,,0.14,,,,,,310.0,,200.0,,,,850.0,38.0,DC,+,7.6,300.0,SA,0.0,0.0
1164,596,developpement,Ga&K-1975II-9aw,544.0,717.0,21.0,60.0,0.3502270983091841,0.12,0.29,1.5,0.008,0.017,0.085,0.075,0.3,,0.19,,,,,,190.0,,100.0,,,,650.0,33.0,DC,+,3.3,300.0,SA,0.0,0.0
1165,512,developpement,Ga&K-1975II-10aw,620.0,712.0,22.0,58.0,0.3755307141277288,0.09,0.46,1.81,0.017,0.024,0.1,0.08,0.28,,0.21,,,340.0,,100.0,260.0,,140.0,,,,650.0,33.0,DC,+,3.3,300.0,SA,0.0,0.0
1220,532,test,EPRI-TR-101394s-E9SA6,650.0,747.0,19.0,63.0,0.34677635505996596,0.1,0.27,0.6,0.002,0.011,0.13,8.75,1.02,0.2,0.09,0.017,0.05,,20.0,390.0,160.0,5.0,,30.0,40.0,,400.0,31.5,AC,+,1.4,177.0,SAA,746.0,4.0
1221,532,test,EPRI-TR-101394s-E9SA6,625.0,734.0,22.0,63.0,0.4229852318198702,0.1,0.27,0.6,0.002,0.011,0.13,8.75,1.02,0.2,0.09,0.017,0.05,,20.0,390.0,160.0,5.0,,30.0,40.0,,400.0,31.5,AC,+,1.4,177.0,SAA,746.0,4.0
1222,563,developpement,EPRI-TR-101394s-E9SA8,626.0,727.0,23.0,69.0,0.5131271707026819,0.11,0.27,0.6,0.002,0.01,0.14,8.77,1.01,0.2,0.1,0.017,0.05,,20.0,370.0,0.014,5.0,,40.0,50.0,,400.0,31.5,AC,+,1.4,177.0,SAA,746.0,4.0
1223,563,developpement,EPRI-TR-101394s-E9SA8,629.0,735.0,21.0,68.0,0.4531678038586276,0.11,0.27,0.6,0.002,0.01,0.14,8.77,1.01,0.2,0.1,0.017,0.05,,20.0,370.0,0.014,5.0,,40.0,50.0,,400.0,31.5,AC,+,1.4,177.0,SAA,746.0,4.0
1224,471,developpement,EPRI-TR-101394s-E9GT3,647.0,747.0,20.0,68.0,0.43451633008681856,0.09,0.34,0.48,0.004,0.011,0.08,8.6,0.98,0.22,0.05,0.02,0.05,,20.0,260.0,0.005,5.0,,30.0,50.0,,390.0,11.5,DC,+,1.9,177.0,GTAA,746.0,4.0
1225,471,developpement,EPRI-TR-101394s-E9GT3,661.0,756.0,24.0,73.0,0.5976447788338209,0.09,0.34,0.48,0.004,0.011,0.08,8.6,0.98,0.22,0.05,0.02,0.05,,20.0,260.0,0.005,5.0,,30.0,50.0,,390.0,11.5,DC,+,1.9,177.0,GTAA,746.0,4.0
1226,424,developpement,EPRI-TR-101394s-E9GT4,682.0,783.0,26.0,74.0,0.6622505645529333,0.081,0.34,0.49,0.004,0.012,0.08,8.57,0.98,0.22,0.05,0.021,0.05,,20.0,240.0,0.004,5.0,,30.0,60.0,,300.0,12.5,DC,+,1.4,177.0,GTAA,746.0,1.0
1227,424,developpement,EPRI-TR-101394s-E9GT4,728.0,817.0,21.0,73.0,0.5459212552023378,0.081,0.34,0.49,0.004,0.012,0.08,8.57,0.98,0.22,0.05,0.021,0.05,,20.0,240.0,0.004,5.0,,30.0,60.0,,300.0,12.5,DC,+,1.4,177.0,GTAA,746.0,1.0
1228,567,developpement,EPRI-TR-101394s-E9GM2,605.0,726.0,20.0,68.0,0.42394776606581563,0.11,0.3,0.44,0.004,0.011,0.08,8.58,1.0,0.22,0.05,0.02,0.05,,20.0,340.0,0.004,5.0,,20.0,50.0,,275.0,28.5,DC,+,1.2,177.0,GMAA,746.0,4.0
1229,567,developpement,EPRI-TR-101394s-E9GM2,603.0,726.0,20.0,66.0,0.39955395059233795,0.11,0.3,0.44,0.004,0.011,0.08,8.58,1.0,0.22,0.05,0.02,0.05,,20.0,340.0,0.004,5.0,,20.0,50.0,,275.0,28.5,DC,+,1.2,177.0,GMAA,746.0,4.0
1230,589,developpement,EPRI-TR-101394s-E9GM3,654.0,767.0,20.0,62.0,0.3642425761026407,0.12,0.24,0.53,0.001,0.01,0.13,8.61,1.03,0.2,0.09,0.016,0.05,,20.0,430.0,0.013,5.0,,30.0,50.0,,285.0,28.5,DC,+,1.3,177.0,GMAA,746.0,4.0
1231,589,developpement,EPRI-TR-101394s-E9GM3,661.0,772.0,19.0,62.0,0.3385724977545562,0.12,0.24,0.53,0.001,0.01,0.13,8.61,1.03,0.2,0.09,0.016,0.05,,20.0,430.0,0.013,5.0,,30.0,50.0,,285.0,28.5,DC,+,1.3,177.0,GMAA,746.0,4.0
1285,429,developpement,Blond&-1984-A530a,529.0,635.0,25.6,70.0,0.5115308123681365,0.084,0.415,1.24,0.011,0.015,0.05,0.037,0.385,,0.105,,,480.0,,86.0,,,,60.0,150.0,5.0,,,DC,+,2.4,100.0,SA,550.0,1.83
1286,429,developpement,Blond&-1984-A530b,473.0,605.0,28.8,73.0,0.5269280050487772,0.084,0.415,1.24,0.011,0.015,0.05,0.037,0.385,,0.105,,,480.0,,86.0,,,,60.0,150.0,5.0,,,DC,+,2.4,100.0,SA,550.0,1.83
1287,429,developpement,Blond&-1984-A530c,557.0,658.0,23.8,68.5,0.47061892695307994,0.084,0.415,1.24,0.011,0.015,0.05,0.037,0.385,,0.105,,,480.0,,86.0,,,,60.0,150.0,5.0,,,DC,+,2.4,100.0,SA,550.0,1.83
1291,428,developpement,Blond&-1984-10CD9.10a,496.0,638.0,23.3,73.0,0.47669173191663095,0.084,0.3,0.54,0.005,0.008,0.036,2.2,1.05,,0.035,,,660.0,,66.0,,,,40.0,70.0,4.0,,,DC,+,2.4,175.0,SA,690.0,2.33
1292,428,developpement,Blond&-1984-10CD9.10b,524.0,664.0,23.6,66.5,0.4394863262922691,0.084,0.3,0.54,0.005,0.008,0.036,2.2,1.05,,0.035,,,660.0,,66.0,,,,40.0,70.0,4.0,,,DC,+,2.4,175.0,SA,690.0,2.33
1293,428,developpement,Blond&-1984-10CD9.10c,530.0,653.0,21.5,69.0,0.42644530762179655,0.084,0.3,0.54,0.005,0.008,0.036,2.2,1.05,,0.035,,,660.0,,66.0,,,,40.0,70.0,4.0,,,DC,+,2.4,175.0,SA,690.0,2.33
1297,156,developpement,Blond&-1984-14MNDV5a,598.0,678.0,24.5,74.0,0.5851063410031146,0.06,0.2,1.15,0.007,0.017,0.16,0.052,0.45,,0.128,,,350.0,,97.0,,,,140.0,160.0,15.0,,,DC,+,2.4,125.0,SA,605.0,1.92
1298,156,developpement,Blond&-1984-14MNDV5b,663.0,730.0,22.5,66.5,0.47799266920343053,0.06,0.2,1.15,0.007,0.017,0.16,0.052,0.45,,0.128,,,350.0,,97.0,,,,140.0,160.0,15.0,,,DC,+,2.4,125.0,SA,605.0,1.92
1299,156,developpement,Blond&-1984-14MNDV5c,630.0,708.0,24.8,63.0,0.48315266068105395,0.06,0.2,1.15,0.007,0.017,0.16,0.052,0.45,,0.128,,,350.0,,97.0,,,,140.0,160.0,15.0,,,DC,+,2.4,125.0,SA,605.0,1.92
1303,558,test,Natsume-1990-hl,606.0,707.0,22.0,63.0,0.41479131308259365,0.11,0.18,0.7,,,0.13,2.28,0.27,,,,,,,62.0,,,200.0,,,,535.0,63.0,AC,0,1.8,225.0,TSA,690.0,24.0
1304,526,test,Natsume-1990-hh,596.0,703.0,20.0,62.0,0.3473601995297253,0.1,0.17,0.67,,,0.14,2.31,0.29,,,,,,,240.0,,,240.0,,,,535.0,63.0,AC,0,1.8,225.0,TSA,690.0,24.0
1305,557,developpement,Natsume-1990-ll,597.0,700.0,22.0,58.0,0.3680308462424909,0.11,0.17,0.65,,,0.02,2.28,0.27,,,,,,,68.0,,,68.0,,,,535.0,63.0,AC,0,1.8,225.0,TSA,690.0,24.0
1306,525,developpement,Natsume-1990-lh,608.0,702.0,21.0,60.0,0.3614559680725841,0.1,0.16,0.61,,,0.02,2.27,0.27,,,,,,,260.0,,,260.0,,,,535.0,63.0,AC,0,1.8,225.0,TSA,690.0,24.0
1307,401,developpement,Mart-A,440.0,540.0,24.0,67.0,0.28226277456777393,0.07,0.08,0.98,0.01,0.01,0.27,2.07,1.07,0.015,,,,891.0,,97.0,,,,0.009,0.01,0.008,300.0,28.0,DC,+,2.04,150.0,FCA,690.0,10.0
1319,74,developpement,Mart-B,506.0,598.0,22.0,70.0,0.41053135358832266,0.048,0.13,1.06,0.014,0.016,0.23,2.02,1.3,0.02,,,,768.0,,266.0,,,,0.008,0.03,0.008,300.0,28.0,DC,+,1.96,150.0,FCA,690.0,10.0
1328,37,developpement,Mart-C,505.0,600.0,19.0,69.0,0.3467671477775871,0.043,0.12,0.86,0.011,0.017,0.2,2.01,0.93,0.02,,,,922.0,,123.0,,,,0.008,0.008,0.008,300.0,20.0,DC,+,2.08,150.0,FCA,690.0,10.0
1336,31,test,Mart-D,520.0,620.0,20.0,54.0,0.25705276526421506,0.042,0.14,1.33,0.012,0.015,0.26,2.39,1.21,0.015,,,,735.0,,236.0,,,,0.008,0.016,0.008,300.0,28.0,DC,+,1.96,150.0,FCA,690.0,10.0
1346,73,developpement,Mart-E,537.0,620.0,11.0,24.0,0.05322472366007845,0.047,0.42,1.0,0.015,0.016,0.17,2.29,1.04,0.018,,,,695.0,,165.0,,,,0.008,0.034,0.008,300.0,28.0,DC,+,2.08,150.0,FCA,690.0,10.0
1356,293,developpement,Mart-F,595.0,675.0,24.0,69.0,0.5084733815619599,0.074,0.27,1.11,0.009,0.024,0.17,2.3,0.96,0.018,,,,556.0,,113.0,,,,0.008,0.032,0.008,290.0,29.0,DC,+,2.0,150.0,FCA,690.0,10.0
1367,169,developpement,Mart-G,643.0,708.0,16.0,32.0,0.11679635977688606,0.062,0.24,1.24,0.14,0.25,0.22,2.17,0.98,0.18,,,,408.0,,269.0,,,,0.008,0.31,0.008,290.0,29.0,DC,+,2.0,150.0,FCA,690.0,10.0
1377,121,developpement,Sw&Rog-1973a,740.0,901.0,15.0,41.8,0.11354360478754733,0.055,0.37,0.82,0.021,0.008,0.086,2.5,0.99,0.005,0.51,,,694.0,50.0,160.0,130.0,,,50.0,50.0,9.0,,,DC,+,3.6,177.0,TSA,0.0,0.0
1378,121,developpement,Sw&Rog-1973b,776.0,909.0,16.8,43.0,0.16073588320089044,0.055,0.37,0.82,0.021,0.008,0.086,2.5,0.99,0.005,0.51,,,694.0,50.0,160.0,130.0,,,50.0,50.0,9.0,,,DC,+,3.6,177.0,TSA,482.0,4.5
1379,121,developpement,Sw&Rog-1973c,719.0,811.0,16.0,44.6,0.14716320401283628,0.055,0.37,0.82,0.021,0.008,0.086,2.5,0.99,0.005,0.51,,,694.0,50.0,160.0,130.0,,,50.0,50.0,9.0,,,DC,+,3.6,177.0,TSA,593.0,4.5
1380,121,developpement,Sw&Rog-1973d,457.0,569.0,25.8,67.0,0.37039746828029246,0.055,0.37,0.82,0.021,0.008,0.086,2.5,0.99,0.005,0.51,,,694.0,50.0,160.0,130.0,,,50.0,50.0,9.0,,,DC,+,3.6,177.0,TSA,704.0,4.5
1383,225,developpement,Wolst-1974-A,593.0,698.0,17.0,67.0,0.34891397260090207,0.069,0.53,0.58,0.018,0.014,,2.6,1.1,,,,,430.0,,,,,,,,,150.0,37.5,DC,+,1.0,300.0,MMA,690.0,3.0
1384,102,developpement,Wolst-1974-B,591.0,705.0,17.0,70.0,0.3961232339649452,0.05,0.45,0.73,0.015,0.018,,2.8,1.1,,,,,460.0,,,,,,,,,150.0,37.5,DC,+,1.0,300.0,MMA,690.0,3.0
1385,110,test,Wolst-1974-C,614.0,713.0,18.0,67.0,0.37430506391388363,0.051,0.43,0.76,0.024,0.019,,2.8,1.1,,,,,410.0,,,,,,,,,150.0,37.5,DC,+,1.0,300.0,MMA,690.0,3.0
1386,198,developpement,Wolst-1974-E,546.0,658.0,18.0,65.0,0.3149115834866809,0.067,0.13,0.94,0.017,0.026,,2.9,1.4,,,,,550.0,,,,,,,,,150.0,37.5,DC,+,1.0,300.0,MMA,690.0,3.0
1387,126,developpement,Wolst-1974-F,464.0,578.0,23.0,71.0,0.37924337481066794,0.058,0.2,0.55,0.027,0.027,,1.8,1.2,,,,,730.0,,,,,,,,,150.0,37.5,DC,+,1.0,300.0,MMA,690.0,3.0
1388,580,developpement,Wolst-1974-G,646.0,737.0,18.0,63.0,0.3229572787538322,0.125,0.39,0.88,0.025,0.028,,2.5,1.4,,,,,470.0,,,,,,,,,150.0,37.5,DC,+,1.0,300.0,MMA,690.0,3.0
1389,112,developpement,Wolst-1974-K,536.0,652.0,20.0,73.0,0.457128048903187,0.053,0.3,0.84,0.019,0.012,,2.1,1.3,,,,,690.0,,,,,,,,,150.0,37.5,DC,+,1.0,300.0,MMA,690.0,3.0
1390,324,developpement,Wolst-1974-N,546.0,648.0,18.0,17.0,0.16785436563592135,0.075,0.35,0.8,0.02,0.017,,2.3,1.5,,,,,550.0,,,,,,,,,150.0,37.5,DC,+,1.0,300.0,MMA,690.0,3.0
1391,185,developpement,Wolst-1974-Y,581.0,693.0,20.0,69.0,0.4262225235241376,0.065,0.39,0.77,0.029,0.016,,2.4,1.4,,,,,560.0,,,,,,,,,150.0,37.5,DC,+,1.0,300.0,MMA,690.0,3.0
1392,165,developpement,Wolst-1974-AM1,537.0,648.0,22.0,65.0,0.39519435591998087,0.061,0.32,0.27,0.022,0.016,,2.2,1.2,,,,,690.0,,,,,,,,,150.0,37.5,DC,+,1.0,300.0,MMA,690.0,3.0
1393,44,developpement,Wolst-1974-AM2,527.0,635.0,20.0,67.0,0.3667910662872569,0.043,0.34,0.45,0.019,0.017,,2.2,1.4,,,,,580.0,,,,,,,,,150.0,37.5,DC,+,1.0,300.0,MMA,690.0,3.0
1394,191,developpement,Wolst-1974-AM3,561.0,666.0,20.0,68.0,0.39626767089764203,0.066,0.41,0.67,0.018,0.029,,2.5,1.2,,,,,620.0,,,,,,,,,150.0,37.5,DC,+,1.0,300.0,MMA,690.0,3.0
1395,516,developpement,Wolst-1974-AM4,576.0,678.0,17.0,70.0,0.38556887265354806,0.1,0.44,0.8,0.021,0.02,,2.5,1.2,,,,,520.0,,,,,,,,,150.0,37.5,DC,+,1.0,300.0,MMA,690.0,3.0
1396,45,developpement,Wolst-1974-AS0,392.0,524.0,22.0,67.0,0.1932430303534375,0.044,0.04,0.45,0.014,0.017,,2.3,,,,,,1650.0,,,,,,,,,150.0,37.5,DC,+,1.0,300.0,MMA,690.0,3.0
1397,96,developpement,Wolst-1974-AS1,473.0,578.0,21.0,71.0,0.35922253213313615,0.05,0.07,0.48,0.007,0.018,,2.2,,,,,,1440.0,,,,,,,,,150.0,37.5,DC,+,1.0,300.0,MMA,690.0,3.0
1398,97,developpement,Wolst-1974-AS2,543.0,649.0,20.0,71.0,0.4332344886208659,0.05,0.18,0.63,0.015,0.018,,2.0,,,,,,750.0,,,,,,,,,150.0,37.5,DC,+,1.0,300.0,MMA,690.0,3.0
1399,87,developpement,Wolst-1974-AT0.25,546.0,661.0,20.0,69.0,0.4081664797782369,0.049,0.39,0.78,0.022,0.018,,2.2,1.1,,,,,680.0,,,,,,,,,150.0,37.5,DC,+,1.0,300.0,MMA,690.0,3.0
1400,328,developpement,Wolst-1974-AT0.5,562.0,669.0,20.0,70.0,0.4274688574337909,0.075,0.41,0.77,0.021,0.018,,2.2,1.1,,,,,1150.0,,,,,,,,,150.0,37.5,DC,+,1.0,300.0,MMA,690.0,3.0
1401,58,developpement,Wolst-1974-AT0.75,603.0,705.0,19.0,66.0,0.3735472831875126,0.045,0.45,0.8,0.012,0.02,,2.4,1.0,,,,,1180.0,,,,,,,,,150.0,37.5,DC,+,1.0,300.0,MMA,690.0,3.0
1402,8,developpement,Wolst-1974-AT1.5,619.0,727.0,20.0,66.0,0.4026837588445615,0.036,0.55,0.84,0.013,0.02,,2.5,1.0,,,,,1070.0,,,,,,,,,150.0,37.5,DC,+,1.0,300.0,MMA,690.0,3.0
1403,129,developpement,Wolst-1974-AT2.0,638.0,736.0,17.0,66.0,0.34591095306885206,0.058,0.61,0.93,0.014,0.017,,2.5,1.1,,,,,1020.0,,,,,,,,,150.0,37.5,DC,+,1.0,300.0,MMA,690.0,3.0
1404,501,test,Wolst-1974-S20,594.0,680.0,20.0,66.0,0.38658019475973066,0.09,0.2,1.25,0.011,0.022,,2.4,0.9,,,,,690.0,,,,,,,,,150.0,37.5,DC,+,1.0,300.0,MMA,690.0,3.0
1408,513,test,Wolst-1974-S40,648.0,743.0,18.0,58.0,0.263312003748939,0.09,0.59,1.1,0.013,0.02,,2.4,0.8,,,,,540.0,,,,,,,,,150.0,37.5,DC,+,1.0,300.0,MMA,690.0,3.0
1437,489,developpement,p9-RR82011,408.0,501.0,32.6,77.0,0.3280931684424222,0.095,0.35,0.9,0.008,0.02,0.0,0.0,0.0,0.0,0.0,0.0,0.0,269.0,,54.0,170.0,,0.0,,,,450.0,30.0,,+,2.025,250.0,SA,200.0,1.0
1438,489,developpement,p9-RR82011,394.0,496.0,34.2,78.0,0.29925014390129107,0.095,0.35,0.9,0.008,0.02,0.0,0.0,0.0,0.0,0.0,0.0,0.0,269.0,,54.0,170.0,,0.0,,,,450.0,30.0,,+,2.025,250.0,SA,200.0,1.0
1439,480,developpement,p10-RR82011,390.0,486.0,33.0,76.0,0.23667878052440738,0.093,0.32,0.86,0.01,0.018,0.0,0.0,0.0,0.0,0.0,0.0,0.0,236.0,,54.0,180.0,,0.0,,,,550.0,30.0,,+,2.475,250.0,SA,200.0,1.0
1440,480,developpement,p10-RR82011,388.0,482.0,31.8,75.0,0.21093586264726757,0.093,0.32,0.86,0.01,0.018,0.0,0.0,0.0,0.0,0.0,0.0,0.0,236.0,,54.0,180.0,,0.0,,,,550.0,30.0,,+,2.475,250.0,SA,200.0,1.0
1441,495,developpement,p11-RR82011,370.0,481.0,33.6,76.0,0.1814172925675863,0.096,0.3,0.8,0.012,0.013,0.0,0.0,0.0,0.0,0.0,0.0,0.0,265.0,,47.0,170.0,,0.0,,,,650.0,30.0,,+,2.925,250.0,SA,200.0,1.0
1442,495,developpement,p11-RR82011,379.0,490.0,32.2,77.0,0.22687686244273694,0.096,0.3,0.8,0.012,0.013,0.0,0.0,0.0,0.0,0.0,0.0,0.0,265.0,,47.0,170.0,,0.0,,,,650.0,30.0,,+,2.925,250.0,SA,200.0,1.0
1443,515,developpement,p12-RR82011,337.0,477.0,32.6,71.0,0.1371390432773857,0.1,0.28,0.82,0.012,0.014,0.0,0.0,0.0,0.0,0.0,0.0,0.0,258.0,,45.0,200.0,,0.0,,,,900.0,33.0,,+,4.8,100.0,SA,200.0,1.0
1444,515,developpement,p12-RR82011,356.0,483.0,32.3,72.0,0.1672914490344411,0.1,0.28,0.82,0.012,0.014,0.0,0.0,0.0,0.0,0.0,0.0,0.0,258.0,,45.0,200.0,,0.0,,,,900.0,33.0,,+,4.8,100.0,SA,200.0,1.0
1445,436,test,p13-RR82011,456.0,563.0,30.2,75.0,0.4925020787306794,0.088,0.35,1.38,0.004,0.022,0.0,0.0,0.0,0.0,0.0,0.0,0.0,268.0,,109.0,200.0,,0.0,,,,450.0,30.0,,+,2.025,250.0,SA,200.0,1.0
1446,436,test,p13-RR82011,458.0,567.0,29.6,74.0,0.4864298947616448,0.088,0.35,1.38,0.004,0.022,0.0,0.0,0.0,0.0,0.0,0.0,0.0,268.0,,109.0,200.0,,0.0,,,,450.0,30.0,,+,2.025,250.0,SA,200.0,1.0
1447,442,developpement,p14-RR82011,428.0,539.0,28.0,75.0,0.3663107768044122,0.089,0.32,1.36,0.005,0.019,0.0,0.0,0.0,0.0,0.0,0.0,0.0,237.0,,85.0,180.0,,0.0,,,,550.0,30.0,,+,2.475,250.0,SA,200.0,1.0
1448,442,developpement,p14-RR82011,436.0,544.0,29.4,75.0,0.4147677316437909,0.089,0.32,1.36,0.005,0.019,0.0,0.0,0.0,0.0,0.0,0.0,0.0,237.0,,85.0,180.0,,0.0,,,,550.0,30.0,,+,2.475,250.0,SA,200.0,1.0
1449,477,developpement,p15-RR82011,439.0,543.0,28.8,75.0,0.4097723053094018,0.092,0.31,1.33,0.005,0.016,0.0,0.0,0.0,0.0,0.0,0.0,0.0,252.0,,84.0,170.0,,0.0,,,,650.0,30.0,,+,2.925,250.0,SA,200.0,1.0
1450,477,developpement,p15-RR82011,430.0,541.0,31.4,73.0,0.40844731121843897,0.092,0.31,1.33,0.005,0.016,0.0,0.0,0.0,0.0,0.0,0.0,0.0,252.0,,84.0,170.0,,0.0,,,,650.0,30.0,,+,2.925,250.0,SA,200.0,1.0
1452,470,developpement,p16-RR82011,413.0,540.0,28.6,69.0,0.3261043933673267,0.09,0.33,1.19,0.007,0.015,0.0,0.0,0.0,0.0,0.0,0.0,0.0,234.0,,78.0,200.0,,0.0,,,,900.0,33.0,,+,4.8,100.0,SA,200.0,1.0
1453,329,developpement,p21-RR82011,405.0,497.0,31.6,76.0,0.2972509517637716,0.075,0.47,1.31,0.014,0.02,0.0,0.0,0.0,0.0,0.0,0.0,0.0,465.0,,49.0,190.0,,0.0,,,,450.0,30.0,,+,2.025,250.0,SA,200.0,1.0
1454,329,developpement,p21-RR82011,404.0,503.0,32.0,77.0,0.3247081346287653,0.075,0.47,1.31,0.014,0.02,0.0,0.0,0.0,0.0,0.0,0.0,0.0,465.0,,49.0,190.0,,0.0,,,,450.0,30.0,,+,2.025,250.0,SA,200.0,1.0
1455,389,developpement,p22-RR82011,383.0,487.0,32.4,77.0,0.2277199972013791,0.078,0.44,1.24,0.012,0.018,0.0,0.0,0.0,0.0,0.0,0.0,0.0,479.0,,61.0,220.0,,0.0,,,,550.0,30.0,,+,2.475,250.0,SA,200.0,1.0
1456,389,developpement,p22-RR82011,394.0,490.0,31.6,75.0,0.2507453469426921,0.078,0.44,1.24,0.012,0.018,0.0,0.0,0.0,0.0,0.0,0.0,0.0,479.0,,61.0,220.0,,0.0,,,,550.0,30.0,,+,2.475,250.0,SA,200.0,1.0
1457,418,developpement,p23-RR82011,386.0,483.0,30.8,74.0,0.19843445250110808,0.08,0.36,1.02,0.014,0.014,0.0,0.0,0.0,0.0,0.0,0.0,0.0,513.0,,51.0,230.0,,0.0,,,,650.0,30.0,,+,2.925,250.0,SA,200.0,1.0
1458,418,developpement,p23-RR82011,378.0,477.0,31.0,75.0,0.1817268108398164,0.08,0.36,1.02,0.014,0.014,0.0,0.0,0.0,0.0,0.0,0.0,0.0,513.0,,51.0,230.0,,0.0,,,,650.0,30.0,,+,2.925,250.0,SA,200.0,1.0
1459,375,developpement,p24-RR82011,456.0,567.0,27.6,73.0,0.44256562310721914,0.077,0.44,1.61,0.012,0.021,0.0,0.0,0.0,0.0,0.0,0.0,0.0,434.0,,105.0,180.0,,0.0,,,,450.0,30.0,,+,2.025,250.0,SA,200.0,1.0
1460,375,developpement,p24-RR82011,455.0,563.0,29.4,73.0,0.4622627147229615,0.077,0.44,1.61,0.012,0.021,0.0,0.0,0.0,0.0,0.0,0.0,0.0,434.0,,105.0,180.0,,0.0,,,,450.0,30.0,,+,2.025,250.0,SA,200.0,1.0
1461,255,developpement,p25-RR82011,439.0,549.0,28.8,71.0,0.39517378468400305,0.071,0.4,1.55,0.013,0.019,0.0,0.0,0.0,0.0,0.0,0.0,0.0,423.0,,81.0,200.0,,0.0,,,,550.0,30.0,,+,2.475,250.0,SA,200.0,1.0
1462,255,developpement,p25-RR82011,442.0,547.0,28.2,73.0,0.4032666118333582,0.071,0.4,1.55,0.013,0.019,0.0,0.0,0.0,0.0,0.0,0.0,0.0,423.0,,81.0,200.0,,0.0,,,,550.0,30.0,,+,2.475,250.0,SA,200.0,1.0
1463,0,developpement,RC81033,437.0,509.0,31.4,80.0,0.4225020960461881,0.029,0.55,1.08,0.011,0.008,0.0,0.0,0.0,0.0,0.0,0.0,0.0,342.0,,72.0,20.0,,0.0,,,,190.0,23.0,,+,1.0925,250.0,MMA,200.0,1.0
1464,167,developpement,RC81033,449.0,525.0,30.6,78.0,0.44108738869954406,0.061,0.53,1.01,0.009,0.01,0.0,0.0,0.0,0.0,0.0,0.0,0.0,307.0,,79.0,10.0,,0.0,,,,190.0,23.0,,+,1.0925,250.0,MMA,200.0,1.0
1465,421,developpement,RC81033,492.0,573.0,27.6,75.0,0.5241018986427712,0.08,0.58,1.15,0.01,0.01,0.0,0.0,0.0,0.0,0.0,0.0,0.0,310.0,,52.0,10.0,,0.0,,,,190.0,23.0,,+,1.0925,250.0,MMA,200.0,1.0
1466,517,developpement,RC81033,507.0,575.0,27.6,73.0,0.5241849189115363,0.1,0.55,1.02,0.01,0.01,0.0,0.0,0.0,0.0,0.0,0.0,0.0,262.0,,62.0,10.0,,0.0,,,,190.0,23.0,,+,1.0925,250.0,MMA,200.0,1.0
1467,287,developpement,p26-RR82011,435.0,546.0,27.0,73.0,0.37164103672757354,0.073,0.39,1.55,0.012,0.018,0.0,0.0,0.0,0.0,0.0,0.0,0.0,463.0,,72.0,220.0,,0.0,,,,650.0,30.0,,+,2.925,250.0,SA,200.0,1.0
1468,287,developpement,p26-RR82011,441.0,553.0,28.4,72.0,0.4066355858961025,0.073,0.39,1.55,0.012,0.018,0.0,0.0,0.0,0.0,0.0,0.0,0.0,463.0,,72.0,220.0,,0.0,,,,650.0,30.0,,+,2.925,250.0,SA,200.0,1.0
1469,214,developpement,p28-RR82011,473.0,582.0,26.8,70.0,0.4469461844104854,0.068,0.9,1.2,0.016,0.024,0.0,0.0,0.0,0.0,0.0,0.0,0.0,789.0,,27.0,270.0,,0.0,,,,450.0,30.0,,+,2.025,250.0,SA,200.0,1.0
1470,214,developpement,p28-RR82011,490.0,581.0,28.0,70.0,0.4935710405114511,0.068,0.9,1.2,0.016,0.024,0.0,0.0,0.0,0.0,0.0,0.0,0.0,789.0,,27.0,270.0,,0.0,,,,450.0,30.0,,+,2.025,250.0,SA,200.0,1.0
1471,197,developpement,p29-RR82011,469.0,561.0,29.0,69.0,0.4433280093305056,0.066,0.8,1.12,0.017,0.021,0.0,0.0,0.0,0.0,0.0,0.0,0.0,774.0,,26.0,330.0,,0.0,,,,550.0,30.0,,+,2.475,250.0,SA,200.0,1.0
1472,197,developpement,p29-RR82011,455.0,558.0,28.2,69.0,0.40952706288822077,0.066,0.8,1.12,0.017,0.021,0.0,0.0,0.0,0.0,0.0,0.0,0.0,774.0,,26.0,330.0,,0.0,,,,550.0,30.0,,+,2.475,250.0,SA,200.0,1.0
1473,164,developpement,p30-RR82011,449.0,540.0,26.8,66.0,0.32850556058579194,0.06,0.68,1.0,0.016,0.017,0.0,0.0,0.0,0.0,0.0,0.0,0.0,821.0,,27.0,400.0,,0.0,,,,650.0,30.0,,+,2.925,250.0,SA,200.0,1.0
1474,164,developpement,p30-RR82011,453.0,543.0,26.8,65.0,0.3338083819737934,0.06,0.68,1.0,0.016,0.017,0.0,0.0,0.0,0.0,0.0,0.0,0.0,821.0,,27.0,400.0,,0.0,,,,650.0,30.0,,+,2.925,250.0,SA,200.0,1.0
1475,247,developpement,p31-RR82011,530.0,636.0,26.6,64.0,0.48360053504172607,0.07,1.14,1.45,0.015,0.027,0.0,0.0,0.0,0.0,0.0,0.0,0.0,699.0,,37.0,230.0,,0.0,,,,450.0,30.0,,+,2.025,250.0,SA,200.0,1.0
1476,247,developpement,p31-RR82011,530.0,633.0,26.6,65.0,0.4901886574398442,0.07,1.14,1.45,0.015,0.027,0.0,0.0,0.0,0.0,0.0,0.0,0.0,699.0,,37.0,230.0,,0.0,,,,450.0,30.0,,+,2.025,250.0,SA,200.0,1.0
1477,180,developpement,p32-RR82011,516.0,613.0,23.6,63.0,0.3829839178504114,0.064,0.95,1.33,0.013,0.024,0.0,0.0,0.0,0.0,0.0,0.0,0.0,765.0,,42.0,280.0,,0.0,,,,550.0,30.0,,+,2.475,250.0,SA,200.0,1.0
1478,180,developpement,p32-RR82011,516.0,619.0,26.0,62.0,0.43883755265265517,0.064,0.95,1.33,0.013,0.024,0.0,0.0,0.0,0.0,0.0,0.0,0.0,765.0,,42.0,280.0,,0.0,,,,550.0,30.0,,+,2.475,250.0,SA,200.0,1.0
1479,288,developpement,p33-RR82011,481.0,577.0,27.8,65.0,0.433827842385962,0.073,0.76,1.14,0.015,0.018,0.0,0.0,0.0,0.0,0.0,0.0,0.0,711.0,,46.0,350.0,,0.0,,,,650.0,30.0,,+,2.925,250.0,SA,200.0,1.0
1480,288,developpement,p33-RR82011,479.0,581.0,26.2,65.0,0.404564318262606,0.073,0.76,1.14,0.015,0.018,0.0,0.0,0.0,0.0,0.0,0.0,0.0,711.0,,46.0,350.0,,0.0,,,,650.0,30.0,,+,2.925,250.0,SA,200.0,1.0
1481,269,developpement,p34-RR82011,592.0,690.0,23.4,51.0,0.3838282812538026,0.072,1.08,1.71,0.015,0.028,0.0,0.0,0.0,0.0,0.0,0.0,0.0,609.0,,65.0,320.0,,0.0,,,,450.0,30.0,,+,2.025,250.0,SA,200.0,1.0
1482,269,developpement,p34-RR82011,584.0,686.0,21.0,47.0,0.30131799634058326,0.072,1.08,1.71,0.015,0.028,0.0,0.0,0.0,0.0,0.0,0.0,0.0,609.0,,65.0,320.0,,0.0,,,,450.0,30.0,,+,2.025,250.0,SA,200.0,1.0
1483,258,developpement,p35-RR82011,560.0,652.0,25.0,56.0,0.41774125333083845,0.071,0.84,1.53,0.012,0.022,0.0,0.0,0.0,0.0,0.0,0.0,0.0,720.0,,72.0,310.0,,0.0,,,,550.0,30.0,,+,2.475,250.0,SA,200.0,1.0
1484,258,developpement,p35-RR82011,577.0,651.0,22.8,54.0,0.3619677125996645,0.071,0.84,1.53,0.012,0.022,0.0,0.0,0.0,0.0,0.0,0.0,0.0,720.0,,72.0,310.0,,0.0,,,,550.0,30.0,,+,2.475,250.0,SA,200.0,1.0
1485,376,developpement,p36-RR82011,516.0,613.0,25.4,59.0,0.4021285995271436,0.077,0.64,1.43,0.013,0.017,0.0,0.0,0.0,0.0,0.0,0.0,0.0,646.0,,75.0,330.0,,0.0,,,,650.0,30.0,,+,2.925,250.0,SA,200.0,1.0
1486,376,developpement,p36-RR82011,520.0,617.0,24.0,58.0,0.36204240982996155,0.077,0.64,1.43,0.013,0.017,0.0,0.0,0.0,0.0,0.0,0.0,0.0,646.0,,75.0,330.0,,0.0,,,,650.0,30.0,,+,2.925,250.0,SA,200.0,1.0
1487,280,test,EvansLetter-Ao+,404.0,494.0,32.4,76.0,0.2893435285110574,0.073,0.34,0.64,0.008,0.007,0.0,0.0,0.0,0.00025,0.0,,,450.0,7.0,63.0,2.5,2.5,2.5,,,,,,,,1.0,200.0,MMA,250.0,14.0
1490,177,developpement,EvansLetter-Ao+1Ni,423.0,501.0,31.8,77.0,0.34669404744522514,0.064,0.3,0.63,0.006,0.008,0.92,0.0,0.0,0.00025,0.0,,,473.0,5.0,70.0,2.5,2.5,2.5,,,,,,,,1.0,200.0,MMA,250.0,14.0
1493,181,test,EvansLetter-Ao+2Ni,443.0,528.0,32.4,76.0,0.4332502624113116,0.065,0.26,0.61,0.007,0.007,2.14,0.0,0.0,0.00025,0.0,,,488.0,5.0,86.0,2.5,2.5,2.5,,,,,,,,1.0,200.0,MMA,250.0,14.0
1496,170,developpement,EvansLetter-Ao+3Ni,457.0,543.0,27.6,77.0,0.4467934422655967,0.062,0.29,0.62,0.007,0.007,3.01,0.0,0.0,0.00025,0.0,,,500.0,6.0,72.0,2.5,2.5,2.5,,,,,,,,1.0,200.0,MMA,250.0,14.0
1499,238,developpement,EvansLetter-Ao+.25Mo,433.0,518.0,26.0,78.9,0.36307301176080053,0.07,0.31,0.66,0.006,0.008,0.0,0.0,0.24,0.00025,0.0,,,430.0,5.0,79.0,2.5,2.5,2.5,,,,,,,,1.0,200.0,MMA,250.0,14.0
1502,282,developpement,EvansLetter-Ao+.5Mo,470.0,559.0,24.6,75.0,0.42167729321881,0.073,0.34,0.66,0.007,0.007,0.0,0.0,0.5,0.00025,0.0,,,454.0,5.0,75.0,2.5,2.5,2.5,,,,,,,,1.0,200.0,MMA,250.0,14.0
1505,317,developpement,EvansLetter-Ao+1Mo,528.0,619.0,20.6,73.0,0.4492869623662993,0.075,0.3,0.63,0.008,0.008,0.0,0.0,1.03,0.00025,0.0,,,438.0,5.0,80.0,2.5,2.5,2.5,,,,,,,,1.0,200.0,MMA,250.0,14.0
1508,242,developpement,EvansLetter-Ao+1Cr,481.0,559.0,22.0,75.0,0.4062468865109573,0.07,0.35,0.65,0.008,0.01,0.0,1.01,0.0,0.00025,0.0,,,504.0,5.0,78.0,2.5,2.5,2.5,,,,,,,,1.0,200.0,MMA,250.0,14.0
1511,291,test,EvansLetter-Ao+1.5Cr,494.0,593.0,19.0,71.9,0.3666844594268987,0.074,0.25,0.58,0.008,0.01,0.0,1.59,0.0,0.00025,0.0,,,500.0,4.0,89.0,2.5,2.5,2.5,,,,,,,,1.0,200.0,MMA,250.0,14.0
1517,205,developpement,EvansLetter-Ao+.5Cu,391.0,468.0,29.4,77.0,0.20316389962517925,0.068,0.28,0.62,0.008,0.007,0.0,0.0,0.0,0.00025,0.5,,,477.0,5.0,73.0,2.5,2.5,2.5,,,,,,,,1.0,200.0,MMA,250.0,14.0
1520,182,developpement,EvansLetter-Ao+1Cu,439.0,509.0,31.6,78.9,0.4221239341932762,0.065,0.3,0.62,0.007,0.009,0.0,0.0,0.0,0.00025,1.03,,,519.0,4.0,72.0,2.5,2.5,2.5,,,,,,,,1.0,200.0,MMA,250.0,14.0
1523,179,developpement,EvansLetter-Ao+1.6Cu,504.0,565.0,26.6,73.0,0.4899692674949512,0.064,0.32,0.64,0.007,0.008,0.0,0.0,0.0,0.00025,1.6,,,498.0,4.0,60.0,2.5,2.5,2.5,,,,,,,,1.0,200.0,MMA,250.0,14.0
1526,285,developpement,EvansLetter-A+,402.0,494.0,33.3,77.5,0.29952996224044864,0.073,0.35,0.64,0.005,0.004,0.0,0.0,0.0,0.00025,0.0,,,428.0,38.0,77.0,2.5,2.5,2.5,,,,,,,,1.0,200.0,MMA,250.0,14.0
1529,174,test,EvansLetter-A+1Ni,423.0,501.0,31.8,77.0,0.34669404744522514,0.063,0.31,0.65,0.006,0.009,0.88,0.0,0.0,0.00025,0.0,,,472.0,38.0,85.0,2.5,2.5,2.5,,,,,,,,1.0,200.0,MMA,250.0,14.0
1532,175,developpement,EvansLetter-A+2Ni,461.0,537.0,28.0,78.9,0.4753004318172901,0.064,0.27,0.61,0.007,0.007,2.17,0.0,0.0,0.00025,0.0,,,454.0,32.0,91.0,2.5,2.5,2.5,,,,,,,,1.0,200.0,MMA,250.0,14.0
1535,199,developpement,EvansLetter-A+3Ni,477.0,557.0,29.4,78.0,0.5491677817982983,0.067,0.3,0.65,0.007,0.007,3.03,0.0,0.0,0.00025,0.0,,,460.0,36.0,72.0,2.5,2.5,2.5,,,,,,,,1.0,200.0,MMA,250.0,14.0
1538,220,test,EvansLetter-A+.25Mo,436.0,519.0,24.6,78.6,0.3472879135491115,0.069,0.33,0.68,0.006,0.008,0.0,0.0,0.24,0.00025,0.0,,,395.0,36.0,67.0,2.5,2.5,2.5,,,,,,,,1.0,200.0,MMA,250.0,14.0
1541,281,developpement,EvansLetter-A+.5Mo,483.0,565.0,27.2,78.0,0.5441527256967755,0.073,0.34,0.66,0.007,0.007,0.0,0.0,0.5,0.00025,0.0,,,433.0,42.0,70.0,2.5,2.5,2.5,,,,,,,,1.0,200.0,MMA,250.0,14.0
1544,261,test,EvansLetter-A+1Mo,565.0,644.0,23.6,76.0,0.5742822594366134,0.072,0.32,0.66,0.007,0.007,0.0,0.0,1.03,0.00025,0.0,,,411.0,40.0,76.0,2.5,2.5,2.5,,,,,,,,1.0,200.0,MMA,250.0,14.0
1547,367,test,EvansLetter-A+1Cr,490.0,558.0,21.0,77.9,0.4571733923844603,0.077,0.32,0.66,0.008,0.01,0.0,1.03,0.0,0.00025,0.0,,,457.0,34.0,75.0,2.5,2.5,2.5,,,,,,,,1.0,200.0,MMA,250.0,14.0
1550,377,developpement,EvansLetter-A+1.5Cr,509.0,596.0,17.0,74.0,0.3889763414211758,0.078,0.26,0.62,0.007,0.005,0.0,1.6,0.0,0.00025,0.0,,,472.0,29.0,100.0,2.5,2.5,2.5,,,,,,,,1.0,200.0,MMA,250.0,14.0
1553,379,developpement,EvansLetter-A+2Cr,598.0,685.0,18.0,68.6,0.3798895927581875,0.078,0.28,0.64,0.008,0.007,0.0,2.15,0.0,0.00025,0.0,,,482.0,42.0,95.0,2.5,2.5,2.5,,,,,,,,1.0,200.0,MMA,250.0,14.0
1556,173,developpement,EvansLetter-A+0.5Cu,417.0,498.0,29.2,78.9,0.3328707403421285,0.063,0.3,0.64,0.008,0.008,0.0,0.0,0.0,0.00025,0.53,,,453.0,43.0,74.0,2.5,2.5,2.5,,,,,,,,1.0,200.0,MMA,250.0,14.0
1559,178,developpement,EvansLetter-A+1Cu,429.0,497.0,26.6,77.0,0.2957925434389031,0.064,0.3,0.63,0.007,0.007,0.0,0.0,0.0,0.00025,1.05,,,456.0,42.0,65.0,2.5,2.5,2.5,,,,,,,,1.0,200.0,MMA,250.0,14.0
1562,190,developpement,EvansLetter-A+1.5Cu,516.0,568.0,28.8,75.0,0.567814823564394,0.066,0.37,0.67,0.006,0.008,0.0,0.0,0.0,0.00025,1.44,,,453.0,51.0,55.0,2.5,2.5,2.5,,,,,,,,1.0,200.0,MMA,250.0,14.0
1565,378,developpement,EvansLetterCo+,434.0,526.0,29.2,78.0,0.39960880793997156,0.078,0.26,1.43,0.006,0.006,0.0,0.0,0.0,0.00025,0.0,,,481.0,5.0,86.0,2.5,2.5,2.5,,,,,,,,1.0,200.0,MMA,250.0,14.0
1568,273,developpement,EvansLetterCo+1Ni,470.0,550.0,26.0,78.0,0.47823294788487625,0.073,0.28,1.39,0.007,0.007,0.95,0.0,0.0,0.00025,0.0,,,454.0,5.0,76.0,2.5,2.5,2.5,,,,,,,,1.0,200.0,MMA,250.0,14.0
1571,248,developpement,EvansLetterCo+2Ni,512.0,605.0,21.7,75.0,0.4726264025335309,0.071,0.26,1.48,0.007,0.012,2.28,0.0,0.0,0.00025,0.0,,,460.0,5.0,87.0,2.5,2.5,2.5,,,,,,,,1.0,200.0,MMA,250.0,14.0
1574,270,developpement,EvansLetterCo+3Ni,573.0,666.0,16.0,70.8,0.3817815443501466,0.073,0.24,1.43,0.008,0.006,3.12,0.0,0.0,0.00025,0.0,,,460.0,5.0,77.0,2.5,2.5,2.5,,,,,,,,1.0,200.0,MMA,250.0,14.0
1577,341,test,EvansLetterCo+.25Mo,474.0,570.0,20.4,77.0,0.42487014283140556,0.076,0.28,1.53,0.008,0.006,0.0,0.0,0.25,0.00025,0.0,,,444.0,5.0,84.0,2.5,2.5,2.5,,,,,,,,1.0,200.0,MMA,250.0,14.0
1580,332,developpement,EvansLetterCo+.5Mo,523.0,610.0,19.4,75.0,0.4505120392777922,0.076,0.25,1.45,0.008,0.006,0.0,0.0,0.5,0.00025,0.0,,,457.0,5.0,78.0,2.5,2.5,2.5,,,,,,,,1.0,200.0,MMA,250.0,14.0
1583,331,developpement,EvansLetterCo+1Mo,594.0,699.0,19.2,68.6,0.4037809456703932,0.076,0.24,1.41,0.008,0.006,0.0,0.0,1.11,0.00025,0.0,,,447.0,5.0,85.0,2.5,2.5,2.5,,,,,,,,1.0,200.0,MMA,250.0,14.0
1586,414,developpement,EvansLetterCo+1Cr,570.0,658.0,18.0,68.6,0.3670285036291236,0.08,0.28,1.48,0.007,0.006,0.0,1.07,0.0,0.00025,0.0,,,436.0,5.0,94.0,2.5,2.5,2.5,,,,,,,,1.0,200.0,MMA,250.0,14.0
1589,315,developpement,EvansLetterCo+1.5Cr,591.0,687.0,17.8,69.7,0.3928168505873339,0.075,0.28,1.48,0.007,0.005,0.0,1.55,0.0,0.00025,0.0,,,466.0,5.0,86.0,2.5,2.5,2.5,,,,,,,,1.0,200.0,MMA,250.0,14.0
1592,340,developpement,EvansLetterCo+2Cr,637.0,730.0,18.5,68.6,0.4053081544831521,0.076,0.28,1.44,0.007,0.007,0.0,1.96,0.0,0.00025,0.0,,,476.0,5.0,84.0,2.5,2.5,2.5,,,,,,,,1.0,200.0,MMA,250.0,14.0
1595,412,developpement,EvansLetterCo+0.5Cu,453.0,535.0,26.6,78.9,0.43859709672696023,0.08,0.24,1.47,0.007,0.007,0.0,0.0,0.0,0.00025,0.55,,,455.0,5.0,96.0,2.5,2.5,2.5,,,,,,,,1.0,200.0,MMA,250.0,14.0
1598,311,developpement,EvansLetterCo+1Cu,492.0,566.0,25.0,75.0,0.47068024269803316,0.075,0.24,1.41,0.006,0.008,0.0,0.0,0.0,0.00025,1.06,,,484.0,5.0,89.0,2.5,2.5,2.5,,,,,,,,1.0,200.0,MMA,250.0,14.0
1601,290,developpement,EvansLetterCo+1.5Cu,559.0,638.0,23.2,70.8,0.49091774828518553,0.074,0.22,1.36,0.008,0.01,0.0,0.0,0.0,0.00025,1.63,,,484.0,5.0,110.0,2.5,2.5,2.5,,,,,,,,1.0,200.0,MMA,250.0,14.0
1604,295,developpement,EvansLetterC+,460.0,533.0,27.6,78.9,0.4599279544775944,0.074,0.28,1.46,0.008,0.008,0.0,0.0,0.0,0.00025,0.0,,,443.0,35.0,79.0,2.5,2.5,2.5,,,,,,,,1.0,200.0,MMA,250.0,14.0
1607,333,test,EvansLetterC+1Ni,498.0,551.0,27.2,78.9,0.569447915208835,0.076,0.25,1.48,0.008,0.006,0.95,0.0,0.0,0.00025,0.0,,,417.0,33.0,81.0,2.5,2.5,2.5,,,,,,,,1.0,200.0,MMA,250.0,14.0
1610,204,developpement,EvansLetterC+2Ni,555.0,622.0,25.6,78.0,0.6494690244517228,0.068,0.27,1.46,0.008,0.007,2.24,0.0,0.0,0.00025,0.0,,,436.0,34.0,78.0,2.5,2.5,2.5,,,,,,,,1.0,200.0,MMA,250.0,14.0
1613,313,developpement,EvansLetterC+3Ni,604.0,680.0,20.0,71.9,0.4683749631438952,0.075,0.26,1.46,0.008,0.006,3.15,0.0,0.0,0.00025,0.0,,,418.0,32.0,72.0,2.5,2.5,2.5,,,,,,,,1.0,200.0,MMA,250.0,14.0
1616,336,developpement,EvansLetterC+.25Mo,560.0,600.0,25.0,77.0,0.6015543625461072,0.076,0.26,1.49,0.008,0.008,0.0,0.0,0.25,2.5,0.0,,,412.0,34.0,89.0,2.5,2.5,2.5,,,,,,,,1.0,200.0,MMA,250.0,14.0
1619,314,developpement,EvansLetterC+.5Mo,596.0,642.0,21.0,74.0,0.507880299750707,0.075,0.26,1.46,0.008,0.007,0.0,0.0,0.5,2.5,0.0,,,429.0,31.0,86.0,2.5,2.5,2.5,,,,,,,,1.0,200.0,MMA,250.0,14.0
1622,312,test,EvansLetterC+1Mo,650.0,720.0,20.0,70.8,0.47534724524314426,0.075,0.25,1.44,0.008,0.008,0.0,0.0,1.07,2.5,0.0,,,432.0,31.0,83.0,2.5,2.5,2.5,,,,,,,,1.0,200.0,MMA,250.0,14.0
1625,394,developpement,EvansLetterC+1Cr,624.0,672.0,20.0,73.0,0.4919876314290339,0.079,0.3,1.56,0.007,0.011,0.0,1.03,0.0,0.00025,0.0,,,431.0,27.0,98.0,2.5,2.5,2.5,,,,,,,,1.0,200.0,MMA,250.0,14.0
1628,274,test,EvansLetterC+1.5Cr,650.0,710.0,18.4,73.0,0.48341352977752716,0.073,0.29,1.53,0.007,0.01,0.0,1.53,0.0,0.00025,0.0,,,438.0,27.0,79.0,2.5,2.5,2.5,,,,,,,,1.0,200.0,MMA,250.0,14.0
1631,380,developpement,EvansLetterC+2Cr,706.0,772.0,16.0,67.5,0.36092632487418136,0.078,0.29,1.48,0.007,0.01,0.0,1.96,0.0,0.00025,0.0,,,438.0,28.0,82.0,2.5,2.5,2.5,,,,,,,,1.0,200.0,MMA,250.0,14.0
1634,337,developpement,EvansLetterC+.5Cu,495.0,557.0,27.6,78.9,0.5815569051536529,0.076,0.27,1.48,0.007,0.008,0.0,0.0,0.0,0.00025,0.53,,,454.0,22.0,81.0,2.5,2.5,2.5,,,,,,,,1.0,200.0,MMA,250.0,14.0
1637,357,test,EvansLetterC+1Cu,487.0,563.0,27.4,77.4,0.5352414151136037,0.077,0.25,1.43,0.007,0.008,0.0,0.0,0.0,0.00025,1.08,,,456.0,19.0,92.0,2.5,2.5,2.5,,,,,,,,1.0,200.0,MMA,250.0,14.0
1640,215,test,EvansLetterC+1.5Cu,570.0,625.0,25.8,75.0,0.5931664318400681,0.069,0.25,1.37,0.007,0.009,0.0,0.0,0.0,0.00025,1.6,,,475.0,23.0,75.0,2.5,2.5,2.5,,,,,,,,1.0,200.0,MMA,250.0,14.0
