row_id,PC1,PC2,PC3,PC4,PC5,PC6,PC7,PC8,PC9,PC10,PC11,PC12,PC13,PC14,PC15,PC16,PC17,PC18,PC19,PC20,PC21,PC22
0,0.6006743492152414,-1.868548317688233,0.9103371717264467,0.1874490131446178,-0.06981843499160154,0.32769129357361243,0.5849768401317974,-0.32423284761459975,-0.09518092678326508,0.268423857818018,-0.38567895342297037,-0.31086242219477406,-1.2693553666654256,-0.8053964669516214,-0.1790807108025034,-0.7213921276689431,-0.0282220305809406,0.109359297356535,-0.34493075263335526,-0.01885394888032585,0.05231504170524629,-0.1809064870361512
2,0.7476175791707801,-1.3252562153015492,1.1706663501322183,0.17132576255428783,0.14850836461045439,0.4496638905401005,-0.8003971920524035,0.26444214004826727,-0.1560087084029751,-0.4586838587044057,-0.30047384249431336,0.9279426423519036,-0.5686143675246269,-0.6980537110239732,0.0666975656983366,-1.1179833473050813,-0.05030563973146531,-0.2651470799778791,-0.2651943105206976,-0.07358908564551143,0.023225359689523658,-0.1778553953958425
3,0.3663282828389261,-1.8902194067028757,0.6723998098569636,0.18506609845959993,0.08409726345349462,-0.048403559505620954,0.6902914430468695,-0.48220556760643557,-0.11611464903351335,0.3159701144149119,-0.563933831983484,-0.23567929356617034,-0.810669666295275,-0.20276691514110015,-0.24141023369739842,-0.729512875011454,-0.0833589445612069,0.24783666247552827,-0.35886803938323075,0.1483293234107465,0.005118592984739025,-0.13210531153574553
5,0.5132715127944594,-1.3469273043161882,0.9327289882627371,0.1689428478692755,0.3024240630555482,0.07356903746086717,-0.6950825891373311,0.10646942005643098,-0.1769424306532232,-0.4111376021075144,-0.47872872105482883,1.0031257709805068,-0.10992866715447652,-0.09542415921345394,0.004368042803439644,-1.1261040946475975,-0.10544255371173107,-0.12666971485888784,-0.27913159727057285,0.09359418664555672,-0.023971089030990614,-0.1290542198954373
12,0.6007776024054368,-2.003505606314273,0.7590871508340388,0.30360271796006855,0.015978572749974426,0.7128696977473109,0.6224474359781144,-0.08296459790239319,0.5202871842657826,0.42237953233516257,-0.22388206928446286,-0.34844489033290366,-1.0039126889666337,-0.6549834520580291,-0.11733103701930443,-0.5434312014131434,0.10325549878756317,0.11215491978381197,-0.3346333055521671,0.08200355482758206,-0.04251766712456758,-0.17629383413218583
13,0.7477208323609771,-1.460213503927588,1.0194163292398086,0.2874794673697415,0.234305372352029,0.8348422947138009,-0.7629265962060844,0.505710389760474,0.45945940264607643,-0.30472818418726205,-0.13867695835580626,0.8903601742137706,-0.3031716898258375,-0.5476406961303817,0.1284472394815361,-0.9400224210492866,0.08117188963703913,-0.26235145755060235,-0.2548968634395107,0.02726841806239182,-0.07160734914029647,-0.17324274249187893
17,0.12955185391797872,-1.7802354122458472,0.2593988921949948,0.3330468665851116,0.06984240909540224,-0.2525385803559653,0.7637811135259314,-0.3913346722098324,0.3407823578832819,0.5459980876609154,-0.27218456899993165,-0.27267915777018675,-0.12619858263865238,0.5255783487635889,-0.20033103262081595,-0.23383367000719457,-0.03646566061740074,0.23920216568174588,-0.29856044608840376,0.18159173741560536,-0.012690612932194758,-0.04826026990833948
18,0.27649508387352084,-1.2369433098591622,0.5197280706007659,0.31692361599478386,0.28816920869745644,-0.13056598338947561,-0.6215929186582686,0.19734031545303818,0.27995457626357134,-0.1811096288615108,-0.18697945807127633,0.9661259067764877,0.5745424165021442,0.6329211046912377,0.045447243880018195,-0.6304248896433388,-0.0585492697679226,-0.1353042116526719,-0.2188240039757493,0.12685660065041374,-0.04178029494792359,-0.04520917826803467
19,-0.12973978428165645,-1.880285609163258,-0.05095923509538565,0.292364841448319,0.2453298698010208,-0.5978177161590545,0.8937843606804066,-0.5561285630759307,0.35704157552002647,0.6263568434150611,-0.5279295820636263,-0.15469315994362975,0.4373289214725782,1.24391471184824,-0.26043934854780165,-0.26274150962579823,-0.11823305958637739,0.4459919271971705,-0.30764504199529136,0.2448705557177849,0.0034114036862171104,0.006521999763275555
21,0.017203445673883957,-1.3369935067765728,0.2093699433103818,0.27624159085799305,0.4636566694030769,-0.47584511919256545,-0.49158967150379534,0.03254642458693767,0.29621379390031694,-0.10075087310736544,-0.44272447113497054,1.0841119046030463,1.1380699206133729,1.3512574677758866,-0.014661072046961359,-0.6593327292619422,-0.1403166687369006,0.07148554986275527,-0.22790859988263232,0.19013541895259445,-0.025678278329511223,0.00957309140358406
22,0.634684914660153,-2.031388033324367,0.8293955499747853,0.7500883989076967,0.06262238849643409,1.0403218184773944,0.6918766587994188,0.12788152651137308,1.1282137361823157,0.6589942718388173,-0.04067256644609259,-0.3671757788455822,-0.8052066034308137,-0.5843852759700208,-0.06541518722451077,-0.45584979334106546,0.09156061325290844,0.08544087529008748,-0.3143052848224557,0.04470425898034379,-0.0016156138400453646,-0.16352815663263884
24,0.7816281446156934,-1.4880959309376813,1.089724728380553,0.7339651483173694,0.28094918809849084,1.1622944154438846,-0.6934973733847806,0.7165565141742396,1.0673859545626065,-0.06811344468360883,0.04453254448256388,0.8716292857010937,-0.10446560429002157,-0.4770425200423727,0.18036308927633127,-0.8524410129772082,0.06947700410238297,-0.2890655020443271,-0.23456884270979983,-0.01003087778484609,-0.030705295855773262,-0.16047706499233078
25,0.38643676330662025,-2.002521631199703,0.5239075682729831,0.660956295375298,0.1722358687320571,0.6536656352367858,0.7657271737489355,0.005132055556042823,1.1115758557855306,0.694424278862878,-0.10232896739473163,-0.33208366032811465,-0.3379782444706796,0.017614505662115768,-0.09906593013365617,-0.31003056377059274,0.11312617936040821,0.1836664463333266,-0.31508189209392523,0.17675594634221603,-0.05932055330360691,-0.1095216210857175
27,0.5333799932621646,-1.4592295288130182,0.7842367466787546,0.6448330447849705,0.39056266833411063,0.775638232203274,-0.6196468584352667,0.5938070432189093,1.050748074165821,-0.03268343765954757,-0.017123856466076403,0.9067214042185615,0.36276275467011887,0.12495726158976195,0.1467123463671866,-0.7066217834067364,0.09104257020988718,-0.19083993100108837,-0.2353454499812663,0.12202080957702663,-0.08841023531933492,-0.1064705294454085
31,-0.14771083225657292,-1.8927964784949631,-0.09343177025165307,0.5289009938025216,0.303909842365036,-0.25856068460371745,0.9317702401477138,-0.31200342199368886,0.9468874141976826,0.8297383008565721,-0.25178021038180054,-0.20652488484353146,0.6726495055226019,1.337842561608277,-0.156201519358348,0.016340865429700004,0.03635722268710111,0.42688766354902846,-0.28301241161177854,0.06887852835133623,0.06581231494212268,0.023131013303422012
33,-0.0007676023010321884,-1.3495043761082766,0.1668974081541168,0.5127777432121935,0.522236641967091,-0.13658808763722793,-0.453603792036487,0.2766715656691777,0.8860596325779745,0.10263058433414571,-0.16657509945314514,1.0322801797031453,1.373390504663398,1.4451853175359226,0.08957675714249151,-0.38025035420644343,0.014273613536577735,0.052381286214613465,-0.20327596949911966,0.014143391586146754,0.03672263292639544,0.026182104943730054
34,0.7012655270162154,-2.199555824249883,0.6935391278648012,1.4289213889272145,0.0888895106389316,1.8636024353313105,0.8037059114783383,0.6659086859650887,2.545050811383767,1.163240823724464,0.407956231034112,-0.4198662446282228,-0.23975676575924798,-0.29657324950797326,0.07662198549087244,-0.08184691317465115,0.13547168558621087,0.03972140230082296,-0.2417662394471983,-0.05474268505159504,0.045602682843513785,-0.13169795319488095
36,0.8482087569717577,-1.6562637218631984,0.9538683062705732,1.412798138336885,0.3072163102409865,1.9855750322977987,-0.5816681207058613,1.2545836736279556,2.4842230297640575,0.4361331072020395,0.49316134196276973,0.818938819918452,0.46098423338154854,-0.18923049358032615,0.3224002619917123,-0.4784381328107954,0.11338807643568745,-0.33478497503359206,-0.16202979733454084,-0.10947782181678457,0.01651300082778637,-0.128646861554573
37,0.4800374885539884,-2.1565536538064976,0.47139250311223474,1.4426350295415882,0.2050695119824303,1.4679908941258937,0.8862182569539971,0.5293272480427356,2.524654236169638,1.198985686991822,0.3220747839339153,-0.38319654598637176,0.1732180463344349,0.2506003600902124,0.020734714819148053,-0.022747773503853243,0.10629843272920333,0.11938250868885686,-0.2506434778574044,0.17086288072921613,-0.043313937001376576,-0.08284956565166297
39,0.6269807185095292,-1.6132615514198119,0.7317216815180052,1.4265117789512602,0.4233963115844848,1.5899634910923832,-0.4991557752302035,1.1180022357056028,2.4638264545499298,0.47187797046939434,0.4072798948625708,0.8556085185603035,0.873959045475231,0.35794311601785916,0.26651299131998846,-0.4193389931399967,0.08421482357867986,-0.255123868645558,-0.1709070357447462,0.11612774396402636,-0.07240361901710395,-0.0797984740113547
43,-0.05303468416792461,-2.0990007387959095,-0.0026135696915839768,1.4950361937242778,0.45291547715195835,0.5379268564849546,1.1130005274129273,0.1467796664921281,2.36276703413554,1.3501486205191566,-0.004225507278431037,-0.20411053892050923,1.1748402608620512,1.5766532757532883,-0.08597825296098613,0.05072997650139995,-0.06510327129403777,0.4213402970809499,-0.25130397853647474,0.18400564827329338,0.06450198603708969,0.0424201691893393
45,0.09390854578761569,-1.555708636409223,0.2577156087141871,1.4789129431339494,0.6712422767540127,0.6598994534514443,-0.2723735047712742,0.7354546541549959,2.3019392525158313,0.6230409039967298,0.08097960365022469,1.0346945256261673,1.8755812600028483,1.6839960316809346,0.15980002353985312,-0.34586124313474387,-0.08718688044456131,0.046833919746535196,-0.1715675364238164,0.1292705115081037,0.035412304021362036,0.045471260829647746
46,0.6887447461932544,-2.3052749727363615,0.7893291129050938,2.2619175383000423,0.2992550882181334,2.4832460091806015,0.9793946780712579,1.0499457195961157,3.7579568088846673,1.6382653175322273,0.6855656840241678,-0.42456232216033674,0.27182125619299163,-0.023084400697314964,0.1859461163358892,0.07500080827615185,0.17387356454781167,0.0740973074045208,-0.21989401646673262,-0.1925061624039074,0.15717029314220893,-0.09993685864462132
48,0.8356879761487952,-1.7619828703496756,1.049658291310865,2.2457942877097135,0.5175818878201878,2.605218606147091,-0.4059793541129428,1.6386207072589831,3.697129027264958,0.9111576010098011,0.7707707949528242,0.8142427423863391,0.9725622553337882,0.08425835523033189,0.4317243928367292,-0.3215904113599923,0.15178995539728815,-0.300409069929894,-0.14015757435407492,-0.2472412991690971,0.12808061112648114,-0.09688576700431299
49,0.4820134262931424,-2.2831809651760087,0.5158952554467955,2.1692992224940797,0.367150555009471,2.1124940941354984,1.0395367614573452,0.9197348557655355,3.68976291991744,1.6569594132890801,0.6025443576448267,-0.3847542552699695,0.6637034013300783,0.5040945554940108,0.14205461586904491,0.1716230624801335,0.15017555342760905,0.15824541042160503,-0.21743986029676815,-0.05894338230578052,0.10526016839389982,-0.053087374575911506
51,0.6289566562486834,-1.7398888627893225,0.7762244338525667,2.1531759719037513,0.5854773546115254,2.234466691101988,-0.34583727072685555,1.5084098434284028,3.6289351382977313,0.9298516967666539,0.687749468573483,0.8540508092767063,1.364444400470875,0.6114373114216577,0.3878328923698849,-0.2249681571560106,0.1280919442770855,-0.21626096691280977,-0.13770341818411044,-0.11367851907097024,0.07617048637817203,-0.050036282935603166
58,-0.6459188549723254,-1.207707036218502,-0.49917564752665966,0.49542102818875783,-0.0123827777483267,-0.8117238882110774,-0.4443675580754647,-0.1824719815174141,0.04934685430089055,-0.9964813772670922,-0.7670543520273454,0.27328256086735087,0.15895076976409261,0.041466986595802925,-0.7679257456441586,0.9089961496560254,0.2641300455148192,0.08613034005107244,0.681607901431859,0.052674795241081734,0.24740445437390535,0.09915919116232272
59,0.18935478152345056,-1.0790687895133126,-0.14315857304303,0.14248115898675787,0.12379121912309538,-0.8751948913012971,-0.8371023749421673,-0.02378249610307513,-0.04451643556729104,-1.0299924579296842,-0.044349771338312236,0.7158721045895999,0.22553272557764314,0.8942219746648119,0.46184759918441404,0.0552118254897792,0.278296272022933,-0.36532527752324845,-0.018050081158045485,-0.07977742300980259,0.09299586056020721,-0.04711026376751167
60,-0.630234982009468,-1.341098664130665,-0.7498783830273917,0.3744063247711406,-0.1270697632377417,-0.41982850741721317,-0.38680443445003565,-0.19928207631519154,-0.17057313743113145,-1.1038452296789971,-0.6216632293519313,0.27219866769549955,0.29260073778897894,-0.008387204483308727,-0.7444302075952056,0.9017976221660116,0.3207185321873981,0.10250618302481691,0.7098528936707869,-0.08583417193897466,0.29792948284467924,0.08605683256870247
61,0.20503865448630781,-1.2124604174254756,-0.3938613085437621,0.02146645556914074,0.009104233633680422,-0.48329951050743264,-0.7795392513167385,-0.040592590900852446,-0.264436427299313,-1.1373563103415891,0.10104135133710176,0.7147882114177488,0.35918269360252963,0.8443677835857002,0.485343137233367,0.048013297999765475,0.334884758695512,-0.348949434549504,0.010194911080882461,-0.218286390189859,0.14352088903098115,-0.06021262236113189
64,-0.6352959405480242,-1.3207640400796252,-0.9316733106217178,0.7051440590365147,-0.26924073574602914,0.1929204183228884,-0.0902469312948457,-0.45436199051153453,-0.7886581191324221,-1.3280820860911766,-0.25854037369071187,0.24444605251272528,0.7343566428402966,-0.047105844244121946,-0.7495573943520728,0.8387547423291326,0.20543200611293924,0.003458976060606369,0.6974514179833952,0.0018628318465915214,0.31545801518504224,0.07762459554927513
65,0.19997769594775192,-1.1921257933744358,-0.5756562361380883,0.35220418983451457,-0.13306673887460715,0.1294494152326688,-0.48298174816154793,-0.29567250509719567,-0.8825214090006037,-1.3615931667537682,0.4641642069983214,0.6870355962349741,0.8009385986538471,0.8056491438248872,0.4802159504765001,-0.015029581837113648,0.21959823262105307,-0.44799664151371454,-0.0022065646065095373,-0.13058938640429282,0.16104942137134406,-0.0686448593805593
68,-0.9905273794016838,-1.3315886682765803,-1.7008313514400917,1.8969922051760135,-0.21804025559562457,2.9187660427655833,1.244633575165604,-1.5359232493997348,-3.434671004598822,-2.4539801084454504,1.308199116444227,0.07074478886011336,2.6730776453391893,-0.2435351200781796,-0.6907805816827923,0.481640425201093,0.5374155694260274,-0.17686232011816744,0.5290754008763671,0.3683667454391676,0.2502252413635861,0.01738606687218438
69,-0.155253742905908,-1.2029504215713906,-1.3448142769564624,1.5440523359740135,-0.08186625872420249,2.855295039675364,0.8518987582989012,-1.3772337639853958,-3.5285342944670033,-2.487491189108043,2.0309036971332604,0.5133343325823626,2.73965960115274,0.6092198679908292,0.5389927631457804,-0.3721438989651531,0.5515817959341414,-0.6283179376924882,-0.17058258171353738,0.23591452718828335,0.09581664754988801,-0.12888338805764998
70,0.24931162703814386,-1.4725105963631864,0.14839476286204564,-0.2286554536444414,-0.6182742131019352,-0.7542058854661748,0.7503388496442684,-0.7050516547013659,-0.0836037952135943,0.24016780799902304,0.00224003051863866,-0.15658846401178486,-0.11328796022454793,0.710301376481633,-0.2906847859311124,0.44475229784844206,-0.04406736970506598,0.06885014557427181,-0.27333898172062554,0.35969453553087843,-0.12036334302620226,0.03282387347949114
74,0.057889685335425524,-1.3545224073812778,0.13375572831686258,-0.43483871752582426,-0.61543364310798,-0.7715350654576513,0.7745421776749652,-0.6744481563230421,0.018276555026712132,0.1302929085627346,0.37073879977359103,-0.2736538364923758,-0.21914478228817968,0.6287657572049354,-0.22295855169485182,0.45844576640947743,-0.1723380151571684,-0.11716559201801463,-0.00515663518238655,0.3755708026744835,-0.11498540338095116,0.1348104270767477
82,-0.5748541678226889,-1.1990525045897598,0.17577702585617155,-1.2443763456268253,0.2436259992101393,-0.6167796065793324,1.0369063858540504,-0.7217943107169263,0.48320859021542134,-0.36364128875948676,0.8302201896596573,-0.70488435955787,-0.26268621836700096,0.45276430321515915,-0.21553080634445546,-0.07910666741554874,-0.32955129716305653,-0.3935751333125011,0.5469966158649708,0.09966761615612252,-0.17982164793287694,0.14022902344572583
86,-1.1074608170380091,-1.0182013359081565,0.15906270510001727,-1.845843902981588,0.8919890161379038,-0.6110747095075514,1.2846106300371236,-0.8102202772349143,0.8858023838070979,-0.7603195359756051,1.2089037024631033,-1.0787020977562145,-0.2041223884769459,0.43650016999546454,-0.272799181520545,-0.5889928383608544,-0.684830071162745,-0.6833179775134409,1.0557577782400838,-0.045558888445033426,-0.2551312222063918,0.1449046451719987
90,-1.7285546204535982,-0.7137112180909914,0.06929115557326104,-2.816217801219123,1.5808546858632537,-0.5253051191980387,1.6014984346054744,-0.9208477842389939,1.4230212361892924,-1.294768874581097,1.7875799454043162,-1.6164889628975603,-0.08981478819877638,0.3895035235415513,-0.33563757076731676,-1.0868952176324225,-1.3521771822553996,-1.162708908680973,1.7899688715085273,-0.5847929115027217,-0.20277222233708547,0.12378221478250039
98,-0.14220335213601057,-1.454381657181846,-0.14105906674308039,-0.581888883858794,-0.2689660494529509,-0.6513711677208589,0.611608781850688,-0.43240292152656495,-0.10578970215571067,0.2553241140291432,0.35544360918120615,-0.4801007763131299,-0.27423080065652844,0.5255434014997861,-0.030977028736388666,0.39030336756632805,-0.11024394427283331,-0.11137733091100113,0.049389097063033,0.15651035550415487,-0.026373611247328576,0.1285414899490491
102,-0.44700565291463074,-1.3894667142635144,-0.0597569772429332,-0.9907657647572393,0.1707878409804984,-0.5441606264653047,0.7993976212563587,-0.5008624672418818,0.2110004454969828,-0.0610258950291216,0.5789262977174445,-0.6917587271890592,-0.32522361515798565,0.4067352977992074,-0.09946391936208061,-0.05150873962950649,-0.273961781775612,-0.26955408749403187,0.37335847947180234,0.06635235654156534,-0.09751846919880751,0.11352980928442269
106,-0.9082043653075137,-1.1484178557094578,0.027944381431590733,-1.606389558818649,0.8008238930443129,-0.47179217243577276,1.010891074128026,-0.5623070446289599,0.5620011296397933,-0.44652485751327464,0.9924259795087937,-1.0659909455652095,-0.32641355399718003,0.26661014358714874,-0.08263730896878127,-0.31549017593992007,-0.47348879769059316,-0.5676124206896056,0.7906501375484687,-0.1670554540080851,-0.13999882339698186,0.11081350478125349
114,-1.8058084172561477,-0.7641059488664057,0.05407522374157048,-2.638700019790489,2.0191131070162203,-0.46069437521288487,1.3938803353482134,-0.6808736211402884,1.2002909149767291,-1.123724366382311,1.6581644398932793,-1.7488060627086812,-0.23555988638582404,0.1643546993556887,-0.1317430850324308,-0.9814336905919973,-0.7909522955439613,-1.0386430638008146,1.528923758230772,-0.472120417455325,-0.30079121535279574,0.07590008676664386
121,-0.014396457026904686,-1.616830856271704,-0.43690891612079363,-0.2634413286065192,-0.305705862568391,-0.5673962736085244,0.3583623204057626,-0.1772923661342392,-0.3923104560006472,0.6199835936533744,0.05717796736671727,-0.5737864116371829,-0.32521797057015184,0.45430890421482323,0.06755156529230467,0.23259341128060765,-0.40968368456950893,-0.081025105693684,-0.038126506960717704,-0.05310077946246816,0.15701554391238476,0.05885725036227353
124,-0.5853576427931473,-1.56201576775248,-0.3263945035178501,-0.7360527853409916,0.5131434684350272,-0.5070861544788778,0.5291356699882046,-0.18304126386900804,-0.09740684733855438,0.2819343159218653,0.3609261487379689,-0.8428607762923384,-0.4213453220008568,0.3155569560113645,0.14498338848105363,-0.17081092901755812,-0.20071983458699266,-0.17909448230204206,0.27790242924246567,0.1073974101821016,-0.037477493367950615,0.12642939910411372
127,-0.9578490163883591,-1.4446760906925098,-0.15030375813122288,-1.2553304752529209,0.905855723167416,-0.47480370741341404,0.8346381621228812,-0.38248941094928746,0.31111369162100067,-0.14907298262751234,0.6964240248233853,-0.9587129225817397,-0.40021088550494016,0.30516345543465695,0.030224449804788948,-0.5401130718044098,-0.22868150292283063,-0.28351018221812296,0.6486757144976022,-0.11697281453503502,-0.05599327037612361,0.15131327772156172
130,-1.5754295069106043,-1.1918520192838982,-0.15058351259892797,-1.9786200666552465,1.7101000575493817,-0.45549438477545845,1.1131325294710688,-0.4750506732506183,0.7556717514171564,-0.5953081802225453,1.1255346121396121,-1.4359763686736473,-0.3122682553815174,0.268115011053741,0.0073467931278542705,-1.0400136480199658,-0.6991188463901633,-0.6661758771008194,1.2231844530614675,-0.28504064582590505,-0.13931029212641186,0.15397267840180046
133,-2.14540946340425,-0.9408860888348932,-0.21698033990540044,-2.510798953099681,2.370917985797094,-0.5071149178069662,1.276771183387122,-0.4799278262834891,1.0680895932933205,-0.9145596633521621,1.5949517583454476,-1.876215851186678,-0.28999900527531114,0.20985029907603073,0.02677053824672895,-1.4169028854479435,-0.9616911735995776,-0.9847944520388376,1.713164714210334,-0.48243701414945056,-0.1844460085118744,0.16948363015731222
136,-0.42144865012290883,-1.6375108470140085,-1.1639116834579235,0.08936717454316781,0.24690986055376868,-0.8808640933522772,-0.1488134526407976,0.3764034983920105,-0.9108427174872286,1.149023504287826,0.049577995582569034,-0.9961940927261463,-0.3048595465348193,0.5373093860932187,0.4309862061333395,0.32742312046237443,-0.006433068401791213,-0.03375825378959277,-0.1697105130999176,0.08276244177740198,0.09855170207658105,0.0607187857613362
144,-0.5878508947356172,-1.5274797693439892,-0.6169662889250321,-0.49222657423812355,0.8659630979397602,-0.38525358201873294,0.1439969309400765,0.24218780291801542,-0.5792437747429549,0.8137545753265644,0.05362749905616644,-1.246589938642319,-0.4361936931034664,0.12119661482989909,0.5911410932629566,0.10543137218596807,-0.8745265196334558,-0.4422208236478553,0.1766983765106305,0.11091668903991456,0.12920479278051758,0.11602032993254749
152,-1.6966252923583631,-1.293140420136022,-0.7803960775728347,-1.4306775978091395,2.4687589502386698,-0.34010256072694234,0.4140686465538285,0.2999299084490659,-0.10001856671885187,0.3582299335842237,0.49678625188427455,-2.0763969989674242,-0.33464059435169413,0.043172587119984375,0.7353846308678127,-0.8137707186288363,-1.5259240021262597,-0.92936380727365,0.9858850331505083,-0.04121065076021159,0.013916457058707242,0.14156512742807847
156,-2.124073621375491,-0.9212818590971018,-0.6113410976637448,-2.1804296334782216,3.034784026407551,-0.1849839538185647,0.7602171493391345,0.14209302686827052,0.4421421932276615,-0.15131665940744202,0.9878314274409457,-2.6014644440493395,-0.325930328406553,-0.16389797016889457,0.6505669385521821,-1.3517417341592193,-2.57674162007275,-1.5525161477009695,1.697036822522908,-0.34423678102605354,0.0287645950712116,0.11589783961780878
160,-1.1230122046154398,-2.0882230037713176,-2.3049706096307707,0.30370726036035967,2.262496647177077,-0.37925817326936556,-1.2287053942231472,1.7604990459541214,-2.0839104007833917,2.4088998133143975,-0.8418460919404134,-2.158596306310159,-0.4986030789076478,-0.00621302907706184,1.7429239575136704,0.3055584323559794,-0.6242146917119398,-0.2517840520590131,-0.37704016764841625,0.34910139295013726,0.2430536029635956,0.077938378203659
164,-0.9893303790319525,-1.7343291965826115,-2.031626442320206,0.28329218430010294,2.2335594352730594,-0.36486087627385705,-1.0954840872556748,1.6190547625798537,-1.979647184988327,2.3246472203147976,-0.7736357642572174,-2.3503513559016698,-0.420126658674623,-0.12287288189746792,1.6796254507274775,0.3914615342418262,-1.3605366806582622,-0.6140034020207156,-0.2638827602044411,0.053590390997286956,0.3761404544703492,-0.013528087161285831
184,6.236373459276816,3.567372889876654,-1.7063927951314144,-0.3949911595280599,0.3615676109940269,-0.5073052417963931,-0.01925828315674804,-0.397083113368236,0.3394444013019653,-0.26390652213315685,-0.9073322433069313,-1.4993537145284084,1.3056897655231032,-0.5440351425081312,0.011004126091864408,-0.5767263477541692,0.13114993701812844,-0.023900593111992805,-0.05622755485068532,-0.24372489908435513,0.1213550521576237,0.1105213560250863
188,6.401249333221659,3.935076077500215,-2.7954434010419513,-0.20121121798079353,1.2998914907188286,-0.2771151445089998,0.2789604441099014,-0.954145117530093,0.35989725105346293,0.3084430528587956,-0.5795785630812064,-0.05025029722097806,0.20348346088690586,-0.25011954421070137,-0.5953841720716225,-0.438529532637029,-0.07045140435185195,-0.3000007288412594,-0.07210280694245239,-0.220144370415434,-0.05715649033566337,-0.13180864768901637
192,6.680865039123291,4.557131345114995,-4.039766012329474,-0.12410224333745874,2.415505177670114,-0.1269934242500636,0.555182947278807,-1.805767740688605,0.48647956005824056,0.9772680654976701,-0.16291780442690737,1.437553301997685,-0.7555236265930998,-0.3085694065050362,-1.0177879601811575,-0.06007521377489462,-0.09769178582994546,-0.581931953886704,-0.12414454593260282,-0.359901920547025,-0.3172827857035721,-0.5888736481488003
196,7.032279973524074,5.5160545843090585,-6.153968283530979,0.10142169070799781,4.71008826923207,0.5669389874428988,1.1781963034148075,-3.4572316414153774,0.5824208709102013,2.352747607494938,0.6140029418850724,4.800503631313162,-3.203478213226057,0.022950137931437936,-1.9863706058634873,0.7506093842558311,-0.5583258063511883,-1.1743704977213838,-0.13521659653643936,-0.4706610263160645,-0.6219970399928679,-1.218642239491878
200,5.066161142159558,2.805507293799108,-0.9845100022638904,-0.7126292356824824,0.028785912969921383,-0.3080491128451328,0.1861703927875198,-0.4854669761426687,0.11992491951948686,0.001908643777808554,-0.2115380520983096,-0.3868458272175498,0.6221800697175722,-0.2887486265957304,1.3001554608443693,-0.08776581898245815,-0.11769071436678855,0.4197540638769997,1.0426431353403334,0.833195353730073,0.9540589173634438,1.7796514730438178
204,5.095558859644342,3.0486580460066834,-2.0515439633443995,-0.5459687096526399,1.2879990097456273,0.11519304602411452,0.5249965853607665,-1.1185376585489708,0.14954745009899983,0.6062053904086006,0.05583594083511006,1.2919501883848983,-0.720200133867833,0.0015393896684377272,0.618044136577741,0.012695445022946165,-0.1882213644969426,0.12016939537734816,0.9212536017885289,0.7292413761419082,0.7240995002687357,1.392944060420176
208,5.296073023593075,3.6422163547277675,-3.2875749381982624,-0.27220686796484,2.4560976537565224,0.3105729823392932,0.8816121270631,-1.9510736316987392,0.19492253453184563,1.368901870607706,0.5317651758669877,3.0607846279659445,-1.988174743610958,0.15627699927927574,0.04377674906125795,0.32603114573556136,-0.3906235628145832,-0.22221186712494576,0.9108933515322314,0.5953276318439104,0.5798495978802946,1.060815112874159
212,5.529146185234107,4.566620920583328,-5.564317757826859,-0.07452269060969949,4.804907086841098,1.0090149515059545,1.566587487258756,-3.2745634474583687,0.21751061204794725,2.622109890895502,1.414632997005655,6.413999620595435,-4.63019318686992,0.7502038788710397,-1.2346870378048114,1.1877323323417404,-0.6762919716871791,-1.0371448479265875,0.7371753746846246,0.4466835986726638,0.14410043415403176,0.3961909244430615
216,0.5923743427231893,-1.8786123627636875,0.9126137481338966,0.20573936271423987,-0.07051440872241947,0.34392819751264275,0.5885346567532567,-0.3136754914311727,-0.0637406983293377,0.2811491849237222,-0.3762041617547314,-0.3075800680230463,-1.2557948327668664,-0.8006931431545763,-0.1701439301303541,-0.7126217789643742,-0.02864084898387978,0.10877147764735007,-0.34102875311367614,-0.0214268820184311,0.04509983513509594,-0.19729221229021973
217,0.73931757267873,-1.335320260377001,1.1729429265396676,0.18961611212391116,0.14781239087963494,0.4659007944791321,-0.7968393754309444,0.2749994962316949,-0.12456847994904642,-0.445958531598704,-0.29099905082607525,0.9312249965236297,-0.5550538336260697,-0.6933503872269294,0.0756343463704859,-1.1092129986005181,-0.0507244581344033,-0.26573489968706476,-0.2612923110010184,-0.0761620187836208,0.016010153119368188,-0.1942411206499114
219,0.35802827634687207,-1.9002834517783294,0.6746763862644128,0.20335644802922195,0.08340128972267843,-0.03216665556659115,0.693849259668331,-0.4716482114230109,-0.08467442057958471,0.32869544152061375,-0.5544590403152464,-0.2323969393944446,-0.7971091323967145,-0.19806359134405452,-0.23247345302524927,-0.7207425263068896,-0.08377776296414793,0.24724884276634032,-0.35496603986355224,0.14575639027263734,-0.0020966135854155574,-0.14849103678981274
220,0.5049715063024127,-1.3569913493916432,0.9350055646701839,0.18723319743889333,0.30172808932473283,0.08980594139989828,-0.69152477251587,0.1170267762398566,-0.14550220219929344,-0.39841227500181253,-0.46925392938659016,1.0064081251522312,-0.09636813325591796,-0.09072083541640777,0.01330482347559057,-1.1173337459430337,-0.10586137211467148,-0.12725753456807445,-0.2752295977508944,0.09102125350744765,-0.031186295601143287,-0.14543994514950437
222,0.04509280685604617,-1.8219637728342688,0.3637991880383923,0.07318322358902069,0.24521268120537948,-0.4764157121625339,0.7723171392936153,-0.6061829485882827,-0.1311513741743111,0.36231161213647356,-0.5714374432531389,-0.20827696027926837,-0.2880169031748644,0.4439975893517246,-0.23549225667549753,-0.4807792027268763,0.03666923463961498,0.366101506352682,-0.3611161980682602,0.15020837021593494,-0.007975357944321644,-0.08587812468503986
223,0.19203603681158707,-1.2786716704475827,0.6241283664441635,0.057059972998691935,0.46353948080743385,-0.3544431151960445,-0.6130568928905852,-0.017507960925415216,-0.19197915579401983,-0.3647961043859525,-0.48623233232448265,1.0305281042674073,0.412724095965932,0.5513403452793715,0.010286019825342612,-0.8773704223630205,0.014585625489091468,-0.008404870981732752,-0.28137975595560266,0.09547323345074522,-0.0370650399600494,-0.08282703304473153
225,-0.1705382094914684,-1.8003548763325203,0.11147053744392726,0.16960163587074992,0.2797165151511076,-0.9350340969196016,0.8800383662356622,-0.7872788776526903,-0.18081498769141643,0.46113799768022945,-0.7325995826255777,-0.11422147332388402,0.20848871612758013,1.113494800330626,-0.3160852801526833,-0.4807739256818547,-0.16699352123736838,0.4788747864756191,-0.34346856611042365,0.2532861645592683,0.016559268774697315,-0.021966495127171616
226,-0.023594979535927534,-1.257062773945834,0.3717997158496984,0.1534783852804212,0.49804331475316205,-0.8130614999531122,-0.5053356659485386,-0.19860388998982278,-0.24164276931112516,-0.2659697188421968,-0.6473944716969214,1.1245835912227917,0.9092297152683768,1.220837556258273,-0.07030700365184317,-0.8773651453179989,-0.18907713038789192,0.1043684091412042,-0.26373212399776597,0.19855102779407852,-0.012530413241030445,-0.01891540348686329
228,0.6326250064733295,-1.8349130257912536,0.8883379244320525,0.2147985834414944,-0.04659902062003953,0.32016211891172314,0.5836007135042334,-0.309097032080856,-0.04450701931199809,0.25562065505732895,-0.36285427065836423,-0.3468598501338586,-1.2606132056610806,-0.7848894399584353,-0.21500592956855077,-0.7287827062684128,-0.015656344796806766,0.07838765442721872,-0.3606338839571132,0.16605722647648538,-0.019956582799308776,-0.12373895076549479
229,0.7795682364288705,-1.2916209234045677,1.148667102837824,0.19867533285116568,0.17172777898201483,0.4421347158782125,-0.801773318679967,0.2795779555820114,-0.10533480093170683,-0.471487061465097,-0.2776491597297079,0.8919452144128169,-0.5598722065202844,-0.6775466840307883,0.030772346932289446,-1.1253739259045572,-0.03773995394733027,-0.2961187229071961,-0.28089744184445564,0.11132208971129566,-0.04904626481503655,-0.12068785912518651
233,0.13876294373257123,-1.819834921242619,0.2876475720020251,0.08250926009801628,0.13285368931657165,-0.4660036710774657,0.7614298490123732,-0.6032927303326403,-0.13903122939466991,0.38783679905680063,-0.5957987830264047,-0.20239157317387238,-0.2734878103302245,0.4928837489453856,-0.28495088524713263,-0.5123848172793507,-0.1028215588752403,0.35337713656335956,-0.3433501759240528,0.1239220982518955,0.07381420062182845,0.0014620865070809764
234,0.2857061736881123,-1.2765428188559331,0.5479767504077963,0.06638600950768747,0.351180488918626,-0.3440310741109763,-0.6239441831718273,-0.014617742669772914,-0.19985901101437864,-0.33927091746562543,-0.5105936720977482,1.0364134913728034,0.4272531888105719,0.6002265048730326,-0.03917260874629233,-0.9089760369154951,-0.1249051680257638,-0.021129240771055262,-0.26361373381139525,0.06918696148670576,0.044724518606100654,0.004513178147389263
241,0.5143546024186751,-1.8261958387342476,0.525580132967296,-0.004096390236418465,-0.03447577507514057,0.09862935744416108,0.6162205159913883,-0.37771910692346655,-0.08567650938887708,0.2933575144136186,-0.413923038110787,-0.3193786400810255,-0.8770308133970853,-0.2838694698451325,-0.24680533584384048,-0.5499174059135479,-0.00974570727852531,0.18908846202691226,-0.34751595065035246,-0.0023279201574617344,0.12458057453963035,0.027974749138613128
242,0.661297832374216,-1.2829037363475617,0.7859093113730673,-0.020219640826747185,0.1838510245269138,0.22060195441065047,-0.7691535161928122,0.21095588073940083,-0.14650429100858578,-0.43375020210880744,-0.3287179271821307,0.91942642446565,-0.17628981425628898,-0.17652671391748556,-0.0010270593430004161,-0.9465086255496921,-0.03182931642904882,-0.1854179153075025,-0.2677795085376948,-0.05706305692265144,0.0954908925239026,0.03102584077892144
247,-0.04309229915594927,-1.7498194791219852,-0.09769157333169527,-0.05446319648740717,0.1829148740106831,-0.8560789688213115,0.8155879143179393,-0.7141932571413934,-0.17171211512013124,0.4208392399674069,-0.6317289801838415,-0.19256163374410182,0.20119422282615484,1.1279306520024972,-0.3516774956901737,-0.32921343213522647,-0.11072652820269062,0.4335397723568502,-0.3401427796487662,0.23073088400028927,0.07867059578268362,0.1557672801841572
248,0.1038509307995913,-1.206527376735299,0.16263760507407582,-0.07058644707773576,0.4012416736127375,-0.734106371854822,-0.5697861178662617,-0.12551826947852582,-0.23253989673983994,-0.3062684765550194,-0.5465238692551855,1.046243430802574,0.9019352219669515,1.2352734079301437,-0.10589921918933401,-0.7258046517713704,-0.13281013735321412,0.059033395022435486,-0.2604063375361082,0.1759957472350996,0.04958091376695592,0.15881837182446557
250,0.7957151352745548,-1.6749416822964072,0.8584721895935729,0.16813201356370816,-0.07184036102266521,0.38640711129262606,0.5464184508664512,-0.2596654600418485,-0.06852685486563445,0.25179734348342947,-0.25984140642990644,-0.4313951720157199,-1.3361948560048191,-0.8531765118459472,-0.2585516075253507,-0.6347871566044769,0.050685434526149285,0.055175197752689815,-0.3808138869498277,-0.09035790155657983,0.2388806742749101,0.1451416493424697
251,0.9426583652300957,-1.131649579909721,1.1188013679993438,0.15200876297337954,0.1464864385793892,0.5083797082591155,-0.8389555813177497,0.329009527621019,-0.12935463648534318,-0.4753103730389968,-0.17463629550125032,0.8074098925309561,-0.6354538568640226,-0.7458337559183005,-0.012773331024510849,-1.031378376240621,0.02860182537562576,-0.31933117958172497,-0.30107744483716986,-0.1450930383217695,0.20979099225918232,0.14819274098277804
259,0.0595296754524044,-1.62303645598395,-0.09056694482794009,-0.02228436238912996,0.21489717604813868,-0.8587895230028421,0.8084661461810386,-0.7028081569481834,-0.1793847129288255,0.4145811711050728,-0.589591117723998,-0.2537064097898294,0.166520063089806,1.1136433510529489,-0.40809188686047604,-0.3192762361491584,-0.07486902160428884,0.41792159534395373,-0.3699271919362004,0.18106596524818777,0.20767162977769646,0.35650348344071575
260,0.20647290540794525,-1.079744353597264,0.16976223357783107,-0.03840761297945867,0.4332239756501931,-0.7368169260363525,-0.576907886003162,-0.11413316928531611,-0.24021249454853422,-0.3125265454173532,-0.5043860067953416,0.9850986547568462,0.8672610622306024,1.2209861069805958,-0.16231361035963598,-0.7158674557853026,-0.09695263075481234,0.04341521800953896,-0.29019074982354276,0.12633082848299804,0.17858194776196873,0.35955457508102406
262,1.0951795943880573,-1.512634931100082,0.7432810197716756,0.18843793318209093,-0.09133599302923048,0.4268411191162657,0.5282002303571338,-0.23671740794662002,-0.05901847271509783,0.23930214873285452,-0.28433976399396615,-0.530524330872838,-1.3665311977137566,-0.7966477603188303,-0.4442632448807134,-0.7290919717112874,-0.03762125122255155,0.02969139452848534,-0.4320811523764675,-0.02043356549232788,0.46091310567383464,0.6049501252171154
263,1.242122824343598,-0.9693428287133957,1.0036101981774468,0.17231468259176233,0.12699080657282394,0.5488137160827552,-0.8571738018270673,0.3519575797162476,-0.11984625433480656,-0.4878055677895718,-0.19913465306531009,0.708280733673838,-0.6657901985729598,-0.6893050043911836,-0.19848496837987356,-1.1256831913474314,-0.05970486037307508,-0.3448149828059295,-0.35234471026380965,-0.07516870225751758,0.431823423658107,0.6080012168574238
268,0.6171276282319803,-1.4680934482865562,0.16964782066366857,-0.014893386840350863,0.10736967836976535,-0.2908202393658322,0.6668337586279558,-0.4749381750618159,-0.12676362489652304,0.3140296139155159,-0.4115470005781321,-0.44731261915808596,-0.48753615925762195,0.3311646450858309,-0.48762135686394587,-0.4365576081740469,0.010437784622533799,0.24202179711985755,-0.4269082826866257,0.06555742756473451,0.4347443697056329,0.7014956735768622
269,0.7640708581875213,-0.9248013458998701,0.42997699906943976,-0.03101663743067957,0.3256964779718197,-0.16884764239934277,-0.718540273556245,0.1137368126010515,-0.18759140651623177,-0.4130781026069102,-0.32634188964947586,0.7914924453885898,0.2132048398831745,0.4385074010134778,-0.24184308036310584,-0.8331488278101911,-0.011645824527989717,-0.13248458021455725,-0.347171840573968,0.010822290799544802,0.4056546876899051,0.7045467652171704
271,0.33169250301356745,-1.4101964510471237,-0.117888972888201,-0.02894900650724402,0.27508320052586926,-0.778837623009645,0.7703530241175516,-0.6434190087445012,-0.15586202770443655,0.35580244936169164,-0.5146395174151933,-0.4047934971966404,0.03852326324223425,1.0223461017893343,-0.5496226207868351,-0.3394239700705217,0.011914820216414612,0.3560809847402287,-0.4423667819882042,0.291605310060042,0.35253960734462886,0.7769889391672868
272,0.47863573296910816,-0.8669043486604375,0.14244020551757014,-0.045072257097572656,0.49341000012792374,-0.6568650260431556,-0.6150210080666494,-0.05474402108163361,-0.21668980932414528,-0.37130526716073464,-0.4294344064865372,0.8340115673500357,0.7392642623830309,1.1296888577169808,-0.30384434428599527,-0.7360151897066659,-0.010168788934108913,-0.018425392594186123,-0.3626303398755464,0.23687017329485227,0.32344992532890116,0.7800400308075953
274,0.18779622701664697,-1.6437957362671323,0.0244986949866521,-0.17845275415145725,-0.46433273410979914,-0.5341143582265003,0.567436071144084,-0.4506448398284662,-0.23705714441694783,0.4168102497338075,-0.04485135539696778,-0.24742998445458883,-0.3509840456548201,0.443851521827466,-0.10781649878491727,0.2765032079032515,0.004754203369960888,0.12335970485330305,-0.23708692145881843,0.09718793397522059,0.055320008603993685,0.046859324158013686
278,0.33473945697218804,-1.1005036338804461,0.2848278733924234,-0.19457600474178605,-0.24600593450774474,-0.4121417612600109,-0.8179379610401168,0.13803014783440137,-0.29788492603665656,-0.3102974667886187,0.04035375553168871,0.9913750800920871,0.34975695348597646,0.5511942777551132,0.13796177771592322,-0.12008801173289299,-0.017329405780562624,-0.2511466724811119,-0.157350479346161,0.042452797210030827,0.026230326588265872,0.049910415798321964
281,0.057452251388056236,-1.5878529681617004,-0.05946490590326489,-0.33858773879611753,-0.35428198305308656,-0.5799533214526625,0.5693234350843203,-0.43356034365991475,-0.21258398674207604,0.3682408600211555,0.08030965906068052,-0.32381383042152473,-0.30214528961171594,0.4882880698410594,-0.07140220657797533,0.35850246722269524,0.10363791270318212,0.09493346092275011,-0.18079789011718678,0.032038636553279154,0.044539337380905555,0.05953657037698943
284,0.20439548134359714,-1.0445608657750145,0.2008642725025063,-0.35471098938644624,-0.13595518345103222,-0.45798072448617305,-0.8160505970998806,0.15511464400295275,-0.27341176836178477,-0.35886685650127065,0.16551476998933679,0.9149912341251512,0.3985957095290807,0.5956308257687063,0.1743760699228648,-0.038088752413449015,0.08155430355265861,-0.2795729164116647,-0.10106144800452913,-0.02269650021191057,0.01544965536517779,0.06258766201729775
286,0.011350590610450257,-1.457915823209315,-0.08481868248791397,-0.3962658540087808,-0.3609180609394208,-0.6463758472410811,0.5728823040027177,-0.4315756539109989,-0.18149250951987675,0.33286983120282854,0.22865121521974635,-0.4274091210508239,-0.28280572999528875,0.4905328049452653,-0.06472837265295191,0.4353285478735723,-0.039074894421358745,-0.04862991246501132,-0.09755878121793622,0.07937612050162014,0.0074850769337206765,0.0678159182077708
289,0.15829382056599098,-0.9146237208226289,0.17551049591785717,-0.4123891045991095,-0.14259126133736644,-0.5244032502745917,-0.8124917281814832,0.15709933375186858,-0.2423202911395855,-0.3942378853195977,0.31385632614840253,0.8113959434958519,0.4179352691455079,0.597875560872912,0.18104990384788797,0.038737328237428176,-0.061158503571882274,-0.42313628979942614,-0.017822339105278407,0.024640983736430453,-0.02160460508200706,0.07086700984807917
292,-0.11836520883321978,-1.4376931226632086,-0.15681640860132534,-0.5756307740605432,-0.26399612647860654,-0.6559626561453449,0.6055580366327342,-0.4312716163348883,-0.10170779138760558,0.2504062834075208,0.34363010414206036,-0.5037013822031546,-0.2606381728506518,0.5223568754378125,-0.05729788736673405,0.38206697212751023,-0.10563695938967743,-0.11996698093112607,0.028694109598280802,0.13550693602510067,-0.04291893287559364,0.09553754999568376
296,0.028578021122321107,-0.8944010202765229,0.10351276980444579,-0.5917540246508718,-0.045669326876552195,-0.5339900591788554,-0.7798159955514663,0.15740337132797905,-0.16253557300731428,-0.47670143311490515,0.42883521507071665,0.735103682343521,0.44010282629014463,0.6296996313654594,0.18848038913410606,-0.014524247508633955,-0.12772056854020095,-0.4944733582655408,0.1084305517109384,0.08077179925991095,-0.07200861489132142,0.09858864163599207
299,-0.31850030048279293,-1.3822371666103899,-0.09087817365531904,-0.783369013106595,0.012598324205176757,-0.6457682831893622,0.6926551330561274,-0.4700750664103243,-0.0035015283825236623,0.1314629365333044,0.4443268532711499,-0.5862600206082899,-0.23524419970254898,0.5169989980867167,-0.011944501867009173,0.3374668547033141,-0.0891679320273618,-0.16497274957400865,0.1396144750780871,0.09788141971146556,-0.05227884417413867,0.12812113181572846
302,-0.17155707052725214,-0.8389450642237039,0.16945100475045213,-0.7994922636969238,0.23092512380723113,-0.5237956862228729,-0.6927188991280734,0.1185999212525431,-0.06432931000223238,-0.5956447799891217,0.5295319641998063,0.6525450439383859,0.4654967994382475,0.6243417540143636,0.23383377463383093,-0.059124364932830055,-0.11125154117788533,-0.5394791269084235,0.21935091719074476,0.04314628294627586,-0.08136852618986642,0.13117222345603677
305,-0.44313643013813053,-1.3867512917342213,-0.06227570922403391,-0.9897108026405832,0.17160266325643844,-0.5447358381808624,0.797895639686479,-0.5011239896558108,0.21172792845688423,-0.06175375311870211,0.5770224654004195,-0.6959034398299856,-0.323048859203659,0.40638458295461255,-0.10394672215979975,-0.05286523668094967,-0.27319395934877555,-0.27094873830274974,0.369896159249569,0.06285865988144135,-0.1002627616765826,0.1080210494274874
309,-0.2961932001825896,-0.8434591893475352,0.1980534691817373,-1.0058340532309118,0.38992946285849284,-0.422763241214373,-0.5874783924977217,0.08755099800705661,0.1509001468371755,-0.7888614696411284,0.6622275763290757,0.5429016247166903,0.3776921399371375,0.5137273388822596,0.14183155434104047,-0.44945645631709397,-0.2952775684992991,-0.6454551156371647,0.4496326013622266,0.008123523116251611,-0.1293524436923104,0.11107214106779568
312,-0.9003413584257556,-1.1429078107822956,0.022777927475060994,-1.6042939671656742,0.8024697354599338,-0.47317063949311605,1.0084793398285314,-0.5622900015217677,0.5633994981613356,-0.4480907101092635,0.9885402126473445,-1.0740268368559553,-0.32195522367254337,0.26569226649907807,-0.0914877229330257,-0.3182226526688384,-0.47195314277249295,-0.5704460713406051,0.7837412838777312,-0.17405109523199494,-0.14550332170485464,0.09980570890503201
316,-0.7533981284702149,-0.5996157083956094,0.28310710588083215,-1.6204172177560028,1.020796535061988,-0.35119804252662656,-0.37689469235566975,0.02638498614109987,0.5025717165416269,-1.1751984266316897,1.0737453235760006,0.1647782276907206,0.37878577546825337,0.3730350224267248,0.1542905535678141,-0.7148138723049825,-0.4940367519230166,-0.9449524486750197,0.8634777259903891,-0.22878623199718462,-0.17459300372058237,0.10285680054534037
319,-1.4188054951681914,-0.9567131378507134,0.076624268479958,-2.1122163366704356,1.533130406371978,-0.44033603404821464,1.2114497807060673,-0.6069446266742623,0.8864202262370245,-0.7805565442797452,1.3166992140046974,-1.449928443050048,-0.3119562856352436,0.16665566785529,-0.08216726327181298,-0.7529149312771718,-0.6837888079223101,-0.8138390133209341,1.199479723509331,-0.3803679674712292,-0.18215516962715209,0.09539212456327095
323,-1.2718622652126508,-0.4134210354640274,0.33695344688572904,-2.1283395872607644,1.751457205974032,-0.31836343708172526,-0.17392425147813295,-0.018269639011395,0.825592444617316,-1.507664260802171,1.4019043249333534,-0.21112337850337265,0.3887847135055528,0.2739984237829367,0.16361101322902669,-1.1495061509133158,-0.7058724170728337,-1.188345390655349,1.279216165621989,-0.43510310423641885,-0.21124485164287984,0.09844321620357932
326,-1.8219081150059382,-0.7753636383264566,0.06479510163761401,-2.642848205355427,2.0157728285937564,-0.4572533102195139,1.3969271174264077,-0.6825279711598231,1.1976639701284266,-1.1202622519398502,1.666170280298375,-1.7334948821005092,-0.24480300228304705,0.16683979572847257,-0.11438783199752382,-0.975910289256066,-0.794023635573444,-1.032842715398125,1.5426941052510574,-0.4581043912965184,-0.2897344786800804,0.0978865070061384
330,-1.6749648850503969,-0.2320715359397706,0.3251242800433853,-2.6589714559457556,2.234099628195811,-0.33528071325302444,0.011553085242206983,-0.0938529834969557,1.136836188508718,-1.847369968462276,1.7513753912270316,-0.49468981755383334,0.45593799685774933,0.2741825516561198,0.13139044450331674,-1.3725015088922106,-0.8161072447239675,-1.40734909273254,1.6224305473637146,-0.5128395280617082,-0.3188241606958082,0.10093759864644666
333,0.5872718252985958,-1.6836802080819662,0.23301064438396463,-0.5622437162801166,-0.5646899552824857,0.28137688392694576,0.31592122215472485,-0.07149025746529655,-0.12791166348817773,0.19338748464567004,0.30340312645351003,-0.49659794055222184,-1.1577221026781628,-0.6830585235176332,0.007166039141869301,0.40843558327368407,0.47025335782220695,-0.11689593476852277,-0.2855198002642829,-0.0212536425782512,-0.11711987266329042,-0.11909194667723667
335,0.7342150552541369,-1.14038810569528,0.49333982278973587,-0.5783669668704454,-0.34636315568043113,0.40334948089343514,-1.069452810029476,0.5171847301975709,-0.18873944510788648,-0.533720231876756,0.3886082373821666,0.7422071239944541,-0.45698110353736626,-0.575715767589986,0.25294431564270986,0.01184436363753953,0.4481697486716834,-0.4914023121029377,-0.20578335815162552,-0.07598877934344098,-0.14620955467901822,-0.1160408550369284
336,0.5637063462420135,-1.5690961798547756,0.3833160519666076,-0.38543230167916676,-0.41833823858047986,0.17920380253380097,0.4199177541231076,-0.029414133707852886,-0.17446548059413441,0.22399393049892063,0.27554590507913956,-0.48747896251728345,-1.1535372274605618,-0.7701728174419827,0.06229159416677851,0.39316962825248086,0.4777793147904564,-0.12477426384245964,-0.3195429842262553,-0.08766574453475302,-0.06057326947497308,-0.11902455048552806
338,0.7106495761975543,-1.0258040774680894,0.6436452303723786,-0.4015555522694954,-0.20001143897842544,0.30117639950029035,-0.9654562780610928,0.5592608539550145,-0.2352932622138431,-0.5031137860235054,0.3607510160077958,0.7513261020293922,-0.45279622831976546,-0.662830061514336,0.30806987066761854,-0.0034215913836632755,0.45569570563993284,-0.4992806411768744,-0.23980654211359761,-0.14240088129994272,-0.08966295149070082,-0.11597345884521973
339,0.511571949755482,-1.5047318667433967,0.3689287083050635,-0.37053807861422167,-0.3029192679881365,0.06711159962904956,0.5252485388763435,0.0382048272144862,-0.15363029898066524,0.15700812520444163,0.3305439561600322,-0.4772266652527465,-1.1258168413938,-0.7958699666366764,0.023936302245957643,0.3362004787995321,0.7649188003313089,-0.06335063277895249,-0.35088966298233004,-0.2377919753431849,-0.07390960052571359,-0.1686583122175243
342,0.5944601928720381,-1.495801617015245,0.385152297509967,-0.41672258744281865,-0.5369859980295568,0.07452562528176766,0.6065666530727918,0.06531452008288288,-0.15973668593869417,0.15431317843817752,0.37438902748028013,-0.37357024568198216,-1.1253374396979632,-0.802925107207209,0.0704584918335777,0.4708380377159008,0.5448035778437874,-0.13157789052723662,-0.2798583733281207,-0.20807733386950356,-0.009350648314103748,-0.09300493209829344
344,0.7414034228275791,-0.9525095146285589,0.6454814759157382,-0.43284583803314736,-0.3186591984275023,0.19649822224825708,-0.7788073791114091,0.6539895077457504,-0.2205644675584029,-0.5727945380842487,0.4595941384089365,0.8652348188646938,-0.42459644055716667,-0.695582351279562,0.3162367683344179,0.07424681807975655,0.522719968693264,-0.5060842678616515,-0.20012193121546312,-0.2628124706346933,-0.038440330329831525,-0.08995384045798512
348,0.28267385861836924,-1.590008470893049,-0.03621675561403676,-0.40543311379028263,-0.5181679591660434,-0.24140932517768782,0.37151568975025495,-0.1937683314083474,-0.21983792142675798,0.3293856994728632,0.32011128048085924,-0.4438267017711424,-0.7445426252269115,-0.09473304721647027,-0.01669884122731151,0.43843362356871063,0.45449937977071203,0.009262283378986935,-0.22236457570998633,-0.12632836530351024,0.00254946467092462,-0.03339013374086346
350,0.4296170885739102,-1.0467163685063632,0.22411242279173432,-0.42155636438061134,-0.29984115956398905,-0.11943672821119843,-1.0138583424339456,0.3949066562545199,-0.28066570304646665,-0.3977220170495627,0.40531639140951553,0.7949783627755331,-0.04380162608611508,0.012609708711176568,0.2290794352735285,0.041842403932566545,0.4324157706201885,-0.36524409395542784,-0.14262813359732865,-0.18106350206869992,-0.026540217344803132,-0.03033904210055514
351,0.36013072511924876,-1.5246949321157612,0.09431653230129175,-0.3562887334826196,-0.5096259669595499,-0.27258625067062525,0.5085317468240288,-0.18674167575823786,-0.20430158510257543,0.2884212654643153,0.25473582965290054,-0.38977530058795884,-0.711292929925697,-0.14003443840558755,-0.018184179527950057,0.4728008002192693,0.3487972273758222,-0.03945372400908911,-0.25879860425257945,-0.018836571083082797,-0.03583997743435138,-0.037807631438399755
353,0.5070739550747898,-0.9814028297290754,0.3546457107070629,-0.3724119840729484,-0.29129916735749556,-0.15061365370413596,-0.8768422853601715,0.4019333119046295,-0.26512936672228415,-0.4386864510581106,0.339940940581557,0.8490297639587167,-0.01055193078490075,-0.03269168247794053,0.2275940969728902,0.07620958058312507,0.3267136182252987,-0.4139601013435039,-0.17906216213992202,-0.07357170784827254,-0.06492965945007917,-0.03475653979809147
354,0.3274032732745918,-1.584452946409983,0.08589190179554458,-0.40047836346396404,-0.7106781470938901,-0.31231254220403926,0.6267563610635877,-0.13830321665497305,-0.22374650375543742,0.30120525052094194,0.3212172211453171,-0.21087541341576427,-0.7156474232790901,-0.08805133741716652,0.07985930029406649,0.5459103928190362,0.19700870418438637,-0.03399515275008118,-0.1264329921121546,0.0416506587666962,0.06982673999477935,0.12102632070629829
356,0.47434650323013267,-1.0411608440232971,0.34622108020131576,-0.41660161405429275,-0.4923513474918358,-0.19033994523754985,-0.758617671120613,0.45037177100789433,-0.2845742853751461,-0.42590246600148407,0.4064223320739734,1.0279296511309113,-0.014906424138293779,0.01929141851048043,0.3256375767949066,0.149319173182892,0.17492509503386286,-0.408501530084496,-0.046696549999497024,-0.013084477998493516,0.04073705797905157,0.1240774123466066
357,0.3970591005909598,-1.5371173011238712,0.05491975308024439,-0.40175763299485584,-0.5871866632316364,-0.3325166434832104,0.6957781907586744,-0.08373593924135593,-0.2025642324871546,0.24876011916825516,0.22951136300814853,-0.2585991371454598,-0.6504818294992218,-0.13434364255834816,0.003399233115254183,0.48074848162514017,0.3035802843120881,-0.02580807492258866,-0.22473913646454843,-0.0515224670608201,0.0018625490156046643,-0.00466312177944128
359,0.5440023305465007,-0.9938251987371852,0.3152489314860155,-0.4178808835851846,-0.36885986362958195,-0.21054404651672104,-0.6895958414255258,0.5049390484215113,-0.26339201410686336,-0.47834759735417076,0.3147164739368049,0.9802059274012156,0.05025916964157455,-0.027000886630701167,0.2491775096160944,0.08415726198899588,0.28149667516156457,-0.4003144522570034,-0.14500269435189092,-0.10625760382600982,-0.02722713300012311,-0.0016120301391329816
363,0.23499580952788915,-1.583234809095201,-0.2164391179276635,-0.3716504975522985,-0.5953659579066273,-0.5188673827876883,0.4679545884862867,-0.36273088436367623,-0.2437031533740791,0.4007928436979174,0.1262153980802097,-0.3509371463133511,-0.3380425880866096,0.40125234486622013,-0.10599484576822488,0.47031562742379507,0.14250047674852215,0.0679211044092457,-0.22423587584794863,-0.12208706119120818,0.05829099013238771,-0.01680290401046464
365,0.38193903948343,-1.0399427067085152,0.04389006047810769,-0.38777374814262716,-0.37703915830457296,-0.3968947858211989,-0.917419443697914,0.2259441032991912,-0.30453093499378786,-0.32631487282450866,0.21142050900886597,0.8878679182333244,0.3626984110541869,0.5085951007938669,0.13978343073261515,0.07372440778765094,0.12041686759799862,-0.3065852729251691,-0.14449943373529098,-0.1768221979563979,0.029201308116659958,-0.013751812370156326
366,0.34063854263285154,-1.5276325515845823,0.08275991822531686,-0.33376116473908773,-0.4643310812355541,-0.41528688527590035,0.620770222464848,-0.36445272071424023,-0.1942022315170372,0.30463477339963274,0.03454155366062901,-0.302053872576664,-0.41301820975431586,0.1848500811637246,-0.11363343350280103,0.4421824839705121,0.20841194798179488,0.06639670880720458,-0.3146689143890016,-0.18668381788093427,0.05740023196793292,-0.07038913585317357
368,0.4875817725883921,-0.9843404491978963,0.34308909663108794,-0.34988441532941633,-0.2460042816334997,-0.2933142883094109,-0.7646038097193528,0.22422226694862737,-0.2550300131367459,-0.42247294312279365,0.11974666458928501,0.936751191970012,0.2877227893864809,0.2921928370913711,0.13214484299803858,0.04559126433436816,0.18632833883127134,-0.30810966852721017,-0.23493247227634362,-0.24141895464612395,0.02831054995220522,-0.06733804421286517
369,0.33630239400966805,-1.5428367363144222,-0.24572230986047405,-0.21537645817204243,-0.8208175360570467,-0.6840271052885835,0.6626093500899308,-0.26564750843250046,-0.23437868381626412,0.380875795529492,0.13385389354463417,-0.21634547973769772,-0.3067487140923142,0.41754380101802113,-0.1760142847132269,0.35427082205036675,-0.04961547980528354,0.020810256826570162,-0.1656130332088319,-0.01969660079363479,0.04486843835033206,0.0026404826744395042
371,0.48324562396520887,-0.999544633927736,0.014606868545297084,-0.2314997087623711,-0.6024907364549922,-0.562054508322094,-0.7227646820942698,0.323027479230367,-0.29520646543597284,-0.3462319209929341,0.21905900447329038,1.0224595848089781,0.3939922850484824,0.524886556945668,0.06976399178761314,-0.04232039758577738,-0.07169908895580707,-0.35369612050784466,-0.08587659109617418,-0.0744317375588245,0.0157787563346043,0.00569157431474783
375,0.4033496092612286,-1.5382791859651108,-0.32699401635945896,-0.24237429578855374,-0.8144644211739617,-0.7434170074930107,0.8857011671276463,-0.04874263293407364,-0.25351265340703355,0.3381655744443435,0.07312964325988415,-0.1206364913266894,-0.25862928872084234,0.329973795845976,-0.1476982076148821,0.3142375537636772,-0.04380894524328287,0.021696339693278707,-0.16798824120034103,-0.08998278223676999,0.05420808797369968,-0.017418947882624065
377,0.5502928392167695,-0.9949870835784247,-0.06666483795368772,-0.2584975463788825,-0.5961376215719073,-0.6214444105265212,-0.4996728650565545,0.5399323547287939,-0.31434043502674236,-0.38894214207808264,0.15833475418854048,1.1181685732199864,0.44211171041995423,0.43731655177362294,0.09808006888595816,-0.0823536658724671,-0.06589255439380638,-0.35281003764113616,-0.08825179908768345,-0.1447179190019597,0.025118405957971907,-0.014367856242315763
378,0.06951293597315,-1.5399298455323323,-0.4484202352158468,-0.23123787005300223,-0.5541702538015997,-0.9685086598313656,0.5838255009845581,-0.5572277025896135,-0.2843724776049238,0.49400143111478184,-0.07217613973972367,-0.2711388238063073,0.16525127319653626,1.0416273799304088,-0.24480197716667212,0.40537674991557193,-0.03650514759992116,0.20166912800782583,-0.24269482012922647,-0.19910533780301445,0.1267814039387621,-0.019734744032544244
380,0.21645616592869082,-0.9966377431456461,-0.1880910568100756,-0.2473611206433309,-0.3358434541995453,-0.8465360628648763,-0.8015485311996426,0.03144728507325405,-0.3452002592246326,-0.23310628540764433,0.013028971188932571,0.9676662407403686,0.8659922723373328,1.1489701358580557,0.0009762993341679572,0.008785530279427745,-0.058588756750444684,-0.17283724932658898,-0.1629583780165688,-0.25384047456820413,0.09769172192303434,-0.016683652392235924
381,0.0973517782340235,-1.5634431232035957,-0.3844007216010132,-0.2135496261256607,-0.7217485406083197,-1.0065920381675837,0.717670348568859,-0.5205117301852247,-0.2609209008893471,0.45669889803251723,-0.0279303728125237,-0.1264683796013622,0.1271333769818283,1.0341298175087217,-0.2129723230236682,0.41483843386407837,-0.18055944676127572,0.1615794462471955,-0.15973748781450797,0.0561729147866794,0.09461963810777352,0.08961442823139996
383,0.24429500818956434,-1.0201510208169098,-0.12407154319524205,-0.22967287671598938,-0.5034217410062654,-0.8846194412010943,-0.6677036836153417,0.06816325747764275,-0.3217486825090559,-0.27040881848990894,0.05727473811613257,1.1123366849453136,0.8278743761226248,1.1414725734363684,0.03280595347717188,0.018247214227934145,-0.20264305591179924,-0.2129269310872193,-0.0800010457018503,0.0014377780214896762,0.06552995609204576,0.09266551987170828
384,0.12989836768052843,-1.5472117398266272,-0.39016802342416623,-0.21673645441683767,-0.7319407991670764,-1.026622008902739,0.7902360895648309,-0.4624024989070992,-0.25612212911419613,0.4304008013858597,-0.031969662304868175,-0.09838573380652638,0.13319880616623425,0.9950511684366264,-0.21603826374349744,0.4075880686890169,-0.16883670990400027,0.1530487603796404,-0.16403289918411884,0.04654071025820477,0.08417785490087011,0.0779990903851522
386,0.2768415976360693,-1.0039196374399413,-0.1298388450183951,-0.23285970500716643,-0.5136139995650222,-0.9046494119362497,-0.5951379426193695,0.12627248875576816,-0.3169499107339048,-0.2967069151365663,0.05323544862378814,1.1404193307401491,0.8339398053070306,1.1023939243642735,0.029740012757342678,0.010996849052872756,-0.19092031905452375,-0.22145761695477434,-0.08429645707146129,-0.008194426506984945,0.055088172885142346,0.0810501820254605
390,0.19671932097687203,-1.452247505823809,-0.5489265087154698,-0.20802590749638228,-0.7645670673563127,-1.1696058074457563,0.9170133096169866,-0.2868147910686995,-0.2697032041865046,0.3926067961744654,-0.002061877579316897,-0.10859371094479098,0.2125374545931992,0.9669778243316631,-0.2586408878264454,0.4159888957497637,-0.11544570900122463,0.10382344311999965,-0.18800015564040784,-0.008876349326136262,0.023884505940933005,0.002495681598755907
392,0.3436625509324129,-0.9089554034371227,-0.28859733030969864,-0.22414915808671096,-0.5462402677542585,-1.047633210479267,-0.4683607225672144,0.3018601965941681,-0.3305309858062133,-0.3345009203479608,0.08314323334933935,1.130211353601885,0.9132784537339959,1.07432058025931,-0.012862611325605355,0.019397676113619453,-0.13752931815174818,-0.2706829342144152,-0.10826371352775015,-0.06361148609132598,-0.005205176074794757,0.0055467732390642385
393,0.5872718252985958,-1.6836802080819662,0.23301064438396463,-0.5622437162801166,-0.5646899552824857,0.28137688392694576,0.31592122215472485,-0.07149025746529655,-0.12791166348817773,0.19338748464567004,0.30340312645351003,-0.49659794055222184,-1.1577221026781628,-0.6830585235176332,0.007166039141869301,0.40843558327368407,0.47025335782220695,-0.11689593476852277,-0.2855198002642829,-0.0212536425782512,-0.11711987266329042,-0.11909194667723667
395,0.7342150552541369,-1.14038810569528,0.49333982278973587,-0.5783669668704454,-0.34636315568043113,0.40334948089343514,-1.069452810029476,0.5171847301975709,-0.18873944510788648,-0.533720231876756,0.3886082373821666,0.7422071239944541,-0.45698110353736626,-0.575715767589986,0.25294431564270986,0.01184436363753953,0.4481697486716834,-0.4914023121029377,-0.20578335815162552,-0.07598877934344098,-0.14620955467901822,-0.1160408550369284
396,0.7538632832189859,-1.4479587127535858,0.11844228506509386,-0.42909055814481206,-0.5360996597995207,0.062087509057399924,0.2778664020630275,-0.4528696789418445,-0.021191653830655674,0.40760490343123745,0.32910258342079673,-0.45045079266210003,-0.927029859724281,-1.1037647683012664,0.2972554140893954,0.33992352044383367,0.4395493158617453,0.01682805687003942,-0.1740275092691813,-0.0759051250977484,-0.019234862967753938,-0.11308469807281198
398,0.9008065131745269,-0.9046666103668997,0.3787714634708651,-0.44521380873514094,-0.31777286019746637,0.18406010602388928,-1.107507630121173,0.1358053087210228,-0.08201943545036441,-0.3195028130911885,0.41430769434945325,0.7883542718845755,-0.22628886058348474,-0.9964220123736192,0.5430336905902358,-0.056667699192310655,0.4174657067112218,-0.3576783204643754,-0.09429106715652387,-0.13064026186293815,-0.04832454498348173,-0.11003360643250369
399,0.940709795821258,-1.298661042856602,-0.10082242645691591,-0.4442905705322363,-0.58529942840033,-0.06297175292951014,0.21072131467861643,-0.7376120713154923,0.1010545448838285,0.5505565714859666,0.37646832468865926,-0.4303644532291529,-0.7433549142654527,-1.4733540128753913,0.5197504107423058,0.29938604587049666,0.4392149545852638,0.1090075926057013,-0.07023120311779199,-0.03475337134340198,-0.021337054316814093,-0.1282861822578768
401,1.0876530257767987,-0.7553689404699161,0.15950675194885516,-0.46041382112256496,-0.3669726287982758,0.05900084403697923,-1.1746527175055839,-0.14893708365262512,0.04022676326411981,-0.17655114503645927,0.46167343561731544,0.8084406113175224,-0.042613915124656426,-1.3660112569477445,0.7655286872431457,-0.09720517376564741,0.4171313454347403,-0.2654987847287134,0.009505238994865675,-0.08948850810859169,-0.050426736332541834,-0.12523509061756846
402,1.2525480995990328,-1.15103808824708,-0.5370895944730526,-0.4860237215062136,-0.5044060302208639,-0.29027627721170124,0.14015546617326458,-1.4486329121157153,0.39753577494379916,0.8852593094929363,0.28724611176728926,-0.2466308778115919,-0.29159588774170714,-2.2410228939210914,1.0547711356045897,-0.03759926825806684,0.5119460163930761,0.5197248650238677,0.17666608722588475,0.002022629666957148,0.06411297498373589,-0.10844905960615135
404,1.3994913295545737,-0.607745985860394,-0.2767604160672815,-0.5021469720965421,-0.2860792306188096,-0.16830368024521183,-1.2452185660109363,-0.859957924452848,0.3367079933240904,0.15815159297051,0.3724512226959453,0.992174186735084,0.4091451113990895,-2.133680137993445,1.3005494121054295,-0.43419048789421083,0.48986240724255264,0.14521848768945297,0.25640252933854263,-0.052712507098232546,0.03502329296800817,-0.10539796796584297
405,2.014203149384307,-0.4217821852643038,-1.1844376822978686,-0.5629893044145053,-0.39829342701662285,-0.8687560893292834,0.014248459534784904,-2.860390910541303,0.9596225849121999,1.4313339549527315,0.28136281248639905,-0.11490946176441555,0.6892608138679186,-3.723477368280826,2.0159917728408314,-0.10283167464642913,0.5572915645526452,0.9792564671698251,0.47764195608735005,0.17734789773108117,0.04962263010112353,-0.1986721621585912
407,2.1611463793398475,0.12150991712238249,-0.9241085038920974,-0.5791125550048339,-0.17996662741456834,-0.7467834923627942,-1.3711255726494163,-2.2717159228784354,0.8987948032924913,0.7042262384303052,0.36656792341505523,1.1238956027822606,1.3900018130087153,-3.6161346123531795,2.2617700493416715,-0.49942289428257336,0.5352079554021216,0.6047500898354103,0.5573783982000078,0.12261276096589142,0.020532948085395786,-0.19562107051828287
408,0.2790623261394471,-1.5927768840909788,-0.03173714174366873,-0.40471709542055284,-0.5185816982476715,-0.23852746050850263,0.3724305930864903,-0.18602478443427808,-0.22302019312078436,0.32593634205085165,0.3200401180277028,-0.44530124067063304,-0.7495154845366582,-0.08617949024402208,-0.022746625543279633,0.4401525364348819,0.45382705835849624,0.0057704149123945486,-0.22494605452570252,-0.12753451692746115,0.0021453996471928172,-0.03364266777024292
410,0.42600555609498797,-1.049484781704293,0.2285920366621024,-0.4208403460108816,-0.30025489864561716,-0.11655486354201323,-1.0129434390977103,0.4026502032285893,-0.2838479747404931,-0.40117137447157436,0.4052452289563591,0.7935038238760426,-0.04877448539586167,0.021163265683624786,0.22303165095756036,0.04356131679873778,0.4317434492079727,-0.3687359624220202,-0.14520961241304486,-0.18226965369265086,-0.026944282368534935,-0.030591576129934597
411,0.44783370961581653,-1.4560833724067537,-0.3398417963507437,-0.39842295020515994,-0.5695563621285699,-0.4347341640440595,0.30351812443431286,-0.5263411894233191,-0.04998727348381127,0.47057496870130533,0.4051538418400529,-0.3955935946752041,-0.5391683552043688,-0.47865479829994695,0.18122965749699152,0.2570549090220078,0.5960791867125182,0.18693557761556406,-0.08373630856538432,-0.1178135402056172,-0.010219671599960192,-0.05976833758843622
413,0.5947769395713574,-0.9127912700200675,-0.07951261794497255,-0.4145462007954887,-0.35122956252651544,-0.31276156707757014,-1.081855907749888,0.06233379823954848,-0.11081505510352,-0.2565327478211209,0.49035895276870917,0.8432114698714719,0.1615726439364278,-0.3713120423723001,0.4270079339978316,-0.13953631061413643,0.5739955775619947,-0.1875707997188508,-0.003999866452726638,-0.1725486769708069,-0.03930935361568796,-0.05671724594812789
414,0.7591499816984958,-1.2776197274777437,-0.3648170997330549,-0.43399649996074485,-0.45197388798981836,-0.4843992754083139,0.3259762149820823,-1.027979105221594,0.1322364586165202,0.6414132107629555,0.20826224943965985,-0.3021464826750116,-0.21978419154170029,-0.9917380540976294,0.5233341576967426,0.23850142250508322,0.42220537928200086,0.33022019916408313,-0.04038718821652444,0.008646909716347788,0.006359621606151711,-0.07943814500074592
416,0.9060932116540367,-0.7343276250910574,-0.10448792132728371,-0.4501197505510735,-0.2336470883877639,-0.36242667844182447,-1.0593978172021186,-0.4393041175587265,0.07140867699681151,-0.08569450575947071,0.293467360368316,0.9366585818716643,0.48095680759909626,-0.8843952981699827,0.7691124341975826,-0.15808979713106097,0.4001217701314773,-0.044286178170331696,0.039349253896133314,-0.04608822704884191,-0.022730060409576033,-0.07638705336043757
420,1.7633876324231819,-0.4834007241946747,-1.698018993608174,-0.6472034899756485,-0.3539322746209007,-1.358840642462594,0.057365447533334585,-3.285853273115879,1.052234625866979,1.6606970666123932,0.2708182691246868,0.15235263765976054,1.2320859218152485,-3.450144091760252,2.3140346985199494,-0.25228387158625026,0.63108010041551,1.3635464654891774,0.7506759194875707,0.3844747224139089,0.14160911079701213,0.03841435052629179
422,1.9103308623787227,0.059891378192011326,-1.437689815202403,-0.6633267405659772,-0.13560547501884634,-1.2368680454961047,-1.3280085846508662,-2.697178285453011,0.9914068442472703,0.9335893500899675,0.356023380053343,1.391157702206436,1.932826920956045,-3.3428013358326045,2.5598129750207894,-0.6488750912223944,0.6089964912649865,0.9890400881547627,0.8304123616002286,0.32973958564871925,0.11251942878128438,0.04146544216660013
423,0.23499580952788915,-1.583234809095201,-0.2164391179276635,-0.3716504975522985,-0.5953659579066273,-0.5188673827876883,0.4679545884862867,-0.36273088436367623,-0.2437031533740791,0.4007928436979174,0.1262153980802097,-0.3509371463133511,-0.3380425880866096,0.40125234486622013,-0.10599484576822488,0.47031562742379507,0.14250047674852215,0.0679211044092457,-0.22423587584794863,-0.12208706119120818,0.05829099013238771,-0.01680290401046464
425,0.38193903948343,-1.0399427067085152,0.04389006047810769,-0.38777374814262716,-0.37703915830457296,-0.3968947858211989,-0.917419443697914,0.2259441032991912,-0.30453093499378786,-0.32631487282450866,0.21142050900886597,0.8878679182333244,0.3626984110541869,0.5085951007938669,0.13978343073261515,0.07372440778765094,0.12041686759799862,-0.3065852729251691,-0.14449943373529098,-0.1768221979563979,0.029201308116659958,-0.013751812370156326
426,0.38329085496133375,-1.377083799861132,-0.43816569955774315,-0.4001167658848131,-0.5129568000902751,-0.73302139476383,0.44048223806856757,-0.696205175260111,-0.09014285931616843,0.4907165259270083,0.14529246020659156,-0.3630964046145084,-0.04845710590540077,0.12229908881486375,0.049045837439745825,0.4324491557705455,0.2979027056077564,0.19491327574576092,-0.19124258733827348,-0.09182242081994973,-0.015906025542434494,-0.09344936299036898
428,0.5302340849168747,-0.8337916974744457,-0.1778365211519719,-0.4162400164751419,-0.2946300004882208,-0.6110487977973406,-0.9448917941156332,-0.1075301875972435,-0.15097064093587717,-0.23639119059541777,0.23049757113524796,0.8757086599321675,0.6522838932353957,0.22964184474251076,0.2948241139405861,0.03585793613440114,0.2758190964572329,-0.179593101588654,-0.111506145225616,-0.14655755758513947,-0.04499570755816228,-0.09039827135006069
429,0.5100145348097219,-1.3255694660132697,-0.697714594663621,-0.24977352391291327,-0.6364984310500681,-0.9280414472003586,0.3710753107640391,-1.0637012922486757,0.05102758285994015,0.7442624377574463,0.2231698476799755,-0.19858824000819886,0.08096753512264601,-0.3320750478043391,0.35619125343195174,0.09000309565970208,0.293506360803713,0.44395024462105565,0.06874977604876144,-0.08862224940247378,0.12352646502852689,0.00049567156149363
431,0.6569577647652629,-0.7822773636265837,-0.4373854162578496,-0.26589677450324206,-0.4181716314480136,-0.8060688502338693,-1.0142987214201618,-0.47502630458580825,-0.009800198759768588,0.01715472123502018,0.3083749586086319,1.0402168245384769,0.7817085342634426,-0.22473229187669205,0.601969529932792,-0.30658812397644225,0.2714227516531895,0.06944386728664079,0.148486218161419,-0.1433573861676635,0.09443678301279912,0.0035467632018019333
432,0.8573593431409111,-0.9979593904254976,-1.0431822118466407,-0.45499404018650524,-0.38655598269697156,-1.1714302012742426,0.3347605004972045,-1.8018336678112326,0.3702260930947418,0.9619340892759328,0.1258131718998615,-0.14741628908381363,0.6613142094700759,-1.0500227994972946,0.8658240677608966,0.10636963955264238,0.45440025397517214,0.7234381151171827,0.15472754043918405,0.10097587123461346,0.016884006773887697,-0.06908784704058413
434,1.0043025730964519,-0.4546672880388117,-0.7828530334408693,-0.471117290776834,-0.1682291830949172,-1.049457604307753,-1.0506135316869962,-1.213158680148365,0.30939831147503305,0.23482637275350668,0.21101828282851767,1.0913887754628622,1.3620552086108724,-0.9426800435696476,1.1116023442617367,-0.29022158008350174,0.43231664482464865,0.34893173778276787,0.23446398255184175,0.04624073446942374,-0.012205675241840058,-0.06603675540027579
438,0.0651790969984435,-1.5432519413698482,-0.44304469857140516,-0.23037864800932656,-0.5546667406995536,-0.9650504222283435,0.5849233849880406,-0.5479354462207302,-0.2881912036377556,0.489862202208368,-0.07226153468351112,-0.27290827048569605,0.15928384202484014,1.0518916482973466,-0.25205931834583367,0.4074394453549774,-0.037311933294580074,0.19747888584791493,-0.24579259470808595,-0.20055271975175568,0.12629652591028395,-0.02003778486779961
440,0.2121223269539842,-0.9999598389831621,-0.18271552016563397,-0.2465018985996552,-0.33633994109749926,-0.843077825261854,-0.8004506471961603,0.04073954144213725,-0.3490189852574643,-0.23724551431405816,0.012943576245145008,0.9658967940609797,0.8600248411656368,1.1592344042249936,-0.0062810418449938355,0.010848225718833312,-0.0593955424451036,-0.17702749148649985,-0.16605615259542814,-0.2552878565169454,0.09720684389455621,-0.016986693227491263
441,0.18063345503075331,-1.4323694142242747,-0.6834850247644094,-0.39557878552863396,-0.44770789869067223,-1.1061435994236024,0.5666293571581269,-0.9470203225373395,-0.09919121719674438,0.5999988076833275,-0.06394978965896239,-0.18842891003236348,0.45196851794488313,0.6915610588996387,0.05448585024165743,0.38182605437503486,0.14030546142010125,0.40657465826516204,-0.13548635609824533,-0.06282663388721997,0.0794860654423017,0.005502572973828336
443,0.32757668498629405,-0.8890773118375883,-0.4231558463586383,-0.41170203611896267,-0.2293810990886178,-0.9841710024571131,-0.8187446750260742,-0.35834533487447184,-0.1600189988164531,-0.12710890883909884,0.021255321269693737,1.0503761545143127,1.1527095170856798,0.7989038148272855,0.3002641267424973,-0.014765165261109253,0.11822185226957771,0.032068280930747206,-0.05574991398558748,-0.11756177065240968,0.05039638342657398,0.008553664614136694
444,0.4704602332177652,-1.2119277996674491,-0.8859991789658529,-0.35932805199941165,-0.47407564912606376,-1.2530526139518277,0.5108744674144117,-1.2805285206124017,0.041258386092233944,0.7400161481312597,-0.10615351072829612,-0.21680774730480964,0.7109970911099488,0.30838017862552314,0.21507410627600662,0.33118926099707774,0.053552902639033916,0.46081179103350484,-0.10366026606588619,-0.017094537498516114,0.025685971218984388,-0.09845256244590696
446,0.6174034631733059,-0.668635697280763,-0.6256700005600818,-0.37545130258974035,-0.25574884952400934,-1.131080016985338,-0.874499564769789,-0.6918535329495341,-0.019569395527474772,0.012908431608833582,-0.020948399799640006,1.0219973172418662,1.4117380902507455,0.41572293455316983,0.4608523827768464,-0.06540195863906627,0.0314692934885104,0.08630541369909002,-0.02392382395322838,-0.0718296742637058,-0.0034037107967433426,-0.09540147080559862
447,0.7272961024592974,-0.9427859447230602,-1.1534539372763495,-0.28200779430551676,-0.44530421707213597,-1.5792891537132718,0.46714355548508724,-2.0019397999514643,0.3027858582466137,1.0773389921933634,-0.06823307548959565,-0.02770158452784024,1.114998290231991,-0.42856988802964474,0.7832243756743674,0.14810105995053718,0.05452763069278414,0.7761902607280897,0.1671659363676382,0.15099399711318348,0.11564898452838217,0.0019104399437886563
449,0.8742393324148382,-0.39949384233637425,-0.8931247588705782,-0.29813104489584547,-0.22697741747008157,-1.4573165567467825,-0.9182304766991134,-1.4132648122885967,0.24195807662690494,0.3502312756709373,0.016972035439060677,1.2111034800188354,1.8157392893727875,-0.32122713210199777,1.0290026521752076,-0.24849015968560703,0.03244402154226062,0.4016838833936748,0.24690237848029584,0.09625886034799376,0.0865593025126544,0.004961531584096966
450,1.3851160853673088,-0.5460894721622771,-2.2266048034177492,-0.5546450872985959,-0.44662651441049983,-2.060397947333389,0.23104315053186128,-3.298505942584197,0.885570320321858,1.6774108813753243,-0.03540989892740815,0.19208007253737588,2.0204867715051935,-1.9030116171154825,1.8103201732588643,-0.2112869326350633,0.2428001760719829,1.4114644981507465,0.6481313402954318,0.3919325039199044,0.10434115849875464,0.00358686606922442
452,1.5320593153228494,-0.0027973697755911387,-1.9662756250119782,-0.5707683378889246,-0.22829971480844555,-1.9384253503668998,-1.1543308816523392,-2.7098309549213293,0.8247425387021494,0.9503031648528983,0.04979521200124812,1.4308851370840514,2.7212277706459895,-1.7956688611878358,2.056098449759704,-0.6078781522712075,0.22071656692145936,1.0369581208163317,0.7278677824080895,0.3371973671547147,0.07525147648302688,0.006637957709532736
453,0.09955275309234775,-0.8740388716789044,-0.4206990232820205,0.07875068854570996,-1.262050376220368,0.07199542057424924,0.5603752070072386,-0.3153924714724081,-0.12213587960301234,0.6309411533868123,-0.7257317851134821,-0.48859873640548085,-0.855385267156042,0.39036655909464796,-0.03690535862068249,-0.7081672847881976,0.14404007521049114,-0.20932780267597967,0.06627702119546793,-0.5272190628024923,-0.514169714590081,0.017182695396468585
455,0.007964463966249455,-0.8425091365398774,-0.2291293969658768,0.08492516868773775,-1.0697124733025039,0.06117244925375591,0.6324996884153145,-0.3826357972449986,-0.13227088295232506,0.6218722581450903,-0.7774048916440792,-0.4480693016835932,-0.8215009230960809,0.4039962434750068,0.04428577232011571,-0.6298133717866372,0.20636136880111366,-0.16534718546113322,0.032506607155995376,-0.527735700710261,-0.46732694383937745,0.06932611879314605
456,-0.12298808074040009,-0.7718800471273817,-0.17990618172277245,-0.02011290824679186,-0.8136089068457938,-0.006931962915979592,0.672504172035003,-0.4190153304266269,-0.1242711557636348,0.5663283785648747,-0.7642202713864035,-0.48701571260719884,-0.722982548242375,0.47124929515195985,0.09508469578484803,-0.47582519091337216,0.4575343408079751,-0.12879963389409407,-0.03569450192219722,-0.48886095381308325,-0.5340430953971183,0.07105309654066103
458,-0.17467117466282903,-1.5118870069604595,-0.07685310719780003,-0.18426070599843927,-0.4178332245712753,-0.04550256787703618,0.7789866656837233,-0.49352128522360517,-0.1868506534799934,0.7162926793410546,-0.9423095760299338,-0.19778661263903005,-0.5543950391961491,0.7073828157593525,0.06283926006831234,-0.8028603415532997,0.7156710564542424,-0.12447389076668815,0.36190968546634006,-0.09694251210159094,0.022243762656813663,0.05037326456994758
459,-0.036609070944154457,-1.3709377739197892,0.12130360969439895,-0.01730804679629211,-0.4665996608852659,-0.04390881017665904,0.8060494610617629,-0.5455727076704225,-0.20675696533494237,0.7439655071521036,-0.9904185015690339,-0.22678213488121185,-0.5657147494532833,0.6093438816928923,0.036036983357768934,-0.7462890974629628,0.5067767031192602,-0.21801190944248267,0.30392218606136173,-0.21394693346759366,0.09157794151358971,-0.005701383646992609
460,-0.06734377791981509,-1.3999553715939304,0.21084392944633998,-0.24902276239529525,-0.2642354238178502,0.09960202995114703,0.835977239872475,-0.5526022437070041,-0.17730016987583477,0.6634287318678144,-1.0390535557283826,-0.23567878297350567,-0.5592319415885808,0.5408100182725174,0.12500177094928408,-0.5809173213156146,0.6745647653696936,-0.19630375326237662,0.23942332855599047,-0.1672955081777932,0.036800461143705825,0.00022973782035582509
461,-0.10124957398275998,-1.0190243557603595,-0.17507623057085644,0.4132443340580301,-0.5855231552073016,-0.6470302786664761,0.7178291483073864,-0.5279364422818319,-0.21630289759963695,0.7761332176409279,-0.6920972780450625,-0.4582659112768805,-0.4164115692315546,0.8620217789690567,-0.2339948312178042,-0.8531395178177907,0.6249243523661947,-0.3734609893571019,0.2876609182870288,0.10050369132008806,-0.21923702778635884,-0.13947822316622444
462,-0.3345538682176212,-1.3862553575880914,-0.1263273841605982,0.14503825628684974,-0.40328473645350105,-0.5115312873638748,0.8541420359598405,-0.629077445051298,-0.20067981729649986,0.7770946193659652,-0.9520300680280414,-0.1715322369103252,-0.3088834657004067,1.1176651627872347,-0.037958999676189854,-0.9021538239412344,0.5329405983687763,-0.15111398567159712,0.38522161133892935,0.4417769755998229,-0.16313943884030335,0.12283091989611858
463,-0.2401593031891862,-0.7795293316216457,0.16552326254055158,-0.27931439384090745,0.2054014158560345,-0.2720780092607433,0.6956092173691101,-0.41240882578363364,-0.13369621447751143,0.4424375284773472,-0.43523768007064667,-0.7537013963470518,-0.5885742930307231,0.3155292533349936,0.04759400013479119,-0.11623741438808435,1.766135096723799,-0.4081583046485748,0.002238355195766374,-0.09893335200374936,-0.4433941668391229,-0.26290757930771136
465,0.7711250895418589,-1.427239164986793,0.8635232966984578,-0.1530047251759212,-0.0044232361371127895,0.5538070168513429,-0.8596025180752399,0.34034648500489223,-0.1154606080585171,-0.475095350359706,-0.24173462449743974,0.9186366184056225,-0.47250514571215674,-0.5926107238980687,0.09266047483372634,-0.9246070230915648,-0.03137248308091228,-0.27152997176666205,-0.221204708977,-0.13729818813806016,0.009981180273279773,-0.17393104960816563
472,0.5880043588142043,-1.4587710510780891,0.6933372352197301,-0.16832441959308295,0.12050696225086577,0.29334330920237084,-0.77438601383227,0.21823365226401714,-0.14302681984506677,-0.4263888543649324,-0.3952254805437956,0.9921775816643909,-0.12117854347113985,-0.13991846559173757,0.06038546999517874,-0.930131613545134,-0.06619018526993428,-0.13685137970658087,-0.22958391862652622,-0.1471578195187798,0.048223255194480896,-0.13631637232054541
479,0.362223349354121,-1.4836672632122494,0.3460298769758676,-0.2513187886674181,0.1716927619975749,-0.09331189105474676,-0.6911182287480079,0.07412641188984438,-0.17784945155864315,-0.36532764889506697,-0.5334439285044192,1.0689471688369072,0.38323228547962157,0.52322572128174,0.005732730752738656,-0.8482866112169215,-0.16216818970097466,-0.011615148874990619,-0.21447995322930244,-0.062424195914290395,0.041527211224341845,-0.07859055153143399
486,0.14215490908454187,-1.4976246782861062,0.06808800667455842,-0.18555563530937008,0.2111898113715092,-0.5347767717502,-0.5772346623606379,-0.11214492833219629,-0.22938860929741722,-0.2607744141595266,-0.7325356252184995,1.181413178791565,0.9052357042413652,1.2223773247033782,-0.07379518872183301,-0.8636360042277289,-0.37627069792151197,0.12972610229833587,-0.19529472553065974,-0.010889586977649694,0.09542314100141938,-0.014221253219212074
493,0.7160122191255947,-1.1701598228436325,0.7992996611571053,-0.26350457943851713,-0.09988524196485436,0.42546845959139473,-0.943435871518602,0.4146373858428051,-0.14345714491852252,-0.5147704649650802,0.14957739697695255,0.7753507137924148,-0.5095783378844813,-0.658298703705644,0.169754108397821,-0.4895042070965605,0.20629846543484362,-0.4312355977522293,-0.19642536699357258,-0.17649210576204694,-0.04170422507468743,-0.156731619153932
506,0.2445492469709953,-1.0844196219620765,0.27078330547842605,-0.33347424492327127,0.0607710729988462,-0.3674881026007371,-0.7856933980997761,0.1426668291088095,-0.23119644283372193,-0.3992998425449562,0.006505190321982107,0.8773501900625449,0.3906350439600995,0.5120441780197813,0.10400579514929688,-0.2425264384904395,0.14722587968045509,-0.22516523028066945,-0.1814638388515883,-0.11613436114682966,-0.013846976717206664,-0.04343891317375691
513,-0.0496711724910266,-0.9628199575016246,-0.054485181472574584,-0.36484614239672547,0.10317059998217795,-0.894260690874514,-0.7048188944475201,-0.014991117129031027,-0.306403287695307,-0.3144035429822322,0.006619526572165071,0.9203425275045047,0.9375471921142425,1.2209730178839402,0.08272349091675842,0.0055629094771097835,0.11914703538750261,-0.1320166516903812,-0.15602907834858384,-0.17578785915126738,0.05200535436341758,0.03428445298847714
520,0.5888981718883748,-0.6804506410493876,0.49691978546759746,-0.4395710472237338,-0.41849507700759886,-0.0021603984698291114,-1.0879090184669395,0.5016531498568085,-0.21267837333117984,-0.5412962728918282,0.8570715974191297,0.5367893061222381,-0.38862351178691834,-0.5023170686092103,0.257558638503288,0.34951950258446407,0.44769679529495093,-0.7475291413044274,-0.11093566754181967,-0.11134641950229536,-0.1692142679119874,-0.09599547808326504
527,0.36323948295308683,-0.6588739006065879,0.14890186758163237,-0.562015221476132,-0.37827860888278925,-0.3815826698235638,-1.028942704558561,0.38597481563789865,-0.24600057637028455,-0.5006960412036529,0.8070003138687284,0.575742370591269,0.0764381487522787,0.10380580726054331,0.22347532898774133,0.5192209140927778,0.4257297206046474,-0.6612091637725828,-0.09499547747051604,-0.02001256620053862,-0.2029294318734046,-0.0400768584348703
534,0.2427153926488293,-0.7611411544131891,0.052956885827559634,-0.46327705234495553,-0.301104765118904,-0.5782061956240431,-0.9194132005368293,0.23986161068787035,-0.28592721647431435,-0.40231889877809734,0.5288497600317507,0.714979359040768,0.39471329758684204,0.525064900727439,0.16843801018458524,0.346232625524088,0.22024195945052424,-0.4836210470986326,-0.09182917732280317,-0.16494710298295545,-0.04469302819144234,-0.006533229012952788
548,0.5133346236410857,0.18509538825226976,-0.1717949446103159,-0.9184772022936648,-1.2545384846684156,-0.6094874088341354,-1.450611791607266,0.7722302537668646,-0.3141475312946545,-0.6269195357352576,2.285812503891765,0.04824037126279693,-0.3237596142685248,-0.40426315827441117,0.42393563266311174,1.9880986805729548,0.8241014052963844,-1.4525733411835502,0.09249076518105333,0.09278420882116964,-0.47973307830004375,-0.0020454156622837483
575,0.19340172555589608,-1.6492235178915424,-0.25564699943016744,-0.5890971038438573,-0.5831764587167418,-0.5749141138238895,0.6463918502033715,-0.5390023241809422,-0.020997296951597088,0.16528041461835044,0.09689959468723415,-0.26258819619009893,-0.16896921177072977,0.640199778584506,-0.3478262827250492,0.24670912786942634,0.2640298355017962,0.16366227367938924,-0.19076952146408077,-0.08228350655227301,-0.08002547446650633,-0.07607894448312763
583,0.07788136238285862,-1.73117409029829,-0.3001583968505964,-0.5986383832559153,-0.33254895318636357,-0.5403706426615164,0.6060305736335151,-0.4658333504071134,-0.06849877945455675,0.21171560249044494,0.008471626348006767,-0.31106435084634576,-0.1839417965213357,0.6244480924866271,-0.2591504828108225,0.17025541826476961,0.345929934152514,0.2096545413905764,-0.2123688127133797,0.04963774141917889,-0.12993639034778176,-0.05511881181635317
587,0.1888899434192619,-1.8249834662721185,-0.058916691891573746,-0.43804511549118647,-0.2806047839160627,-0.3432377947329682,0.634180323015276,-0.47409426766911306,-0.0905189491238921,0.2709465385519483,-0.20400946486598204,-0.2519522093559034,-0.32058272093800794,0.42915896788997704,-0.22602033615432426,-0.03548118280102781,0.10404877022394622,0.22916846775294675,-0.23500437850540887,-0.019716846274631567,-0.00894176250630163,-0.05778584533593626
591,-0.018434416545439,-1.7836139765464252,-0.46669155746473917,-0.37280625080856256,-0.3214406152897281,-0.5917760378152777,0.4611590658516567,-0.29856070232221255,-0.25078531440271123,0.4536789232762286,-0.010629124417705797,-0.38435169469924235,-0.25453480819292823,0.6138740387280234,-0.11616134049266685,0.060915432893667645,0.08333640800419911,0.17338184294967224,-0.12288606813812829,0.03129282832424014,0.010463675645522827,0.020537684454343907
595,0.012755289929048431,-1.8710588931333714,-0.5259770242970155,-0.4118221505507848,-0.21116195153097267,-0.4030197509537477,0.35097164764573147,-0.14755284044944805,-0.32145819210114673,0.5278239448041567,-0.08798539240197203,-0.4807964559465853,-0.3801552872522786,0.42393515022282985,-0.0037964460873628745,0.036191075904883505,0.007633854517689963,0.12616834667672733,-0.13768343419237702,0.08062089485142293,-0.0007160257479259846,0.007166522568052874
603,-0.3116426150390269,-1.8440739013296203,-0.8400286515213947,-0.2476127939045673,0.5155876814799453,-0.5680216031342803,0.14952287029073427,0.1004385541890723,-0.6013103413303871,0.8153962249457873,-0.3132902245340876,-0.813955141239213,-0.21149310916184236,0.5209889824507302,0.2103273900790084,-0.02132945063326411,0.13298726947672446,0.17235122391072016,-0.27218268794496303,-0.013558126625812534,0.012703726868539749,-0.06898286906309972
607,-0.7470755416698904,-1.8249769562700988,-1.374615965861299,-0.21014957359115052,1.1727237402949517,-0.7567175480430454,-0.1702774155945745,0.49325331922251964,-0.9132203325717249,1.1120576357333622,-0.2815807627143489,-1.2180855247162912,-0.14177077240696243,0.5794969038225595,0.5091732573809051,0.03860299019521985,0.4642874000265851,0.1810909613668832,-0.31385766677344445,-0.037324472214797524,-0.026716532087362972,-0.08260448332205844
615,0.6038989645994309,-1.4293536544618335,0.7534082993532751,-0.378667664226314,-0.6429394587107082,0.13174743143873427,0.5268350523688994,-0.3321562479730015,-0.05487918209630649,0.09466286916250487,0.4210047193880856,-0.34257660696009395,-1.137957144320545,-0.6779318198589567,-0.025875176844208127,0.5977126971176484,0.47261887533452085,-0.1338603300027102,-0.30099768658680603,-0.15029509232939273,0.015866151346881224,-0.05160371471802559
617,0.7508421945549716,-0.8860615520751475,1.0137374777590462,-0.39479091481664264,-0.4246126591086539,0.2537200284052237,-0.8585389798153015,0.256518739689866,-0.11570696371601522,-0.6324448473599213,0.5062098303167417,0.8962284575865819,-0.4372161451797482,-0.5705890639313099,0.2199030996566317,0.2011214774815043,0.45053526618399736,-0.508366707337125,-0.22126124447414822,-0.20503022909458243,-0.013223530668846514,-0.048552623077717245
618,0.5657325871914137,-1.6830057883375495,0.22825657049240158,-0.5746641004289123,-0.5930979121051017,0.26085672766146356,0.3221088767401573,-0.07969537716518713,-0.12463387347609273,0.18882002439254686,0.33800080976127134,-0.47769793642369024,-1.1549196898772516,-0.6586991760294238,0.015049741387094263,0.4314387074424981,0.4822881662869181,-0.11301325089280004,-0.26457681003490635,-0.006904000598147951,-0.11114488619974512,-0.0940773670023851
620,0.7126758171469547,-1.1397136859508636,0.4885857488981728,-0.590787351019241,-0.3747711125030472,0.382829324627953,-1.0632651554440435,0.5089796104976804,-0.18546165509580148,-0.5382876921298794,0.4232059206899277,0.7611071281229856,-0.4541786907364549,-0.5513564201017768,0.2608280178879344,0.03484748780635385,0.46020455713639463,-0.487519628227215,-0.18484036792224876,-0.06163913736333768,-0.1402345682154729,-0.0910262753620768
621,0.3121053828550744,-1.5123252148707202,0.14612615625203593,-0.09675654426739685,-0.23294413416109122,0.04246721775854795,0.09568968274955578,0.18140533023353644,-0.45730459274769397,0.563105418347919,0.3803082146072686,-0.7534712737471769,-1.2393993701591373,-0.7587041474377385,0.2885712744407496,0.42357573593347353,0.3410984477499579,-0.21455271747998203,-0.25124160644616234,-0.13121838265951663,0.07401579471601989,-0.04468090896266644
623,0.4590486128106151,-0.9690331124840342,0.4064553346578071,-0.11287979485772552,-0.014617334559036856,0.16443981472503738,-1.289684349434645,0.7700803178964037,-0.5181323743674027,-0.16400229817450715,0.4655133255359247,0.4853337907994989,-0.5386583710183409,-0.6513613915100919,0.5343495509415894,0.026984516297329515,0.31901483859943436,-0.5890590948143968,-0.17150516433350457,-0.18595351942470634,0.04492611270029216,-0.041629817322358084
624,0.060935642548463266,-1.5530642999443203,-0.197774984957628,0.014988070310260018,0.20033129050709236,0.02157688319696627,-0.1859796095349056,0.5313559639688538,-0.7432848959715866,0.8667480425963083,0.33339335994130337,-1.0529960096402786,-1.2969138869339378,-0.842611126756094,0.5809496204186675,0.41879161936093645,0.33521353787210856,-0.26459892190561857,-0.253742764342625,-0.09923622291833441,0.10512304056561884,-0.022459186000353053
626,0.20787887250400422,-1.0097721975576344,0.06255419344814321,-0.0011351802800687527,0.41865809010914673,0.14354948016345567,-1.5713536417191063,1.1200309516317213,-0.8041126775912953,0.13964032607388224,0.41859847086995966,0.1858090549063973,-0.5961728877931414,-0.735268370828447,0.8267278969195077,0.022200399724792135,0.3131299287215851,-0.6391052992400333,-0.17400632222996745,-0.15397135968352416,0.07603335854989106,-0.01940809436004475
630,0.553220950538265,-1.4224179876007659,0.3317361718576429,-0.34373441118919,-0.8048488563251913,-0.24902285644253022,0.5631949970580447,-0.4495333228228747,-0.08216100326656083,0.17944735174929888,0.2765874522206996,-0.31205923101573374,-0.6696597897353198,-0.07257142553149079,-0.20059157894597318,0.5725865726303935,0.18477778752624363,-0.09069737038532447,-0.2891892693290907,-0.11116312926390015,-0.008849314365316047,-0.08591193820665335
632,0.7001641804938058,-0.87912588521408,0.5920653502634141,-0.3598576617795187,-0.5865220567231368,-0.12705025947604082,-0.8221790351261563,0.13914166483999288,-0.14298878488626957,-0.5476603647731274,0.361792563149356,0.9267458335309422,0.031081209405476824,0.03477133039615613,0.04518669755486697,0.1759953529942492,0.16269417837572012,-0.4652037477197394,-0.20945282721643307,-0.16589826602908989,-0.03793899638104381,-0.08286084656634503
636,0.22565282780871404,-1.5628576477097609,-0.18136490827296659,-0.08165635846605719,-0.3301623621542619,-0.2918992790464635,0.17881677744595648,0.02717858813452346,-0.46897773208676535,0.6316855638857591,0.18203269343093045,-0.6567128857513544,-0.7843307122782875,-0.1554547452518841,0.1450649427412285,0.3614328858883923,0.07479222344807918,-0.11532263781916299,-0.23439308312979928,-0.07359382553959176,0.07896655308858343,-0.03715941903530795
638,0.3725960577642549,-1.019565545323075,0.07896427013280453,-0.09777960905638597,-0.1118355625522076,-0.1699266820799742,-1.2065572547382437,0.6158535757973908,-0.5298055137064741,-0.09542215263666666,0.2672378043595868,0.582092178795321,-0.08358971313749133,-0.04811198932423709,0.39084321924206866,-0.03515833374775192,0.052708614297555675,-0.4898290151535778,-0.1546566410171418,-0.12832896230478147,0.04987687107285566,-0.03410832739499966
639,0.0033184735141116545,-1.598069482009367,-0.45625453932171606,-0.007961323518129212,0.07397690050918602,-0.32182160112178315,-0.030461707866810565,0.29259171545526763,-0.6773861563401239,0.8466990486488198,0.13548407810258664,-0.8969555414220673,-0.8110353903580936,-0.20652375167596002,0.35243879741702655,0.32432180479315875,0.16968777340126684,-0.11928154287179789,-0.2571052503709299,-0.07636690226796573,0.08480605648195745,-0.04138594408135603
641,0.15026170346965242,-1.054777379622681,-0.19592536091594495,-0.02408457410845788,0.29230370011124046,-0.19984900415529372,-1.4158357400510115,0.8812667031181352,-0.7382139379598327,0.11959133212639354,0.22068918903124282,0.3418495231246087,-0.11029439121729698,-0.09918099574831325,0.5982170739178665,-0.07226941484298542,0.14760416425074332,-0.4937879202062127,-0.17736880825827214,-0.13110203903315543,0.05571637446622971,-0.03833485244104768
642,-0.3415306202814615,-1.6976257002065207,-0.8221757215499231,-0.16766967136001393,0.5741797349028926,-0.3129990967425116,-0.24874193646847273,0.5876616526521262,-0.8892027319756064,1.0313597020190668,0.137285805228991,-1.1246430824459794,-0.8002627377532499,-0.19931533534536358,0.6612870730673555,0.4396212239144653,0.4433854020398998,-0.07285044045482647,-0.25710465205550365,-0.0577735772574385,0.08085992712631568,0.019261247215022655
644,-0.19458739032592084,-1.1543335978198348,-0.5618465431441519,-0.18379292195034258,0.792506534504947,-0.19102649977602215,-1.6341159686526734,1.1763366403149935,-0.9500305135953152,0.3042519854966407,0.22249091615764716,0.11416198210069617,-0.09952173861245339,-0.09197257941771682,0.9070653495681954,0.043030004278321224,0.4213017928893763,-0.4473568177892412,-0.17736820994284586,-0.1125087140226282,0.05177024511058794,0.022312338855330998
645,0.34921075349442543,-1.5198490727873268,0.07865682940732115,-0.3417960591500665,-0.754321621839518,-0.5235393309683891,0.6367322262167596,-0.5563787438962625,-0.10828498502853756,0.24612154957829016,0.13904598928868767,-0.20039314816407094,-0.3335640604352428,0.4190746197295503,-0.2587613051985361,0.45839665580220024,0.15729817884821845,0.09166323246021611,-0.24832090230615267,-0.17679102453419374,0.06944846870936182,-0.0321374958698187
647,0.4961539834499663,-0.9765569704006407,0.3389860078130923,-0.3579193097403952,-0.5359948222374636,-0.4015667340018997,-0.7486418059674411,0.032296243766605,-0.1691127666482463,-0.480986166944136,0.22425110021734396,1.0384119163826049,0.3671769387055538,0.5264173756571972,-0.012983028697696018,0.061805436166056126,0.13521456969769494,-0.28284314487419865,-0.168584460193495,-0.23152616129938347,0.040358786693634054,-0.029086404229510372
648,0.23157894682922872,-1.5729126587307034,-0.19419022764875823,-0.3937563876038002,-0.5608406337016527,-0.5129016438840148,0.48029091675901286,-0.365079392056301,-0.2344633844725781,0.3729368907036013,0.12043335543627089,-0.36113473225322024,-0.3299002972827708,0.411993925304653,-0.12632176927942365,0.4880881974461852,0.19160261308160706,0.06951497985326084,-0.2502788203831195,-0.1381117232881305,0.04074263050976521,-0.03569868029164813
650,0.3785221767847696,-1.029620556344017,0.066138950757013,-0.409879638194129,-0.34251383409959835,-0.3909290469175254,-0.9050831154251882,0.22359559560656647,-0.29529116609228684,-0.3541708258188249,0.20563846636492716,0.8776703322934558,0.3708407018580258,0.5193366812322999,0.11945650722141653,0.09149697781004093,0.16951900393108357,-0.30499139748115406,-0.1705423782704619,-0.19284686005332025,0.011652948494037441,-0.03264758865133982
651,0.11932286673336331,-1.604891031716237,-0.26214073195870674,-0.09901598739569946,-0.3624155977025006,-0.5440564847916317,0.33968989439018665,-0.18990588007632433,-0.4241666468218049,0.6152038196658661,0.02954069798403108,-0.48247463301748444,-0.42780925251643576,0.3261380176164624,0.03160329784412103,0.3211549584331251,-0.017160667594643166,0.03477504095813469,-0.22331293878018518,-0.08308400071121064,0.1275821244831626,0.007924156226494068
653,0.2662660966889043,-1.0615989293295511,-0.0018115535529355533,-0.1151392379860282,-0.14408879810044625,-0.4220838878251424,-1.0456841377940138,0.3987691075865431,-0.4849944284415136,-0.11190389685656,0.11474580891268737,0.7563304315291912,0.2729317466243607,0.4334807735441093,0.27738157434496113,-0.07543626120301912,-0.03924427674516667,-0.3397313363762801,-0.14357649666752756,-0.13781913747640032,0.09849244246743484,0.010975247866802382
657,-0.4281039229394095,-1.6471178143992828,-1.1975314725136486,0.000550324952919282,0.6088313381671068,-0.6290122587641876,-0.32148858920673473,0.6144644775627484,-1.0318914545080542,1.2317499549468924,-0.01340272172582387,-1.2348484394179566,-0.4712178786944622,0.1946668206165096,0.6247191852815823,0.4171353327403897,0.13162857735998093,-0.09913131299482583,-0.2731584030573226,-0.03307912441233051,0.08940811394221289,-0.021928809901873143
659,-0.2811606929838688,-1.1038257120125967,-0.9372022941078775,-0.015572925637409389,0.8271581377691611,-0.5070396617976982,-1.7068626213909355,1.2031394652256158,-1.092719236127763,0.5046422384244663,0.07180238920283231,0.003956625128719003,0.22952312044633424,0.3020095765441564,0.8704974617824222,0.02054411310424564,0.10954496820945742,-0.4736376903292406,-0.19342196094466488,-0.08781426117752021,0.06031843192648516,-0.018877718261564806
660,0.11896378140238159,-1.5676076704487194,-0.3340640047642926,-0.3750383331285806,-0.7434414798163209,-0.9703624640279648,0.7265756547000995,-0.7206279998332267,-0.1622919773391771,0.3507071874197943,-0.059990074998004066,-0.10123978228046959,0.24576988800396343,1.1914939723072113,-0.3379146637680882,0.4888268708240815,-0.060151688612140486,0.23186556071779105,-0.21949024336923417,-0.09133035435088496,0.09037120900279122,0.03123855671955787
662,0.26590701135792233,-1.0243155680620333,-0.07373482635852142,-0.39116158371890936,-0.5251146802142665,-0.8483898670614753,-0.6587983774841013,-0.13195301217035924,-0.22311975895888583,-0.3764005291026319,0.025215035930652132,1.1375652822662063,0.9465108871447601,1.2988367282348579,-0.09213638726724828,0.09223565118793732,-0.082235297762664,-0.14264081661662373,-0.13975380125657644,-0.14606549111607467,0.06128152698706348,0.0342896483598662
663,0.04005995132394171,-1.543835671838828,-0.5058688810302482,-0.33361593966043046,-0.4960478428604032,-0.9601750695661336,0.5712242160407442,-0.5294292996703897,-0.27619537965733226,0.4562745747156863,-0.05646069435037505,-0.3096235554220774,0.19069639095266352,1.0742387679714822,-0.24487849250540708,0.47538148126081453,0.0574447353383281,0.19139640856380655,-0.2680275740833117,-0.12826463077894326,0.049563433213222464,-0.03328494372657185
665,0.18700318127948265,-1.0005435694521418,-0.24553970262447697,-0.3497391902507593,-0.27772104325834873,-0.8382024725996443,-0.8141498161434565,0.05924568799247774,-0.33702316127704096,-0.2708331418067398,0.028744416578281307,0.9291815091245983,0.89143739009346,1.1815815238991292,0.0008997839954331356,0.07879026162467027,0.035361126187804584,-0.18310996877060828,-0.18829113197065414,-0.18299976754413302,0.02047375119749469,-0.03023385208626355
666,-0.1618302462543374,-1.6247832132030886,-0.7930950249576249,-0.10369096539733612,-0.19101629719180777,-0.9624505372110617,0.29413382716484787,-0.19150636102876503,-0.5986596061393193,0.8366128231313937,-0.16618571247351197,-0.5478299371228637,0.10029605092495918,0.9938025198649609,0.08207805074640082,0.4242562950572144,-0.2606223029358437,0.09809229165207352,-0.21588155270363682,0.018021404904208567,0.14128963303594183,0.056862081275387874
668,-0.014887016298796562,-1.0814911108164025,-0.5327658465518537,-0.11981421598766481,0.027310502410246632,-0.8404779402445723,-1.0912402050193528,0.3971686266341024,-0.659487387759028,0.10950510660896759,-0.08098060154485569,0.6909751274238122,0.8010370500657557,1.1011452757926077,0.3278563272472409,0.027665075421070176,-0.28270591208636725,-0.2764140856823413,-0.13614511059097917,-0.036713731860981154,0.11219995102021406,0.05991317291569619
669,-0.44630250527727655,-1.7607615016154796,-1.2406981440504095,0.004780327763337248,0.28146114795704247,-0.9997774491851417,0.015186632708366678,0.15925647385795993,-0.8750261381243243,1.149799674844213,-0.30021650526829274,-0.8244246442634687,0.09313023300520265,1.001849949615761,0.33361598015625066,0.2709911250195783,-0.2596705532266515,0.11565982578909821,-0.21447220603683648,0.10255595880098642,0.1406019915214882,0.07002062878576448
671,-0.2993592753217357,-1.2174693992287935,-0.9803689656446382,-0.011342922826991461,0.4997879475590969,-0.8778048522186522,-1.370187399475834,0.7479314615208275,-0.9358539197440329,0.42269195832178674,-0.2150113943396365,0.41438042028320715,0.7938712321459991,1.1091927055434079,0.5793942566570908,-0.12560009461656593,-0.28175416237717504,-0.25884655154531666,-0.1347357639241788,0.04782082203579669,0.11151230950576047,0.07307172042607281
672,-0.7562527764411565,-1.7496454943009339,-1.6424974161285277,0.07973918091027851,0.8814982012717525,-1.0023447980143867,-0.3527318022341335,0.6136514464765745,-1.252431428164845,1.524767889752016,-0.33776371756477236,-1.252780947525373,0.031961761867793176,0.8560688874506771,0.7569511619551698,0.4285230412297839,-0.2588831497690569,-0.0031595069064940247,-0.25033757272745716,0.16254164162183346,0.15803073330427278,0.09377696237846549
674,-0.6093095464856156,-1.206353391914248,-1.3821682377227569,0.06361593031994979,1.0998250008738066,-0.8803722010478973,-1.7381058344183342,1.202326434139442,-1.3132592097845535,0.7976601732295898,-0.25255860663611607,-0.013975882978697235,0.7327027610085898,0.9634116433783242,1.00272943845601,0.031931821593639644,-0.28096675891958045,-0.37766588424090886,-0.17060113061479956,0.10780650485664374,0.128941051288545,0.0968280540187738
676,-0.4566797995542151,-1.031501164673658,-0.17706145407783774,0.020491865942773295,-0.5623321389378328,-0.4927219402956129,-0.37358065860556866,-0.11293724750084906,-0.1524316623534552,-0.3346495788449786,-0.5572228822147338,0.47917454189280045,0.49345447590460895,-0.12253152685416759,-1.1800915489913577,0.9538667851464369,-0.2663432589969235,0.05651826433401256,0.5981564442818924,-0.030953081829512803,0.2240050531608588,0.14588969845588212
678,-0.8536760551414619,-1.2124002026259064,-0.8247226135145229,0.3788930453797077,0.005795219747617532,-0.5748861413805662,-0.8430976901547645,0.4772625720538197,-0.540993050001874,0.12754588723332097,-0.5809191962338106,0.04666158203888532,0.2673362769911825,-0.28077215828048435,-0.877325890450444,0.5112250927876141,-0.16142392173739756,0.05849188321588029,0.6637295460516588,0.12217051584863746,0.1895700520816823,0.1536258572134893
679,-1.4134206285960942,-1.3613208400281425,-1.4676944717424774,0.5632674117750525,1.1122802830823522,-0.5547308912157056,-1.3916058284886046,1.1791928835155097,-1.1428946794126702,0.7617064264648918,-0.8497361628785515,-0.563041828338689,0.20257129382153555,-0.43021918332287495,-0.2108209759618272,0.49475128000722945,-0.21284177518877273,-0.010320524678918124,0.604239725965512,0.3321400084423287,0.21351601898420347,0.21555098122569694
680,-1.8223722620737175,-1.568935033562148,-2.1318357216572767,0.5536846254010502,2.2076555511208102,-0.2743557113339209,-1.9895636056425177,1.9451017974561169,-1.781026384864829,1.4196993358717365,-1.2494863928157205,-1.2177317652398543,0.11900402037523962,-0.7252093199808819,0.5310296138080988,0.6243080006008482,-0.4243331050747346,-0.12619932187841817,0.49417276300823904,0.30891574792140164,0.3364625264789841,0.21946037742049446
681,-2.133998615635987,-1.6009062442849198,-2.6884906232892707,0.7886195918231037,3.0049366134752558,-0.21088244879898915,-2.527327830598559,2.5875797599873374,-2.414008435972206,2.1069390470208877,-1.5734442342263353,-1.8209030700062132,0.10875058888336345,-0.8924473328720813,1.1832088563260208,0.8289295518013178,-0.9853287340268282,-0.3744264094938057,0.42622215117299156,0.4490613552408813,0.45819541486456167,0.25928380191732187
682,-0.30997181787435063,-0.926607962192278,-0.40722243105686523,0.16535643184874368,-0.5898851730108258,-0.736826322827569,-0.3322168041194517,-0.21149388229695626,-0.0036914629896830863,-0.47033900634768616,-0.6287939700915691,0.37786920573845056,0.7082904405279659,0.0642214922479955,-1.6409542321133639,0.567248339093442,0.022211385729878658,0.14473663437740464,0.44081418868926076,-0.2762255420255118,0.0277760930743264,-0.1899977075990479
683,-0.26706055542348445,-0.9172916186742636,-0.2389884289517692,0.3693321243778579,-0.3674949718973605,-0.5432914234924272,-0.4408216709811331,-0.0539288543147327,-0.12943398204612486,-0.33178496195111334,-0.7251041075193286,0.24558063386915416,0.47412881059988404,-0.29756091933995393,-1.4948831493589902,0.4671101844563947,-0.07512393025201985,0.08575257372713777,0.3895837795445276,-0.4342047388877293,0.14616677340738868,-0.2284692802304768
684,-0.363160768937667,-0.9637048093552913,-0.5214254188651122,0.2638765908835349,-0.13549422649045514,-0.5925527143422848,-0.5248812339429063,0.04162789540240267,-0.18655288407902818,-0.2817078253901605,-0.8293047290371977,0.10995271832737138,0.6179514848947867,-0.16755775442518456,-1.4674548771262033,0.47429486783947006,0.0023572674012707945,0.10020447941715002,0.3278027200260809,-0.31582488608173304,0.018224144490298022,-0.286034391643862
685,-0.5460577129355361,-1.0072698815811068,-0.9743073230460619,0.5562047693196709,0.11064867946786791,-0.6701638574570862,-0.8715873334821165,0.44692530269998865,-0.5031717284785533,0.09843114389650863,-0.8446095175440393,-0.2153838186493557,0.5020726280777557,-0.2634468304922944,-1.239303214253515,0.3135833051387936,-0.19092777073527745,-0.005628707345811506,0.3793112783532806,-0.24422904365345238,0.051666183704141,-0.281042939027157
687,-1.5635132543195656,-1.1820848262660792,-2.09989342237877,0.9221330053163962,2.490831299183786,-0.5024685366044922,-2.0004459441006195,1.892669814678223,-1.7368329793880215,1.3608321458289214,-1.429204955400445,-1.5686385116714527,0.31116654733591603,-0.7911673793306069,0.14724912259564812,0.43005027328947726,-0.2846925800542296,-0.24187181373737668,0.14042971249888117,0.07124773071093463,0.08835766895975362,-0.25317712994996033
688,-1.8836567208894326,-1.4272161315822482,-3.0988179465706294,0.8889462655905732,3.294572252776734,-0.21673519464394142,-2.76279884872571,2.8072671712853543,-2.5240519163937805,2.218262727649447,-1.8458246434207075,-2.3077555918478745,0.2815803914318132,-0.9934647269821826,1.0091956058821758,0.7554945226960001,-1.0830366164005238,-0.5619835560978312,0.127762960115838,0.28433655063496566,0.22107382933414488,-0.17837230615185792
690,0.02582965554879515,-0.690323162278857,-0.5219008009746509,0.5399094756433371,-0.4033599852153884,-0.7164838619195892,-0.517209407084323,-0.04121120618041468,-0.08023404582234726,-0.3715532734116037,-0.8360929266949988,-0.041588134456732304,0.6794732255945347,-0.2507402190526861,-1.8854050521257693,0.28937124146160986,-0.06530883371982518,-0.02691502254459891,0.1631778423959238,-0.6609954778157232,-0.07639486023719146,-0.6430639613980272
691,0.012321248257465924,-0.6433013668692742,-0.7275661902274521,0.33218038942832323,-0.21036170771257254,-0.7153984325363271,-0.5793139678761944,0.0157663733619377,-0.13885588011291183,-0.3474146150214327,-0.9364043469376432,-0.195178975541665,0.8757881166485493,-0.15077325125411364,-1.8327571902475375,0.5318996993315815,-0.04715355644410968,-0.07319700509617683,0.05589586906072911,-0.7057079933958365,-0.1441500011446905,-0.7297609101635211
692,-0.24767008346389002,-0.7842387935508768,-1.1735126011838752,0.7471566202127113,0.09758176338517673,-0.74920137984472,-0.976270060696162,0.5119285584759464,-0.4672824488321845,0.06389328924464854,-0.900263024584886,-0.5155296892039722,0.5681596826082327,-0.3863595565849402,-1.5808838572387955,0.1151341538574814,-0.09906166967258159,-0.1162276675969739,0.16493338366968952,-0.5961251901944039,-0.10585835957757714,-0.6904964620609932
693,-0.8541950824260636,-1.0005218346390021,-2.151881304407362,0.7937854116616906,1.7107923462169237,-0.5411401982087652,-1.7744281783239175,1.5228369935867636,-1.281258337834735,0.8949135911952113,-1.4345473722923598,-1.4760372843242928,0.5493924479889363,-0.6718367464814874,-0.6927239629418409,0.19953465262390563,-0.2137463793264739,-0.2730654501745361,-0.04830631488155254,-0.35450265494020616,-0.17181699362989997,-0.7554382600137541
694,-1.2570049936476602,-1.0193072054897143,-2.5829621542004393,0.8638016809714701,2.699498894147562,-0.40626880217809785,-2.2640876696599634,2.1422624925193197,-1.8667180260958147,1.4775461928053457,-1.687763379552242,-2.063702848515398,0.5017542049540507,-0.9238141741714243,0.005323280783676354,0.49714421280089893,-0.38518491200485844,-0.427230954647463,-0.15646844555604547,-0.417477007430212,-0.01623806515330269,-0.7183905558142071
696,0.09006466503742977,-1.681447530697405,0.6780445997751036,0.7505796832247045,0.17984760339053876,0.5893150188963668,-0.3308137265867074,-0.13859976056653356,0.17313772238501873,-1.1621544311621597,-1.4198213296003557,0.4337214378095773,-0.8133223222598958,-1.393817777390606,-0.7083113570994736,0.08108158509742726,-0.23146543686060728,0.03281950637365545,0.49599905575254927,0.30583088391939284,0.2479609275002474,-0.03453470273828695
697,0.8170215550989758,-1.5804233854645056,0.9837428999740603,0.4424432253781341,0.2942815313731296,0.5312792582539128,-0.6449809228049187,-0.012263280929599156,0.09237695263922657,-1.1761762897670516,-0.7899552285976819,0.7945400140382799,-0.7698423661108511,-0.6507504047408454,0.36136921407088857,-0.656811984955777,-0.21862023397240232,-0.35389616195593393,-0.11718729526933896,0.19121485351670786,0.11361619184713545,-0.16244057471927725
698,-0.022428699530893836,-1.62783225005118,0.23861582996661881,0.7846994928590121,0.21906172097841262,0.1795405314654367,-0.32014291538574435,-0.21298094869367726,0.16508558063745876,-1.1263866335790398,-1.5175508003014861,0.3680460468414475,-0.372600764320755,-0.8559128409383523,-0.9152673009195851,-0.0003484372563585753,-0.20756937364255204,0.10826512118695655,0.44248301752492714,0.31684527595157663,0.1265728716802443,-0.14577974016464204
699,0.7045281905306521,-1.5268081048182807,0.5443141301655754,0.4765630350124416,0.3334956489610034,0.1215047708229826,-0.6343101116039552,-0.08664446905674301,0.08432481089166664,-1.1404084921839315,-0.8876846992988121,0.7288646230701497,-0.3291208081717105,-0.11284546828859167,0.15441327025077706,-0.7382420073095627,-0.19472417075434706,-0.27845054714263273,-0.17070333349696115,0.20222924554889177,-0.007771863972867643,-0.2736856121456323
700,-0.4548772110843907,-1.594394459544022,-0.26579819474146976,0.6544227887623182,0.2516540636304674,-0.3580884033279549,-0.3076847961866835,-0.26885910122476664,0.09709118339475327,-1.060131088710734,-1.3364613415634012,0.4071160750434819,0.07510896942633431,-0.15852710445998244,-0.9017704084266199,0.18734005120763497,0.050273354541288943,0.26432615098391604,0.556909140854395,0.29263300708654955,0.15322445985249464,-0.011026460673223024
701,0.27207967897715507,-1.4933703143111228,0.0399001054574868,0.34628633091574795,0.3660879916130583,-0.416124163970409,-0.6218519924048949,-0.14252262158783224,0.01633041364896118,-1.074152947315626,-0.7065952405607275,0.7679346512721844,0.118588925575379,0.5845402681897779,0.16791016274374176,-0.550553518845569,0.06311855742949389,-0.12238951734567323,-0.05627721016749298,0.17801697668386465,0.01887972419938275,-0.1389323326542133
702,-0.7491075121334557,-1.4943894912189293,-0.46276984345087346,0.8685669099916916,0.36017760635770857,-0.9129549123134004,-0.2084465112705925,-0.4359138410118149,0.03858706736635139,-0.9606280912911058,-1.3901037841176578,0.4657154670958645,0.5160220177823426,0.4707396522057199,-0.9812156106353404,0.15211431577809695,0.006429396932916573,0.3808370888268716,0.5782621088283085,0.3975782725464727,0.16190994073467527,0.05853065304898198
703,-0.02215062207190992,-1.3933653459860296,-0.15707154325191688,0.5604304521451213,0.4746115343402995,-0.9709906729558545,-0.5226137074888039,-0.3095773613748804,-0.04217370237944071,-0.9746499498959978,-0.7602376831149842,0.8265340433245671,0.5595019739313875,1.2138070248554802,0.08846496053502145,-0.5857792542751071,0.01927459982112152,-0.005878579502717725,-0.03492424219357949,0.2829622421437878,0.02756520508156336,-0.06937521893200829
704,0.05739738799057883,-0.5226044078719067,0.008935608768514087,3.1055643273885107,0.22057956559912195,0.6991482450829531,-0.00010639995164529028,0.35208554801194303,2.0849284756493667,-0.9569997885485649,-0.9904177364417998,-0.11430065635148265,0.23040012585280123,0.2277695578342846,-0.3562534558606659,0.6708936066096594,-0.3793079934835916,0.5059569308478796,0.7807333438270526,-0.11562401843811071,-0.19347323089168467,-0.23151775910842312
705,0.9218407852796646,-0.3443771159461146,0.39450908993460465,2.7442803209463644,0.3783443482012618,0.6449923684408111,-0.5205652435600246,0.5648864395509071,1.9839489352104192,-1.0541483698678746,-0.24610671739105194,0.44429935642052265,0.3589868523756638,1.106608465473188,0.9190159078937385,-0.23404791618976142,-0.36677565779741067,0.013176831426201635,0.07420887231403399,-0.2554244024373753,-0.35344094271095167,-0.380402266237322
708,-0.6149867250787127,-0.15626306224039938,-0.8354151001169339,2.636748626138538,-0.17681135556982813,-0.05284098097180157,-0.2678402026416417,0.6459266690711567,2.127149031975611,-0.9872362869433817,0.3390050144957952,-0.3124418836507934,0.3496689189799599,0.7746387385760282,-0.07457198856935081,1.7390134261600179,0.4612798376446981,0.27561501215992545,1.196772054935189,0.6593703493843196,-0.5986961280834999,0.17436860980846217
709,0.24945667221037343,0.02196422968539293,-0.44984161895084307,2.2754646196963915,-0.01904657296768824,-0.10699685761394362,-0.7882990462500218,0.858727560610121,2.0261694915366637,-1.0843848682626918,1.0833160335465435,0.24615812912121252,0.47825564550282273,1.6534776462149319,1.2006973751850543,0.8340719033605967,0.47381217333087905,-0.21716508726175282,0.49024758342217006,0.519569965385055,-0.7586638399027671,0.025484102679563247
710,-0.6446725047655067,0.27207228860439386,-0.9784783286837819,2.7405352019212965,-0.45948226683636073,-0.45170935351779595,-0.3905173813170423,0.6924010145168716,2.030382896324291,-0.9879112110092029,0.8451583672734008,-0.5208749441954829,0.34682398683246285,0.7817853536603441,-0.10401667710012377,2.161200268962113,0.5701502339642248,-0.007082297886355679,1.2272930097091799,0.6637116268203144,-0.6881210063178553,0.1610970177076859
711,0.21977089252357918,0.450299580530186,-0.5929048475176912,2.37925119547915,-0.3017174842342209,-0.505865230159938,-0.9109762249254217,0.9052019060558356,1.929403355885344,-1.0850597923285128,1.589469386324149,0.03772506857652264,0.4754107133553256,1.6606242612992475,1.171252686654281,1.2562587461626922,0.5826825696504058,-0.4998623973080338,0.5207685381961609,0.5239112428210497,-0.8480887181371224,0.012212510578786995
712,-0.4945410479382253,-1.7388276827659956,-0.32861564344852745,2.3845933231549474,0.37402300998800286,1.8943602341228154,-0.5652119897127568,1.4865716987901203,1.5679183413928108,1.1490063479947477,-0.43735284876797614,-0.04444917347663445,0.45262073288787646,-0.8271878515026081,-0.5062609859204044,-0.1697952531984151,-0.18479077078179562,-0.10902149912522967,0.8632710888419032,-0.08522399994358892,0.3811423133580859,0.11540517928734693
713,-0.43022678631832323,-1.706808753150209,-0.2956803788904701,2.5963591236019523,0.1167534551004582,2.2796106541886423,-0.2561626127737716,1.1809994572733613,1.2846474400932755,0.8458266974234772,-0.11291862941905209,0.059701788318436956,0.7052131488810119,-0.8582228176118861,-0.6560322880319974,-0.29516674813524496,-0.12766124957410446,-0.13064722459440298,0.869642659979026,-0.01080362356263887,0.3448705939121132,0.10073174271879122
715,-0.6325201690264942,-1.7319320140808263,-0.673486233320578,2.9984189648303916,0.33293206340932596,3.1674217320026505,0.04518992054866071,0.9930190496138048,0.3248874465074564,0.641727430081057,0.3206470073214021,-0.12419784824066456,1.3148532327775275,-0.9569397593900899,-0.4866223629454169,-0.3634699065947659,-0.07778132503776644,-0.21212712487624602,0.8035270770868906,0.052042548966938086,0.38029884492570176,0.08832499406721148
716,-0.6408627697974363,-1.651377768380821,-0.6472827067110307,3.275979622032339,0.2695288932844482,3.5626000316315363,0.33220722684412063,0.7267854797750471,-0.06700326688033613,0.43933660254142864,0.5827064307843709,-0.10227035881579043,1.6631391442992334,-0.9648460683412997,-0.5158101583547338,-0.3733186755314363,-0.10594739155510134,-0.26337660261838136,0.7659364794857233,0.07543413028307822,0.4093172968866206,0.08257142581169122
717,-0.6864149496052007,-1.6452960247626396,-0.7677006133662312,3.532580737234338,0.196680415722451,4.119681992318033,0.6482297890751445,0.45387865501697117,-0.5812545316682219,0.16431070486506702,0.941216955444318,-0.09217502109847216,2.0655109607778632,-0.9933931205980259,-0.5535352571077077,-0.4692969600376245,-0.022791744735869143,-0.28906039674810946,0.7437013780951698,0.12818425464099,0.40186017151804987,0.06987730979555436
718,-0.6249042983651852,-1.5990686130646865,-0.8120571920646505,3.7590715938960417,0.16531933549927944,4.695640513170983,0.8812974663774092,0.24873972193138444,-1.1198215030890906,0.012666320524157448,1.1113304481129447,-0.15190032738785395,2.4289299289522472,-1.094572532424157,-0.48218874462144956,-0.3871782827671514,-0.28766824929534207,-0.4361309752994108,0.674799052219069,0.23085530073900823,0.428435966926336,0.052894079886516294
719,6.508394660036161,3.8143195111236143,-1.985714545687071,-0.36897528911101957,0.2427766821075423,-0.5428314136032518,-0.2176248157307453,-0.1675362829407245,0.3780042785321245,-0.4171529227086803,-0.8712784266912843,-2.020370469269087,1.4507875568671975,-0.2536133949506737,-0.5229181708072078,-0.4760590181267293,0.21292385944243483,-0.29407820564957776,-0.36114075100230275,-0.4205727594698365,-0.11963010685600751,-0.16562204431669092
721,6.371791267167686,3.5285569649579647,-1.8398341155338342,0.6605700439279539,0.4048635545400853,0.6054069957396182,0.017628414626920833,0.42761946060855444,2.3790459341557866,0.3601609681043198,-0.21998766815572454,-1.913359186194286,2.2307729210652503,0.17137882966091483,-0.06754602731100162,0.1697958565227335,0.20980630561187036,-0.28500677274497255,-0.15606002375317032,-0.3448342107114965,0.0396667900031589,0.06551675508725373
722,6.292595353212004,3.145628758620837,-1.9819740512725543,1.3959634018613336,0.482325922925366,1.3143841238414486,0.11799555464527402,0.9581726221163874,3.589807489909913,0.7845962357704968,0.06618365898007748,-1.889939391828389,2.5805573544889393,0.4597296746249708,-0.07003612620468225,0.04543918147673915,0.3323226761961509,-0.2761072389133664,-0.11848023771259286,-0.3294865089796649,0.05445234503260681,0.1576540307734569
723,6.570131528642277,3.834017518882564,-1.828218670473918,-0.3763707135249552,0.2863378466008265,-0.529161657566015,-0.21453659578749007,-0.27705838170207875,0.29868592354861867,-0.46676048643329626,-1.0581142605827025,-2.050437168989409,1.467498363870912,-0.2538080913098956,-0.5944257680294462,-0.45980949676354954,0.049207552672612086,-0.36451963965055684,-0.48259748957487353,-0.41445128663711844,-0.17756791329729352,-0.29034170092337885
724,6.376269620337376,3.837021383376564,-1.485525996005918,-0.24967917829269543,0.44761491963734157,-0.555146541012633,-0.11844171193811927,-0.28950635888513276,0.25642480552393443,-0.48118999067838314,-1.0180177634684766,-1.9546953973789947,1.3443866971699523,-0.20596490269423223,-0.500489913240476,-0.4134872613845944,0.07560046505443892,-0.3711791790079885,-0.46778698506078076,-0.1897891179903441,-0.10482554040083356,-0.04389122665796004
725,6.381502837773973,3.7141606914245826,-1.5432921341785568,-0.2253361934906638,0.35550924197410205,-0.48273281626585396,-0.13504588862942368,-0.19714837056027001,0.22869066953564346,-0.4775362528812421,-1.06515157983031,-1.9341272400413485,1.2751930354437715,-0.13901668478985835,-0.5888753030314907,-0.5591440711249197,0.015439993461327295,-0.350268660976658,-0.4529547727151731,-0.3209440336569295,-0.04598070956087574,-0.0662283828270129
726,6.569216724890558,3.961511433325901,-1.8684501230000403,-0.2814562346030554,0.4256448620792839,-0.6989106861762376,-0.21023978208853888,-0.4770034160605018,0.3579445924157981,-0.37299411185104586,-1.0103096488090104,-2.0109767849064504,1.5690444932391059,-0.40807434161726014,-0.4432740463146246,-0.5686180620004175,0.19136663622130592,-0.2100777374408631,-0.39861479614520406,-0.3494052914689474,-0.11677151116431497,-0.17432312268915917
727,6.449464088620184,3.843263433904278,-1.847290736449548,-0.41591727831815445,0.4425918726227656,-0.6556873771829382,-0.2055655131104686,-0.5688506047554043,0.42803116501063476,-0.3732190883207293,-0.9847493322287059,-1.9224471413346238,1.5691631470861829,-0.6089033472405441,-0.2864640535721366,-0.48836845648199834,0.2725497790725417,-0.33084900580682636,-0.46407740371007106,-0.22381351568044575,-0.15252808757634198,-0.05519378097997429
728,6.433277100853963,3.8519418719136427,-2.0224020881862534,-0.30305584537467656,0.45138810796251455,-0.830928634195166,-0.23447127035273937,-0.7490661490308919,0.5062644975186628,-0.26866947545407854,-1.0032717371417221,-1.8911047144782072,1.7148303078586113,-0.7811672564553254,-0.2470194834448375,-0.6963212516229119,0.36180835394415517,-0.3252868296622359,-0.5110891198212377,-0.3594966221546164,-0.1074017734351108,-0.04400226105497675
730,6.306421672535125,3.6922125408393818,-1.4359450005216086,-0.3159001809112594,0.431105440150979,-0.4584732290293064,-0.13856885900664997,-0.3743003454492847,0.2707460952633227,-0.4425538381577838,-1.0853703906074,-1.8668866328408127,1.3483614653387812,-0.26520524889823693,-0.392736874293172,-0.42212143977101807,0.02495411916645835,-0.3201612573083973,-0.4346156844819181,-0.2766673872556922,-0.07871106287370332,-0.12720550694216162
731,6.401650775160624,3.7188392702025723,-1.5851637938348824,-0.23300466165261846,0.39267035548567447,-0.4914497050249445,-0.19419039112475456,-0.3535429491038247,0.2986084184883134,-0.42538876655935204,-1.0657183361261175,-1.9295791106329019,1.321457254018902,-0.3332046285094536,-0.4966491284733828,-0.6199528367852577,0.08892968679250347,-0.31562004117482667,-0.4513825359857038,-0.3306964243810406,-0.0678605934892712,-0.10494831001710642
895,-4.445618695399246,1.8164651021999372,-2.1963663225945975,0.3249837436958206,1.1215448253104694,-0.08387551751983235,-0.5866471418033017,0.8741839885322872,-0.08151375556968657,0.1902351711124546,-0.9240524720241575,-0.3730456048641215,-0.9321546231439223,0.09783659561439499,0.5508852677219174,-0.7911643793523181,-0.25668701481594686,0.9145217362879279,-0.39068706819694266,-0.09385678002060416,0.12469936652209657,0.3178780100641907
896,-4.824766870679091,2.059115690270925,-2.6342127676512233,0.5716924312331615,1.3032297629727998,0.560891926700349,-0.06629787294303785,0.4178983549454592,-0.8920314090574566,-0.25803894220462553,-0.028227624009908275,-0.4271274863462246,-0.2215393648178659,0.25003813518948464,0.508909956282039,-0.7345907014673881,0.0933718739446929,0.7897979636029373,-0.32965768585516225,-0.12801849010150299,0.08390017287985525,0.31631885365023177
897,-4.9276477432549575,2.1179487042120746,-3.0186665114172406,1.1011343660242572,1.5032460334880609,1.7178507329366384,0.5225144752504925,-0.12954984768756495,-2.0223334792081684,-0.6135399457202125,0.5878576860965904,-0.2545821466883681,0.45445257711536585,0.22726542808793732,0.49230241545557235,-0.6911436553478101,0.3091844217919841,0.7183475885432986,-0.507764207198389,0.002490170309607237,0.045283796692707205,0.2471354277675019
898,-4.652966429144573,1.9429609786119124,-2.227585508030256,0.39618871083743035,1.1898955980263806,-0.0805934554420746,-0.5011925966813143,1.0232881392138304,0.46178181720418726,0.21234375002386086,-0.533897232201124,-0.5701095023815858,-0.4917105225018464,0.3723769754813337,0.6264388144289464,-0.4779095569586365,0.029230036235443266,0.8945237878332115,-0.3086989776796254,-0.1967633575046672,0.11317614366306301,0.3799116012666472
899,-4.847925222839987,2.002982546650159,-2.7872608393662683,0.839017327715296,1.526963617780139,0.9650547028339336,-0.0372537347460232,0.6117307831576877,-0.5495003595437459,0.027550286727135016,0.09201128457574793,-0.40451599555001755,-0.06931535810379534,0.33374325657181414,0.6435705616659835,-0.5351412117256048,-0.006865883805093338,0.7235827541459777,-0.3271129651440408,-0.14042322679623673,0.12909531319281956,0.33092218518622224
900,-4.980396331365746,2.086070498987755,-3.0186442235714717,1.3550789926246007,1.5312707764829814,1.9397506237087287,0.61951502818688,0.010525460150893087,-1.4469562450454143,-0.5239167768522713,0.8500057104413047,-0.272378579458576,0.603349161946048,0.3218856388195056,0.46680455860621545,-0.7490561711566389,0.3591872744777439,0.6968417446976812,-0.3938109131468713,0.005962715640426251,0.022388211860086712,0.26838784222955947
901,-4.537137107790351,1.807011855617683,-2.350359633249104,0.9571231620309001,1.4539019885868678,0.6620597078566175,-0.39583076862797334,1.4137862010024398,1.583038034061364,0.6698702670486655,-0.31646654434588606,-0.4936737996139228,-0.04287917888363028,0.6220543234315171,0.7118561682799355,-0.03297257719947198,0.3448214943520063,0.9504768578934226,-0.4586896768688212,-0.32660066602881177,0.09538161993652335,0.30762957264130425
902,-4.71309756188564,1.6498277155021916,-2.8469063227878104,1.6735365762961478,1.6437696913255295,1.751500006529783,0.07482407224734278,1.0211640953082457,0.49000278912494705,0.5118559363439099,0.1390185563567566,-0.3048337101819835,0.4042102518281949,0.5654458012577775,0.6975286899064527,-0.5381720530853643,0.20976567346100852,0.9311975221995745,-0.4466407782535968,-0.2228327433185175,0.18961265310474648,0.29845726581537946
903,-5.1179014872598705,1.9602597128605066,-3.550320451403538,2.084531776558155,2.1933599392166356,2.8961982146537473,0.7497172051559976,0.4169611356511025,-0.6478737745713207,0.130113758002443,1.2354078750016602,-0.1581753151687287,1.063953883831996,0.647985183806169,0.6836651147262858,-0.3411326145539057,0.4560823448585668,0.6361085861018713,-0.4486275908279654,-0.0697920175553516,0.06020080774467296,0.23894585591963188
904,-4.441024963239752,2.9311279460051947,-4.413662762599812,0.3813778681748132,3.2539443854872117,0.22204196646294583,-0.09463273858495137,-0.292045417024407,-0.23641704514775777,1.3497906033185105,0.14229000421903965,2.412212993842367,-2.9666758015077392,0.9014530040192755,-0.4329465407662657,0.6644219935643452,-0.14601272089835549,0.15409473688115052,-0.6252387838018277,-0.36345700528439634,-0.2712394307326628,-0.279357269601813
905,-4.751901753958591,2.8657759592228764,-5.043388781649616,1.2119792106097251,4.085851602233324,1.68046187207361,0.5105357638796232,-0.5643343001010241,-0.7195180290880859,1.3765630826879234,0.7976094853181311,2.6045404681630093,-2.3603456359425374,0.9745523826055477,-0.42656574744995485,0.3648631868210051,-0.13217650159640476,0.04070661241072107,-0.6388345951793669,-0.3635723957341242,-0.2650316435450277,-0.38972304249597245
906,-4.992074978556096,2.907534338012297,-5.7009519753821785,2.253982407288654,4.652922749211527,3.477492385566155,1.2585100916664775,-0.7267953387227643,-0.5799756357930042,1.444272880993863,1.9686955336389946,2.76023550472671,-1.4797247101154454,1.1588508473762047,-0.4377866624635549,0.37581534594893035,-0.19655854051242833,-0.26338075122559723,-0.5128911050278354,-0.34095012524651086,-0.29492224970824804,-0.4654358244847315
907,-1.2123516717776748,0.6690143034416133,1.2556259889253525,1.2463607549551137,-0.07902692646747986,-0.8006601812982165,-0.46397959241936254,0.06468868115341479,-0.3926329505854462,0.6137827398491857,-0.046689113418576005,0.24944512554475057,-0.2003909056477825,-1.5237416232770469,-0.8260661027304701,0.5288349989281086,-0.24096045810791192,0.5653279974070168,-0.05386477452980045,-1.2179194549365107,-0.12227130393900316,0.6023338688737079
908,-0.3474999874309613,0.8009778760664298,1.6237830550261378,0.8808142760704997,0.061510012497519834,-0.8666932697675732,-0.8675122928064453,0.22767292768851283,-0.4897153714332681,0.5807886426349551,0.7017063673401932,0.7049649126100884,-0.1330788270058112,-0.6406887425392535,0.4471854723029822,-0.35460083160873246,-0.22623453543163213,0.09858284324401217,-0.7787775976977981,-1.354987712967017,-0.2821431434003202,0.45081684427912677
909,-0.8515796337384414,0.4658646397295759,1.9625051564263547,2.7461210554731403,0.16967113958544855,0.03193225566367529,-0.26317062243061584,0.5572001193066208,1.020196357274417,1.0769631193466016,0.45382901397116215,0.17178380210733613,-0.1612689840492306,-1.8822534289427644,-0.8614742825246792,0.2615589047355759,-0.32194558297336534,0.1074739141904024,0.10952349684563156,0.128032008274664,-0.3816711682151649,0.5451117779300034
910,0.013272050608272312,0.5978282123543923,2.33066222252714,2.3805745765885264,0.3102080785504482,-0.03410083280568157,-0.6667033228176983,0.7201843658417186,0.9231139364265951,1.0439690221323714,1.2022244947299314,0.6273035891726737,-0.09395690540725946,-0.9992005482049707,0.4117772925087733,-0.6218769258012651,-0.30721966029708553,-0.35927123997260213,-0.6153893263223662,-0.009036249755842081,-0.541543007676482,0.3935947533354223
911,-1.1330101194518094,1.2997950329084516,0.6523614709653246,1.7570994462119962,0.875358729214581,-1.3307413138035702,-0.7642823630959829,0.14879122836809716,-0.5110020461785368,0.5234306190440435,0.22287818555084682,-0.7612636879736119,0.18292140703263435,-1.7986494647571416,-0.9492602968391616,0.4638554890585534,0.07045310212216901,-0.148584530956611,-0.3674822094151222,1.7581252449824858,-1.9137638972761033,0.1411718365924861
912,-0.2681584351050954,1.4317586055332678,1.02051853706611,1.3915529673273823,1.0158956681795808,-1.3967744022729272,-1.1678150634830653,0.3117754749031951,-0.6080844670263587,0.49043652182981323,0.9712736663096162,-0.30574390090827447,0.25023348567460546,-0.9155965840193478,0.32399127819429097,-0.4195803414782878,0.08517902479844879,-0.6153296851196156,-1.09239503258312,1.62105698695198,-2.0736357367374203,-0.010345188002095005
913,-0.7301933979726083,0.5654942255088661,0.0603570765190913,1.277264170744143,0.6033104642758176,-0.11589244926097966,-1.1799436356254724,0.8454197262607501,-0.11847847946657758,1.2508778943215675,-0.03612705809139958,-0.726628701603117,0.0024836452711863863,-2.300768006139471,-0.36202944955448674,0.6377465404536141,-0.5312432538136769,-0.018950502146718694,-0.067729426801996,0.05057798765326114,-0.73372384592503,0.3315057883526162
914,0.13465828637410568,0.6974577981336826,0.42851414261987675,0.911717691859529,0.7438474032408172,-0.18192553773033654,-1.5834763360125548,1.0084039727958483,-0.21556090031439948,1.217883797107337,0.71226842266737,-0.2711089145377793,0.06979572391315764,-1.4177151254016769,0.9112221254789662,-0.24568929008322732,-0.5165173311373971,-0.4856956563097234,-0.792642249969994,-0.086490270377245,-0.8935956853863471,0.17998876375803505
915,-1.8897390006034633,0.8189412727453667,1.4451248990372332,0.7506509793416414,1.1448788646933827,-0.926429030155417,-0.22668473079408655,0.048098403197901096,-0.21610122311772056,0.19831562535505795,0.01828586442091808,0.043083572474531436,-0.013326760529630811,-1.3415872072425092,-0.7613307144584999,0.6372995578470172,0.898462957766234,0.771528502836405,-0.26663908905102685,-1.0163366465411805,-0.5714372328164179,0.5822911225571396
916,-1.0248873162567496,0.9509048453701833,1.8132819651380185,0.38510450045702727,1.2854158036583823,-0.9924621186247736,-0.6302174311811694,0.21108264973299914,-0.31318364396554244,0.16532152814082748,0.7666813451796876,0.49860335953986934,0.053985318112340475,-0.45853432650471543,0.511920860574953,-0.24613627268982416,0.9131888804425135,0.3047833486734002,-0.9915519122190248,-1.1534049045716868,-0.731309072277735,0.4307740979625584
917,-0.1916019653726664,0.08835179062871787,0.46203415863341457,0.13463719981204417,-1.1172011875548107,0.048756489514242836,-0.49610174370713983,0.2262117717591522,0.20430038628559313,-0.12107576746446906,-0.2901749323326827,0.10666386914508726,-0.24074713675897047,-1.4343236670438502,-1.9175256259624172,0.04526274352513166,-0.6108398991593346,0.2174961850285016,-0.14896614367309952,-0.8522046210125402,-0.93515856581023,-0.08315077606583525
919,-1.3197397671507123,-0.27314856359259193,-0.34309080157111477,1.031714176662077,1.1330381284151443,-0.6953654683102778,-1.107897046011608,0.7043355083205611,-0.40364826184750263,-0.6182836980102855,-0.3176481594225632,-0.9035361163960423,-0.7885507030477129,-1.1975438482865617,0.23036786257678485,1.3097484120552088,-0.161367529253473,-0.5816712105930673,0.47951661972619586,0.6435393402168059,-0.42257979177881616,0.34035576260218875
921,-0.5738072776204571,-0.4852665583844186,0.17020535956562582,1.3785259634880849,0.19103035859124187,0.35661876878946996,-0.2721627642960215,0.5290714278517391,1.840286128293788,-1.194968800025392,0.267942063240606,-0.3900878225347989,-0.4798240931004355,-1.1156978492944027,-0.4747624365462699,0.932978270375167,-0.10137145721057456,-0.5558989574710173,0.7796060930144791,0.014565181766879983,-0.39549252442153665,0.11780240079589445
923,-0.9310096874521362,-0.7015642168349753,0.47449925453099584,0.5396909689225209,0.6449200098185073,-0.5308607636871456,-0.15478458570801631,-0.3934609598104282,0.4278877583454922,-1.5067649084444683,-0.7987627031384656,0.23625237689976167,-0.3372615316368101,-0.6163477467346401,-0.7295774414249245,0.6421297705683514,0.9399191310284152,0.4311974793334583,0.2459215724718401,-0.5477348177886977,-0.14265118423186504,0.1273467819461156
925,-0.7659824605724641,-0.362347597710049,0.34286974001757897,1.1273694458735035,0.7456698182665257,-0.5745812861821954,-0.5818126567058666,0.13617130039734907,0.06118013172146654,-1.1292677881801965,-0.6468984886199642,-0.3133442497742663,-0.7122167056707245,-1.2007121851097928,-0.4761757284072511,0.8272838055390007,0.5470661988268973,-0.08362967147648699,0.1410447551358004,-0.04065795369754825,-0.377948210302208,0.013803341948541152
927,-0.8654050951773291,-0.37451741883048095,-0.7433825965194122,1.2164823836998462,1.500534377636142,-0.6350747380926041,-1.0761610340215209,0.6369873409931885,-0.3683275560348907,-0.7518845921512226,-1.2567882830711448,-1.0709054195075627,-0.34932016144274813,-0.9922987752556964,-0.17548644982671005,0.8728178340833809,0.031253213561718236,-0.2692459915791997,-0.10539242410075568,-0.2553877779095236,-0.46436787799587914,-0.31048422021300454
929,-0.8043996208439725,0.1924423237153073,0.3674606204062205,1.076697696195795,0.804508623127904,-0.9116762858467485,-0.4640671636858814,-0.08899648245317617,0.359655652514493,-1.4639112087862214,-0.27389959837035427,-0.6423170760782329,-0.5297643520251046,-1.0971185116370707,-0.8490656844545496,0.7842775157689017,0.5848339685180759,-0.3312601115945006,0.1493922389062736,-0.1509055132047866,-0.6942672552232406,-0.19753983151359295
931,-0.7324927107913928,-0.060714294884705915,0.5173605619621389,1.3150697482583042,-0.04954130460107815,-0.36688289853623224,-0.05843039685298057,-0.47831868750158324,-0.010769189157554494,-0.6196105815862627,-0.6670988657432696,0.1517044365195605,0.11441012825718296,-1.012967207865957,-1.2247466821978614,-0.42001230347122237,-0.803424939723134,0.3183513919516009,0.1767569099550009,-0.4030709814426861,-0.4908270668355126,0.1392076533402768
932,0.13235897355532078,0.07124927774011014,0.885517628062924,0.9495232693736899,0.09099563436392136,-0.43291598700558914,-0.46196309724006207,-0.3153344409664857,-0.10785161000537628,-0.6526046788004926,0.08129661501549951,0.6072242235848972,0.18172220689915367,-0.1299143271281635,0.048504892835590736,-1.303448134008063,-0.7886990170468542,-0.1483937622114034,-0.5481559132129968,-0.5401392394731921,-0.6506989062968296,-0.012309371254304315
933,-0.4884691918269032,1.0379363418236485,-0.13526227014501654,1.2589886429951398,-0.8430027431751158,-1.268877648248342,-0.18966914250493905,-0.48392770006740093,-0.35949225562376874,-0.4818332470038481,0.421666485709063,-0.026436993656483544,0.6213406954698879,0.07247175995338744,-0.9761263269051204,0.9403613862879069,-0.9648480326647938,0.8280746963103578,1.1419124231867435,0.32157449747992817,-0.6525137566938953,0.09499572396219592
934,0.37638249251981043,1.1698999144484648,0.23289479595576867,0.893442164110526,-0.7024658042101162,-1.3349107367176989,-0.5932018428920213,-0.3209434535323032,-0.4565746764715905,-0.5148273442180783,1.1700619664678322,0.42908279340885375,0.688652774111859,0.9555246406911811,0.2971252481283318,0.056925555751066045,-0.950122109988514,0.3613295421473533,0.41699960001874575,0.1845062394494221,-0.8123855961552124,-0.05652130063238516
935,-1.0022615250634097,1.2387601058960398,0.3716256984866473,1.7117856401582745,0.3555689913050306,-1.490711984583554,-0.2482996590289766,-0.14339906874632657,-0.41663088130608184,-0.41872149815967485,0.257334309240052,-0.4991413212886413,0.2922166676623155,-0.05417841196561354,-0.8806066934117882,0.5908412425410343,-0.9207903291071405,0.5949648673780138,1.009771889987178,0.9818425184545797,-0.9955491105467991,0.07279962227793613
936,-0.1374098407166959,1.3707236785208563,0.7397827645874328,1.3462391612736602,0.4961059302700303,-1.5567450730529109,-0.6518323594160594,0.01958517778877152,-0.5137133021539038,-0.4517155953739054,1.0057297899988213,-0.043621534223303476,0.3595287463042869,0.8288744687721803,0.3926448816216644,-0.2925945879958069,-0.9060644064308608,0.12821971321500913,0.28485906681917994,0.8447742604240736,-1.1554209500081163,-0.078717402316645
937,-0.7592545620186243,1.490251895248063,0.4357829858800473,1.6736911487248594,-1.1131392816796442,-1.7991442079558684,-0.15963756029229192,-1.1273977947243818,-0.36660040833854285,-0.20473286663126483,1.5186647659180732,0.013028230589602893,0.7439871104169479,-1.2547565289118625,-0.6433968455402234,1.579953921162827,-0.33433268129003724,-0.3439031706371599,0.9566186983527454,-1.7470139158514857,0.7564610976172197,0.3488782029378187
938,0.10559712232808928,1.6222154678728795,0.8039400519808327,1.3081446698402455,-0.9726023427146445,-1.8651772964252253,-0.5631702606793746,-0.9644135481892839,-0.4636828291863647,-0.2377269638454953,2.2670602466768424,0.4685480176549406,0.8112991890589191,-0.37170364817406903,0.6298547294932287,0.6965180906259859,-0.31960675861375754,-0.8106483248001645,0.23170587518474767,-1.8840821738819915,0.5965892581559027,0.1973611783432376
941,-0.6268656184574165,-0.009897194268486736,0.39060277794854037,0.6782117018504235,-0.6791797921615644,-1.0428325954225914,-0.23636799918095058,-0.45158236987086436,0.3606079124873536,-0.5586628047351009,0.02418066273921445,0.21634650803369776,0.05279784161004829,-0.7703103399954655,-1.2604053425872244,0.3581738315645104,-0.7490983779515976,-0.15742626571710996,0.7634006075745075,-0.11001619414686913,-0.20545118543100607,0.23354091447932102
942,0.22799062091977532,0.13637917615011272,0.7605186518653755,0.3182882503408366,-0.5343545526820439,-1.1040525848231644,-0.6752767861350056,-0.2734241620413972,0.2632994954357034,-0.6132140578004784,0.7626510229053979,0.7019162892202288,0.1402914286028432,0.10123858548643648,-0.0009739147150811936,-0.5225467276029923,-0.7352902163280728,-0.6277532227701111,0.053035515150867185,-0.24645648090708744,-0.3635339004624335,0.08465058559488292
943,-0.3212797235921969,0.09672464859326517,0.116298440053007,0.9417498575222014,-1.5361454069645717,-1.2769026600875866,-0.48549276675566444,-0.32913365699719377,0.12247914413091078,-0.3283160965381656,0.27444944793380105,0.329667982572293,0.02250797001149734,-0.6493736859572342,-1.2119536017835661,1.02255724438713,-0.7836188141430355,-0.2882152282058033,0.6702670893323325,0.30837688301301514,-0.29648054397331414,0.33743310190232345
944,0.5485696832392777,0.22153182232119026,0.4835761022457674,0.5733918649500737,-1.3977526182568325,-1.3453422980913354,-0.8713374238592609,-0.1737363911092802,0.025509721385003126,-0.3505316158268226,1.027807488988863,0.7701627725770344,0.07972929447805684,0.23943117240850542,0.06820804683054096,0.13776377816561977,-0.7684340109403782,-0.7531694809238096,-0.061919599207843984,0.17099463934736514,-0.4572469456495761,0.1846027294526708
945,-2.6355978758860585,4.017451434112867,0.4878513229582404,1.3768229341749942,-2.160754062907642,1.7128672639226945,1.0846085962200682,-0.9848139609004,-0.5098409966466448,0.36336771797195566,-3.553875906655419,0.19282053987572267,-0.020689797085829104,0.74191547947251,0.6773578244417023,-0.24716392938979934,0.6805130693994248,-1.196286612694012,0.4869148230856553,-0.3247402320173914,-0.25314651497293206,0.2727372908041034
950,-2.6566795329182447,4.066502071232134,0.19741772959908366,0.9664924108626878,-2.133265490028445,1.5714576289797932,0.9004725883334624,-0.802832200165236,-0.35492167653913,0.35786816660410836,-3.455135823060616,0.04981224826316388,-0.06298468705769335,0.7611099350386193,0.6641363878322634,0.008268095331427668,1.089223196057211,-1.1706917531883736,0.46034690709882947,-0.7149743227731509,-0.2692203873222211,0.16299418745694938
955,-2.694491481485421,3.7112423344705525,-0.18279961678799464,1.1038629447179253,-2.1124059137707594,1.6631251576219812,1.02619454804974,-0.9166027090740612,-0.45534766566449547,0.34059406340363,-3.774919253959837,0.1721015318658812,0.26675614793540986,1.1249152358171375,0.4583312210971804,-0.6125632977752272,0.890285268800182,-0.9687065139686623,0.46505569034868904,-0.42244044470771047,-0.3908005369109543,0.11761446113831782
960,-2.954025598460138,3.798994559912736,-0.3304917482530395,0.7826031985382216,-2.3986887423689867,1.4572000579371238,0.8952730481817487,-0.7714245894765955,-0.4508098234141224,0.3818209731132423,-3.229754364476312,0.2173051234877511,0.10471552423696531,1.2079610444452078,0.7442273308020391,-0.0312428975207569,1.0931314338668998,-1.0422481709413571,0.7436073587476001,-0.29705774746528046,-0.31817129139837563,0.42321683159167867
965,-3.0582605551193183,4.121517957385364,-0.10092607105966774,1.2199234837375863,-2.546512336963135,1.048934241233573,0.8767077392472417,-0.8071426095310438,-0.5038913193278803,0.5346615411575267,-2.968332398385747,0.20574732203192223,0.026451997956046684,1.199596476592933,0.7732861146780853,0.091323372428238,1.0185196649855672,-1.1666190719600875,0.7951120797626934,-0.5949791853092106,-0.0775731520965634,0.5120946091756408
980,-3.161687626086015,4.503144961739813,-0.39248553975473893,0.8864078446548375,-1.8632085035780683,0.9686637885070601,0.8824041251906489,-0.5833282297144406,-0.6860019987516592,0.3173095567115907,-2.629893819761907,-0.08948845270839473,0.17784952339942126,1.815836184727573,0.8319472758335394,0.28830047765744465,1.9281981137822812,-0.2719672838102832,1.296848275848837,-0.2327363646039169,-0.4340102314695338,0.17631672048000208
985,-2.2716263600897904,3.564061108556504,0.044518062816765,1.514252027292677,-3.0082775465923293,1.9732504355025158,0.5690303782250278,-0.4193999406557113,-0.4221263871541634,0.2876621145730538,-2.602279415505582,0.06364799397478492,-1.0030998696732965,-0.13945119115048052,0.4672095269043388,-0.769159687004354,0.7207669290862584,-1.401718815397209,0.8258469561258479,0.334260703058382,-0.47822136426684086,0.2615584406444232
990,-2.149233900699026,3.5601438381402266,-0.2794460157840068,1.1444425319052804,-3.1627899434902007,1.9385207120538333,0.34015701591078024,-0.18041943704137114,-0.24883875811722048,0.2868288438381924,-2.5031229904740258,-0.08463645408119248,-1.1677085757432732,-0.2508264134851704,0.40474559579511366,-0.6263019551368884,0.9756321937368064,-1.4399730643411621,0.8286696486173696,0.02067607258221085,-0.5318975523765144,0.1226782062830788
1010,-3.245181186343352,3.4868679266008833,-1.4088550765690373,0.8293919662842497,-3.118729865314708,0.09214343237629459,0.2345104937104374,-0.18792822751694252,-0.03551717052346204,0.7482800077808187,-2.4806758487705713,0.21483546239103726,-0.31627644151078677,1.6724508597856607,0.4140177897193066,-0.4278599679961823,1.3827365307630748,-0.8512374834233979,1.2213685565718557,-0.315449976536425,-0.21801662664384913,0.5401411977486271
1015,-1.8602597792979494,4.1909709598892935,-0.018666511946195376,1.2855329555198474,-3.4151698801266503,1.5729731154039774,0.20997699355563945,0.11705119876352951,-0.3102660590621648,0.45590644629167637,-2.0794815590528195,-0.17757044396622976,-1.5513229771545811,0.05504511233800848,0.5824223038719669,-0.16942383055366098,0.734493107819655,-0.9256282016014293,1.5816263963766009,0.05311800810182786,-0.34287115498801696,0.02470833869991388
1024,-2.1470062521718765,1.0059886086377317,-2.071173956329142,1.094204957403668,-0.9401907722394927,-0.3720442903556564,-0.31842211453638564,-0.28420227773591256,0.7029487662198314,-1.9898090885248294,-0.251865605319004,-0.13517415052045756,-1.0441955474380944,-0.12474089872628476,0.1198682460746789,0.15059702952369994,-0.04987254350231412,0.16453764626628656,0.2636727184017224,0.16482740278194,0.11113353591385923,-0.03900375541894075
1025,-2.2724929259508255,2.0457077116138027,-1.8086383995787623,1.662142249466558,-0.5462251283226518,-1.426813323114478,-0.14068049185490936,-1.0563464569905199,0.726392207533488,-1.7144738233563876,0.08890986017305176,-0.1845451453758207,-0.2910093279418983,-0.2167570815109569,0.5762053699827127,0.7529655663337154,0.05753618253295674,0.1921573020645086,0.3004579553257285,0.3136476142096671,0.18005417614298097,0.06186041852467783
1026,-1.3651450944104966,1.9716667100613812,-2.048608291295751,1.192707207620316,-0.661568001739956,-0.712338103398994,-0.13363154825600096,-1.388352151638362,0.9756534512067396,-1.7694952778709898,-0.495431218267321,-0.26455359099114295,0.04652598979177806,-0.8539691195287803,0.5985549991629248,0.6704307921200529,-0.6199371995011501,0.13840076197067583,0.15721441504812741,0.42593535009337685,-0.03992386862546783,-0.32197989146115513
1028,-1.8400981814525847,2.122817807717179,-1.611207022653638,1.9197194611647668,-0.6473710646620042,-1.123028657890162,-0.15159412776546707,-1.4023222462727252,0.7673530522565163,-1.5329700729008402,-0.03194523627366439,-0.07286644286059978,-0.30756827836006234,-0.9691022214998615,0.8337136448336991,0.5453678416836814,-0.17276802363488494,0.3014039357447911,0.3316716491955387,0.04290640120001807,0.43023347898571296,0.014102394473741335
1029,-1.403700454973071,1.513512922242557,-1.6378162687809252,1.2185739919059309,-0.414333491935634,-0.21402452910953515,-0.020987938963741043,-1.4553157026521468,1.0402309069187832,-1.7423523355782369,-0.9052065851036052,-0.0006312420677504702,-0.21825307439219443,-1.1632068969380172,0.7144111734775099,0.11409943952983992,-0.7667048466728122,0.35414678812422484,0.17770997772370004,0.15975669991708777,0.26855415931467314,-0.20726275620473775
1030,-1.1170700851158033,1.281193580193796,-1.0745777665495146,1.467319606118236,-1.4835789821494307,0.13896222492700322,-0.265377727983065,-0.49897974895267294,0.4627996483193246,-1.7387007216479924,-0.9144799802375398,0.12315887718254069,-0.9991904914241512,-0.5249245169998645,0.3517367864930927,1.4028004208995928,-0.904960959575317,-0.09536501149851956,-0.365665643667853,0.18621683903491512,0.36013934104716155,-0.11369929191892039
1032,-0.6133017491187661,1.5758158456274773,-1.2309131875145012,1.402824079299133,-1.3266773820567677,0.10221483416764754,-0.12747190310783857,-1.1577952118530945,0.6340546904271136,-1.5945371925135656,-1.3107945751038148,0.16560018502407597,-0.26342189453191805,-0.8520270769984546,0.6091575382860239,1.5004808101672698,-1.3216245584500934,0.0384895635933804,-0.4336592660775361,0.3514726069771645,0.29104125715677814,-0.28131541412428407
1035,-0.798060523870197,1.719196588976465,-0.6817754931497435,2.0201439337649414,-0.9082113403754797,0.04879721268329538,0.0983664153464421,-1.2739437069792054,0.5174828678842834,-1.507716682137302,-1.375230896315151,0.2565518589852703,-0.27129179171771817,-1.0079196303265492,0.6685756296865072,1.19684210344161,-1.1442837469126896,0.2041302165265507,-0.5183396217305156,-0.24536058957123424,0.6786753325195813,-0.2694123218237317
1036,0.7156129757664796,-2.0312137670577646,0.7380361425445923,-0.1473272266303035,-0.10561195561635463,0.4092517899980193,0.5118802346830343,-0.23166699970202453,-0.08852035003552514,0.2811653746106729,-0.21896408297727551,-0.35724883549605696,-1.1983906950013237,-0.8189132305912713,-0.1844635489707137,-0.46067888554442515,0.18672996926700458,-0.04611778278810044,-0.20649694679154076,-0.08580579897017154,0.23922608508761747,-0.2867650181527611
1038,0.49599435117785967,-1.8886240175880789,0.6515892202735314,0.09210922456390207,-0.01594878891988482,-0.08972555895817048,0.6179700607698635,-0.4078995189852517,-0.13977452255943754,0.36797577200111353,-0.282097231417049,-0.3123143772725572,-0.8067449235271776,-0.2850697222686953,-0.2540204719421478,-0.44583144962602217,0.05888551687536973,0.006944941868979636,-0.20870079695176674,0.08306948265857571,0.22503265709051717,-0.2271023237597972
1040,0.12677154408315236,-1.9491420164810866,0.24074543328518952,-0.23697033413100632,0.2760233150382292,-0.44814164728949213,0.7173428825054879,-0.5470931376936214,-0.1692904221506245,0.3742858446077864,-0.4256230864774368,-0.24961911132710016,-0.20869789840309433,0.44517076545570916,-0.23834915077107285,-0.23234116690137555,0.2908905684987747,0.24158116148617198,-0.2378380829054361,-2.8862475821756886e-05,0.23631756394686096,-0.1710034466331408
1042,-0.12724044154882502,-1.8803211106519813,-0.12350809170425493,-0.1541212882476767,0.23603485681646616,-1.0349908657337832,0.8226726839602274,-0.7487355269586758,-0.23827406890491548,0.4959061124859841,-0.5393099779699383,-0.15866520495723993,0.4013419445273319,1.2709468162533664,-0.328889535300987,-0.13438151515506777,0.03536539904299376,0.3342009721642555,-0.19628808526937996,0.11940765842841429,0.26139187605807324,-0.08678719934199602
1046,0.4699453180712429,-1.925356058273235,0.620032509419381,0.11104808860092318,-0.08508686552098918,0.10622088256217106,0.6375610528714979,-0.4051119740626425,-0.08690293100279474,0.3282775557094822,-0.4908705970039295,-0.24582229233913422,-0.8988110066452667,-0.3247023086479108,-0.2195064403789517,-0.6638961126934807,-0.14346929785879586,0.19782877496012358,-0.32029729713777516,0.019061837351565948,0.06276710267171834,-0.14043109183071234
1048,0.08423052207523246,-1.8380098844390558,0.23401463699141034,-0.08662581813836376,0.15424954155002588,-0.41731358946651925,0.7269662642506297,-0.5562559391496896,-0.12294528756284542,0.3376874768313661,-0.5031359992145266,-0.2370768562868685,-0.29513403902377083,0.4345110355265461,-0.22539051108071823,-0.36990123161300814,0.0631927775322246,0.33171225141740873,-0.3419907755148222,0.14845577878839314,-0.02850936612075729,-0.07079817663456214
1050,-0.08713529442520417,-1.8294024608489377,-0.07712300078193983,-0.06233567824712711,0.0853980980946947,-0.8195534523771043,0.8025583228411644,-0.7030850144141849,-0.17816640354275237,0.4393030257132913,-0.619440475890045,-0.1485579988080068,0.17266024805656913,1.0668452671981692,-0.2929291167839589,-0.3083609526852804,-0.17029834385461237,0.41906895867975275,-0.2995613678246573,0.16629649158925044,0.032918747262523,-0.007973703571353654
1052,0.512572617140009,-1.6788849997015765,0.5843049717916603,0.05420984174204097,-0.63272780900792,0.7793671646074546,0.5070188692516763,-0.1929075640775351,0.02457843509727474,0.16467765131134723,-0.474319367247323,-0.2636717102006913,-1.5311113564884493,-0.9269744419065576,0.02799191741475892,-0.7280324498149758,-0.5086167332809566,0.45925209056151595,-0.5832271911354295,-0.48634396851844197,-0.358508341030904,0.11641247284465027
1054,0.27985438978703836,-1.5896492763223735,0.551090365186326,0.30566787766605763,-0.44671955359334437,0.3240755789200956,0.6391602330629162,-0.38524844983776696,-0.017207114999420133,0.24638952614350662,-0.6261261239109333,-0.19355411801629838,-1.1443016590849,-0.40723755864626515,-0.04335790309100979,-0.8079274952002148,-0.608737645519073,0.5675677477664914,-0.6080982799209046,-0.33466585497497625,-0.3606590016954203,0.16831829985619995
1056,-0.07582682866153666,-1.5285284092630405,0.2018485354025601,0.20350606380515143,-0.23046444589700243,-0.20525974890207863,0.7464794252753653,-0.5596406696066376,-0.052429378268971975,0.2790215482405152,-0.7085796367003586,-0.15504958433560256,-0.5438699594358735,0.36317172707114737,-0.08002516149436986,-0.6234961765991801,-0.5160874773445042,0.7087676510579635,-0.6268158683240975,-0.15977059893481446,-0.44381155253797816,0.2374302459259742
1058,-0.225770849259338,-1.5130137770775145,-0.05613756564183286,0.21121630840048444,-0.27574002949788623,-0.5403585265335018,0.8069564815230876,-0.6779280939652145,-0.0975748625894378,0.35749103302993684,-0.7909371865810666,-0.08891392466259007,-0.15757064057959913,0.8824054958891299,-0.13042853275135388,-0.554038576192674,-0.6827609498766476,0.7791808944727185,-0.5942701201158822,-0.1450893575450124,-0.39925255886301314,0.2893250297514771
1060,0.003266911916561218,-0.796163872610293,0.5180358231627142,0.501251940108361,-1.1069961765821525,0.8259978400396477,0.5163850012922933,-0.19002881460815632,0.1395885704166846,-0.023668021795151466,-0.4501951852931748,-0.3003198017501539,-1.8797894290526989,-0.9710266626275222,0.3526713832463358,-0.7251729718878759,-1.0577018762089831,0.9986893691778042,-1.1247662277462314,-0.7852654503700223,-1.308740351293734,0.6817710672196521
1062,-0.22261799291858017,-0.8562138039538637,0.24046207734359773,0.48582551624129133,-0.9862316535970389,0.4562787860217955,0.6272035378374337,-0.3572820455451111,0.11327127949197284,0.04095424156858838,-0.6728609744275407,-0.19906398790000943,-1.3865763940374392,-0.32042373202493857,0.2820985689658394,-0.7587069730300945,-1.17400360910398,1.1592785271260777,-1.1281056773086653,-0.6659069310583385,-1.3180946790643897,0.7335944338108769
1066,-0.7842030744126743,-0.8083417705794909,-0.2745269345745335,0.4055907157352321,-0.6239559680817329,-0.38706774833130075,0.8324124592832891,-0.6730106564321066,0.04864914244588484,0.12746778688242213,-0.9164081053560846,-0.08556353674369364,-0.40189905850593816,0.9491118454437442,0.2031196309030634,-0.5889506751288119,-1.1242217333537465,1.4373129566466551,-1.1594899477855531,-0.4531403157112303,-1.3805948227996323,0.8451877259494964
1084,0.35769082231687904,-2.0780770269154973,-0.18598290645002358,1.8874108745133924,0.31487134299552205,0.2937775167503997,-0.4403571630137647,-0.477654375583026,0.5966986864935587,-2.9462717050941714,-1.792519064021016,0.069046579584109,-1.652084620328804,-1.1675035227129595,0.20912738192708305,0.3544964597644424,0.07439379409536494,-0.2466154500540528,0.8491733663142705,-0.05576741601110954,0.6957355776284464,-0.21635115035802216
1085,0.12794634686426193,-2.030653714245822,-0.5755623056008901,1.8298136042222097,0.28837434494948727,-0.1807170489443443,-0.37309659202315426,-0.6208040493377053,0.5516683715638859,-2.876903100930214,-1.8450890702567986,0.11963448108198649,-1.1219962558390322,-0.4596155900829772,0.1475353385744507,0.5215766361059312,-0.05467624367725372,-0.1783761579461161,0.8825198615733552,0.09398752653570257,0.658009048209084,-0.14739598788981173
1086,-0.12486063955494336,-1.9322888348454863,-0.7434903145154828,1.9125994204316261,0.40867715337141947,-0.6301926372706654,-0.27522496923867484,-0.7800663777346355,0.49693761850724455,-2.80382725721757,-1.909315627207259,0.16917738174500613,-0.6881871896468611,0.1065438488313967,0.11219628448617881,0.6149214173479325,-0.0867061964922909,-0.07939385836722583,0.8802780765816673,0.11436828291710509,0.6930162580754292,-0.08769118134530465
1087,-0.3463013470190143,-1.9426315730384343,-1.0957089140543097,1.8223256995451473,0.44349171228143197,-1.018029429560067,-0.20027714315145925,-0.9160656826528821,0.46144578820089394,-2.7458033238165815,-2.020312138108546,0.23589551542378373,-0.19388290510468573,0.7567872608200751,0.06129722335663233,0.7226990281548875,-0.17492224653347715,0.0307182286240801,0.8986808640191303,0.20254146056311947,0.6801407800721303,-0.029712920157610914
1088,0.10798413308503367,-1.599428296800322,0.5293062385392947,0.939736143284606,-0.03917426656756562,0.4906000335540158,-0.44960169442487913,-0.016088793488731743,0.1406521602185355,-1.1094824899245803,-1.1576196986663767,0.3497813301362477,-0.9786644636329108,-1.5159154738257896,-0.7851443440139527,-0.053549337882754934,-0.10750709909059791,-0.005260342909372003,0.5777571041756329,0.04356632977796293,0.31914836345415426,-0.08385373561260592
1089,-0.216021400973279,-1.4497413933002608,0.25846104070913767,0.9328392702765956,0.1143960119438376,-0.060493539728211934,-0.3604948141583358,-0.17578206047913678,0.09215920601603123,-1.0657924097400588,-1.144622634899064,0.35870233911633437,-0.4564351479207646,-0.8397123705856991,-0.8146965771677456,0.1723385803842982,-0.035400305043322394,0.07118021870917485,0.570142937810761,0.19902138943871925,0.25301564739295573,-0.013583215813893712
1092,-0.1060483806051427,-1.363153791073097,1.0166184466439196,0.2009893547274321,-0.16256576936813918,0.6917881835861477,-0.4266474881223285,0.2872985183466647,-0.16947407473525947,0.15512142531816783,-0.8341927141489293,0.5844097278158795,-0.4666503968763394,-1.7187893482913486,-1.459016626902948,-0.3999406674574626,-0.1634363909623193,0.26138830205305436,0.3671754522643891,-0.00555978266633226,0.11151660847997452,0.0020820005879606304
1093,-0.4260294561228738,-1.3118092738058795,0.7179376260556471,0.10731072286535116,0.05306395962553261,0.22939172478834002,-0.32941064643057977,0.13330767276004107,-0.19636493100428343,0.17702766188037178,-0.9118249948413253,0.615791173476138,0.05934484196997303,-1.0460576769441703,-1.4903062511848186,-0.24394009664444946,-0.05977349784683219,0.39041276677133285,0.34419838744642517,0.1665480405179327,0.024757139551306095,0.061182144874370605
1095,-0.8673617288039851,-1.2312815420647747,0.25672177402298046,0.17078776099480375,0.20201700062305059,-0.5853376052266069,-0.15159657262671336,-0.16484366295407082,-0.2807393928145406,0.31303080815271195,-1.1143776917928203,0.7391906778691635,0.9409217007913706,0.1187275287662735,-1.591656534250444,-0.11710382894067978,-0.23018019286397262,0.5903557338669738,0.3572993877812196,0.3205107311016524,0.037556436833806724,0.1732437725752334
1096,-0.17288945219775884,-1.0927485171963578,1.319887504810213,-0.23390970934668404,-0.45182058283022486,0.7804576975518907,-0.4675176512115286,0.5314695832305186,-0.38576990339597905,1.0061390971280328,-0.44370702975878,0.6849213382503948,-0.20287815509159401,-1.9294528911525917,-1.9166676278053778,-0.5115028310110474,-0.29569818177089435,0.29957428285477566,0.26818366397822446,0.058922057351568316,-0.07383776590855409,0.06539437791227062
1097,-0.5218047786968537,-1.070512649570837,1.036157040592474,-0.3527492520208921,-0.1839517486069227,0.3423188173721594,-0.3524826284231213,0.36453544550928635,-0.4271566393679185,1.0425213495305719,-0.5676694232955761,0.7440384750488508,0.3496882887518306,-1.2383106845162197,-1.926697221695323,-0.3648544805579455,-0.15825603220262568,0.4892796403681425,0.23991521250514367,0.04580422853208297,-0.06208154172386348,0.12582720056979008
1098,-0.6558354543013278,-1.0695497895672497,0.7779543070624375,-0.2980400411769988,-0.2323527149273466,-0.013492762780490495,-0.2848438762809157,0.23486750691753863,-0.4557986482071448,1.1156266346862849,-0.6853626715098953,0.8125928040648797,0.7397360358367476,-0.6987851263330315,-2.00962165768291,-0.36384248522775453,-0.38199462435711223,0.544384422508662,0.26785588124775883,0.23539245980106027,-0.097499939062777,0.17563198482843637
1099,-0.8689362643988465,-1.090622879559419,0.5637286318025787,-0.3216709418520311,-0.10922522634232164,-0.3315014427406739,-0.19217392287692392,0.0964260585141559,-0.49060166579311437,1.173092765129624,-0.8390971640595136,0.8908033494134893,1.1534215267074361,-0.1642121664071853,-2.0459698234666073,-0.34129320493748533,-0.42514295443979944,0.6873385127971537,0.2635989116737849,0.22841342144561314,-0.057048996358217995,0.22186426941588047
1126,-2.580168794665807,2.2474594046045975,-0.15136602164082041,-0.9811926749408099,-0.9547210796173091,0.010623093156724857,0.20842745476296007,-0.007025112490700518,0.47883085181415513,0.8276971947299254,-0.25851754491072354,0.16122453872700157,0.5784971130803139,-1.0319909065943291,-0.810395653999061,-0.6681390606650738,-0.7818051430384265,0.3946158845732977,0.029958396328236027,0.051567432452841566,0.3109943535176679,-0.035724739434333706
1127,-1.7490517370912302,2.427728669783431,0.222727020839133,-1.3277614364347068,-0.7997111264158017,-0.03916578595548579,-0.31449953778765416,0.20717125341289308,0.3809856937784124,0.7219476965180739,0.45638065384806825,0.7181630559513659,0.7139217824063148,-0.18776387484517026,0.41621292436497237,-1.5424108503303975,-0.7701766639151946,-0.08421785434344524,-0.645855835577555,-0.0833814225404433,0.1571608090072285,-0.17837666600718216
1128,-2.385399000783721,1.9816086391039407,-0.3558846034832271,-0.6253263041327206,-1.3835095863648803,-0.014646971564572347,0.010874714552512424,0.23364858293177335,0.15906827479815064,1.098776329281524,-0.3035180883174399,0.5006892301637118,0.3546202729790451,-0.7737129780939985,-0.6866540086737218,-0.6150421835311438,-0.3453390420918075,1.028989498985913,0.14983790967981547,0.5227477674720895,0.3093188852385182,0.057724270036068594
1129,-1.5542819432091435,2.1618779042827745,0.018208438996726566,-0.9718950656266175,-1.2284996331633726,-0.06443585067678301,-0.5120522779981022,0.4478449488353671,0.06122311676240791,0.9930268310696725,0.41138011044135225,1.0576277473880766,0.4900449423050461,0.07051405365516086,0.539954569690312,-1.4893139731964677,-0.33371056296857554,0.55015576006917,-0.5259763222259759,0.38779891247880455,0.15548534072807868,-0.08492765653677993
1130,-1.7788935312474967,2.400566421603202,-0.054576078878830314,-0.690186993165642,-1.1534358604969734,0.24898693294189161,0.064910169269268,0.2461316648385383,0.06404058406751806,0.9872301935770668,-0.573677735056918,0.2802613401090752,0.4679951880848358,-0.7146001333041095,-0.7431581840076827,-0.1917289499468248,-0.5052818140515601,1.3020141719697103,0.1248720713139918,0.7126305270612325,0.08428066766323751,-0.3903747322661616
1131,-0.9477764736729193,2.5808356867820366,0.31951696360112325,-1.0367557546595392,-0.9984259072954658,0.19919805382968095,-0.4580168232813466,0.4603280307421321,-0.033804573968224644,0.881480695365215,0.14122046370187416,0.8371998573334399,0.6034198574108369,0.12962689844504968,0.48345039435635107,-1.066000739612149,-0.49365333492832825,0.8231804330529672,-0.5509421605917995,0.5776816720679474,-0.06955287684720193,-0.5330266588390101
1132,-2.417165387904819,3.53296773377577,-0.11129790474661913,-0.1635734792926273,-3.086184272486586,-0.8170511758375035,-0.5314234858272127,0.504338574053538,-0.2897059898499516,1.2266101565138028,1.7596060259931405,-0.20639389075904738,-0.016803250870974538,-0.864869342364131,-0.7019106038832631,1.8193303849750613,-0.7221361928290173,-0.6090024785902142,0.10971744758163214,-0.6760451136177331,0.8300703604318078,0.25595103372247685
1133,-1.586048330330242,3.7132369989546046,0.26279513773333435,-0.5101422407865244,-2.9311743192850783,-0.8668400549497143,-1.054350478377827,0.7185349399571317,-0.3875511478856943,1.1208606583019511,2.4745042247519327,0.35054462646531714,0.11862141845502641,-0.020642310614971942,0.5246979744807706,0.9450585953097373,-0.7105077137057854,-1.0878362175069571,-0.5660967843241592,-0.8109939686110181,0.6762368159213685,0.1132991071496283
1134,-2.3147999804825665,2.6547789294708477,-0.7309489117574408,-0.837542404153068,-1.8790922703086308,-0.1915359898105156,-0.03557873258679427,0.502664619615842,-0.022754770522827452,0.7592405429448322,0.38955676702581,-0.1557954413201949,0.7365293916993441,-0.4922375564415916,-1.1541903643140927,0.5751658704477853,-0.44045834375403964,-0.09478347200445629,-0.3496196753800907,0.19001744911155813,-0.03699452058405507,-0.23157657430093495
1135,-1.4836829229079895,2.8350481946496813,-0.3568558692774874,-1.184111165646965,-1.7240823171071236,-0.24132486892272628,-0.5585057251374087,0.7168609855194357,-0.12059992855857013,0.6534910447329805,1.104454965784602,0.4011430759041696,0.871954061025345,0.3519894753075673,0.07241821404994071,-0.2991059192175384,-0.4288298646308077,-0.5736172109211992,-1.025433907285882,0.055068594118273265,-0.19082806509449446,-0.37422850087378334
1136,-2.267195639228856,2.3964410290776708,-0.9367271035849172,-1.1504708562290875,-1.7011212303388843,-0.11438049644937034,0.17374218155062088,0.7139184077646464,0.19057046021166216,0.6506934749299227,0.0678882938984239,-0.07000071069655257,0.7772003878875546,-0.5030968573617159,-1.2226491030768156,0.16250456803956,-0.5877612009613117,-0.025603479685934443,-0.28367441800857485,0.2969027363333478,-0.16376092846808335,-0.29293350824539677
1137,-1.4360785816542794,2.5767102942565048,-0.5626340611049638,-1.4970396177229846,-1.5461112771373766,-0.164169375561581,-0.3491848109999933,0.92811477366824,0.09272530217591948,0.544943976718071,0.7827864926572157,0.4869378065278118,0.9126250572135555,0.3411301743874428,0.003959475287217444,-0.7117672216257634,-0.5761327218380797,-0.5044372186026773,-0.9594886499143659,0.16195388134006297,-0.3175944729785227,-0.4355854348182452
1138,-2.152802313913965,3.559633277774918,-0.1077145323508629,-0.1843695279109198,-3.1756171545089287,-0.699693844972184,-0.5934379508465416,0.6060433551874137,-0.3808835390299345,1.268939591885639,1.6659970573890421,-0.17903027571427907,-0.08917664002949399,-0.7746152375682082,-0.6718329806936922,1.958841742835796,-0.7100069825114929,-0.3187784782749492,0.20955248066243212,-0.5611945911440606,0.804945712906842,0.14188088244528413
1139,-1.321685256339388,3.739902542953752,0.2663785101290905,-0.5309382894048167,-3.0206072013074214,-0.7494827240843945,-1.1163649433971559,0.8202397210910072,-0.4787286970656772,1.1631900936737871,2.380895256147834,0.37790824151008523,0.04624802929650692,0.06961179418095059,0.5547755976703409,1.0845699531704727,-0.6983785033882609,-0.797612217191692,-0.4662617512433589,-0.6961434461373454,0.6511121683964027,-0.0007710441275643127
1142,-2.1749401143853593,2.68856570130413,-0.6680007387699706,-1.4370789228477223,-1.386883084150437,0.033275373515691986,0.28619369564415525,0.6433424188639904,0.24107860376760448,0.5137788646092454,0.07791025880878519,-0.23011734774466192,0.8310933746196439,-0.31674983295484305,-1.147317139798983,0.3339903184768049,-0.9466394050208206,0.1773678223325842,0.07184137751727977,0.351236278401011,-0.1549272998817705,-0.42656845821677086
1143,-1.3438230568107818,2.8688349664829635,-0.29390769629001706,-1.7836476843416194,-1.2318731309489295,-0.01651350559651868,-0.23673329690645908,0.8575387847675839,0.1432334457318618,0.40802936639739373,0.7928084575675772,0.3268211694797026,0.9665180439456448,0.5274771987943161,0.07929143856505073,-0.5402814711885189,-0.9350109258975887,-0.30146591658415883,-0.6039728543885114,0.21628742340772608,-0.30876084439220997,-0.5692203847896193
1146,-2.2371505436290433,3.0415433409436488,-0.5827023218310057,-0.8634326809053906,-1.4491671207469823,-0.18672316000900932,0.012437850421703504,0.6408161034680268,-0.17105505508291616,0.7019782684408856,0.5523733927996342,-0.3111194251310321,0.6855781944862969,-0.14419333056583875,-1.0640621253654912,0.6438915923357054,-0.16501739335629104,0.6426649402744782,0.16550949358278644,0.09570786353475497,0.02003335170665654,-0.4885883584544345
1147,-1.4060334860544665,3.2218126061224828,-0.20860927935105217,-1.2100014423992875,-1.2941571675454746,-0.23651203912121993,-0.5104891421289108,0.8550124693716205,-0.2689002131186589,0.596228770229034,1.2672715915584263,0.2458190920933324,0.8210028638122979,0.7000337011833204,0.16254645299854237,-0.2303801973296183,-0.15338891423305911,0.1638312013577353,-0.5103047383230048,-0.03924099145852993,-0.13380019280378289,-0.6312402850272829
1148,-1.7909686487472665,2.773988660682028,-0.6891990162596898,-1.2662536957538806,-1.594792110524362,0.20236898139949155,0.1407037335730158,0.8911386395916998,0.07680420446475418,0.5836857175680049,0.146642184632127,-0.25296271747174365,0.5350378451826041,-0.36649038248705285,-1.153006754337714,0.31984954519305264,-0.7893195269617223,0.5985107775169204,0.2949779298096736,0.377309180920682,-0.15854767707759512,-0.6319221481544218
1149,-0.9598515911726894,2.954257925860862,-0.3151059737797363,-1.6128224572477776,-1.4397821573228544,0.15258010228728092,-0.3822232589775986,1.1053350054952935,-0.021040953570988515,0.4779362193561531,0.861540383390919,0.30397579975262096,0.6704625145086052,0.47773664926210624,0.0736018240263198,-0.5544222444722713,-0.7776910478384904,0.11967703860017741,-0.38083630209611774,0.24236032592739712,-0.31238122158803455,-0.7745740747272702
1150,-1.8888223585732191,2.924107820759658,1.0189097557558648,-0.4395150428147592,-1.6423810431812873,-0.6660532686049024,-0.4998296435953069,0.28746982575627117,-0.33344757067289355,0.9090602128462583,1.0134993224730582,1.0566384357832994,0.5878327019201462,0.7341461540535285,0.20788617488606093,0.23880981534158213,0.603003891341056,0.1064104379135884,-1.3536116323450786,-1.24967583901861,0.8109606475742455,-0.01594657604937139
1153,-1.5632279780494167,3.7009483611390155,0.664738501494623,-0.7393154255930672,-1.8812935639159465,-0.9200345213943794,-0.6439471935958548,0.5866705991273429,-0.5707727059317058,0.8551947995968443,1.6956230937517276,0.7072392379217932,0.6667323960830612,1.4157145874778467,0.30461993944773635,1.1128938404148432,0.6344916400156557,0.6610530976855873,-0.5797110434268724,-0.9336262509907256,0.62891001489436,-0.3190045942577218
1157,-2.777914989933606,2.4174326121042764,-1.1623792209008295,-0.8598111687427522,-1.514826452048066,-0.20103058825667872,-0.1711557446689737,-0.2294075904754662,0.22860973892500266,0.8702493705762653,0.845766919424416,0.032267466756976386,0.8439798437112401,-0.9827654743140956,-0.6909145893596634,-0.4045804318516815,0.26527248861607244,0.5490189385874583,0.25944710007357946,0.5400993897550305,-0.006705016147693097,0.09005115412080468
1159,-2.7600894606764523,2.6902642933753627,-0.3072179452447314,-0.825836695344986,-1.3542423143529625,0.054098358247904585,0.12311327019389418,-0.16756688979741077,0.14831754059244226,0.6295794807928241,0.7011853794117178,-0.11932795017891935,0.8188287130221242,-0.7317405918833582,-0.8662182873366724,0.11899251999219965,-0.5086831599872956,0.040790711670938465,0.05922247174608587,0.4523871022333391,0.07310341075976794,0.049234364188895915
1160,-4.180662897455275,5.384991879917031,-1.2227465312436652,-1.0351592061356545,-2.7825202475475384,0.2790515881634292,-0.010630494909452767,-0.1523163078101866,0.7225439064225918,0.21697983795072429,1.1126368870972378,-0.46222727312184614,0.1030791351892308,-1.038236971744049,0.3153555094256882,0.7291106003631904,-0.9848438490139034,0.8955621570920148,-0.9888492428582774,-0.06144708473637933,-1.4060488598419556,0.8693053315277239
1161,-2.4213555191443628,1.7095155353452824,0.33341213790630586,-0.6077016602825623,0.059721549491265416,-0.4573019258665889,0.4112779713119779,-0.696757354239548,0.10277058394618904,0.7738005453210196,0.4872679017460639,-0.012992359121554135,1.4372703615687206,-0.7590133024667112,-1.1851566389115864,-0.653962508245751,-0.5923736667711494,-0.04883631295334576,0.8590987556953901,-0.002102674797786867,0.412818609026029,0.05358924221423628
1162,-3.1579733069486586,2.5463141420679456,-0.15765547129305504,-1.0208568530555258,-0.5728355073024919,-0.2318639817990902,0.2733698953939027,-0.38945350591124805,0.3997212278293648,0.6691309901351763,0.24985276360771208,-0.009582820482059497,0.9617684123987239,-0.5816550540211873,-0.8018397996107289,-0.4805540074343693,-0.3566367416766037,0.44886279698218223,0.16280442691121488,-0.10458222761213898,0.357989407874786,0.06850377609421407
1163,-4.611254108130052,4.984807712751609,-0.5090794289922048,-0.6702058207557168,-1.5331076089769728,0.3565844745792932,0.4790523365929705,-0.5514967935275021,0.8777243308676376,0.22474179818506787,0.09158172963265905,-0.18212717127196074,0.3224172625520974,-0.830655899330929,0.21815427436159415,-0.6264089223093456,-1.184054894602751,1.4936116796658714,-1.0346636154341564,-0.6787153657333528,-0.954866685946309,0.8395335630547307
1164,-2.44407673921082,2.751071254670264,-0.6985601741171552,-1.1224582992060497,-1.6011223466222257,0.17002389143254112,0.022097663847540933,0.0833538072846867,-0.04113235859398643,0.5843787623546058,0.7532689432757627,-0.18371511068682134,0.8908043970966996,-0.18257914949022275,-0.9109926295798616,0.4745449119368029,-0.5361134091751144,0.47990338448124115,0.37906493077301223,0.8971353973454411,-0.15244182382583404,-0.14168641140853838
1165,-3.231116310263231,2.929079593732515,-0.2198984829319862,-0.48057748341516515,-0.1598356788147996,-0.35111570697602545,0.43177610837239955,-0.37695163990301717,0.07625277231438063,0.5844516375142937,0.5111886484811691,-0.20541066039739211,1.2589719373137551,-0.06620496388072797,-0.9429699653747996,-0.6695658706905767,0.06403072560495988,0.9792744968381857,0.3889631219916293,0.18044201299014412,0.1627011954687041,-0.19057529742552562
1222,4.480638445916643,3.1558938656320943,-1.5939567755157742,-0.5723300697979942,-0.3116324326406162,0.7143982720069145,-0.4661318746783192,1.7754997499972802,-0.07386557857477807,-1.4029201876984525,0.34631362794838016,-1.1474506424802784,-0.5663775236553852,0.7134913229602955,-1.1072613555587043,-0.281541745136314,1.0682684799180122,-0.27276646951125233,-0.5554789078769784,0.41831479185023707,0.30528352682563287,0.1478828600390446
1223,4.480638445916643,3.1558938656320943,-1.5939567755157742,-0.5723300697979942,-0.3116324326406162,0.7143982720069145,-0.4661318746783192,1.7754997499972802,-0.07386557857477807,-1.4029201876984525,0.34631362794838016,-1.1474506424802784,-0.5663775236553852,0.7134913229602955,-1.1072613555587043,-0.281541745136314,1.0682684799180122,-0.27276646951125233,-0.5554789078769784,0.41831479185023707,0.30528352682563287,0.1478828600390446
1224,4.010160295662019,1.9793735913714892,-0.86932439802726,-0.5268469048179741,0.5650676602885429,0.3842609778664727,-0.48090566033270776,1.922175266986165,0.04658230019109857,-1.8699732153488082,1.0769520694079964,-0.5023051379559916,-1.0231686040645238,0.012706563399172135,-0.8772567278048516,-0.2684131400158044,0.41002405998151403,1.153021723746829,-1.2407089672255316,0.5160487443507277,0.6401602877840135,0.7655031531080805
1225,4.010160295662019,1.9793735913714892,-0.86932439802726,-0.5268469048179741,0.5650676602885429,0.3842609778664727,-0.48090566033270776,1.922175266986165,0.04658230019109857,-1.8699732153488082,1.0769520694079964,-0.5023051379559916,-1.0231686040645238,0.012706563399172135,-0.8772567278048516,-0.2684131400158044,0.41002405998151403,1.153021723746829,-1.2407089672255316,0.5160487443507277,0.6401602877840135,0.7655031531080805
1226,4.114199333778363,1.639816222720597,-0.5737789172375378,-0.37517881353356997,0.8524864877876122,0.40426109434398905,-0.6774461491541782,1.9450374691596652,-0.059956671065807855,-1.8911346370729518,0.8453797347865323,-0.13740644712408584,-0.821573199295716,-0.05109980780956768,-1.010316006207531,-0.41442146927236373,0.4706916439041088,0.9865213121210773,-0.74639736060236,0.5554240932626053,0.6613356062799859,0.9127299031924901
1227,4.114199333778363,1.639816222720597,-0.5737789172375378,-0.37517881353356997,0.8524864877876122,0.40426109434398905,-0.6774461491541782,1.9450374691596652,-0.059956671065807855,-1.8911346370729518,0.8453797347865323,-0.13740644712408584,-0.821573199295716,-0.05109980780956768,-1.010316006207531,-0.41442146927236373,0.4706916439041088,0.9865213121210773,-0.74639736060236,0.5554240932626053,0.6613356062799859,0.9127299031924901
1228,4.628659933472224,2.752209041760135,-1.1461073980607523,-0.5310986637282804,-0.02667875060778369,0.42455793971886324,-0.5030282772313485,1.8830388725005347,-0.1421463318365744,-1.3947229018635952,0.6116058374985412,-1.0169804526850248,-0.8210286438635002,0.34833874406758486,-1.0195001945803175,-0.06582353082418711,1.145257408990092,-0.28401621041699504,-0.301704604716121,0.22247770061065755,0.12370561682595692,0.4142447124568235
1229,4.628659933472224,2.752209041760135,-1.1461073980607523,-0.5310986637282804,-0.02667875060778369,0.42455793971886324,-0.5030282772313485,1.8830388725005347,-0.1421463318365744,-1.3947229018635952,0.6116058374985412,-1.0169804526850248,-0.8210286438635002,0.34833874406758486,-1.0195001945803175,-0.06582353082418711,1.145257408990092,-0.28401621041699504,-0.301704604716121,0.22247770061065755,0.12370561682595692,0.4142447124568235
1230,5.0415327058657065,3.048795895255063,-1.7877246367560882,-0.5264725652591274,-0.3589602298357131,0.4633961559088522,-0.6858575526286611,1.8757667251713106,-0.1137702428815236,-1.4801294414268447,0.6276229265742521,-1.4400625317208837,-0.4409548435373881,0.5588052721298097,-1.4570268087340332,-0.017440049424978385,0.9376651497241083,-0.45968308053375606,-0.5339732785884567,0.16822556153579296,-0.2517966617169443,-0.06522322091784484
1231,5.0415327058657065,3.048795895255063,-1.7877246367560882,-0.5264725652591274,-0.3589602298357131,0.4633961559088522,-0.6858575526286611,1.8757667251713106,-0.1137702428815236,-1.4801294414268447,0.6276229265742521,-1.4400625317208837,-0.4409548435373881,0.5588052721298097,-1.4570268087340332,-0.017440049424978385,0.9376651497241083,-0.45968308053375606,-0.5339732785884567,0.16822556153579296,-0.2517966617169443,-0.06522322091784484
1238,1.3494945957697064,2.1508770694855768,2.403349831244883,-2.012041215652468,1.0657547749197613,1.9181523854854552,0.5762666118633449,0.23615630734924375,0.0902094232871169,0.013038869747580685,-0.22486734470967137,-0.5210090799908398,-0.5468773711506701,0.5989839431939703,1.0110412439338303,0.27104807414675486,-0.41114232502744313,0.884756406820173,-0.26902177963234725,0.34808934677456593,0.614890982638522,-0.4665029500307061
1243,1.1219619023829843,1.8030083264364507,-0.159808468199086,-1.0849548969431786,-1.509549197200669,0.9147921250331651,-0.49284254968548,1.3314287744424815,-0.029950085752153292,0.4573504807011945,1.889587368873539,-0.7467623019161872,-1.635430671707201,0.6471516554966873,0.342863024919345,-1.3268263481268747,0.02986516953413652,0.6707093564639809,0.9448232716453995,0.4467165928519318,0.4657845565823612,-0.25157809823801375
1249,1.0544353347822457,2.2846346558697044,0.5408117222201384,-0.6645930191961932,-1.0562063168047195,1.1774448871633925,-0.10774311536116878,0.659730377035865,0.09204985869706751,-0.4100967273886724,0.7399100353651534,-0.5655496830141302,-1.508446490243934,0.852702094208182,1.3302710906601043,-0.03035328935273504,-0.7864612696069132,1.215120117976128,-0.05183565952290997,-0.2530418371569356,0.20265327578310663,-0.07924330975367812
1285,0.3069482516297046,-0.06788231560865071,-0.00841803776383967,0.7414857090370267,0.26363943141599966,-0.3538028860964055,-0.6963991469176148,-0.1108349074198684,-0.09577023052212395,-2.113060746233886,0.06433584988583328,0.27105162474787975,-0.37905017664294083,0.7761660946203889,1.2011814877667102,0.8653370224432662,0.18731985475049587,0.31941328849850104,0.08842325536312778,-0.25055871246958333,-0.46196534728940997,-0.05361204581912531
1286,0.3069482516297046,-0.06788231560865071,-0.00841803776383967,0.7414857090370267,0.26363943141599966,-0.3538028860964055,-0.6963991469176148,-0.1108349074198684,-0.09577023052212395,-2.113060746233886,0.06433584988583328,0.27105162474787975,-0.37905017664294083,0.7761660946203889,1.2011814877667102,0.8653370224432662,0.18731985475049587,0.31941328849850104,0.08842325536312778,-0.25055871246958333,-0.46196534728940997,-0.05361204581912531
1287,0.3069482516297046,-0.06788231560865071,-0.00841803776383967,0.7414857090370267,0.26363943141599966,-0.3538028860964055,-0.6963991469176148,-0.1108349074198684,-0.09577023052212395,-2.113060746233886,0.06433584988583328,0.27105162474787975,-0.37905017664294083,0.7761660946203889,1.2011814877667102,0.8653370224432662,0.18731985475049587,0.31941328849850104,0.08842325536312778,-0.25055871246958333,-0.46196534728940997,-0.05361204581912531
1291,2.2247168743265124,0.8120298889044404,1.0687735343194624,-0.7564125570602027,-0.03003128312346246,1.1226961694147073,-0.9782592178278595,0.742313103456986,-0.29775744641208424,-1.3100874729689584,0.3561868870626117,0.17924774121194853,-0.9626193541637659,0.309097480218238,0.9606258664950196,0.981337994534615,-0.7297474287111496,1.0397604875806907,0.4609365102349209,0.38087769920344233,-0.5132925032956107,0.19743535129502576
1292,2.2247168743265124,0.8120298889044404,1.0687735343194624,-0.7564125570602027,-0.03003128312346246,1.1226961694147073,-0.9782592178278595,0.742313103456986,-0.29775744641208424,-1.3100874729689584,0.3561868870626117,0.17924774121194853,-0.9626193541637659,0.309097480218238,0.9606258664950196,0.981337994534615,-0.7297474287111496,1.0397604875806907,0.4609365102349209,0.38087769920344233,-0.5132925032956107,0.19743535129502576
1293,2.2247168743265124,0.8120298889044404,1.0687735343194624,-0.7564125570602027,-0.03003128312346246,1.1226961694147073,-0.9782592178278595,0.742313103456986,-0.29775744641208424,-1.3100874729689584,0.3561868870626117,0.17924774121194853,-0.9626193541637659,0.309097480218238,0.9606258664950196,0.981337994534615,-0.7297474287111496,1.0397604875806907,0.4609365102349209,0.38087769920344233,-0.5132925032956107,0.19743535129502576
1297,0.7710800734886788,-0.5131816051723992,-0.1820528544099895,1.2503630022924483,-0.4223754845092476,0.031533988709350466,-0.8229025169018801,0.18659559970430045,-0.08964172580213259,-1.5626801955402034,-0.040256376581961024,0.5499136013165533,-0.546458394135711,0.7323149303786094,0.7238184213378617,-0.6897627576376627,-0.610381329995427,0.5423453194387543,0.2862979058102367,0.07455449947103628,-0.5668068735718017,-0.1655461574566897
1298,0.7710800734886788,-0.5131816051723992,-0.1820528544099895,1.2503630022924483,-0.4223754845092476,0.031533988709350466,-0.8229025169018801,0.18659559970430045,-0.08964172580213259,-1.5626801955402034,-0.040256376581961024,0.5499136013165533,-0.546458394135711,0.7323149303786094,0.7238184213378617,-0.6897627576376627,-0.610381329995427,0.5423453194387543,0.2862979058102367,0.07455449947103628,-0.5668068735718017,-0.1655461574566897
1299,0.7710800734886788,-0.5131816051723992,-0.1820528544099895,1.2503630022924483,-0.4223754845092476,0.031533988709350466,-0.8229025169018801,0.18659559970430045,-0.08964172580213259,-1.5626801955402034,-0.040256376581961024,0.5499136013165533,-0.546458394135711,0.7323149303786094,0.7238184213378617,-0.6897627576376627,-0.610381329995427,0.5423453194387543,0.2862979058102367,0.07455449947103628,-0.5668068735718017,-0.1655461574566897
1305,1.0494342958214022,2.1474906986637565,-0.09269870917743277,-1.106953146850379,-2.8995470939002517,0.9608751504226666,1.158680367476374,-0.39450714751129323,-0.18758889626926104,1.933511613599782,-0.07230125284217516,-1.3477731420721997,-1.9504564555108899,1.1969337326539076,1.9788820350840417,-0.6813199622084479,1.179293383122192,-1.9310562821073054,0.18457506611128663,0.6930094952060251,0.3062521561732924,0.10806507940217894
1306,2.1470850833595425,2.757302824225673,-0.8114938082344798,-0.8689109763007503,-2.6198322250178685,0.726936857116721,0.9569132913676787,-0.9599920297935645,0.2050975872189609,2.0500602453815544,-0.6572639967640453,-1.909404365605752,-1.2010050337710851,0.34113305833869156,1.57869916315864,-1.3517878072806533,1.2898217673897012,-1.8529242743457706,-0.3043059466943764,0.08355238899037672,-0.1448691547204546,-0.9526332269133955
1307,2.851545690001839,1.1354318383030608,1.374364889772902,-0.1404216489391422,-0.5368650601454518,1.1305303337111017,0.2856588375126027,-0.1172482430266549,-0.049447453229443106,-0.7505932334347059,-0.817574219519734,-0.2376968918233054,-0.5871882476074279,1.410325589192419,1.3946730559987877,1.1542066800426596,-2.1905725314297064,0.5193101825167653,0.13660658857415373,0.376962647408162,0.40451864941116533,-0.36931998999667215
1319,3.38177495347033,1.6245465519822,1.222325092137263,0.7059628419020101,0.17665025394294134,0.7605450251720666,0.2354930229371662,-0.007576946084402066,-0.09369188196846492,-0.8044402105118699,-1.2803010178475294,-0.8354592513987302,-0.42574375713215445,1.4887261908012344,0.5460122052063093,-0.027261814616924084,-1.6546933157959947,1.0325942782759137,-0.09217157979430336,-0.32772005006483734,0.10857711405491471,-1.4952262285850726
1328,2.9043683479972353,0.637230380039194,1.9736368811230798,0.27541471750273766,0.2714976793083357,1.0451267477491573,0.3836957024880712,-0.2847365787118679,0.03680980007530197,-1.0276407539588304,-1.0719674174075036,-0.135824788928032,-0.6317465045558522,0.8079887959812545,1.0936424403169744,0.5819121479522085,-2.4481365807404902,0.8260733388948651,-0.668697491096845,0.43187584776485693,0.371815365285894,-0.503726925107783
1346,2.147824203688525,1.2231996722290541,1.5078396974572126,0.2367526450933048,1.1112700314910733,0.7222339792197432,0.33060679663662634,-0.07156718058779901,-0.06258078281339328,-0.9771166362697381,-0.9282713017433375,-0.5477897565790464,-0.7165245596023673,1.1930483666767326,1.127474628673787,0.0543530481659558,-0.11010917048745138,1.1491929080905539,-0.30673905682586483,-0.291022194612482,0.21873783502146313,-0.6535738281611817
1356,1.9210856659731068,1.1366791473282116,0.6827894164378058,0.44652546960156,-0.002068357422997465,0.13216059321939946,0.06158760240499203,0.12334277911445626,-0.08831201968521771,-0.7951886064457286,-0.12476346673029186,-0.49043397958075763,-0.8711988338023443,1.52638362058569,1.067423445534109,0.002950932371886371,-0.34381419405095937,0.6550062307406478,0.2182144703339447,0.7871874625572252,-0.12143739632611344,-0.22454313772686593
1367,-0.48814865553249315,10.961798150331077,11.168880798200451,16.551807276029415,4.033804216570641,-10.09136999536172,2.558659048339566,-2.1222224576426383,-1.6937143947248436,1.0910161931176898,3.2750125308003044,-1.894482545276807,-1.6579409585275773,0.314492135335144,0.07493866269076158,-1.8761715763418776,0.07842730159767348,-1.3091927149776286,-1.0326967712196866,0.680806160963076,1.0905112092701736,-0.37503260979764924
1377,0.46858317225115254,1.673745453279324,0.8906260605954309,1.0471355782787781,0.9131440491153726,2.1244124729670837,0.5559583420818521,-0.32712142995944476,-1.1901209790988454,-1.8297686920492067,-0.37441386816176825,-0.782908978988857,0.22839302280501145,-0.7100724171761966,-0.6330926695597114,0.9622291326684321,-1.1456694918204877,1.8870053386699341,0.6162997807085037,-1.378229975329173,-0.1568158544544456,0.3372978638088157
1378,1.2336403254245087,1.6791014394698145,1.1740100877300246,0.713935966893259,0.9958845833822211,2.0375177726954763,0.48056940155312916,-0.30290163471223325,-1.2665212055431725,-1.7046732516214467,0.29659557861513636,-0.6283013337036597,0.14054060183689454,0.08021496235355648,0.48694294729573623,0.23344053623229716,-1.1273855126670438,1.5372424269828877,-0.06835377036281508,-1.4927576839053114,-0.2978282497082361,0.1971069498029215
1379,1.3839298111020024,1.7174160052626173,1.2438273870500083,0.6517712336376007,1.0260489289654744,2.029976373799202,0.37155682790334693,-0.25801183919608417,-1.2847009522129877,-1.7317145472265059,0.42540896917995946,-0.5148441163063634,0.1725946263713967,0.23240652874776338,0.709071670746503,0.07264211490045165,-1.1255525923944203,1.4474157474058227,-0.18833315916343737,-1.517505394544688,-0.32566685290604946,0.17162747846140042
1380,1.5342192967794963,1.75573057105542,1.313644686369992,0.5896065003819423,1.0562132745487278,2.022434974902928,0.2625442542535647,-0.213122043679935,-1.3028806988828032,-1.758755842831565,0.5542223597447828,-0.4013868989090671,0.20464865090589876,0.3845980951419703,0.9312003941972702,-0.08815630643139395,-1.123719672121797,1.3575890678287579,-0.30831254796405977,-1.5422531051840647,-0.35350545610386275,0.1461480071198793
1381,1.4280773287934916,1.9134044385591913,-0.35697962374880104,-1.6196623141743987,-1.9471396256519566,0.5222420056479871,0.07888895482121602,0.7211627666577917,-0.00900862470808064,-0.2659687690429233,2.27404396063793,-0.9857513347534121,-1.3497587809012015,1.0367049111660698,0.7480041516249722,0.25898737333635136,-0.7039436061497563,0.6822948218681284,0.30698908841298084,0.7614993943286699,-0.33932626575483976,-0.11257332438959708
1382,2.248622967123674,1.0027845350273639,-0.10390925838775085,-0.8502761814163959,-1.1049243452196564,0.7526200651676671,0.132267613811412,0.3247409544267009,-0.46806556415587997,-0.7515069014484486,1.7085736503892226,-0.9110850903149571,-1.400326965689472,1.0033452569723051,1.072460062504679,0.3439696394914765,0.2345855354577592,0.8013636629353116,0.8125472874862489,0.49731513205974537,-0.14739832293653704,-0.1635906494070407
1383,1.4211708510712813,1.7872289948389999,2.327908688222282,-0.8160324259863454,0.7229794675149591,0.896739443651494,-0.6577097565935105,1.063438418809568,-1.064019480527149,1.1297571671421904,0.6221166720571986,0.19639807334739462,-0.5087415596333409,0.29013654945238565,0.03808316148379178,-0.6016237929216454,1.7387610489302456,0.790718408933507,1.23363766974205,-0.37662079123951575,-0.04634490081533375,0.09820111233654527
1384,1.603988297716933,1.5177500276010205,2.414918132669156,-0.5963455931818636,0.7843249606439483,0.9809623088681576,-0.5091891135086535,0.8932843059652136,-1.009422645583542,1.1823589899403069,0.012512266680545272,0.3780196047142615,-0.35153787776561085,0.5127575717717402,-0.14194547282282133,-1.1550803058797825,1.1441595209563231,0.9090974128430096,1.1684226800367428,0.0425302468601338,-0.0837334086495917,0.1498273628413422
1386,2.3904167537274095,2.2603432002084154,2.446313909865997,0.0964219356527694,-0.3780543643415933,0.5222058256928429,-0.511526831947356,0.8169410569773414,-1.260065656371799,1.4656194201118875,0.19362965128422238,0.3268561371906801,-0.16247188229291828,1.1575058397444085,-0.3241939452736254,-0.7142725663214413,-0.6384084162044423,0.8044784726952451,1.7539457520884796,0.5859493467370399,0.026050184189764437,0.05620273116283219
1387,2.2308750222726372,2.462985695584061,3.853616389262865,0.37295165886006876,0.07447416841919487,0.7961479906397716,-0.2614554114373201,0.4754853072523442,-1.2622345919372135,1.456873163679494,-0.01867802597172488,0.4403601797957222,-0.3170664418219332,0.2284895865234955,0.09761099440569626,-0.11481254569693965,-0.713179406116162,0.3067699277769494,1.2124259314740382,-0.2038350782535028,0.28094940854801587,-0.2341661895757998
1388,1.5644318469065666,3.3417159302138058,2.2385465560608013,-0.1578519566480316,-0.18695011650814763,-0.40974066453601293,-0.7847950974602678,1.0755132516888855,-1.424510554076159,1.3273471818778275,1.9143234728923801,-0.24029631559061476,-0.18644786663713941,1.1031671140208483,0.07319202500007636,0.8793990835312642,1.1229571652572492,0.46708327156858315,1.84878772879974,0.0857510806818515,-0.15077966428244063,0.026616951153801187
1389,2.161026174624131,1.8610360911973,2.967484443316264,-0.716615557616107,0.3687824627886791,1.204921078980249,-0.30043606083997737,0.6327707668585095,-1.1962070299276426,1.3086012790053867,-0.389178691450382,0.5171119000560718,0.03324523501231399,0.8010737000666546,0.09297730315494096,-0.21316244265908857,-0.24517395993237423,0.9231180801184218,1.3441978435993114,-0.33572468737069744,0.246502947812382,-0.2238160425406956
1390,2.0407161252412283,2.3667001031017083,2.600013720021549,-0.520340481013702,0.24848427607194326,0.7520199762911551,-0.5396192914784107,0.9730637729063566,-1.3090171560741626,1.28984352407261,0.5073909565100171,0.1933103309800277,-0.252314913711853,0.9405619666835964,0.05308002721626687,-0.10628156936113492,0.4596386063112561,1.141052537168716,1.7968519866005386,-0.13594768595778223,0.06559083202182307,-0.24702981508301994
1391,1.8307404196238022,2.5058272266070416,3.144676878479286,-0.08599508447650356,0.5769090199614925,0.6265391184842695,-0.4042223995423239,0.7978700993816709,-1.379277938928051,1.404052813276768,0.4224170142792599,0.28003234520387926,-0.276466826273449,0.7263978044697206,0.1330517466420839,-0.20008615237829092,0.6143547958834866,1.125032327927756,1.5853444983003624,-0.9565839111513192,0.5667815597647411,-0.1275006212473647
1392,2.307858276561186,2.1427667235354564,3.462286338303033,-0.4886200848199155,0.25254380401293375,1.43494367490055,-0.4473077438907849,0.7929584636492678,-1.1454221901355095,1.2192589949329786,0.11724923809999434,0.3084126483257265,-0.6251577821310209,-0.17193497264588015,0.1816561103037551,-0.03132183132146568,0.06821878693861926,0.4301757638168631,1.189971960804709,-0.3781100746323948,0.19324354044074488,-0.16873735386781014
1393,2.2513524321365153,1.842004044111312,3.2037801676575106,-0.35212895962247653,0.5587570705900934,1.4493508823005152,-0.4268610231015274,0.9099445014303338,-1.1634440913931747,1.244027012027326,-0.1557432366088175,0.3973902268149152,-0.6589698532805714,0.22714375050677477,0.02992290185378855,-0.8864647329767155,0.27531243443307546,1.1549730249406225,1.5216564810187898,-0.17219572087200985,0.11438752312828838,-0.31705343329844554
1394,1.842019030910192,2.2809275695168396,3.1284108991716244,-0.3141501452504073,0.742662547352752,0.7279111730107559,-0.38438332004827175,0.7007055330235131,-1.0980728838456055,1.1576913400505655,0.21024389833896107,0.20896468332448945,-0.24278025000742054,0.48510255663332597,0.007226748272841394,-0.2404515297773687,0.6083164813196499,0.5670022995452225,1.1448011770163293,0.5114565233234493,-0.2761486222146034,-0.009881487587235097
1395,1.5403762568189603,2.581225445721238,2.3238222492815854,-0.6457482901902863,0.20485944518239577,0.25662752438337805,-0.6602170134312113,0.9486728055272851,-1.2323532376383866,1.221984253799345,1.1325067076976445,0.014380041262598942,-0.13754085069996272,0.7806638839653706,0.097270402137043,0.4519777746062356,1.1543158045784458,0.45675090954971315,1.4162136697513883,-0.11279316937530558,-0.0977713041567988,0.0846073762616072
1396,3.1328870093722787,1.563174128684366,5.3027389800409575,-1.714622773964468,0.09086606602986665,2.4755281033802756,0.5761016666113332,-1.0861251829675165,-0.5637325184482248,1.0251530420656436,-2.7363293626775533,1.0616581087432253,1.304270617025878,-0.7469409229603416,0.4614771426581287,2.407890389208896,-3.7274326721694084,-2.5591974973982565,-1.514174482166164,0.5765453973801387,0.1274169777943217,0.5729618603603528
1397,2.8313521186268233,1.1757384339688082,4.3721804476699,-1.8195930192050274,-0.1393505923448783,2.2950073781319698,0.29118586373157895,-0.7283127222691338,-0.48000567877807615,0.9847524680346027,-2.2978264146782488,0.9848444362623867,1.0725837456878364,-0.6236987732287956,0.27261545619738003,1.7459061806016365,-3.0273212412339676,-2.38909623617507,-1.2415564646123791,1.0568887343481492,-0.30500653444664205,0.5550413883543749
1398,1.4596417208248402,0.7719880059334541,2.8418911003656664,-0.5047834283924695,-0.39496895815180855,1.0143968377461303,-0.3012589240775657,0.038245840545349706,-0.6519299939246311,1.3774559242797442,-0.7741866937854887,0.9292431315482055,0.24408473942166314,-0.3999081841883042,-0.12514586753964216,-0.5448735586750633,-0.7418185355550796,-1.514478123363299,-0.3893323525583556,-0.02171824495581838,-0.0017986826699725263,0.6467215209515415
1399,1.7894864935083048,1.9050410253540038,3.313505594187609,-0.4372744750735506,0.8141770503954509,0.9937839837990552,-0.22184468994274806,0.49063652941989916,-1.124441908777176,1.277013176398874,-0.35974811151984526,0.5070152051600162,1.7422251132172475e-05,0.5102999176222468,0.11115582154324498,-0.3308946468291836,0.24867362579712649,0.6604708279636877,0.9634392883789522,-0.38716090429590033,0.23065006206670102,-0.04872656044767937
1400,2.3764226506406465,2.708911578497422,4.282183580728447,-1.4552121442354367,1.051986819421713,1.3786756452509832,0.12314431314541446,-0.014093704485080138,-1.1103598172995313,0.9875453025166884,-0.7488700182652016,0.33676314910395816,0.7432570189916234,0.5196729878747574,0.5640630292212554,2.0734480690726556,-0.744810143280325,-0.08902617257061135,0.40046790157786816,0.04223061725068672,0.046043980056430164,-0.09354110325518215
1401,2.4201841596912312,1.9668718344917555,4.314978249081839,-1.7579449536446095,1.6277098003578971,1.9058249856559963,0.28900550040384876,-0.1464343347732223,-0.8684127648676123,0.8261379453771301,-1.6708518112772952,0.5470920137196484,0.829898459937579,0.46302651893099434,0.4196703393355154,1.2836795213790202,-0.7782053064357873,0.07667703080876376,0.0592280989087173,0.7273050117376904,-0.2930016311279473,-0.04462783639840375
1402,2.0787083953803696,1.8001280898469316,4.203596652184428,-1.646212479092042,2.0591903216322676,1.8058584379710427,0.27424254391896813,-0.06159720903491874,-0.8559311551768419,0.8156710562824051,-1.630351652947432,0.5560259506749072,0.7234717541849337,0.48393903632823254,0.3798612263544354,0.7589255708032622,-0.06255333395223436,0.40907839104438265,0.08289449508875565,0.5210303312395723,-0.25170624923238016,-0.008535780721412752
1403,1.9088916090940824,2.1206375996090188,3.801234298074637,-1.903893939184162,1.9565597910245576,1.5119375337451602,0.1316182585141004,0.11309649413063616,-0.9505854166039138,0.788922519856299,-1.040930107179108,0.36261859200681046,0.7936024069151031,0.7464891091821578,0.4667105187195121,1.2815304615272474,0.42881650355398676,0.5061455507272583,0.3224246176500038,0.34723333149665375,-0.27429512695188,-0.02979984920952754
1437,-1.7507216752972308,0.8686293101881373,0.06160853147333477,-0.5823226400646435,-0.9087374334608905,-0.2486733358609092,-0.539460514511236,0.5762317786822584,0.288252410473899,0.06878578497391406,0.7770171160739049,0.041332367840219875,-0.6306015831486909,-0.6595978254277511,-0.6577256158362279,-0.49734606322417546,0.3793043653575766,-0.4749250401580354,0.46497546143118207,0.6416528731578682,-0.09756238899668168,0.03522994759872787
1438,-1.7507216752972308,0.8686293101881373,0.06160853147333477,-0.5823226400646435,-0.9087374334608905,-0.2486733358609092,-0.539460514511236,0.5762317786822584,0.288252410473899,0.06878578497391406,0.7770171160739049,0.041332367840219875,-0.6306015831486909,-0.6595978254277511,-0.6577256158362279,-0.49734606322417546,0.3793043653575766,-0.4749250401580354,0.46497546143118207,0.6416528731578682,-0.09756238899668168,0.03522994759872787
1439,-2.0279818523539124,1.1810325216754218,-0.0651404210883313,-0.49450812435988123,-1.196559177316953,-0.13041979860640726,-0.5420632534928578,0.6469440107851219,0.38268393460543737,0.03567996486963566,0.8073969149351241,0.05354783618897147,-0.8474651478478831,-0.7348077379804923,-0.579084113328105,-0.7590484075281619,0.20177800493435916,-0.2596421045783647,0.25484116052198214,0.4377247403605695,0.17845429311674543,-0.026885927921953268
1440,-2.0279818523539124,1.1810325216754218,-0.0651404210883313,-0.49450812435988123,-1.196559177316953,-0.13041979860640726,-0.5420632534928578,0.6469440107851219,0.38268393460543737,0.03567996486963566,0.8073969149351241,0.05354783618897147,-0.8474651478478831,-0.7348077379804923,-0.579084113328105,-0.7590484075281619,0.20177800493435916,-0.2596421045783647,0.25484116052198214,0.4377247403605695,0.17845429311674543,-0.026885927921953268
1441,-2.1974395587253843,1.5200216424322377,-0.11404904946124375,-0.6226643398714401,-1.54824366081808,0.11866666872174399,-0.545001237019894,0.6939301095828774,0.42430273256015894,0.003222449016049893,0.783113198964181,0.11187065494659988,-0.9932096645247869,-0.8228623022307696,-0.3681716137018005,-0.5554931223000088,0.007511250534398764,-0.0772268978977274,-0.05540893850346257,0.1873977308510634,0.5068780750646731,-0.05809082242706255
1442,-2.1974395587253843,1.5200216424322377,-0.11404904946124375,-0.6226643398714401,-1.54824366081808,0.11866666872174399,-0.545001237019894,0.6939301095828774,0.42430273256015894,0.003222449016049893,0.783113198964181,0.11187065494659988,-0.9932096645247869,-0.8228623022307696,-0.3681716137018005,-0.5554931223000088,0.007511250534398764,-0.0772268978977274,-0.05540893850346257,0.1873977308510634,0.5068780750646731,-0.05809082242706255
1443,-2.818447439796821,2.27845176009615,-1.3892098805369901,0.41827199459176934,-1.968102357082772,0.23792299807750247,-0.45446631724682923,0.24424696144358302,1.3052053099561938,-2.356610295797782,-0.035214857846491886,-0.304241744652176,-2.1806098140646757,-0.3430618538844772,1.1828602291466623,-0.30981908165631555,-0.34349018622929106,0.06630889278512522,-0.439370931312223,0.16438538318762289,0.8308902726940527,-0.15182058162931683
1444,-2.818447439796821,2.27845176009615,-1.3892098805369901,0.41827199459176934,-1.968102357082772,0.23792299807750247,-0.45446631724682923,0.24424696144358302,1.3052053099561938,-2.356610295797782,-0.035214857846491886,-0.304241744652176,-2.1806098140646757,-0.3430618538844772,1.1828602291466623,-0.30981908165631555,-0.34349018622929106,0.06630889278512522,-0.439370931312223,0.16438538318762289,0.8308902726940527,-0.15182058162931683
1447,-2.1245124329548095,1.006759289024425,-0.6289723883956484,-0.6727906500019171,-1.0113725383963659,-0.4556604776885339,-0.44743347063868666,0.4813184306965319,0.4340760332140025,0.02940485308830939,0.33822043080646685,0.0750189052413266,-0.16592910103740022,0.058716009186481885,-0.8373991315720274,-0.9538734462624568,0.06229195330715197,-0.07985214770750591,0.13091466618580203,0.7522788403517934,-0.08821711003460168,-0.15559824623330226
1448,-2.1245124329548095,1.006759289024425,-0.6289723883956484,-0.6727906500019171,-1.0113725383963659,-0.4556604776885339,-0.44743347063868666,0.4813184306965319,0.4340760332140025,0.02940485308830939,0.33822043080646685,0.0750189052413266,-0.16592910103740022,0.058716009186481885,-0.8373991315720274,-0.9538734462624568,0.06229195330715197,-0.07985214770750591,0.13091466618580203,0.7522788403517934,-0.08821711003460168,-0.15559824623330226
1449,-2.310377306595493,1.3119988219551175,-0.7875146471502498,-0.8227561136122443,-1.3114068366396656,-0.2468737570572968,-0.4647589278821443,0.543923773516794,0.5112929486852307,-0.03899859556857458,0.29436380432613607,0.09704765353866796,-0.27937612383106464,0.025323425948074917,-0.6892142468680764,-0.8418365650859947,-0.053450855078577476,0.10902379613324095,-0.20071603516723838,0.7218137566591442,0.07769796157484075,-0.2218004800319658
1450,-2.310377306595493,1.3119988219551175,-0.7875146471502498,-0.8227561136122443,-1.3114068366396656,-0.2468737570572968,-0.4647589278821443,0.543923773516794,0.5112929486852307,-0.03899859556857458,0.29436380432613607,0.09704765353866796,-0.27937612383106464,0.025323425948074917,-0.6892142468680764,-0.8418365650859947,-0.053450855078577476,0.10902379613324095,-0.20071603516723838,0.7218137566591442,0.07769796157484075,-0.2218004800319658
1451,-2.9515637862573616,2.02070158513163,-1.8360733085018253,0.23920310675838571,-1.5543906681037658,0.07072419351597127,-0.37165604531923924,0.1412959010364871,1.3927618879039276,-2.4186655748064716,-0.5237155458234687,-0.30509546737418497,-1.6850508834403297,0.21673943363540144,0.9378567491984664,-0.7087587852419802,-0.17178034713404244,0.3368331463991639,-0.6035094110635697,0.41957411083672136,0.5335352132960186,-0.32115736680820633
1452,-2.9515637862573616,2.02070158513163,-1.8360733085018253,0.23920310675838571,-1.5543906681037658,0.07072419351597127,-0.37165604531923924,0.1412959010364871,1.3927618879039276,-2.4186655748064716,-0.5237155458234687,-0.30509546737418497,-1.6850508834403297,0.21673943363540144,0.9378567491984664,-0.7087587852419802,-0.17178034713404244,0.3368331463991639,-0.6035094110635697,0.41957411083672136,0.5335352132960186,-0.32115736680820633
1453,-2.059181429071085,1.0334393880091663,0.9401494530308552,-0.7003045698903307,0.26415923774104394,-0.3258834773557587,0.00524618656128358,-0.00877530862532297,0.2729501073040518,0.025894038232397974,-0.07680326121660669,0.2303749612474353,0.12332058543311311,-0.16639275698645262,-0.4428421612086343,-0.15074203249434592,0.16672128168161696,-0.19505160576115027,0.11559669172996723,0.16056174755400965,0.28341963606044807,0.06532200206672663
1454,-2.059181429071085,1.0334393880091663,0.9401494530308552,-0.7003045698903307,0.26415923774104394,-0.3258834773557587,0.00524618656128358,-0.00877530862532297,0.2729501073040518,0.025894038232397974,-0.07680326121660669,0.2303749612474353,0.12332058543311311,-0.16639275698645262,-0.4428421612086343,-0.15074203249434592,0.16672128168161696,-0.19505160576115027,0.11559669172996723,0.16056174755400965,0.28341963606044807,0.06532200206672663
1455,-2.2109378003172564,1.372954625257617,0.6927438656423454,-0.9809067997477086,-0.011721845290959964,-0.05969827893332659,0.002661857722167748,0.06705789799477495,0.4798050773052027,-0.1572314998665357,-0.06714963451484346,0.1067208611737699,-0.0065621824705903034,-0.2661684877800471,-0.4067614572330841,-0.23197673299342178,-0.16661664297624848,-0.16061443227139297,-0.12304600510154264,0.24860754067655488,0.2991518883646129,-0.08487245031961735
1456,-2.2109378003172564,1.372954625257617,0.6927438656423454,-0.9809067997477086,-0.011721845290959964,-0.05969827893332659,0.002661857722167748,0.06705789799477495,0.4798050773052027,-0.1572314998665357,-0.06714963451484346,0.1067208611737699,-0.0065621824705903034,-0.2661684877800471,-0.4067614572330841,-0.23197673299342178,-0.16661664297624848,-0.16061443227139297,-0.12304600510154264,0.24860754067655488,0.2991518883646129,-0.08487245031961735
1457,-2.234914373385131,1.741839369954773,0.762510169736213,-1.0216226834686417,-0.5625169741496977,0.325211152856284,-0.016166172450129506,0.14925172841222045,0.5707207888658868,-0.20528086165121326,-0.003716771997604107,0.12702020790282792,-0.3653609134392965,-0.6013367994510045,-0.22470773737711627,-0.16876960454665568,-0.697783859828822,-0.14622775260379237,-0.32373430330387265,0.056487453702626034,0.6381666514329821,-0.11735873801787855
1458,-2.234914373385131,1.741839369954773,0.762510169736213,-1.0216226834686417,-0.5625169741496977,0.325211152856284,-0.016166172450129506,0.14925172841222045,0.5707207888658868,-0.20528086165121326,-0.003716771997604107,0.12702020790282792,-0.3653609134392965,-0.6013367994510045,-0.22470773737711627,-0.16876960454665568,-0.697783859828822,-0.14622775260379237,-0.32373430330387265,0.056487453702626034,0.6381666514329821,-0.11735873801787855
1459,-1.9520287709924553,1.0883353469341446,0.3973955416128722,-0.6015209543052681,0.1736837354987488,-0.6834532773318347,-0.04462730082568951,-0.04603478434083705,0.27418248867305806,0.06582181606237535,-0.2759000600600452,0.09773259789846346,0.5642186287695431,0.30853732254047067,-0.7887832864252828,-0.3132211181564309,0.10902985086961692,-0.1702187125437895,-0.0356054915452341,0.17902834219236233,0.06145504309207417,-0.19647483018165285
1460,-1.9520287709924553,1.0883353469341446,0.3973955416128722,-0.6015209543052681,0.1736837354987488,-0.6834532773318347,-0.04462730082568951,-0.04603478434083705,0.27418248867305806,0.06582181606237535,-0.2759000600600452,0.09773259789846346,0.5642186287695431,0.30853732254047067,-0.7887832864252828,-0.3132211181564309,0.10902985086961692,-0.1702187125437895,-0.0356054915452341,0.17902834219236233,0.06145504309207417,-0.19647483018165285
1461,-2.2708314876374964,1.275512620168427,0.40133610522759994,-0.6068945326151541,-0.07940353267591356,-0.4272741183019842,0.018321431521518182,-0.0141207178429875,0.3988269066405848,0.015262461151216399,-0.321669746313326,0.213016041632064,0.2949054505518342,0.20724127431737688,-0.6163625584030631,-0.618694214074308,-0.24400322698088164,0.06096242648627966,-0.16722528805768563,0.1288719384965264,0.37725459377564147,-0.14325897707595772
1462,-2.2708314876374964,1.275512620168427,0.40133610522759994,-0.6068945326151541,-0.07940353267591356,-0.4272741183019842,0.018321431521518182,-0.0141207178429875,0.3988269066405848,0.015262461151216399,-0.321669746313326,0.213016041632064,0.2949054505518342,0.20724127431737688,-0.6163625584030631,-0.618694214074308,-0.24400322698088164,0.06096242648627966,-0.16722528805768563,0.1288719384965264,0.37725459377564147,-0.14325897707595772
1463,-0.8571086809457429,-1.2979326732785903,1.079934199524516,-0.29043922843538034,0.976147101242393,0.15248944420526486,-0.3750046686349663,0.25421491805024815,-0.18632220590971968,0.3238156463857098,-0.8477425103073057,0.8402140716305679,-0.03627952257701822,-0.7353226663289365,-0.8955263337634559,-0.8984687028824487,1.2423107727779708,0.7529228655277684,-0.02768154818514422,-0.5297033519283422,0.15312191019226873,0.05010278562694981
1464,-0.8051026474177423,-0.9201893529743213,0.5857570169314108,-0.43358709780363774,0.38670145672686274,-0.1646484078111122,-0.6444526707321017,0.47339550487124304,-0.2268425251588131,0.2917285576270357,-0.08475294391086473,0.5680564941222334,-0.10119358194932826,-0.7332406229505127,-0.9070699128157684,-0.23242046104191175,1.4570766930406607,0.3720847982326795,0.0797696725526137,-0.19391365090600665,-0.1576706453406394,0.055763059496262875
1465,-1.1211109660480822,-0.6894259928212743,0.4401012158379377,-0.6456891082872473,0.3461072047759529,-0.49477003399655267,-0.6641654291430547,0.470928850545017,-0.2968265061869932,0.2895185284167134,0.35672689755208736,0.5383563801858684,0.060042327776326655,-0.46146763399792373,-0.7099072844598945,0.3838878541633589,1.728972720498077,0.3020241131812348,0.19220478416835546,-0.13292352969603213,-0.14012899071006665,0.25305868612293764
1466,-1.0440609934221137,-0.4302731789178224,0.11549595853499345,-0.6536363790058357,-0.13166707836166003,-0.659404082185135,-0.881823513808819,0.6710509771025557,-0.3223535836357687,0.2852378765586331,0.9424299628185877,0.3270088125109963,-0.11479762489379698,-0.601713006565346,-0.7505055951764181,0.6851896900369779,1.853896485583594,0.02973902231487567,0.3161428972194827,-0.11608681716320256,-0.2607901405566587,0.22450827631294545
1467,-2.541199294178469,1.6128844052448639,0.3301976687112573,-0.8598474529192639,-0.23724135102513194,-0.21788113929679528,0.09149989267942868,-0.02332150856745384,0.5564381734076832,-0.130552519046941,-0.3735935945633812,0.2047472747086215,0.235922228106305,0.2148019386562404,-0.45555361865329014,-0.5488654265859224,-0.5520679381155786,0.17233278268396257,-0.42410211788831376,0.2754521955436966,0.47994888948749964,-0.17119777920370538
1468,-2.541199294178469,1.6128844052448639,0.3301976687112573,-0.8598474529192639,-0.23724135102513194,-0.21788113929679528,0.09149989267942868,-0.02332150856745384,0.5564381734076832,-0.130552519046941,-0.3735935945633812,0.2047472747086215,0.235922228106305,0.2148019386562404,-0.45555361865329014,-0.5488654265859224,-0.5520679381155786,0.17233278268396257,-0.42410211788831376,0.2754521955436966,0.47994888948749964,-0.17119777920370538
1469,-2.6745371349187828,1.5754714790244384,2.5582782089138156,-1.9075865663305183,2.702966177408549,0.1909499981985798,0.6634372294765417,-0.5220315002650485,0.5667243585007724,-0.661900376675594,-0.47814603165717706,-0.05025109093769208,0.5293602469838476,-0.5367203317221496,0.20827782284055324,1.0701523906850827,1.084336256142504,-0.22282709550671218,-0.4206547637701749,0.17657215957165337,0.06982366786707987,0.06304762439194235
1470,-2.6745371349187828,1.5754714790244384,2.5582782089138156,-1.9075865663305183,2.702966177408549,0.1909499981985798,0.6634372294765417,-0.5220315002650485,0.5667243585007724,-0.661900376675594,-0.47814603165717706,-0.05025109093769208,0.5293602469838476,-0.5367203317221496,0.20827782284055324,1.0701523906850827,1.084336256142504,-0.22282709550671218,-0.4206547637701749,0.17657215957165337,0.06982366786707987,0.06304762439194235
1471,-2.8803883027575616,1.9038233014730723,2.393121893660894,-1.955858600462401,2.251225314034363,0.41621834557629767,0.7035199997412955,-0.4697816737596012,0.774975632286069,-0.762826526491594,-0.3855602274281692,-0.11060363291875618,0.281852986041059,-0.6681246988591519,0.22694256859068399,0.6546830748393488,0.3544884086101432,-0.2149086485869326,-0.4289374178736268,-0.016428496370732456,0.36271995820176933,-0.0007713668303035249
1472,-2.8803883027575616,1.9038233014730723,2.393121893660894,-1.955858600462401,2.251225314034363,0.41621834557629767,0.7035199997412955,-0.4697816737596012,0.774975632286069,-0.762826526491594,-0.3855602274281692,-0.11060363291875618,0.281852986041059,-0.6681246988591519,0.22694256859068399,0.6546830748393488,0.3544884086101432,-0.2149086485869326,-0.4289374178736268,-0.016428496370732456,0.36271995820176933,-0.0007713668303035249
1473,-2.9207898490213577,2.1605643812473345,2.335510157895303,-2.206058469647626,1.8350033486287984,0.8840692945029794,0.806976512993446,-0.4763519356513575,1.0478471148330784,-0.9322681119739533,-0.5203679436174634,-0.16037593162145966,0.07981658535739754,-0.8661083978566583,0.25041721050169685,0.29280588077528125,-0.6789202023325727,-0.27840395069612434,-0.4897130705485837,-0.08910854847782658,0.6004531841786191,-0.10567910127783206
1474,-2.9207898490213577,2.1605643812473345,2.335510157895303,-2.206058469647626,1.8350033486287984,0.8840692945029794,0.806976512993446,-0.4763519356513575,1.0478471148330784,-0.9322681119739533,-0.5203679436174634,-0.16037593162145966,0.07981658535739754,-0.8661083978566583,0.25041721050169685,0.29280588077528125,-0.6789202023325727,-0.27840395069612434,-0.4897130705485837,-0.08910854847782658,0.6004531841786191,-0.10567910127783206
1475,-3.2573237862294966,1.5391606327420055,2.300811312957737,-2.030138253598983,3.546980797518128,-0.20325557526791513,0.644609352867297,-0.48038455641708755,0.5234530141987959,-0.7421614587544064,-0.42970840957091616,-0.10701744581314264,0.7851457797732825,-0.17477736931204857,0.24981561547876316,1.113667632620358,2.5634089654386134,0.23633391512669907,-0.6780991266745512,0.27343394574179464,-0.2166115059658709,0.03239000249795974
1476,-3.2573237862294966,1.5391606327420055,2.300811312957737,-2.030138253598983,3.546980797518128,-0.20325557526791513,0.644609352867297,-0.48038455641708755,0.5234530141987959,-0.7421614587544064,-0.42970840957091616,-0.10701744581314264,0.7851457797732825,-0.17477736931204857,0.24981561547876316,1.113667632620358,2.5634089654386134,0.23633391512669907,-0.6780991266745512,0.27343394574179464,-0.2166115059658709,0.03239000249795974
1477,-3.0698797626246845,1.7646372683611127,2.208376854999095,-2.140953627352739,2.826397282148144,0.28187737214885494,0.711419729426632,-0.4963077468525593,0.7558238271047298,-0.834508211802674,-0.6839953594915816,-0.09734089626858297,0.5957722764174023,-0.3468538961023415,0.2108156799378314,0.7786857183118818,1.2172285751945098,0.10936899143889597,-0.7840938180817377,0.37513364008620864,-0.010727969147301843,-0.09254314506149111
1478,-3.0698797626246845,1.7646372683611127,2.208376854999095,-2.140953627352739,2.826397282148144,0.28187737214885494,0.711419729426632,-0.4963077468525593,0.7558238271047298,-0.834508211802674,-0.6839953594915816,-0.09734089626858297,0.5957722764174023,-0.3468538961023415,0.2108156799378314,0.7786857183118818,1.2172285751945098,0.10936899143889597,-0.7840938180817377,0.37513364008620864,-0.010727969147301843,-0.09254314506149111
1479,-3.1138648702975242,2.2001568976313925,1.7761403271497727,-2.130875020503068,1.781017676605692,0.47213461294203657,0.5914416468742911,-0.2973197881471931,0.9377663105294552,-0.8718987437804563,-0.21524492216573948,-0.24742052045460516,0.17167088334947633,-0.6033084695980361,0.1670742718999574,0.41912753845908307,0.21138993794840627,-0.10279460610561965,-0.5941427721916095,-0.020408443824958128,0.37831766485164414,-0.16196801702512756
1480,-3.1138648702975242,2.2001568976313925,1.7761403271497727,-2.130875020503068,1.781017676605692,0.47213461294203657,0.5914416468742911,-0.2973197881471931,0.9377663105294552,-0.8718987437804563,-0.21524492216573948,-0.24742052045460516,0.17167088334947633,-0.6033084695980361,0.1670742718999574,0.41912753845908307,0.21138993794840627,-0.10279460610561965,-0.5941427721916095,-0.020408443824958128,0.37831766485164414,-0.16196801702512756
1481,-3.531300339771912,1.6723950103760734,1.7763008769893374,-1.9884022412182043,3.51007390346047,-0.6446886888695119,0.6894382280669875,-0.5085993491407076,0.6907450516126117,-0.8021437464858722,-0.1684745905807326,-0.3471230473225777,1.0269162694391527,0.21939596718901397,-0.07477051058816392,0.4755651418310673,2.1510705742425347,0.09394165707714618,-0.3116202089080393,0.08961309120879052,-0.25124919918887634,-0.06219014005452438
1482,-3.531300339771912,1.6723950103760734,1.7763008769893374,-1.9884022412182043,3.51007390346047,-0.6446886888695119,0.6894382280669875,-0.5085993491407076,0.6907450516126117,-0.8021437464858722,-0.1684745905807326,-0.3471230473225777,1.0269162694391527,0.21939596718901397,-0.07477051058816392,0.4755651418310673,2.1510705742425347,0.09394165707714618,-0.3116202089080393,0.08961309120879052,-0.25124919918887634,-0.06219014005452438
1483,-2.979135723743888,1.8265650237862607,1.6221780068137888,-2.112860332004255,2.349722262619358,0.001937228530274663,0.6372693689751264,-0.4738000197628847,0.7908853259744595,-0.7793576995850798,-0.5653630073521986,-0.21979523799220804,0.8343656104712692,0.003558426931662911,-0.06532217890328877,0.5719090224311626,0.702832377234722,-0.05153500917616714,-0.5991866676757253,0.2537566795199817,-0.02901161716318136,-0.2043886021461865
1484,-2.979135723743888,1.8265650237862607,1.6221780068137888,-2.112860332004255,2.349722262619358,0.001937228530274663,0.6372693689751264,-0.4738000197628847,0.7908853259744595,-0.7793576995850798,-0.5653630073521986,-0.21979523799220804,0.8343656104712692,0.003558426931662911,-0.06532217890328877,0.5719090224311626,0.702832377234722,-0.05153500917616714,-0.5991866676757253,0.2537566795199817,-0.02901161716318136,-0.2043886021461865
1485,-2.954997046061964,2.099393834750817,1.07856709006187,-1.9090627001513647,1.1806696046569227,0.11828720901681739,0.46334393588655115,-0.26543651314554356,0.8687075680180925,-0.6908634673883809,-0.2937276211543847,-0.2150297993618109,0.47010983210342866,-0.09130921349264728,-0.13690573564905936,0.17786609414064988,-0.16251286553819758,-0.08309532376029531,-0.5413982311990865,0.03015188492047021,0.3273064089014218,-0.25813234457862244
1486,-2.954997046061964,2.099393834750817,1.07856709006187,-1.9090627001513647,1.1806696046569227,0.11828720901681739,0.46334393588655115,-0.26543651314554356,0.8687075680180925,-0.6908634673883809,-0.2937276211543847,-0.2150297993618109,0.47010983210342866,-0.09130921349264728,-0.13690573564905936,0.17786609414064988,-0.16251286553819758,-0.08309532376029531,-0.5413982311990865,0.03015188492047021,0.3273064089014218,-0.25813234457862244
1490,0.783007667825319,-1.7955849511442423,0.7168878083216871,0.1295240663997634,-0.6339386517562716,0.7226301349283113,0.6039823990258986,0.026246663754607043,1.1162639339927536,0.47615388383088997,0.3327907323465328,-0.2669091494187337,-0.8358580081505207,-0.4755181821756645,-0.06017073693424817,0.4469877711977439,0.2318716521740941,-0.1158644359265077,-0.29314230027821553,0.07213697042513172,-0.0841037972149521,-0.0814663385811854
1496,0.9024558094973223,-2.045610792913304,0.7400121697577684,1.3692416813294637,-0.39393134082681575,2.0714807498842824,0.8687825299796538,0.8107249035020272,3.4116600122497838,1.3009049361051852,0.8730434773006411,-0.32384458631200924,0.10940828331883312,-0.035446494305327994,0.1697589986029681,0.9645410183005255,0.22505887627925622,-0.15627461765877632,-0.2580678914965559,-0.07585067477163522,0.01814079045249459,-0.05053296339256648
1499,0.9023065717563231,-1.4146189532815057,0.595354201375103,-0.4076258680981661,-0.7377477690892495,0.08428473367094456,0.4218447842704229,-0.15461959401932693,0.002067532532899355,0.10691101683146334,0.29235738278702494,-0.3928964373369507,-1.3119246469534964,-0.4523442625712723,-0.18295665785092713,0.28762704411443996,0.33024034505651545,0.2815041540308571,0.03589257826587952,0.11066404883094234,-0.1545101163911557,-0.30822078430935196
1502,1.080584765033332,-1.1223205365518756,0.7504314522732562,-0.5196574615577322,-0.5637456971300208,0.17706279843009448,0.4434857247188284,-0.060385806858567495,-0.10882651732001723,0.06635439538891938,0.3836126982033828,-0.48847323083862504,-1.3561837467621929,-0.2749345422820323,-0.07336261408117213,0.5602283158467714,0.38403746461282784,0.7046165730586035,0.3545867043392295,0.08265194646160617,-0.11250555869170462,-0.47704098613286067
1505,1.615390393807075,-0.6104068909666479,0.8698006110894897,-0.3626224472089028,-0.5962212954472196,0.2823439226320884,0.39615097906953317,0.20682654523839009,-0.3249232609116749,0.0779345634580724,0.577978744624757,-0.6825955987835988,-1.5941222825119725,0.05675128660650108,-0.07453955696695551,0.6035523210512448,0.17260428651222187,1.5133024246800204,1.106970626107507,0.19447176685700954,-0.0945150499659169,-0.8841106526990304
1508,0.8660041510675258,-1.2848157425941602,0.8435671819529262,-0.42794647319048695,-0.4495870882126493,0.03616184716102136,0.5321828837885832,-0.37687520316098666,0.09106614020457503,0.0502353861082048,0.1460310554589725,-0.42658043109886135,-1.1548955278920436,-0.6328574070839776,-0.2271058635468959,0.5111792883635823,0.41445051311419295,-0.16723511979937103,-0.4841905994877174,0.058322629636157176,0.03116897741946435,0.2098462745347511
1517,0.6402212773877671,-1.5492851319901908,0.40524785058686924,0.28661205005065776,-0.9029284838581347,1.366715462990289,1.108859204001579,-0.8467587960007869,-1.2121995924614846,-0.3515640867459436,0.9265525159012938,-0.33735294515416764,-0.33733877815407565,-0.7967662430037867,-0.12650963972839963,0.17444599326116614,0.2041165646810321,-0.2674121528247501,-0.3631557382880508,0.032270012403027064,0.015640543742943592,-0.12813968004663773
1520,0.5026218755417474,-1.538350187908592,0.19174752565955844,0.890271346552243,-0.7573634298571916,2.7927378092078254,1.849787873102421,-1.4655481082615018,-2.523436737182328,-0.9534687851372782,1.5839198869386717,-0.4068267725680734,0.6785123032601725,-0.9143162907166764,-0.08636641951482685,0.029026821949080725,0.28733342929259476,-0.3753519316973805,-0.5185804671594572,0.3642882645780333,-0.07293964552079775,-0.1664883487387338
1523,0.2105471497077486,-1.6180623256890252,-0.2610775211043037,1.5580532275773347,-0.7469463941374647,4.25376191209861,2.567435421768875,-2.0297041521859085,-3.9787852981343685,-1.531944632230042,2.4879277515853393,-0.4410407877515524,1.6827694087428968,-0.9947664926429265,-0.014070153668060735,-0.24994339357291803,0.5366541197494651,-0.39851359814170667,-0.5344042468776753,0.49447946186818886,-0.02257094469089598,-0.12708785837126613
1526,0.577570591268408,-1.6990127948481928,0.2658652503993301,-0.6325486299818956,-0.5728590522356863,0.14404093938711307,0.25766713129851304,-0.04575097261396146,-0.04326705712303629,0.22997708432956995,0.22541537027723554,-0.47996352330040815,-1.244390031930538,-0.6930578709032047,0.007188570300876132,0.4189536316266506,0.45976175417787535,-0.13316777396044327,-0.29835107288750595,-0.039508332526200896,-0.12476135263446912,-0.12351039248713261
1532,0.8768884589836835,-1.9151893028910993,0.4616098080615365,1.0367169960532507,-0.4845075965409734,1.4785218748003404,0.5853297380810507,0.6824179621213614,2.36802702094905,1.1244376956422888,0.6640623980366969,-0.4937024676270227,-0.31075118326068724,-0.27562189529190856,0.07360761369912328,0.6406386524025628,0.13035798971212353,-0.21782080154739175,-0.2772614397195874,-0.12036065063052466,-0.01793037372401737,-0.1568913756668756
1535,0.7411296801080056,-2.030147689080836,0.43934769375389926,1.4445397590656595,-0.28884944905927623,1.969783835962896,0.6926766657371703,1.0227059910450873,3.2863118743056146,1.466006118412603,0.9959684739731575,-0.49497097893915976,0.09502560647492897,-0.013750985518841012,0.29183372788441087,0.9942267707109324,0.28313710402865155,-0.20162386869642998,-0.20819807696062873,-0.06018876042418553,0.016116673230269638,-0.026715829806881947
1541,0.9522796283315055,-1.1709125255140376,0.5570020334760561,-0.42230374848956426,-0.3821537639433669,0.1759168487253372,0.2793179783245407,0.1424488787926074,-0.27976928504621673,0.2620015020604002,0.3542741998947819,-0.6325395499047046,-1.4149263473501212,-0.32721975038415796,0.09935037442862357,0.5251829918347544,0.2960260891087772,0.6696733668059425,0.38360207696855375,0.12058080099841836,-0.068090371565805,-0.4393788547213276
1550,1.1804588222634247,-1.2364933291978066,0.25494841612340585,-0.4657735598027704,-0.8460129762668529,0.09880127924029186,0.26526095135084116,-0.11370094839533275,-0.02146880584136896,0.2041319948099144,0.23517524146095395,-0.6631608951610279,-1.1998591763100044,-0.6474599370548153,-0.3378296450576235,0.5139603410584811,0.06421727721514216,-0.35322003262620805,-0.43191044290647934,-0.09051841220775114,0.15906067844755636,0.3112056424604995
1553,1.1733278570434391,-1.0936732792080541,0.30082969762421413,-0.38248821631013374,-0.6032706224517697,0.04516215555864702,0.254307124964916,-0.08983409479805356,-0.0852107577003928,0.2506626683337062,0.2131820321177129,-0.7630276293094137,-1.190611257701946,-0.627958317398889,-0.3056148901807182,0.5562871030539921,0.10045735701652754,-0.3656325947930571,-0.49213036543037963,-0.02209492660519456,0.2609471714624137,0.532811109339811
1556,0.4730814296172256,-1.6303035614537662,0.24488398350331422,0.4734543612410572,-0.5467590712659498,1.445698530989048,1.0148713673147152,-0.6994789688181007,-1.4471777845883356,-0.1956269737273958,0.8226786110296128,-0.4874073282809292,-0.3159030713990604,-0.8485731401690996,0.018178748090046506,-0.010786320252798827,0.19630849288901103,-0.24042352449944995,-0.39431453664803734,0.08019612428296384,0.03516952528003787,-0.1313740640347418
1559,0.30766187157063873,-1.6904883585889203,-0.17339745828117106,1.0099222741362406,-0.6316920065903366,2.8417342250649185,1.6629910809157988,-1.217268857247422,-2.7567161830490092,-0.7472368958538987,1.6338822520257696,-0.5323540061197358,0.6055996265945951,-0.9515768392023276,0.07481072310751574,-0.1686857127712533,0.2997261158062777,-0.33649391720345134,-0.42283619580908727,0.29198235139489603,0.027214173203876934,-0.11315580092714536
1562,-0.023388824606365922,-1.69859043395911,-0.4943420817738322,1.3535425035781021,-0.34818833269415056,3.805395465834281,2.142778260991591,-1.5767189096798255,-3.769324342895391,-1.170936025872769,2.263797680833821,-0.6413793127192916,1.3534526465571024,-0.9805204402717469,0.2115145064816443,-0.20598795216929144,0.6814650985517773,-0.3552215286186878,-0.496249188126862,0.548454089710993,-0.06116647695328422,-0.07839756160556145
1565,0.44156744698417105,-1.532757158230305,-0.025806259401086912,-0.529935924305961,-0.9014362343233459,-0.7019631707048443,0.6028146717139962,-0.597576295431463,-0.014399053756947448,0.28461114046952857,-0.06279582599000333,-0.17420186769567203,-0.20437171844192234,0.6236573927265184,-0.3055168570940369,0.6259085349613972,-0.16506654156144207,-0.0023907465748779356,-0.2863087951024007,-0.0082645560465605,-0.020158844307996984,-0.053215777224249826
1568,0.36469333789392544,-1.7150801171263885,0.05573441831990477,0.15439702800773492,-0.6764458712246322,-0.1053716125529338,0.7264722268761553,-0.21206590958461174,1.0312084898141418,0.6674131465372797,0.23353319058569175,-0.1575174887401312,0.0925067294505588,0.7557802054206685,-0.17721702914609155,0.6409357755882037,0.034692946337971396,0.07944817466293855,-0.22245721713370303,-0.05611411370825157,0.04826200570114304,0.016227430288773374
1571,0.41343994821793595,-1.7876162149752117,0.05806035156073575,1.1764775628603372,-0.47992714079702437,0.5216402209788427,0.92407182246524,0.22682759477070527,2.5057573785081546,1.2043716641859505,0.5421164630049755,-0.22746920316299907,0.7942341020824891,1.1850121712775967,-0.1505200411668588,0.8206682351273882,-0.026561575983788492,0.02928886126628107,-0.2343306099680543,0.13106496671154397,-0.04195366199713048,-0.0008959933652490535
1574,0.48031576924208014,-1.9813037349989355,-0.05334335513291328,1.508683540115026,-0.5953869760337909,1.1931958702737475,0.9748154722845129,0.6143792392813232,3.400903286819387,1.5648901049835628,0.8621319651434455,-0.19809242055849852,1.095304544142427,1.3106465821012756,0.01791827572853201,1.1232574282388312,-0.057276720296724905,0.02827984633984791,-0.11812574468711734,-0.19702130598812564,0.17165165463754764,0.07157550302831948
1580,0.8009460511105609,-1.1241655301415536,0.15534764814720006,-0.3812882465029208,-0.7803139801553037,-0.6125594617135804,0.6076070736359146,-0.3772351252435883,-0.2368502800058221,0.31602780419431425,0.072998694662898,-0.275036906112168,-0.4122936938543839,0.9965504374960179,-0.23713801184241662,0.6022270905787954,-0.24924283298625596,0.8890274980204808,0.44719049342343664,-0.015662157048022426,0.11054789537015823,-0.36473945215828524
1583,1.3934405548389612,-0.6145883798479196,0.2893083160720573,-0.36440094644595994,-0.6536324786385278,-0.38288375748650505,0.5703151050192459,-0.06700897227504651,-0.45468614770353133,0.2738964445612994,0.2058346181994319,-0.4995813455036961,-0.663395586625759,1.3611751666439704,-0.21595479347861973,0.6562028804470557,-0.352058083072924,1.8803801162080962,1.2618186852729432,0.12725419047496017,0.08052413635938484,-0.8561199091448892
1586,0.5251478421097039,-1.3542274148662021,-0.23934874415548224,-0.475345134783997,-0.7917954005677197,-0.8274809311689391,0.5571121813186967,-0.5401476008069092,-0.018881862087108882,0.27221196907605233,0.04368607323354488,-0.3132237578694345,-0.2024262951240464,0.7361334491696143,-0.48309984746078194,0.4874831088016059,0.09684041490581739,0.05464307898879648,-0.32499667386948555,-0.09547120157425076,0.15054753906111742,0.28706177922529713
1589,0.6339254508671092,-1.375406451171393,-0.13586517087297253,-0.5429421026654028,-0.6722053668289071,-0.6874276395348852,0.6167542726907872,-0.5871568340713932,-0.00841214521935015,0.25610292362072856,-0.12831370413848875,-0.27667582813480085,-0.1904877788340247,0.7413748686281172,-0.4879211427454001,0.4639529183444551,0.007230074798020183,0.1035975702478377,-0.37829464698016285,-0.09392311501945001,0.2905582621243214,0.4805111572148223
1592,0.7243772187069436,-1.2619729545830887,-0.06882222964133954,-0.502015320980964,-0.6273966040999597,-0.6827731383460257,0.6199462466454104,-0.5876355676867592,0.0017083683860418912,0.2301827819603714,-0.09747462217504682,-0.33235170831141897,-0.23972580625180204,0.6941817728842729,-0.5251463580910742,0.4882562121000791,0.012551086784193696,0.05219825483795845,-0.41526821429437843,0.03649130560434844,0.30367662323922656,0.626868835884792
1595,0.27139923913963293,-1.445368166717804,-0.5197056534747568,0.32107282758502725,-1.0419910132032317,0.5466234788774925,1.2620896992348192,-1.1494324901514477,-1.4341556552209929,-0.23622526822247186,0.8592329319859232,-0.2992383232024341,0.8144863940350164,0.5769626323265903,-0.3650568573253691,0.33546364046329064,-0.07104437079408889,-0.1336795026903878,-0.33108247160906656,0.07900766675358356,-0.007759644512243959,-0.11480282762155425
1598,0.1759804883310988,-1.5132128621092733,-0.7194334713406434,0.9294073929923958,-0.9905168666898938,2.00991018761627,1.9499033689982996,-1.7040686039079436,-2.700326950823059,-0.7916081832516552,1.494705372550054,-0.3310218088379527,1.6816129572537104,0.3721313592439044,-0.3123447127940676,0.09442736539407667,-0.056654184097793936,-0.22982892378569053,-0.43147537015364945,0.37329412789800764,-0.042037885432492886,-0.1267895024278592
1601,0.11624545871016773,-1.345092221273167,-1.0230771716375426,1.8914852686831984,-1.053873371244874,3.3956985860262416,2.6574071199770093,-2.301114087630665,-4.160144282993902,-1.353496944240245,2.369826042101614,-0.5038000404628823,2.678955111860512,0.15372239534651402,-0.39140180171989297,-0.20496901640937268,-0.007550021303638764,-0.41701187063260214,-0.5670442175972175,0.4029494828061964,-0.029997838267914717,-0.26668372820539527
1604,0.2112612135973855,-1.537218247333877,-0.05196600333418858,-0.24483225457219027,-0.5953287422459262,-0.8223654301279654,0.51191888273812,-0.4699122737363845,-0.17589967400947276,0.47837806568563146,-0.08886158578584326,-0.26380299036233973,-0.2685433242010393,0.6005332540872854,-0.16250372228097973,0.4447642267689788,-0.11389652721957272,0.054843430014913326,-0.26327595808318716,-0.06160104220222076,0.08869462845413828,0.002444899563335478
1610,0.2933976705808105,-1.943593252763356,-0.11870060263483993,1.1054530057003826,-0.3395438147419171,0.6387325961229827,0.7861941684112265,0.3989913412865421,2.310814010958046,1.3599696713799245,0.4635628140174438,-0.2766605851054963,0.6940621544887052,1.0939353947562087,0.03933230409158688,0.7574673168763506,-0.042676833868611964,0.10226953379188618,-0.180457749997135,-0.15745984589101794,0.1694783514315182,0.04901359211672052
1613,0.2885443668824284,-2.0215459463013032,-0.29278321388616196,1.586707256398664,-0.43020437580747545,1.1303521671726082,0.8345067682113206,0.8051925860213173,3.304246083761896,1.7181221686806973,0.942769429968948,-0.31958839299674563,1.069406889742705,1.3310971280584525,0.14825828829585866,1.083495058245336,0.04679985201388654,0.041170300566217115,-0.06587762079486062,-0.18162882305227004,0.18826418763019356,0.1168004655004277
1616,2.5241300728472598,0.005676704468895199,-2.3004235176602608,-0.41656615409262376,-0.3845730800377847,-4.6371928828444,10.33077278253785,8.67988790877593,-1.2137624734479704,-1.3504389328298911,-1.2714800105101824,3.8480472045527883,1.4740963935159932,-2.773559521344891,1.694507214774881,0.07114274683612519,-0.15531254989664248,-0.28021391883837043,0.36750097130984205,-0.1695452738842852,-0.2014200577888394,-0.060112237231007296
1619,2.785926717769934,0.18820234680744488,-2.160611919496909,-0.4917740877507684,-0.31733541999795484,-4.463159027959702,10.353670251540986,8.771587274522021,-1.2890005194011067,-1.3923041122688784,-1.2639288278587544,3.801846583307906,1.3764460557808702,-2.642932970563603,1.7410173543518797,0.16310296778374067,-0.22734100987976844,0.1381062174398229,0.6919135939451965,-0.13366842957540162,-0.17804361656245063,-0.23803778930249708
1625,0.36991960339098595,-1.2744923620970234,-0.25522768841223853,-0.26160625813459654,-0.4891223864697613,-1.0138958848481758,0.5185420513940499,-0.49981596034878,-0.11064486105410351,0.3747530432734786,-0.027240703177788768,-0.43465531133296365,-0.12555623181242986,0.8124538784597062,-0.42746763989152475,0.43249405106341304,0.09824286474573302,0.031539658188328774,-0.38321826317536717,0.13357673249890123,0.044676104210462295,0.2668101323670717
1631,0.553872552041256,-1.2262559215917739,-0.22990644676970448,-0.3214085967817941,-0.47780981012387036,-0.8505889928897569,0.5073182087031406,-0.4572955939270244,-0.10700466946664064,0.35696001033894526,-0.019269253604828736,-0.45671203565786833,-0.2652216505068359,0.7273923792136584,-0.45350136102405414,0.4078385023450155,0.07107014918537738,0.028889298792294606,-0.383026577940843,0.1883231108500293,0.25156018109922956,0.6581593174963176
1634,0.11793871443914092,-1.5240911653063653,-0.4508807685630124,0.3280597970419156,-0.7641911518414467,0.5281616382969052,1.2222656533708072,-1.0779135890780764,-1.4550310487128384,-0.14189762028793554,0.7392415857342381,-0.30087588728838366,0.7451164349657929,0.5588856410721897,-0.21712916191179116,0.29244372262869034,-0.026767575938168416,-0.0659569418610832,-0.3282758380947077,0.16341460323558385,0.025212174718372664,-0.03613693351284514
