modele,etape,parametres,exactitude,exactitude_equilibree,f1_macro,ecart_type_f1,erreurs_graves,taux_graves,secondes,decoupage
Reference,grille,{},0.33564912280701753,0.3333333333333333,0.16683565639441716,0.0190615005111423,143,0.2713472485768501,0.4004025459289551,trois classes
Arbre,grille,"{'criterion': 'entropy', 'max_depth': 20, 'min_samples_leaf': 2, 'min_samples_split': 2}",0.6207602339181287,0.6219908600682551,0.6121795770953298,0.034068396493695925,30,0.056925996204933584,0.46973419189453125,trois classes
Arbre,grille,"{'criterion': 'entropy', 'max_depth': None, 'min_samples_leaf': 2, 'min_samples_split': 2}",0.6207602339181287,0.6219908600682551,0.6121795770953298,0.034068396493695925,30,0.056925996204933584,0.4686472415924072,trois classes
Arbre,grille,"{'criterion': 'entropy', 'max_depth': 12, 'min_samples_leaf': 2, 'min_samples_split': 2}",0.6167251461988303,0.6196275077686524,0.6086784936012231,0.02671264946475709,31,0.058823529411764705,0.4023439884185791,trois classes
Arbre,grille,"{'criterion': 'entropy', 'max_depth': 20, 'min_samples_leaf': 1, 'min_samples_split': 2}",0.6114444444444445,0.6111371838217359,0.6021326902951338,0.0310506177455219,27,0.051233396584440226,0.46651291847229004,trois classes
Arbre,grille,"{'criterion': 'entropy', 'max_depth': None, 'min_samples_leaf': 1, 'min_samples_split': 2}",0.6114444444444445,0.6111371838217359,0.6021326902951338,0.0310506177455219,27,0.051233396584440226,0.4781205654144287,trois classes
Arbre,grille,"{'criterion': 'entropy', 'max_depth': 12, 'min_samples_leaf': 1, 'min_samples_split': 2}",0.6087076023391813,0.6093622896933402,0.6003549879389423,0.033012302946021733,29,0.05502846299810247,0.41069698333740234,trois classes
Arbre,grille,"{'criterion': 'entropy', 'max_depth': 8, 'min_samples_leaf': 2, 'min_samples_split': 2}",0.6073216374269006,0.6090283088911541,0.5992515156514775,0.0644562212327855,33,0.06261859582542695,0.39444947242736816,trois classes
Arbre,grille,"{'criterion': 'entropy', 'max_depth': None, 'min_samples_leaf': 2, 'min_samples_split': 10}",0.602111111111111,0.6071117878154675,0.5971038889799447,0.019409714033081765,31,0.058823529411764705,0.4574253559112549,trois classes
Arbre,grille,"{'criterion': 'entropy', 'max_depth': 20, 'min_samples_leaf': 2, 'min_samples_split': 10}",0.602111111111111,0.6071117878154675,0.5971038889799447,0.019409714033081765,31,0.058823529411764705,0.44928884506225586,trois classes
Arbre,grille,"{'criterion': 'entropy', 'max_depth': 8, 'min_samples_leaf': 1, 'min_samples_split': 2}",0.6020058479532164,0.6018471607740152,0.5936141656128131,0.044269312873067096,28,0.05313092979127135,0.40416431427001953,trois classes
Arbre,grille,"{'criterion': 'entropy', 'max_depth': 12, 'min_samples_leaf': 2, 'min_samples_split': 10}",0.5967953216374269,0.6044992239842273,0.5904135977685365,0.021348672240598613,32,0.06072106261859583,0.39563941955566406,trois classes
Arbre,grille,"{'criterion': 'gini', 'max_depth': 12, 'min_samples_leaf': 1, 'min_samples_split': 2}",0.5941812865497076,0.5985452182175367,0.5877726232176844,0.01645505289476855,35,0.06641366223908918,0.40093469619750977,trois classes
Arbre,grille,"{'criterion': 'entropy', 'max_depth': 8, 'min_samples_leaf': 2, 'min_samples_split': 10}",0.5913918128654971,0.5983543416998203,0.5863990322997796,0.05289845277874693,33,0.06261859582542695,0.39052486419677734,trois classes
Arbre,grille,"{'criterion': 'entropy', 'max_depth': 20, 'min_samples_leaf': 1, 'min_samples_split': 10}",0.590111111111111,0.5960592850586176,0.5843872237241686,0.021069747541923117,28,0.05313092979127135,0.468738317489624,trois classes
Arbre,grille,"{'criterion': 'entropy', 'max_depth': None, 'min_samples_leaf': 1, 'min_samples_split': 10}",0.590111111111111,0.5960592850586176,0.5843872237241686,0.021069747541923117,28,0.05313092979127135,0.4742894172668457,trois classes
Arbre,grille,"{'criterion': 'gini', 'max_depth': None, 'min_samples_leaf': 1, 'min_samples_split': 2}",0.5887251461988303,0.5971528860058569,0.5827311789178771,0.03648966917148574,35,0.06641366223908918,0.4003779888153076,trois classes
Arbre,grille,"{'criterion': 'gini', 'max_depth': 20, 'min_samples_leaf': 1, 'min_samples_split': 2}",0.5887251461988303,0.5971528860058569,0.5827311789178771,0.03648966917148574,35,0.06641366223908918,0.3950986862182617,trois classes
Arbre,grille,"{'criterion': 'entropy', 'max_depth': 8, 'min_samples_leaf': 1, 'min_samples_split': 10}",0.5860584795321637,0.5900979735384989,0.5801148572867554,0.041156562772398105,33,0.06261859582542695,0.3849775791168213,trois classes
Arbre,grille,"{'criterion': 'gini', 'max_depth': 12, 'min_samples_leaf': 2, 'min_samples_split': 2}",0.5874970760233917,0.582251635540651,0.5743052067847771,0.04076080419918224,33,0.06261859582542695,0.38254570960998535,trois classes
Arbre,grille,"{'criterion': 'gini', 'max_depth': None, 'min_samples_leaf': 2, 'min_samples_split': 2}",0.5871754385964912,0.5864655573642492,0.5711917646796726,0.046105969974289646,30,0.056925996204933584,0.40384459495544434,trois classes
Arbre,grille,"{'criterion': 'gini', 'max_depth': 20, 'min_samples_leaf': 2, 'min_samples_split': 2}",0.5871754385964912,0.5864655573642492,0.5711917646796726,0.046105969974289646,30,0.056925996204933584,0.3724217414855957,trois classes
Arbre,grille,"{'criterion': 'entropy', 'max_depth': 12, 'min_samples_leaf': 1, 'min_samples_split': 10}",0.5768304093567251,0.5838755855864195,0.5710009300626571,0.038878811826877226,33,0.06261859582542695,0.38230061531066895,trois classes
Arbre,grille,"{'criterion': 'gini', 'max_depth': 20, 'min_samples_leaf': 1, 'min_samples_split': 10}",0.5776842105263158,0.5824008427320375,0.568351489971738,0.04406631208306983,35,0.06641366223908918,0.38141536712646484,trois classes
Arbre,grille,"{'criterion': 'gini', 'max_depth': None, 'min_samples_leaf': 1, 'min_samples_split': 10}",0.5776842105263158,0.5824008427320375,0.568351489971738,0.04406631208306983,35,0.06641366223908918,0.37978649139404297,trois classes
Arbre,grille,"{'criterion': 'gini', 'max_depth': 12, 'min_samples_leaf': 1, 'min_samples_split': 10}",0.5741637426900585,0.5731785430368149,0.5638452995747933,0.038158702530380055,40,0.07590132827324478,0.3775370121002197,trois classes
Arbre,grille,"{'criterion': 'gini', 'max_depth': 8, 'min_samples_leaf': 1, 'min_samples_split': 2}",0.574093567251462,0.5803852948007698,0.5634575984751706,0.037429246449733916,32,0.06072106261859583,0.37342357635498047,trois classes
Arbre,grille,"{'criterion': 'gini', 'max_depth': 6, 'min_samples_leaf': 2, 'min_samples_split': 10}",0.5631052631578948,0.5821557534815424,0.5632401272709686,0.0318570184759644,34,0.06451612903225806,0.385631799697876,trois classes
Arbre,grille,"{'criterion': 'gini', 'max_depth': 4, 'min_samples_leaf': 2, 'min_samples_split': 2}",0.570625730994152,0.5731331656717977,0.5627344920676183,0.031672280823505344,46,0.0872865275142315,0.3748481273651123,trois classes
Arbre,grille,"{'criterion': 'gini', 'max_depth': 4, 'min_samples_leaf': 2, 'min_samples_split': 10}",0.570625730994152,0.5731331656717977,0.5625184081950356,0.03165759563771569,47,0.08918406072106262,0.3690319061279297,trois classes
Arbre,grille,"{'criterion': 'gini', 'max_depth': 4, 'min_samples_leaf': 10, 'min_samples_split': 2}",0.5675321637426901,0.5807573473057375,0.5623990177902933,0.018638147651250433,42,0.07969639468690702,0.35443782806396484,trois classes
Arbre,grille,"{'criterion': 'gini', 'max_depth': 4, 'min_samples_leaf': 10, 'min_samples_split': 10}",0.5675321637426901,0.5807573473057375,0.5623990177902933,0.018638147651250433,42,0.07969639468690702,0.3600468635559082,trois classes
Arbre,grille,"{'criterion': 'gini', 'max_depth': 8, 'min_samples_leaf': 2, 'min_samples_split': 2}",0.5768830409356724,0.5711280312194295,0.5621819082888243,0.024514201924165455,37,0.07020872865275142,0.37876415252685547,trois classes
Arbre,grille,"{'criterion': 'gini', 'max_depth': 6, 'min_samples_leaf': 5, 'min_samples_split': 2}",0.5604035087719299,0.5752086647569113,0.5605753362194486,0.042098686123644764,40,0.07590132827324478,0.3581070899963379,trois classes
Arbre,grille,"{'criterion': 'gini', 'max_depth': 6, 'min_samples_leaf': 5, 'min_samples_split': 10}",0.5604035087719299,0.5752086647569113,0.5605753362194486,0.042098686123644764,40,0.07590132827324478,0.3579995632171631,trois classes
Arbre,grille,"{'criterion': 'gini', 'max_depth': 4, 'min_samples_leaf': 1, 'min_samples_split': 10}",0.5679590643274853,0.5700680315721808,0.5598643335035915,0.03394697268239031,47,0.08918406072106262,0.37605786323547363,trois classes
Arbre,grille,"{'criterion': 'entropy', 'max_depth': 4, 'min_samples_leaf': 2, 'min_samples_split': 10}",0.5771871345029239,0.5815952342095518,0.5597531000284457,0.054266430447159175,56,0.1062618595825427,0.36940741539001465,trois classes
Arbre,grille,"{'criterion': 'entropy', 'max_depth': 4, 'min_samples_leaf': 1, 'min_samples_split': 10}",0.5771871345029239,0.5815952342095518,0.5597531000284457,0.054266430447159175,56,0.1062618595825427,0.37471723556518555,trois classes
Arbre,grille,"{'criterion': 'entropy', 'max_depth': 8, 'min_samples_leaf': 5, 'min_samples_split': 10}",0.5727426900584796,0.5791004058690389,0.5596832666144156,0.04791938969170702,52,0.09867172675521822,0.35647106170654297,trois classes
Arbre,grille,"{'criterion': 'entropy', 'max_depth': 8, 'min_samples_leaf': 5, 'min_samples_split': 2}",0.5727426900584796,0.5791004058690389,0.5596832666144156,0.04791938969170702,52,0.09867172675521822,0.3806796073913574,trois classes
Arbre,grille,"{'criterion': 'entropy', 'max_depth': 6, 'min_samples_leaf': 1, 'min_samples_split': 2}",0.565187134502924,0.5766430875919171,0.5594737982062681,0.04437322254532979,52,0.09867172675521822,0.38131141662597656,trois classes
Arbre,grille,"{'criterion': 'gini', 'max_depth': 20, 'min_samples_leaf': 20, 'min_samples_split': 10}",0.5581988304093567,0.5737572749024198,0.5592294683822259,0.025312388240306273,35,0.06641366223908918,0.35785746574401855,trois classes
Arbre,grille,"{'criterion': 'gini', 'max_depth': 20, 'min_samples_leaf': 20, 'min_samples_split': 2}",0.5581988304093567,0.5737572749024198,0.5592294683822259,0.025312388240306273,35,0.06641366223908918,0.35881662368774414,trois classes
Arbre,grille,"{'criterion': 'gini', 'max_depth': None, 'min_samples_leaf': 20, 'min_samples_split': 2}",0.5581988304093567,0.5737572749024198,0.5592294683822259,0.025312388240306273,35,0.06641366223908918,0.36806702613830566,trois classes
Arbre,grille,"{'criterion': 'gini', 'max_depth': 8, 'min_samples_leaf': 20, 'min_samples_split': 2}",0.5581988304093567,0.5737572749024198,0.5592294683822259,0.025312388240306273,35,0.06641366223908918,0.3808112144470215,trois classes
Arbre,grille,"{'criterion': 'gini', 'max_depth': 8, 'min_samples_leaf': 20, 'min_samples_split': 10}",0.5581988304093567,0.5737572749024198,0.5592294683822259,0.025312388240306273,35,0.06641366223908918,0.35358285903930664,trois classes
Arbre,grille,"{'criterion': 'gini', 'max_depth': None, 'min_samples_leaf': 20, 'min_samples_split': 10}",0.5581988304093567,0.5737572749024198,0.5592294683822259,0.025312388240306273,35,0.06641366223908918,0.36182188987731934,trois classes
Arbre,grille,"{'criterion': 'gini', 'max_depth': 12, 'min_samples_leaf': 20, 'min_samples_split': 10}",0.5581988304093567,0.5737572749024198,0.5592294683822259,0.025312388240306273,35,0.06641366223908918,0.36722564697265625,trois classes
Arbre,grille,"{'criterion': 'gini', 'max_depth': 12, 'min_samples_leaf': 20, 'min_samples_split': 2}",0.5581988304093567,0.5737572749024198,0.5592294683822259,0.025312388240306273,35,0.06641366223908918,0.3603987693786621,trois classes
Arbre,grille,"{'criterion': 'gini', 'max_depth': 4, 'min_samples_leaf': 1, 'min_samples_split': 2}",0.566625730994152,0.5687166802208294,0.5592067587061921,0.032708591435037945,46,0.0872865275142315,0.3469665050506592,trois classes
Arbre,grille,"{'criterion': 'entropy', 'max_depth': 6, 'min_samples_leaf': 2, 'min_samples_split': 10}",0.5638888888888889,0.5760713470812282,0.5587562274105595,0.039351292973170894,50,0.09487666034155598,0.38294053077697754,trois classes
Arbre,grille,"{'criterion': 'gini', 'max_depth': 6, 'min_samples_leaf': 1, 'min_samples_split': 2}",0.5621812865497076,0.5678539762913408,0.5574162204579269,0.033609613004018796,38,0.07210626185958255,0.3797004222869873,trois classes
Arbre,grille,"{'criterion': 'gini', 'max_depth': 12, 'min_samples_leaf': 2, 'min_samples_split': 10}",0.5702514619883041,0.5717200515968369,0.5573719803692456,0.041446364205902655,44,0.08349146110056926,0.4007863998413086,trois classes
Arbre,grille,"{'criterion': 'gini', 'max_depth': 6, 'min_samples_leaf': 10, 'min_samples_split': 10}",0.5623391812865497,0.5686056791828832,0.5566145142332566,0.03848009288156601,44,0.08349146110056926,0.380307674407959,trois classes
Arbre,grille,"{'criterion': 'gini', 'max_depth': 6, 'min_samples_leaf': 10, 'min_samples_split': 2}",0.5623391812865497,0.5686056791828832,0.5566145142332566,0.03848009288156601,44,0.08349146110056926,0.37449073791503906,trois classes
Arbre,grille,"{'criterion': 'gini', 'max_depth': 6, 'min_samples_leaf': 1, 'min_samples_split': 10}",0.5550701754385965,0.5753117410078447,0.5563399226547017,0.045204672409192584,34,0.06451612903225806,0.3706936836242676,trois classes
Arbre,grille,"{'criterion': 'gini', 'max_depth': 12, 'min_samples_leaf': 10, 'min_samples_split': 10}",0.5623567251461988,0.5690718419820295,0.5560187083814602,0.043297031679020194,39,0.07400379506641366,0.39314913749694824,trois classes
Arbre,grille,"{'criterion': 'gini', 'max_depth': 20, 'min_samples_leaf': 10, 'min_samples_split': 10}",0.5623567251461988,0.5690718419820295,0.5560187083814602,0.043297031679020194,39,0.07400379506641366,0.37720370292663574,trois classes
Arbre,grille,"{'criterion': 'gini', 'max_depth': 12, 'min_samples_leaf': 10, 'min_samples_split': 2}",0.5623567251461988,0.5690718419820295,0.5560187083814602,0.043297031679020194,39,0.07400379506641366,0.3748316764831543,trois classes
Arbre,grille,"{'criterion': 'gini', 'max_depth': 20, 'min_samples_leaf': 10, 'min_samples_split': 2}",0.5623567251461988,0.5690718419820295,0.5560187083814602,0.043297031679020194,39,0.07400379506641366,0.3686854839324951,trois classes
Arbre,grille,"{'criterion': 'gini', 'max_depth': None, 'min_samples_leaf': 10, 'min_samples_split': 2}",0.5623567251461988,0.5690718419820295,0.5560187083814602,0.043297031679020194,39,0.07400379506641366,0.3593101501464844,trois classes
Arbre,grille,"{'criterion': 'gini', 'max_depth': None, 'min_samples_leaf': 10, 'min_samples_split': 10}",0.5623567251461988,0.5690718419820295,0.5560187083814602,0.043297031679020194,39,0.07400379506641366,0.3749055862426758,trois classes
Arbre,grille,"{'criterion': 'gini', 'max_depth': 8, 'min_samples_leaf': 10, 'min_samples_split': 10}",0.5623567251461988,0.5719629063609163,0.5558625009521683,0.04513794628045959,41,0.0777988614800759,0.3692362308502197,trois classes
Arbre,grille,"{'criterion': 'gini', 'max_depth': 8, 'min_samples_leaf': 10, 'min_samples_split': 2}",0.5623567251461988,0.5719629063609163,0.5558625009521683,0.04513794628045959,41,0.0777988614800759,0.37235236167907715,trois classes
Arbre,grille,"{'criterion': 'entropy', 'max_depth': 6, 'min_samples_leaf': 1, 'min_samples_split': 10}",0.5612222222222222,0.571891802458323,0.5554482423249183,0.03570980623656008,51,0.0967741935483871,0.379256010055542,trois classes
Arbre,grille,"{'criterion': 'entropy', 'max_depth': 4, 'min_samples_leaf': 2, 'min_samples_split': 2}",0.5745204678362573,0.5787607670893704,0.5553189778431522,0.05790790495961985,56,0.1062618595825427,0.37121009826660156,trois classes
Arbre,grille,"{'criterion': 'gini', 'max_depth': 3, 'min_samples_leaf': 2, 'min_samples_split': 2}",0.5665555555555556,0.5677530135178446,0.5547581262592016,0.036365674882537447,49,0.09297912713472485,0.3743927478790283,trois classes
Arbre,grille,"{'criterion': 'gini', 'max_depth': 3, 'min_samples_leaf': 2, 'min_samples_split': 10}",0.5665555555555556,0.5677530135178446,0.5547581262592016,0.036365674882537447,49,0.09297912713472485,0.39685869216918945,trois classes
Arbre,grille,"{'criterion': 'gini', 'max_depth': 3, 'min_samples_leaf': 1, 'min_samples_split': 2}",0.5665555555555556,0.5677530135178446,0.554753862943,0.036368056636442464,49,0.09297912713472485,0.43125081062316895,trois classes
Arbre,grille,"{'criterion': 'gini', 'max_depth': 3, 'min_samples_leaf': 1, 'min_samples_split': 10}",0.5665555555555556,0.5677530135178446,0.554753862943,0.036368056636442464,49,0.09297912713472485,0.40250730514526367,trois classes
Arbre,grille,"{'criterion': 'gini', 'max_depth': 6, 'min_samples_leaf': 20, 'min_samples_split': 2}",0.5541988304093568,0.5711477688446378,0.5547361500741381,0.03198381606025832,36,0.0683111954459203,0.35660600662231445,trois classes
Arbre,grille,"{'criterion': 'gini', 'max_depth': 6, 'min_samples_leaf': 20, 'min_samples_split': 10}",0.5541988304093568,0.5711477688446378,0.5547361500741381,0.03198381606025832,36,0.0683111954459203,0.37758326530456543,trois classes
Arbre,grille,"{'criterion': 'entropy', 'max_depth': 4, 'min_samples_leaf': 1, 'min_samples_split': 2}",0.573187134502924,0.5774094157380192,0.5541919206245618,0.05704366435142322,57,0.10815939278937381,0.3811967372894287,trois classes
Arbre,grille,"{'criterion': 'entropy', 'max_depth': 6, 'min_samples_leaf': 10, 'min_samples_split': 10}",0.5608830409356724,0.5693402824941367,0.5525767472321024,0.025227863886872495,44,0.08349146110056926,0.35913705825805664,trois classes
Arbre,grille,"{'criterion': 'entropy', 'max_depth': 6, 'min_samples_leaf': 10, 'min_samples_split': 2}",0.5608830409356724,0.5693402824941367,0.5525767472321024,0.025227863886872495,44,0.08349146110056926,0.3929934501647949,trois classes
Arbre,grille,"{'criterion': 'gini', 'max_depth': 6, 'min_samples_leaf': 2, 'min_samples_split': 2}",0.5511052631578947,0.566820583051427,0.5510427541569063,0.02900016788919602,32,0.06072106261859583,0.37333154678344727,trois classes
Arbre,grille,"{'criterion': 'entropy', 'max_depth': 4, 'min_samples_leaf': 5, 'min_samples_split': 2}",0.5705204678362572,0.5738044396120213,0.5507624922670987,0.04834676747063831,59,0.11195445920303605,0.36124420166015625,trois classes
Arbre,grille,"{'criterion': 'entropy', 'max_depth': 4, 'min_samples_leaf': 5, 'min_samples_split': 10}",0.5705204678362572,0.5738044396120213,0.5507624922670987,0.04834676747063831,59,0.11195445920303605,0.3701794147491455,trois classes
Arbre,grille,"{'criterion': 'gini', 'max_depth': None, 'min_samples_leaf': 2, 'min_samples_split': 10}",0.5649707602339181,0.5680134728075682,0.5505215859496365,0.042904647457235504,47,0.08918406072106262,0.35411572456359863,trois classes
Arbre,grille,"{'criterion': 'gini', 'max_depth': 20, 'min_samples_leaf': 2, 'min_samples_split': 10}",0.5649707602339181,0.5680134728075682,0.5505215859496365,0.042904647457235504,47,0.08918406072106262,0.37627148628234863,trois classes
Arbre,grille,"{'criterion': 'gini', 'max_depth': 4, 'min_samples_leaf': 20, 'min_samples_split': 10}",0.5541461988304093,0.5665720863212723,0.5501735885620986,0.03563243494599948,48,0.09108159392789374,0.3838169574737549,trois classes
Arbre,grille,"{'criterion': 'gini', 'max_depth': 4, 'min_samples_leaf': 20, 'min_samples_split': 2}",0.5541461988304093,0.5665720863212723,0.5501735885620986,0.03563243494599948,48,0.09108159392789374,0.339616060256958,trois classes
Arbre,grille,"{'criterion': 'entropy', 'max_depth': 20, 'min_samples_leaf': 10, 'min_samples_split': 2}",0.559514619883041,0.5664436039442383,0.5494457129753657,0.05481909713824349,46,0.0872865275142315,0.4284932613372803,trois classes
Arbre,grille,"{'criterion': 'entropy', 'max_depth': None, 'min_samples_leaf': 10, 'min_samples_split': 2}",0.559514619883041,0.5664436039442383,0.5494457129753657,0.05481909713824349,46,0.0872865275142315,0.4573235511779785,trois classes
Arbre,grille,"{'criterion': 'entropy', 'max_depth': None, 'min_samples_leaf': 10, 'min_samples_split': 10}",0.559514619883041,0.5664436039442383,0.5494457129753657,0.05481909713824349,46,0.0872865275142315,0.45607709884643555,trois classes
Arbre,grille,"{'criterion': 'entropy', 'max_depth': 20, 'min_samples_leaf': 10, 'min_samples_split': 10}",0.559514619883041,0.5664436039442383,0.5494457129753657,0.05481909713824349,46,0.0872865275142315,0.4280884265899658,trois classes
Arbre,grille,"{'criterion': 'entropy', 'max_depth': 12, 'min_samples_leaf': 10, 'min_samples_split': 10}",0.559514619883041,0.5664436039442383,0.5494457129753657,0.05481909713824349,46,0.0872865275142315,0.39487743377685547,trois classes
Arbre,grille,"{'criterion': 'entropy', 'max_depth': 12, 'min_samples_leaf': 10, 'min_samples_split': 2}",0.559514619883041,0.5664436039442383,0.5494457129753657,0.05481909713824349,46,0.0872865275142315,0.36723780632019043,trois classes
Arbre,grille,"{'criterion': 'entropy', 'max_depth': 6, 'min_samples_leaf': 5, 'min_samples_split': 2}",0.5545555555555556,0.5644850169758568,0.5489732985635021,0.04661678854407837,55,0.10436432637571158,0.3901991844177246,trois classes
Arbre,grille,"{'criterion': 'entropy', 'max_depth': 6, 'min_samples_leaf': 5, 'min_samples_split': 10}",0.5545555555555556,0.5644850169758568,0.5489732985635021,0.04661678854407837,55,0.10436432637571158,0.3739025592803955,trois classes
Arbre,grille,"{'criterion': 'gini', 'max_depth': 20, 'min_samples_leaf': 5, 'min_samples_split': 2}",0.5594970760233917,0.5589106607715134,0.548057871709244,0.03482905232860064,48,0.09108159392789374,0.37420153617858887,trois classes
Arbre,grille,"{'criterion': 'gini', 'max_depth': 20, 'min_samples_leaf': 5, 'min_samples_split': 10}",0.5594970760233917,0.5589106607715134,0.548057871709244,0.03482905232860064,48,0.09108159392789374,0.37223124504089355,trois classes
Arbre,grille,"{'criterion': 'gini', 'max_depth': None, 'min_samples_leaf': 5, 'min_samples_split': 2}",0.5594970760233917,0.5589106607715134,0.548057871709244,0.03482905232860064,48,0.09108159392789374,0.3455991744995117,trois classes
Arbre,grille,"{'criterion': 'gini', 'max_depth': None, 'min_samples_leaf': 5, 'min_samples_split': 10}",0.5594970760233917,0.5589106607715134,0.548057871709244,0.03482905232860064,48,0.09108159392789374,0.3682427406311035,trois classes
Arbre,grille,"{'criterion': 'entropy', 'max_depth': 4, 'min_samples_leaf': 10, 'min_samples_split': 10}",0.5652923976608186,0.569358648909002,0.5480178735489472,0.02854165850055436,59,0.11195445920303605,0.3704519271850586,trois classes
Arbre,grille,"{'criterion': 'entropy', 'max_depth': 4, 'min_samples_leaf': 10, 'min_samples_split': 2}",0.5652923976608186,0.569358648909002,0.5480178735489472,0.02854165850055436,59,0.11195445920303605,0.3659360408782959,trois classes
Arbre,grille,"{'criterion': 'entropy', 'max_depth': 6, 'min_samples_leaf': 2, 'min_samples_split': 2}",0.5545204678362573,0.5644973328296503,0.5475329167017277,0.06224303940513753,53,0.10056925996204934,0.3793063163757324,trois classes
Arbre,grille,"{'criterion': 'gini', 'max_depth': 8, 'min_samples_leaf': 5, 'min_samples_split': 10}",0.5634970760233917,0.5629522516380557,0.5470038095658865,0.03508002201506673,41,0.0777988614800759,0.3535435199737549,trois classes
Arbre,grille,"{'criterion': 'gini', 'max_depth': 8, 'min_samples_leaf': 5, 'min_samples_split': 2}",0.5634970760233917,0.5629522516380557,0.5470038095658865,0.03508002201506673,41,0.0777988614800759,0.3722989559173584,trois classes
Arbre,grille,"{'criterion': 'gini', 'max_depth': 8, 'min_samples_leaf': 1, 'min_samples_split': 10}",0.559514619883041,0.5584557514747852,0.5448578297852841,0.02985493656887636,37,0.07020872865275142,0.3700590133666992,trois classes
Arbre,grille,"{'criterion': 'entropy', 'max_depth': 3, 'min_samples_leaf': 1, 'min_samples_split': 2}",0.5652222222222222,0.574980355637263,0.544565606202543,0.04745869753723888,59,0.11195445920303605,0.36095714569091797,trois classes
Arbre,grille,"{'criterion': 'entropy', 'max_depth': 3, 'min_samples_leaf': 2, 'min_samples_split': 10}",0.5652222222222222,0.574980355637263,0.544565606202543,0.04745869753723888,59,0.11195445920303605,0.3636448383331299,trois classes
Arbre,grille,"{'criterion': 'entropy', 'max_depth': 3, 'min_samples_leaf': 2, 'min_samples_split': 2}",0.5652222222222222,0.574980355637263,0.544565606202543,0.04745869753723888,59,0.11195445920303605,0.36086225509643555,trois classes
Arbre,grille,"{'criterion': 'entropy', 'max_depth': 3, 'min_samples_leaf': 1, 'min_samples_split': 10}",0.5652222222222222,0.574980355637263,0.544565606202543,0.04745869753723888,59,0.11195445920303605,0.3680694103240967,trois classes
Arbre,grille,"{'criterion': 'gini', 'max_depth': 3, 'min_samples_leaf': 20, 'min_samples_split': 10}",0.5573099415204679,0.5686235762615997,0.5431196670816199,0.020919896767271913,56,0.1062618595825427,0.3714408874511719,trois classes
Arbre,grille,"{'criterion': 'gini', 'max_depth': 3, 'min_samples_leaf': 20, 'min_samples_split': 2}",0.5573099415204679,0.5686235762615997,0.5431196670816199,0.020919896767271913,56,0.1062618595825427,0.3581061363220215,trois classes
Arbre,grille,"{'criterion': 'gini', 'max_depth': 12, 'min_samples_leaf': 5, 'min_samples_split': 10}",0.5550526315789474,0.5564029841105187,0.542918755076533,0.03341689813808282,48,0.09108159392789374,0.3511204719543457,trois classes
Arbre,grille,"{'criterion': 'gini', 'max_depth': 12, 'min_samples_leaf': 5, 'min_samples_split': 2}",0.5550526315789474,0.5564029841105187,0.542918755076533,0.03341689813808282,48,0.09108159392789374,0.4068591594696045,trois classes
Arbre,grille,"{'criterion': 'entropy', 'max_depth': 6, 'min_samples_leaf': 20, 'min_samples_split': 10}",0.545859649122807,0.5582157923013006,0.5427375355613064,0.03116897899947468,51,0.0967741935483871,0.37905240058898926,trois classes
Arbre,grille,"{'criterion': 'entropy', 'max_depth': 6, 'min_samples_leaf': 20, 'min_samples_split': 2}",0.545859649122807,0.5582157923013006,0.5427375355613064,0.03116897899947468,51,0.0967741935483871,0.388211727142334,trois classes
Arbre,grille,"{'criterion': 'entropy', 'max_depth': 12, 'min_samples_leaf': 5, 'min_samples_split': 10}",0.5513918128654971,0.5502434561240406,0.5424881580178513,0.057465673741845566,48,0.09108159392789374,0.40225768089294434,trois classes
Arbre,grille,"{'criterion': 'entropy', 'max_depth': 12, 'min_samples_leaf': 5, 'min_samples_split': 2}",0.5513918128654971,0.5502434561240406,0.5424881580178513,0.057465673741845566,48,0.09108159392789374,0.3853011131286621,trois classes
Arbre,grille,"{'criterion': 'entropy', 'max_depth': 3, 'min_samples_leaf': 5, 'min_samples_split': 2}",0.5638888888888889,0.5734904041473116,0.5421720002295639,0.0430877631372342,62,0.11764705882352941,0.3586699962615967,trois classes
Arbre,grille,"{'criterion': 'entropy', 'max_depth': 3, 'min_samples_leaf': 5, 'min_samples_split': 10}",0.5638888888888889,0.5734904041473116,0.5421720002295639,0.0430877631372342,62,0.11764705882352941,0.4204421043395996,trois classes
Arbre,grille,"{'criterion': 'entropy', 'max_depth': 20, 'min_samples_leaf': 5, 'min_samples_split': 10}",0.5514093567251461,0.5531468818621519,0.5420842751113595,0.05398102647795405,51,0.0967741935483871,0.44513535499572754,trois classes
Arbre,grille,"{'criterion': 'entropy', 'max_depth': 20, 'min_samples_leaf': 5, 'min_samples_split': 2}",0.5514093567251461,0.5531468818621519,0.5420842751113595,0.05398102647795405,51,0.0967741935483871,0.4664294719696045,trois classes
Arbre,grille,"{'criterion': 'entropy', 'max_depth': None, 'min_samples_leaf': 5, 'min_samples_split': 2}",0.5514093567251461,0.5531468818621519,0.5420842751113595,0.05398102647795405,51,0.0967741935483871,0.44415831565856934,trois classes
Arbre,grille,"{'criterion': 'entropy', 'max_depth': None, 'min_samples_leaf': 5, 'min_samples_split': 10}",0.5514093567251461,0.5531468818621519,0.5420842751113595,0.05398102647795405,51,0.0967741935483871,0.44126057624816895,trois classes
Arbre,grille,"{'criterion': 'gini', 'max_depth': 3, 'min_samples_leaf': 10, 'min_samples_split': 10}",0.554625730994152,0.5537506325848285,0.5414223134570137,0.028938820740017853,58,0.11005692599620494,0.44079017639160156,trois classes
Arbre,grille,"{'criterion': 'gini', 'max_depth': 3, 'min_samples_leaf': 10, 'min_samples_split': 2}",0.554625730994152,0.5537506325848285,0.5414223134570137,0.028938820740017853,58,0.11005692599620494,0.3750174045562744,trois classes
Arbre,grille,"{'criterion': 'gini', 'max_depth': 3, 'min_samples_leaf': 5, 'min_samples_split': 10}",0.5519590643274853,0.5503996794593431,0.5409662384694981,0.027753811510705582,56,0.1062618595825427,0.3694767951965332,trois classes
Arbre,grille,"{'criterion': 'gini', 'max_depth': 3, 'min_samples_leaf': 5, 'min_samples_split': 2}",0.5519590643274853,0.5503996794593431,0.5409662384694981,0.027753811510705582,56,0.1062618595825427,0.38934898376464844,trois classes
Arbre,grille,"{'criterion': 'gini', 'max_depth': 4, 'min_samples_leaf': 5, 'min_samples_split': 2}",0.5493976608187134,0.5518139546446598,0.5403900830242506,0.016397125443441827,51,0.0967741935483871,0.36382460594177246,trois classes
Arbre,grille,"{'criterion': 'gini', 'max_depth': 4, 'min_samples_leaf': 5, 'min_samples_split': 10}",0.5493976608187134,0.5518139546446598,0.5403900830242506,0.016397125443441827,51,0.0967741935483871,0.37154150009155273,trois classes
Arbre,grille,"{'criterion': 'entropy', 'max_depth': 4, 'min_samples_leaf': 20, 'min_samples_split': 10}",0.5613450292397661,0.5635763718513307,0.5401309761769068,0.04877572568352167,67,0.127134724857685,0.34966421127319336,trois classes
Arbre,grille,"{'criterion': 'entropy', 'max_depth': 4, 'min_samples_leaf': 20, 'min_samples_split': 2}",0.5613450292397661,0.5635763718513307,0.5401309761769068,0.04877572568352167,67,0.127134724857685,0.3724029064178467,trois classes
Arbre,grille,"{'criterion': 'entropy', 'max_depth': 8, 'min_samples_leaf': 10, 'min_samples_split': 2}",0.5502865497076023,0.5577777541037447,0.5378604882182609,0.04419338674320264,51,0.0967741935483871,0.3530097007751465,trois classes
Arbre,grille,"{'criterion': 'entropy', 'max_depth': 8, 'min_samples_leaf': 10, 'min_samples_split': 10}",0.5502865497076023,0.5577777541037447,0.5378604882182609,0.04419338674320264,51,0.0967741935483871,0.3588547706604004,trois classes
Arbre,grille,"{'criterion': 'entropy', 'max_depth': 3, 'min_samples_leaf': 10, 'min_samples_split': 10}",0.558625730994152,0.5672699849451479,0.5376280811138818,0.03431112377890064,64,0.12144212523719165,0.37250709533691406,trois classes
Arbre,grille,"{'criterion': 'entropy', 'max_depth': 3, 'min_samples_leaf': 10, 'min_samples_split': 2}",0.558625730994152,0.5672699849451479,0.5376280811138818,0.03431112377890064,64,0.12144212523719165,0.3570084571838379,trois classes
Arbre,grille,"{'criterion': 'entropy', 'max_depth': None, 'min_samples_leaf': 20, 'min_samples_split': 2}",0.5405263157894737,0.5547930969424304,0.5361999659315237,0.02809996337900539,54,0.10246679316888045,0.39180970191955566,trois classes
Arbre,grille,"{'criterion': 'entropy', 'max_depth': 12, 'min_samples_leaf': 20, 'min_samples_split': 10}",0.5405263157894737,0.5547930969424304,0.5361999659315237,0.02809996337900539,54,0.10246679316888045,0.3988196849822998,trois classes
Arbre,grille,"{'criterion': 'entropy', 'max_depth': 12, 'min_samples_leaf': 20, 'min_samples_split': 2}",0.5405263157894737,0.5547930969424304,0.5361999659315237,0.02809996337900539,54,0.10246679316888045,0.41974472999572754,trois classes
Arbre,grille,"{'criterion': 'entropy', 'max_depth': 20, 'min_samples_leaf': 20, 'min_samples_split': 10}",0.5405263157894737,0.5547930969424304,0.5361999659315237,0.02809996337900539,54,0.10246679316888045,0.38652610778808594,trois classes
Arbre,grille,"{'criterion': 'entropy', 'max_depth': 20, 'min_samples_leaf': 20, 'min_samples_split': 2}",0.5405263157894737,0.5547930969424304,0.5361999659315237,0.02809996337900539,54,0.10246679316888045,0.4884054660797119,trois classes
Arbre,grille,"{'criterion': 'entropy', 'max_depth': None, 'min_samples_leaf': 20, 'min_samples_split': 10}",0.5405263157894737,0.5547930969424304,0.5361999659315237,0.02809996337900539,54,0.10246679316888045,0.3501856327056885,trois classes
Arbre,grille,"{'criterion': 'entropy', 'max_depth': 8, 'min_samples_leaf': 20, 'min_samples_split': 10}",0.5405263157894737,0.5547930969424304,0.5361999659315237,0.02809996337900539,54,0.10246679316888045,0.39290833473205566,trois classes
Arbre,grille,"{'criterion': 'entropy', 'max_depth': 8, 'min_samples_leaf': 20, 'min_samples_split': 2}",0.5405263157894737,0.5547930969424304,0.5361999659315237,0.02809996337900539,54,0.10246679316888045,0.340531587600708,trois classes
Arbre,grille,"{'criterion': 'gini', 'max_depth': 8, 'min_samples_leaf': 2, 'min_samples_split': 10}",0.547654970760234,0.5450018234327101,0.5345941037992963,0.01678872231275791,43,0.08159392789373814,0.36701154708862305,trois classes
Arbre,grille,"{'criterion': 'entropy', 'max_depth': 3, 'min_samples_leaf': 20, 'min_samples_split': 2}",0.5613274853801169,0.5733412138179685,0.5332461305386815,0.04729268488683319,65,0.12333965844402277,0.3718888759613037,trois classes
Arbre,grille,"{'criterion': 'entropy', 'max_depth': 3, 'min_samples_leaf': 20, 'min_samples_split': 10}",0.5613274853801169,0.5733412138179685,0.5332461305386815,0.04729268488683319,65,0.12333965844402277,0.35471129417419434,trois classes
Arbre,grille,"{'criterion': 'entropy', 'max_depth': 2, 'min_samples_leaf': 20, 'min_samples_split': 2}",0.5116198830409358,0.5345641673761852,0.5014053901055939,0.04080914652165153,46,0.0872865275142315,0.3555605411529541,trois classes
Arbre,grille,"{'criterion': 'entropy', 'max_depth': 2, 'min_samples_leaf': 20, 'min_samples_split': 10}",0.5116198830409358,0.5345641673761852,0.5014053901055939,0.04080914652165153,46,0.0872865275142315,0.38035082817077637,trois classes
Arbre,grille,"{'criterion': 'entropy', 'max_depth': 2, 'min_samples_leaf': 1, 'min_samples_split': 2}",0.5102865497076023,0.5339831515777781,0.5000304047766685,0.03951866010445865,46,0.0872865275142315,0.3599567413330078,trois classes
Arbre,grille,"{'criterion': 'entropy', 'max_depth': 2, 'min_samples_leaf': 10, 'min_samples_split': 10}",0.5102865497076023,0.5339831515777781,0.5000304047766685,0.03951866010445865,46,0.0872865275142315,0.35952329635620117,trois classes
Arbre,grille,"{'criterion': 'entropy', 'max_depth': 2, 'min_samples_leaf': 10, 'min_samples_split': 2}",0.5102865497076023,0.5339831515777781,0.5000304047766685,0.03951866010445865,46,0.0872865275142315,0.3553159236907959,trois classes
Arbre,grille,"{'criterion': 'entropy', 'max_depth': 2, 'min_samples_leaf': 5, 'min_samples_split': 10}",0.5102865497076023,0.5339831515777781,0.5000304047766685,0.03951866010445865,46,0.0872865275142315,0.35267210006713867,trois classes
Arbre,grille,"{'criterion': 'entropy', 'max_depth': 2, 'min_samples_leaf': 5, 'min_samples_split': 2}",0.5102865497076023,0.5339831515777781,0.5000304047766685,0.03951866010445865,46,0.0872865275142315,0.37747693061828613,trois classes
Arbre,grille,"{'criterion': 'entropy', 'max_depth': 2, 'min_samples_leaf': 2, 'min_samples_split': 10}",0.5102865497076023,0.5339831515777781,0.5000304047766685,0.03951866010445865,46,0.0872865275142315,0.3533332347869873,trois classes
Arbre,grille,"{'criterion': 'entropy', 'max_depth': 2, 'min_samples_leaf': 2, 'min_samples_split': 2}",0.5102865497076023,0.5339831515777781,0.5000304047766685,0.03951866010445865,46,0.0872865275142315,0.3473501205444336,trois classes
Arbre,grille,"{'criterion': 'entropy', 'max_depth': 2, 'min_samples_leaf': 1, 'min_samples_split': 10}",0.5102865497076023,0.5339831515777781,0.5000304047766685,0.03951866010445865,46,0.0872865275142315,0.350492000579834,trois classes
Arbre,grille,"{'criterion': 'gini', 'max_depth': 2, 'min_samples_leaf': 20, 'min_samples_split': 2}",0.4890935672514621,0.518989500510002,0.4757754515315284,0.033353656556592726,49,0.09297912713472485,0.46358704566955566,trois classes
Arbre,grille,"{'criterion': 'gini', 'max_depth': 2, 'min_samples_leaf': 20, 'min_samples_split': 10}",0.4890935672514621,0.518989500510002,0.4757754515315284,0.033353656556592726,49,0.09297912713472485,0.4306960105895996,trois classes
Arbre,grille,"{'criterion': 'gini', 'max_depth': 2, 'min_samples_leaf': 1, 'min_samples_split': 10}",0.4877602339181287,0.5173385571137755,0.47293432776017214,0.03520246539672753,50,0.09487666034155598,0.4366726875305176,trois classes
Arbre,grille,"{'criterion': 'gini', 'max_depth': 2, 'min_samples_leaf': 10, 'min_samples_split': 10}",0.4877602339181287,0.5173385571137755,0.47293432776017214,0.03520246539672753,50,0.09487666034155598,0.4621095657348633,trois classes
Arbre,grille,"{'criterion': 'gini', 'max_depth': 2, 'min_samples_leaf': 10, 'min_samples_split': 2}",0.4877602339181287,0.5173385571137755,0.47293432776017214,0.03520246539672753,50,0.09487666034155598,0.504047155380249,trois classes
Arbre,grille,"{'criterion': 'gini', 'max_depth': 2, 'min_samples_leaf': 5, 'min_samples_split': 10}",0.4877602339181287,0.5173385571137755,0.47293432776017214,0.03520246539672753,50,0.09487666034155598,0.43977999687194824,trois classes
Arbre,grille,"{'criterion': 'gini', 'max_depth': 2, 'min_samples_leaf': 5, 'min_samples_split': 2}",0.4877602339181287,0.5173385571137755,0.47293432776017214,0.03520246539672753,50,0.09487666034155598,0.3977699279785156,trois classes
Arbre,grille,"{'criterion': 'gini', 'max_depth': 2, 'min_samples_leaf': 2, 'min_samples_split': 10}",0.4877602339181287,0.5173385571137755,0.47293432776017214,0.03520246539672753,50,0.09487666034155598,0.44711995124816895,trois classes
Arbre,grille,"{'criterion': 'gini', 'max_depth': 2, 'min_samples_leaf': 2, 'min_samples_split': 2}",0.4877602339181287,0.5173385571137755,0.47293432776017214,0.03520246539672753,50,0.09487666034155598,0.47296786308288574,trois classes
Arbre,grille,"{'criterion': 'gini', 'max_depth': 2, 'min_samples_leaf': 1, 'min_samples_split': 2}",0.4877602339181287,0.5173385571137755,0.47293432776017214,0.03520246539672753,50,0.09487666034155598,0.43651342391967773,trois classes
Regression logistique,grille,{'C': 100.0},0.5743157894736841,0.5719826469423739,0.5583163314986039,0.03506529883593222,40,0.07590132827324478,0.9214811325073242,trois classes
Regression logistique,grille,{'C': 1000.0},0.5723157894736841,0.5692346220901003,0.5567006941731713,0.034736721501006936,39,0.07400379506641366,0.9900248050689697,trois classes
Regression logistique,grille,{'C': 316.22776601683796},0.5723157894736841,0.5696248116107248,0.5560304764541358,0.03468318672296998,39,0.07400379506641366,0.9542579650878906,trois classes
Regression logistique,grille,{'C': 1.0},0.5723333333333334,0.5717078803602934,0.5551803891278311,0.04129878362781421,48,0.09108159392789374,0.5859329700469971,trois classes
Regression logistique,grille,{'C': 10.0},0.5703684210526315,0.5718309026319105,0.552922127535453,0.031056059460761447,42,0.07969639468690702,0.7640576362609863,trois classes
Regression logistique,grille,{'C': 0.31622776601683794},0.5690526315789474,0.5677491415649971,0.5507497369771961,0.04463374670635961,51,0.0967741935483871,0.49486756324768066,trois classes
Regression logistique,grille,{'C': 3.1622776601683795},0.5650000000000001,0.565899617574662,0.5460154059254516,0.04584037505218771,43,0.08159392789373814,0.6404354572296143,trois classes
Regression logistique,grille,{'C': 31.622776601683793},0.562438596491228,0.5619543277686272,0.545529067486499,0.020223679146565515,41,0.0777988614800759,0.8809041976928711,trois classes
Regression logistique,grille,{'C': 0.1},0.5617017543859649,0.5572417237401466,0.5407329392123317,0.060840378974868325,55,0.10436432637571158,0.4452939033508301,trois classes
Regression logistique,grille,{'C': 0.03162277660168379},0.5574619883040937,0.5544916465524147,0.5368626795696156,0.04092330566309036,57,0.10815939278937381,0.3968987464904785,trois classes
Regression logistique,grille,{'C': 0.01},0.541719298245614,0.5392723182985045,0.5180450811800851,0.04813587203455583,62,0.11764705882352941,0.38724207878112793,trois classes
Regression logistique,grille,{'C': 0.0031622776601683794},0.5004736842105263,0.4999614732881662,0.4693147896540467,0.044201738438516304,79,0.14990512333965844,0.39473581314086914,trois classes
Regression logistique,grille,{'C': 0.001},0.48329824561403517,0.4813672753913175,0.43739740483147516,0.03408533505898251,93,0.17647058823529413,0.39758920669555664,trois classes
k plus proches voisins,grille,"{'n_neighbors': 3, 'p': 1, 'preparation__n_axes': 8, 'weights': 'distance'}",0.5959181286549707,0.5986281238831019,0.5911254005282814,0.06242515337914342,37,0.07020872865275142,0.4303131103515625,trois classes
k plus proches voisins,grille,"{'n_neighbors': 7, 'p': 1, 'preparation__n_axes': None, 'weights': 'distance'}",0.6004561403508772,0.6049519975524591,0.5901711080939106,0.021781125972591,30,0.056925996204933584,0.4127497673034668,trois classes
k plus proches voisins,grille,"{'n_neighbors': 10, 'p': 1, 'preparation__n_axes': 14, 'weights': 'distance'}",0.6014619883040936,0.6041267086686302,0.5892035561252598,0.02134469886393265,31,0.058823529411764705,0.44345712661743164,trois classes
k plus proches voisins,grille,"{'n_neighbors': 7, 'p': 1, 'preparation__n_axes': 8, 'weights': 'distance'}",0.5969649122807018,0.6016325555398718,0.587784814944747,0.05062126293716303,35,0.06641366223908918,0.4441215991973877,trois classes
k plus proches voisins,grille,"{'n_neighbors': 7, 'p': 2, 'preparation__n_axes': 8, 'weights': 'distance'}",0.5967251461988304,0.6006652109794358,0.5874668814192023,0.05792536302681422,29,0.05502846299810247,0.4630241394042969,trois classes
k plus proches voisins,grille,"{'n_neighbors': 15, 'p': 2, 'preparation__n_axes': 8, 'weights': 'distance'}",0.6003684210526317,0.6026524601715664,0.5873720474968653,0.02951297594971838,33,0.06261859582542695,0.4548318386077881,trois classes
k plus proches voisins,grille,"{'n_neighbors': 10, 'p': 1, 'preparation__n_axes': None, 'weights': 'distance'}",0.598233918128655,0.6022885185797032,0.5870494167679011,0.021826972517049563,30,0.056925996204933584,0.4248509407043457,trois classes
k plus proches voisins,grille,"{'n_neighbors': 5, 'p': 1, 'preparation__n_axes': 8, 'weights': 'distance'}",0.5874093567251462,0.5963372179635327,0.5833496604616767,0.047149908707224394,34,0.06451612903225806,0.43984079360961914,trois classes
k plus proches voisins,grille,"{'n_neighbors': 10, 'p': 1, 'preparation__n_axes': 8, 'weights': 'distance'}",0.5936140350877193,0.5972274827245697,0.5825898898371265,0.03606482723701558,37,0.07020872865275142,0.4512155055999756,trois classes
k plus proches voisins,grille,"{'n_neighbors': 1, 'p': 2, 'preparation__n_axes': 14, 'weights': 'uniform'}",0.5910175438596491,0.5980447349756404,0.5820471810300248,0.05012766418296303,38,0.07210626185958255,0.39092206954956055,trois classes
k plus proches voisins,grille,"{'n_neighbors': 1, 'p': 2, 'preparation__n_axes': 14, 'weights': 'distance'}",0.5910175438596491,0.5980447349756404,0.5820471810300248,0.05012766418296303,38,0.07210626185958255,0.4204096794128418,trois classes
k plus proches voisins,grille,"{'n_neighbors': 10, 'p': 2, 'preparation__n_axes': 8, 'weights': 'distance'}",0.5958011695906432,0.5962923841701894,0.5817798378399598,0.04238401879118385,31,0.058823529411764705,0.44759321212768555,trois classes
k plus proches voisins,grille,"{'n_neighbors': 1, 'p': 1, 'preparation__n_axes': None, 'weights': 'distance'}",0.587140350877193,0.5949235928146565,0.5811694826438945,0.0628495983575746,24,0.04554079696394687,0.4384267330169678,trois classes
k plus proches voisins,grille,"{'n_neighbors': 1, 'p': 1, 'preparation__n_axes': None, 'weights': 'uniform'}",0.587140350877193,0.5949235928146565,0.5811694826438945,0.0628495983575746,24,0.04554079696394687,2.9681806564331055,trois classes
k plus proches voisins,grille,"{'n_neighbors': 3, 'p': 2, 'preparation__n_axes': 8, 'weights': 'distance'}",0.588654970760234,0.5930482238640535,0.5803001565296364,0.05897842911507371,36,0.0683111954459203,0.4435720443725586,trois classes
k plus proches voisins,grille,"{'n_neighbors': 1, 'p': 2, 'preparation__n_axes': None, 'weights': 'distance'}",0.5890175438596492,0.5966470955854674,0.5798607024235269,0.07692604393488776,27,0.051233396584440226,0.4057273864746094,trois classes
k plus proches voisins,grille,"{'n_neighbors': 1, 'p': 2, 'preparation__n_axes': None, 'weights': 'uniform'}",0.5890175438596492,0.5966470955854674,0.5798607024235269,0.07692604393488776,27,0.051233396584440226,0.4091660976409912,trois classes
k plus proches voisins,grille,"{'n_neighbors': 5, 'p': 2, 'preparation__n_axes': 8, 'weights': 'distance'}",0.5901111111111111,0.593528849715317,0.5794547514675426,0.046795762197893755,31,0.058823529411764705,0.44321489334106445,trois classes
k plus proches voisins,grille,"{'n_neighbors': 1, 'p': 2, 'preparation__n_axes': 8, 'weights': 'uniform'}",0.5889298245614034,0.5935367212286145,0.5793499326968338,0.06841786508133364,34,0.06451612903225806,0.4311504364013672,trois classes
k plus proches voisins,grille,"{'n_neighbors': 1, 'p': 2, 'preparation__n_axes': 8, 'weights': 'distance'}",0.5889298245614034,0.5935367212286145,0.5793499326968338,0.06841786508133364,34,0.06451612903225806,0.4293370246887207,trois classes
k plus proches voisins,grille,"{'n_neighbors': 20, 'p': 1, 'preparation__n_axes': 14, 'weights': 'distance'}",0.5971052631578948,0.6009705591773271,0.5787880360898036,0.046972352235342706,36,0.0683111954459203,0.4349234104156494,trois classes
k plus proches voisins,grille,"{'n_neighbors': 1, 'p': 1, 'preparation__n_axes': 14, 'weights': 'distance'}",0.5829649122807018,0.5931349927758629,0.5776982483482799,0.057632932070445245,34,0.06451612903225806,0.41938114166259766,trois classes
k plus proches voisins,grille,"{'n_neighbors': 1, 'p': 1, 'preparation__n_axes': 14, 'weights': 'uniform'}",0.5829649122807018,0.5931349927758629,0.5776982483482799,0.057632932070445245,34,0.06451612903225806,0.3746178150177002,trois classes
k plus proches voisins,grille,"{'n_neighbors': 50, 'p': 1, 'preparation__n_axes': None, 'weights': 'distance'}",0.5979590643274854,0.6004165504092469,0.5773738232555977,0.02086122833909982,51,0.0967741935483871,0.4317891597747803,trois classes
k plus proches voisins,grille,"{'n_neighbors': 30, 'p': 1, 'preparation__n_axes': None, 'weights': 'distance'}",0.5937368421052632,0.5940044494202392,0.5767124918583006,0.033764766986429946,41,0.0777988614800759,0.16639041900634766,trois classes
k plus proches voisins,grille,"{'n_neighbors': 15, 'p': 1, 'preparation__n_axes': None, 'weights': 'distance'}",0.5871052631578948,0.5888813639096396,0.5761701256304933,0.01684141333087464,36,0.0683111954459203,0.43006157875061035,trois classes
k plus proches voisins,grille,"{'n_neighbors': 3, 'p': 2, 'preparation__n_axes': 14, 'weights': 'distance'}",0.5880760233918129,0.590788482652636,0.576163778452472,0.036571911379770276,34,0.06451612903225806,0.4468648433685303,trois classes
k plus proches voisins,grille,"{'n_neighbors': 10, 'p': 1, 'preparation__n_axes': None, 'weights': 'uniform'}",0.5849883040935673,0.5874400002043009,0.5746454500561058,0.020856489802311296,39,0.07400379506641366,0.3871340751647949,trois classes
k plus proches voisins,grille,"{'n_neighbors': 3, 'p': 2, 'preparation__n_axes': 8, 'weights': 'uniform'}",0.5847777777777778,0.586353996490531,0.5745738995430542,0.0398315470951129,41,0.0777988614800759,0.4198439121246338,trois classes
k plus proches voisins,grille,"{'n_neighbors': 10, 'p': 2, 'preparation__n_axes': None, 'weights': 'distance'}",0.5895789473684211,0.5948428335698441,0.5741119203334264,0.05202906968411231,31,0.058823529411764705,0.4236125946044922,trois classes
k plus proches voisins,grille,"{'n_neighbors': 5, 'p': 1, 'preparation__n_axes': 8, 'weights': 'uniform'}",0.5812222222222222,0.5871888990844802,0.5740168899296147,0.05243956339435271,38,0.07210626185958255,0.3920137882232666,trois classes
k plus proches voisins,grille,"{'n_neighbors': 3, 'p': 1, 'preparation__n_axes': None, 'weights': 'distance'}",0.582093567251462,0.585735421139727,0.5735263553986879,0.05496114270593123,25,0.04743833017077799,0.42658305168151855,trois classes
k plus proches voisins,grille,"{'n_neighbors': 3, 'p': 1, 'preparation__n_axes': 14, 'weights': 'distance'}",0.5853918128654971,0.5866878417056285,0.5733366707708074,0.04086633795413225,34,0.06451612903225806,0.4153423309326172,trois classes
k plus proches voisins,grille,"{'n_neighbors': 30, 'p': 2, 'preparation__n_axes': None, 'weights': 'distance'}",0.5948947368421053,0.5973262875516443,0.5729613297661901,0.048688954152123425,36,0.0683111954459203,0.1598212718963623,trois classes
k plus proches voisins,grille,"{'n_neighbors': 20, 'p': 2, 'preparation__n_axes': 14, 'weights': 'distance'}",0.5942280701754385,0.5916574725356881,0.5728666698738639,0.053707327533525764,37,0.07020872865275142,0.17995524406433105,trois classes
k plus proches voisins,grille,"{'n_neighbors': 20, 'p': 1, 'preparation__n_axes': None, 'weights': 'distance'}",0.5853801169590643,0.5881910903526825,0.5728187204083872,0.019151872912557825,40,0.07590132827324478,0.43508386611938477,trois classes
k plus proches voisins,grille,"{'n_neighbors': 3, 'p': 2, 'preparation__n_axes': 14, 'weights': 'uniform'}",0.5854093567251462,0.5879573369360358,0.5725067950746369,0.04008459796458437,37,0.07020872865275142,0.4147377014160156,trois classes
k plus proches voisins,grille,"{'n_neighbors': 15, 'p': 1, 'preparation__n_axes': 8, 'weights': 'distance'}",0.5862163742690059,0.5877337148088798,0.5721800486097797,0.01864990463683809,37,0.07020872865275142,0.4469311237335205,trois classes
k plus proches voisins,grille,"{'n_neighbors': 7, 'p': 2, 'preparation__n_axes': None, 'weights': 'distance'}",0.5843508771929825,0.5847002450523989,0.5714843074804236,0.042809384332311934,31,0.058823529411764705,0.43967366218566895,trois classes
k plus proches voisins,grille,"{'n_neighbors': 3, 'p': 1, 'preparation__n_axes': 8, 'weights': 'uniform'}",0.5806900584795323,0.5803692456683429,0.5713866065402498,0.047648030665360754,41,0.0777988614800759,0.38367223739624023,trois classes
k plus proches voisins,grille,"{'n_neighbors': 15, 'p': 1, 'preparation__n_axes': 14, 'weights': 'distance'}",0.5877894736842106,0.589398106074788,0.571316931919087,0.034809485804343114,35,0.06641366223908918,0.43999624252319336,trois classes
k plus proches voisins,grille,"{'n_neighbors': 1, 'p': 1, 'preparation__n_axes': 8, 'weights': 'distance'}",0.5782280701754385,0.5795654961309672,0.5697533318486554,0.07873349416062003,35,0.06641366223908918,0.43117666244506836,trois classes
k plus proches voisins,grille,"{'n_neighbors': 1, 'p': 1, 'preparation__n_axes': 8, 'weights': 'uniform'}",0.5782280701754385,0.5795654961309672,0.5697533318486554,0.07873349416062003,35,0.06641366223908918,0.36540722846984863,trois classes
k plus proches voisins,grille,"{'n_neighbors': 3, 'p': 2, 'preparation__n_axes': None, 'weights': 'uniform'}",0.5807602339181287,0.5837325497129132,0.5697186691396016,0.05260214544788853,33,0.06261859582542695,0.4097580909729004,trois classes
k plus proches voisins,grille,"{'n_neighbors': 50, 'p': 1, 'preparation__n_axes': 14, 'weights': 'distance'}",0.5937719298245614,0.596226703687248,0.5696884000368349,0.020768549558551053,45,0.08538899430740038,0.4419264793395996,trois classes
k plus proches voisins,grille,"{'n_neighbors': 7, 'p': 2, 'preparation__n_axes': 14, 'weights': 'distance'}",0.5828304093567251,0.5835896929860349,0.56955608727577,0.0302070577273407,31,0.058823529411764705,0.4404878616333008,trois classes
k plus proches voisins,grille,"{'n_neighbors': 20, 'p': 2, 'preparation__n_axes': 8, 'weights': 'distance'}",0.5870877192982455,0.5902507849412187,0.5695345650305604,0.03479022961211366,36,0.0683111954459203,0.4210340976715088,trois classes
k plus proches voisins,grille,"{'n_neighbors': 10, 'p': 2, 'preparation__n_axes': 14, 'weights': 'distance'}",0.5820760233918129,0.5843526376510384,0.5684306580663623,0.04902159161541475,32,0.06072106261859583,0.4273531436920166,trois classes
k plus proches voisins,grille,"{'n_neighbors': 15, 'p': 2, 'preparation__n_axes': None, 'weights': 'distance'}",0.5843684210526315,0.5882414032828381,0.5683730228998751,0.03132043871165122,35,0.06641366223908918,0.4432094097137451,trois classes
k plus proches voisins,grille,"{'n_neighbors': 50, 'p': 2, 'preparation__n_axes': 14, 'weights': 'distance'}",0.599,0.5965865536124391,0.5681904359399044,0.03234682389766268,37,0.07020872865275142,0.49429774284362793,trois classes
k plus proches voisins,grille,"{'n_neighbors': 7, 'p': 1, 'preparation__n_axes': None, 'weights': 'uniform'}",0.5778245614035088,0.5802114012119601,0.5679864878252407,0.017043155903413557,36,0.0683111954459203,0.3740818500518799,trois classes
k plus proches voisins,grille,"{'n_neighbors': 20, 'p': 1, 'preparation__n_axes': 8, 'weights': 'distance'}",0.582438596491228,0.58543127772913,0.5679072783958431,0.021545774785140383,41,0.0777988614800759,0.43979525566101074,trois classes
k plus proches voisins,grille,"{'n_neighbors': 5, 'p': 2, 'preparation__n_axes': 8, 'weights': 'uniform'}",0.5776023391812866,0.5801896570001441,0.5676364652027541,0.037163834087612216,35,0.06641366223908918,0.42751550674438477,trois classes
k plus proches voisins,grille,"{'n_neighbors': 15, 'p': 2, 'preparation__n_axes': 14, 'weights': 'distance'}",0.5817368421052631,0.5876834366367616,0.5668171151034853,0.03108557451051896,32,0.06072106261859583,0.43001627922058105,trois classes
k plus proches voisins,grille,"{'n_neighbors': 3, 'p': 2, 'preparation__n_axes': None, 'weights': 'distance'}",0.5767777777777778,0.5816679275228391,0.5664620769004494,0.05629098236764518,29,0.05502846299810247,0.4217863082885742,trois classes
k plus proches voisins,grille,"{'n_neighbors': 30, 'p': 1, 'preparation__n_axes': 14, 'weights': 'distance'}",0.5837543859649121,0.5843818627096481,0.5644239672142282,0.04861779094013283,39,0.07400379506641366,0.164398193359375,trois classes
k plus proches voisins,grille,"{'n_neighbors': 10, 'p': 1, 'preparation__n_axes': 14, 'weights': 'uniform'}",0.576233918128655,0.5756789683785503,0.564286605779125,0.01832053940871518,41,0.0777988614800759,0.3675570487976074,trois classes
k plus proches voisins,grille,"{'n_neighbors': 50, 'p': 2, 'preparation__n_axes': 8, 'weights': 'distance'}",0.5925555555555555,0.595230619484975,0.5639830993049689,0.030776996140107354,49,0.09297912713472485,0.4483456611633301,trois classes
k plus proches voisins,grille,"{'n_neighbors': 15, 'p': 1, 'preparation__n_axes': None, 'weights': 'uniform'}",0.5739824561403508,0.5752174734288202,0.5639694399249853,0.0363511610075905,44,0.08349146110056926,0.37316250801086426,trois classes
k plus proches voisins,grille,"{'n_neighbors': 3, 'p': 1, 'preparation__n_axes': 14, 'weights': 'uniform'}",0.5767602339181286,0.5772907140784327,0.5622825125307265,0.03898090284934417,38,0.07210626185958255,0.38860106468200684,trois classes
k plus proches voisins,grille,"{'n_neighbors': 20, 'p': 1, 'preparation__n_axes': None, 'weights': 'uniform'}",0.574906432748538,0.5774148582052219,0.5620481492313766,0.04907275082150279,51,0.0967741935483871,0.3840305805206299,trois classes
k plus proches voisins,grille,"{'n_neighbors': 5, 'p': 1, 'preparation__n_axes': 14, 'weights': 'uniform'}",0.5768304093567252,0.5752625809696291,0.5615866419061932,0.04880654586311777,37,0.07020872865275142,0.37797975540161133,trois classes
k plus proches voisins,grille,"{'n_neighbors': 7, 'p': 2, 'preparation__n_axes': 14, 'weights': 'uniform'}",0.5748654970760234,0.577632900484566,0.5611186271829547,0.026945654028985293,35,0.06641366223908918,0.41768407821655273,trois classes
k plus proches voisins,grille,"{'n_neighbors': 5, 'p': 2, 'preparation__n_axes': None, 'weights': 'distance'}",0.575,0.5761959251056215,0.5610522188367109,0.0492331168869151,28,0.05313092979127135,0.4379122257232666,trois classes
k plus proches voisins,grille,"{'n_neighbors': 5, 'p': 1, 'preparation__n_axes': None, 'weights': 'distance'}",0.5698245614035088,0.5777625173454084,0.5607583275448457,0.025179003726488645,30,0.056925996204933584,0.4156928062438965,trois classes
k plus proches voisins,grille,"{'n_neighbors': 20, 'p': 2, 'preparation__n_axes': None, 'weights': 'distance'}",0.5790526315789474,0.5834519716688789,0.5605323524399449,0.021705009878373732,38,0.07210626185958255,0.44025206565856934,trois classes
k plus proches voisins,grille,"{'n_neighbors': 30, 'p': 2, 'preparation__n_axes': 14, 'weights': 'distance'}",0.5796140350877192,0.5815746381563124,0.5603882206126929,0.04333210767598173,38,0.07210626185958255,0.4031198024749756,trois classes
k plus proches voisins,grille,"{'n_neighbors': 30, 'p': 1, 'preparation__n_axes': 8, 'weights': 'distance'}",0.5791578947368421,0.5845297631506081,0.560026022166674,0.029733721781153886,43,0.08159392789373814,0.16330218315124512,trois classes
k plus proches voisins,grille,"{'n_neighbors': 7, 'p': 1, 'preparation__n_axes': 8, 'weights': 'uniform'}",0.5664385964912281,0.5670159422993263,0.5586685867291314,0.030443129146224636,38,0.07210626185958255,0.37210583686828613,trois classes
k plus proches voisins,grille,"{'n_neighbors': 30, 'p': 2, 'preparation__n_axes': 8, 'weights': 'distance'}",0.5817543859649122,0.5814097773567465,0.5583908690069875,0.03144260304340976,40,0.07590132827324478,0.3821597099304199,trois classes
k plus proches voisins,grille,"{'n_neighbors': 5, 'p': 1, 'preparation__n_axes': 14, 'weights': 'distance'}",0.5708304093567251,0.5724238700586304,0.5582912358285579,0.06196670546709014,30,0.056925996204933584,0.43718600273132324,trois classes
k plus proches voisins,grille,"{'n_neighbors': 10, 'p': 1, 'preparation__n_axes': 8, 'weights': 'uniform'}",0.5684736842105264,0.5659945573060142,0.5575290303102287,0.019247670947745467,40,0.07590132827324478,0.397463321685791,trois classes
k plus proches voisins,grille,"{'n_neighbors': 7, 'p': 1, 'preparation__n_axes': 14, 'weights': 'uniform'}",0.5695672514619883,0.5722292894182543,0.5571213002486608,0.028043680681307696,36,0.0683111954459203,0.40882039070129395,trois classes
k plus proches voisins,grille,"{'n_neighbors': 5, 'p': 2, 'preparation__n_axes': 14, 'weights': 'distance'}",0.5734795321637427,0.5690329640940205,0.5561183309668717,0.051346741424615316,30,0.056925996204933584,0.44322848320007324,trois classes
k plus proches voisins,grille,"{'n_neighbors': 3, 'p': 1, 'preparation__n_axes': None, 'weights': 'uniform'}",0.5661812865497076,0.5678994578563061,0.5550226689741674,0.029317060293707654,35,0.06641366223908918,0.3768901824951172,trois classes
k plus proches voisins,grille,"{'n_neighbors': 50, 'p': 2, 'preparation__n_axes': None, 'weights': 'distance'}",0.5841812865497076,0.5812658043558653,0.5537065346666987,0.024102848617637982,45,0.08538899430740038,0.37235164642333984,trois classes
k plus proches voisins,grille,"{'n_neighbors': 5, 'p': 1, 'preparation__n_axes': None, 'weights': 'uniform'}",0.5619122807017545,0.5655762101863931,0.5534147832302749,0.029083360364256884,34,0.06451612903225806,0.3824787139892578,trois classes
k plus proches voisins,grille,"{'n_neighbors': 7, 'p': 2, 'preparation__n_axes': None, 'weights': 'uniform'}",0.5670350877192982,0.5715342136568078,0.5525398161152182,0.049730275458014235,41,0.0777988614800759,0.3902168273925781,trois classes
k plus proches voisins,grille,"{'n_neighbors': 7, 'p': 1, 'preparation__n_axes': 14, 'weights': 'distance'}",0.5668479532163743,0.567402853551814,0.5520911897370889,0.043425304526926174,32,0.06072106261859583,0.43293094635009766,trois classes
k plus proches voisins,grille,"{'n_neighbors': 15, 'p': 2, 'preparation__n_axes': 8, 'weights': 'uniform'}",0.56406432748538,0.5637500660426348,0.5506727110817191,0.03758931554820807,50,0.09487666034155598,0.4233071804046631,trois classes
k plus proches voisins,grille,"{'n_neighbors': 7, 'p': 2, 'preparation__n_axes': 8, 'weights': 'uniform'}",0.5613450292397661,0.562094315852925,0.550326777877274,0.04380426506237153,47,0.08918406072106262,0.42623257637023926,trois classes
k plus proches voisins,grille,"{'n_neighbors': 50, 'p': 1, 'preparation__n_axes': 8, 'weights': 'distance'}",0.5744912280701755,0.5768400016756685,0.549307316219261,0.02022669254261841,48,0.09108159392789374,0.4630274772644043,trois classes
k plus proches voisins,grille,"{'n_neighbors': 20, 'p': 2, 'preparation__n_axes': 14, 'weights': 'uniform'}",0.5704210526315789,0.5698649572389993,0.5477981409501401,0.03967836271686674,56,0.1062618595825427,0.2712984085083008,trois classes
k plus proches voisins,grille,"{'n_neighbors': 10, 'p': 2, 'preparation__n_axes': None, 'weights': 'uniform'}",0.561719298245614,0.5652092556623824,0.5476474169441874,0.03819154904795605,43,0.08159392789373814,0.40218496322631836,trois classes
k plus proches voisins,grille,"{'n_neighbors': 10, 'p': 2, 'preparation__n_axes': 8, 'weights': 'uniform'}",0.5613625730994153,0.5542102494411587,0.5475375188163749,0.009416123781205137,40,0.07590132827324478,0.41555190086364746,trois classes
k plus proches voisins,grille,"{'n_neighbors': 10, 'p': 2, 'preparation__n_axes': 14, 'weights': 'uniform'}",0.5581988304093567,0.5624319979601576,0.5473556648532584,0.03700157003063341,44,0.08349146110056926,0.42714524269104004,trois classes
k plus proches voisins,grille,"{'n_neighbors': 5, 'p': 2, 'preparation__n_axes': 14, 'weights': 'uniform'}",0.5641637426900584,0.558797609432863,0.5469474615938019,0.04278532709473415,33,0.06261859582542695,0.4344141483306885,trois classes
k plus proches voisins,grille,"{'n_neighbors': 15, 'p': 1, 'preparation__n_axes': 14, 'weights': 'uniform'}",0.5599824561403508,0.5606113815854818,0.5468236522825514,0.02670554207402384,49,0.09297912713472485,0.38285398483276367,trois classes
k plus proches voisins,grille,"{'n_neighbors': 20, 'p': 2, 'preparation__n_axes': None, 'weights': 'uniform'}",0.5658596491228071,0.5650916579885634,0.5437255980671444,0.03403289030404859,47,0.08918406072106262,0.4052693843841553,trois classes
k plus proches voisins,grille,"{'n_neighbors': 5, 'p': 2, 'preparation__n_axes': None, 'weights': 'uniform'}",0.5564561403508772,0.5555887912626911,0.5404849755687495,0.022725962349879614,33,0.06261859582542695,0.4254598617553711,trois classes
k plus proches voisins,grille,"{'n_neighbors': 15, 'p': 2, 'preparation__n_axes': None, 'weights': 'uniform'}",0.5564736842105262,0.5609709992631357,0.5404293963879009,0.022773799664726126,52,0.09867172675521822,0.407745361328125,trois classes
k plus proches voisins,grille,"{'n_neighbors': 15, 'p': 1, 'preparation__n_axes': 8, 'weights': 'uniform'}",0.5487309941520467,0.5503390828948174,0.536944228918001,0.017817725813814283,50,0.09487666034155598,0.39100193977355957,trois classes
k plus proches voisins,grille,"{'n_neighbors': 30, 'p': 1, 'preparation__n_axes': None, 'weights': 'uniform'}",0.5641345029239766,0.5606139714290854,0.5346360259219847,0.040274016177396184,62,0.11764705882352941,0.13532710075378418,trois classes
k plus proches voisins,grille,"{'n_neighbors': 30, 'p': 2, 'preparation__n_axes': 14, 'weights': 'uniform'}",0.5598421052631579,0.5604259468113544,0.5322982400698681,0.03516186121668766,62,0.11764705882352941,0.40500545501708984,trois classes
k plus proches voisins,grille,"{'n_neighbors': 20, 'p': 1, 'preparation__n_axes': 14, 'weights': 'uniform'}",0.556391812865497,0.5574231767873251,0.5317431787312611,0.058799586106223434,53,0.10056925996204934,0.40251970291137695,trois classes
k plus proches voisins,grille,"{'n_neighbors': 20, 'p': 1, 'preparation__n_axes': 8, 'weights': 'uniform'}",0.5479649122807018,0.5487841232418882,0.5293180865610907,0.021586774500884955,56,0.1062618595825427,0.38108086585998535,trois classes
k plus proches voisins,grille,"{'n_neighbors': 20, 'p': 2, 'preparation__n_axes': 8, 'weights': 'uniform'}",0.5482222222222222,0.5470338065178834,0.5283250814495177,0.02531361249114441,54,0.10246679316888045,0.4310567378997803,trois classes
k plus proches voisins,grille,"{'n_neighbors': 15, 'p': 2, 'preparation__n_axes': 14, 'weights': 'uniform'}",0.5412456140350878,0.5464504591147518,0.5251321114919787,0.02356064713760429,52,0.09867172675521822,0.40744853019714355,trois classes
k plus proches voisins,grille,"{'n_neighbors': 30, 'p': 2, 'preparation__n_axes': None, 'weights': 'uniform'}",0.5507134502923976,0.5495682546282799,0.5220151102653051,0.034846692547455434,56,0.1062618595825427,0.1477816104888916,trois classes
k plus proches voisins,grille,"{'n_neighbors': 30, 'p': 2, 'preparation__n_axes': 8, 'weights': 'uniform'}",0.5485438596491229,0.5500796715201242,0.5187710352297683,0.019175435198533205,55,0.10436432637571158,0.39773130416870117,trois classes
k plus proches voisins,grille,"{'n_neighbors': 50, 'p': 1, 'preparation__n_axes': 14, 'weights': 'uniform'}",0.5392631578947369,0.5454692463032831,0.5108523896518834,0.030352607790406983,66,0.1252371916508539,0.4070150852203369,trois classes
k plus proches voisins,grille,"{'n_neighbors': 50, 'p': 2, 'preparation__n_axes': 8, 'weights': 'uniform'}",0.5435380116959065,0.5466213455989236,0.5070494666159423,0.029251473388979817,66,0.1252371916508539,0.3895993232727051,trois classes
k plus proches voisins,grille,"{'n_neighbors': 50, 'p': 2, 'preparation__n_axes': None, 'weights': 'uniform'}",0.5425263157894736,0.542135070288659,0.5052055850787246,0.023773995825931822,63,0.11954459203036052,0.42952609062194824,trois classes
k plus proches voisins,grille,"{'n_neighbors': 50, 'p': 2, 'preparation__n_axes': 14, 'weights': 'uniform'}",0.5392280701754386,0.5387957325146061,0.503801055746268,0.0157215431809542,62,0.11764705882352941,0.4150247573852539,trois classes
k plus proches voisins,grille,"{'n_neighbors': 30, 'p': 1, 'preparation__n_axes': 14, 'weights': 'uniform'}",0.5320350877192983,0.5331664303101473,0.5023852973798045,0.022718965475508945,66,0.1252371916508539,0.14318132400512695,trois classes
k plus proches voisins,grille,"{'n_neighbors': 50, 'p': 1, 'preparation__n_axes': None, 'weights': 'uniform'}",0.5275029239766083,0.529734238385781,0.4961728072378566,0.042075483195449175,71,0.1347248576850095,0.38381505012512207,trois classes
k plus proches voisins,grille,"{'n_neighbors': 30, 'p': 1, 'preparation__n_axes': 8, 'weights': 'uniform'}",0.5280877192982457,0.5302396629196322,0.496115368938914,0.03180269714916872,62,0.11764705882352941,0.14390230178833008,trois classes
k plus proches voisins,grille,"{'n_neighbors': 50, 'p': 1, 'preparation__n_axes': 8, 'weights': 'uniform'}",0.520578947368421,0.5210824048719032,0.4880974538912838,0.05422547782694633,66,0.1252371916508539,0.39469408988952637,trois classes
SVM,grille,"{'C': 100, 'gamma': 0.1, 'kernel': 'poly'}",0.6228070175438596,0.6273930369709448,0.6119379161107588,0.04981837704394187,26,0.04933586337760911,0.5407357215881348,trois classes
SVM,grille,"{'C': 100, 'gamma': 0.1, 'kernel': 'rbf'}",0.6175614035087719,0.6207019031382874,0.6068913604925493,0.06148148396683361,23,0.04364326375711575,0.6157557964324951,trois classes
SVM,grille,"{'C': 10, 'gamma': 0.1, 'kernel': 'poly'}",0.6128947368421053,0.6224138738289424,0.6067739862558417,0.045460518104402804,25,0.04743833017077799,0.5610921382904053,trois classes
SVM,grille,"{'C': 100, 'gamma': 'scale', 'kernel': 'rbf'}",0.6122631578947368,0.6169873624187838,0.6039278229815401,0.044975190323808534,17,0.03225806451612903,0.6648299694061279,trois classes
SVM,grille,"{'C': 10, 'gamma': 0.1, 'kernel': 'rbf'}",0.6176666666666667,0.6234618805158424,0.6027383660621062,0.05643180546471523,23,0.04364326375711575,0.6742942333221436,trois classes
SVM,grille,"{'C': 100, 'gamma': 'scale', 'kernel': 'poly'}",0.607561403508772,0.6130384697399651,0.5979341922954503,0.05083573447757506,24,0.04554079696394687,0.5211420059204102,trois classes
SVM,grille,"{'C': 1, 'gamma': 0.1, 'kernel': 'poly'}",0.608280701754386,0.6137066206591387,0.5938360853930215,0.05475636874165038,34,0.06451612903225806,0.5682494640350342,trois classes
SVM,grille,"{'C': 10, 'gamma': 'scale', 'kernel': 'rbf'}",0.6069298245614034,0.6068940888550141,0.592290561254101,0.04986386180234364,23,0.04364326375711575,0.6107766628265381,trois classes
SVM,grille,"{'C': 100, 'gamma': 0.01, 'kernel': 'rbf'}",0.6069298245614034,0.6072954791458295,0.5920722834245813,0.04190851816926472,31,0.058823529411764705,0.5577661991119385,trois classes
SVM,grille,"{'C': 10, 'gamma': 'scale', 'kernel': 'poly'}",0.6016140350877194,0.6060725811206036,0.5824378990705429,0.05840630391336591,37,0.07020872865275142,0.5171558856964111,trois classes
SVM,grille,"{'C': 10, 'gamma': 0.01, 'kernel': 'rbf'}",0.5962456140350878,0.59347278247843,0.5802743765588735,0.03936071184860232,38,0.07210626185958255,0.5613350868225098,trois classes
SVM,grille,"{'C': 100, 'gamma': 0.003, 'kernel': 'rbf'}",0.5895263157894737,0.588664276218706,0.5727071260313549,0.048217343232557115,39,0.07400379506641366,0.6344683170318604,trois classes
SVM,grille,"{'C': 1, 'gamma': 'scale', 'kernel': 'rbf'}",0.5812046783625731,0.5772780406774537,0.5594882960881703,0.04511552688524583,41,0.0777988614800759,0.5420584678649902,trois classes
SVM,grille,"{'C': 1, 'gamma': 0.01, 'kernel': 'rbf'}",0.5808947368421052,0.572442080142596,0.5585405835344066,0.06290561038489081,53,0.10056925996204934,0.6335217952728271,trois classes
SVM,grille,"{'C': 1, 'gamma': 0.1, 'kernel': 'rbf'}",0.5745029239766082,0.5737121308562476,0.5562372832573701,0.059011387937847125,35,0.06641366223908918,0.6298680305480957,trois classes
SVM,grille,"{'C': 10, 'gamma': 0.003, 'kernel': 'rbf'}",0.5690175438596492,0.5663280917616084,0.5478701526205212,0.034428975806788234,51,0.0967741935483871,0.6224148273468018,trois classes
SVM,grille,"{'C': 1, 'gamma': 0.003, 'kernel': 'rbf'}",0.5151578947368421,0.5102089579812782,0.4820404155559966,0.04447368331338619,79,0.14990512333965844,0.5539748668670654,trois classes
SVM,grille,"{'C': 0.1, 'gamma': 'scale', 'kernel': 'rbf'}",0.5193684210526316,0.5179126066570545,0.4757050518233307,0.05323852904252528,73,0.13851992409867173,0.4449319839477539,trois classes
SVM,grille,"{'C': 0.1, 'gamma': 0.1, 'kernel': 'poly'}",0.5164385964912281,0.5159459192133001,0.47064725069903035,0.05156986634558337,78,0.14800759013282733,0.4572134017944336,trois classes
SVM,grille,"{'C': 100, 'gamma': 0.01, 'kernel': 'poly'}",0.5164385964912281,0.5159459192133001,0.47064725069903035,0.05156986634558337,78,0.14800759013282733,0.44496774673461914,trois classes
SVM,grille,"{'C': 1, 'gamma': 'scale', 'kernel': 'poly'}",0.48647368421052634,0.48725065159523046,0.4380640146146094,0.06075224736520485,96,0.18216318785578747,0.442413330078125,trois classes
SVM,grille,"{'C': 0.1, 'gamma': 'scale', 'kernel': 'poly'}",0.4519298245614035,0.4580082824593446,0.4047419423389746,0.05155643923923477,126,0.23908918406072105,0.48273777961730957,trois classes
SVM,grille,"{'C': 100, 'gamma': 0.003, 'kernel': 'poly'}",0.45945029239766083,0.441835166424979,0.40285565243557253,0.0662194773112302,59,0.11195445920303605,0.52046799659729,trois classes
SVM,grille,"{'C': 10, 'gamma': 0.01, 'kernel': 'poly'}",0.44926315789473686,0.45528719402397044,0.40094963974171216,0.05315365061267824,125,0.23719165085388993,0.5161447525024414,trois classes
SVM,grille,"{'C': 0.1, 'gamma': 0.1, 'kernel': 'rbf'}",0.48217543859649126,0.4798803889178528,0.39737312477677306,0.028287515352983832,87,0.1650853889943074,0.5829644203186035,trois classes
SVM,grille,"{'C': 0.1, 'gamma': 0.01, 'kernel': 'rbf'}",0.45475438596491224,0.45772191850413285,0.36996593657076154,0.03561328402453363,121,0.22960151802656548,0.653609037399292,trois classes
SVM,grille,"{'C': 1, 'gamma': 0.01, 'kernel': 'poly'}",0.4469941520467836,0.4173532070296333,0.3475655640022658,0.07628059700928135,36,0.0683111954459203,0.5347473621368408,trois classes
SVM,grille,"{'C': 10, 'gamma': 0.003, 'kernel': 'poly'}",0.3925029239766082,0.3559489297583486,0.22271999734244408,0.03155823052209308,40,0.07590132827324478,0.5087921619415283,trois classes
SVM,grille,"{'C': 0.1, 'gamma': 0.003, 'kernel': 'rbf'}",0.36098245614035085,0.3602436195786579,0.20965482081650597,0.08438908790598001,155,0.29411764705882354,0.6482882499694824,trois classes
SVM,grille,"{'C': 1, 'gamma': 0.003, 'kernel': 'poly'}",0.3569824561403509,0.34947428246660983,0.1972036883200242,0.052508293311007016,136,0.25806451612903225,0.5072205066680908,trois classes
SVM,grille,"{'C': 0.1, 'gamma': 0.01, 'kernel': 'poly'}",0.3409824561403509,0.3435093162317785,0.18577463679445885,0.02839353775008209,107,0.2030360531309298,0.5986361503601074,trois classes
SVM,grille,"{'C': 0.1, 'gamma': 0.003, 'kernel': 'poly'}",0.33831578947368424,0.3359477124183006,0.17222100693883668,0.024933153338384344,143,0.2713472485768501,0.5199613571166992,trois classes
Bayesien naif,grille,{'var_smoothing': 0.01},0.49419883040935675,0.4864370358092387,0.4653666490057846,0.04395372214791533,90,0.17077798861480076,0.3604593276977539,trois classes
Bayesien naif,grille,{'var_smoothing': 0.0001},0.4960643274853801,0.4868895520339918,0.4621660424865438,0.03496578023169801,91,0.17267552182163187,0.34834909439086914,trois classes
Bayesien naif,grille,{'var_smoothing': 0.001},0.49290058479532173,0.48271957650959907,0.4587975833460246,0.04707101782313009,88,0.16698292220113853,0.353363037109375,trois classes
Bayesien naif,grille,{'var_smoothing': 1e-06},0.48680116959064323,0.4846314778904367,0.44251909544668966,0.023309544195890035,95,0.18026565464895636,0.38324594497680664,trois classes
Bayesien naif,grille,{'var_smoothing': 1e-08},0.4908011695906433,0.4876076591815677,0.4382143364451393,0.04938841763586804,95,0.18026565464895636,0.34688258171081543,trois classes
Bayesien naif,grille,{'var_smoothing': 1e-05},0.47750292397660826,0.47150178409817506,0.4375613367821525,0.022215031820712446,97,0.1840607210626186,0.35460543632507324,trois classes
Bayesien naif,grille,{'var_smoothing': 1e-07},0.48413450292397664,0.4837673200949231,0.4336945815554138,0.039761864995860804,95,0.18026565464895636,0.3775210380554199,trois classes
Bayesien naif,grille,{'var_smoothing': 1e-09},0.4748362573099415,0.4679148503001178,0.4157528617165349,0.07224671109775929,108,0.2049335863377609,0.35577940940856934,trois classes
Bayesien naif,grille,{'var_smoothing': 1e-10},0.4761695906432749,0.4716241271142917,0.4080888942595819,0.07587267538100782,107,0.2030360531309298,0.3780207633972168,trois classes
Forêt aleatoire,forme a 100 arbres,"{'max_depth': 12, 'max_features': 0.25, 'min_samples_leaf': 1, 'n_estimators': 100}",0.6348771929824562,0.6415337200877507,0.6273719758907831,0.03826917682979897,19,0.036053130929791274,2.8518924713134766,trois classes
Forêt aleatoire,nombre d'arbres,"{'max_depth': None, 'max_features': 0.75, 'min_samples_leaf': 1, 'n_estimators': 500}",0.6326549707602338,0.6390838212296066,0.6264069828478005,0.03817288898379096,18,0.03415559772296015,13.126278162002563,trois classes
Forêt aleatoire,nombre d'arbres,"{'max_depth': None, 'max_features': 0.5, 'min_samples_leaf': 1, 'n_estimators': 500}",0.6335263157894737,0.6396595197102101,0.6241826282125771,0.041159663148190154,19,0.036053130929791274,13.123350381851196,trois classes
Forêt aleatoire,nombre d'arbres,"{'max_depth': 12, 'max_features': 0.25, 'min_samples_leaf': 1, 'n_estimators': 250}",0.6315964912280702,0.63661376774553,0.6232389045584179,0.04515807101310965,20,0.03795066413662239,6.098352432250977,trois classes
Forêt aleatoire,forme a 100 arbres,"{'max_depth': None, 'max_features': 0.5, 'min_samples_leaf': 1, 'n_estimators': 100}",0.6273040935672515,0.6315049081713295,0.6193798486030138,0.047068167396867054,19,0.036053130929791274,2.9591526985168457,trois classes
Forêt aleatoire,nombre d'arbres,"{'max_depth': None, 'max_features': 0.5, 'min_samples_leaf': 1, 'n_estimators': 250}",0.6268947368421053,0.632091330592407,0.6192287635196176,0.0321124440940093,19,0.036053130929791274,6.130230188369751,trois classes
Forêt aleatoire,forme a 100 arbres,"{'max_depth': None, 'max_features': 0.75, 'min_samples_leaf': 1, 'n_estimators': 100}",0.6269473684210526,0.630363980808349,0.6186960403036119,0.030602594532258182,20,0.03795066413662239,3.2706198692321777,trois classes
Forêt aleatoire,forme a 100 arbres,"{'max_depth': 20, 'max_features': 0.75, 'min_samples_leaf': 1, 'n_estimators': 100}",0.6269473684210526,0.630363980808349,0.6186960403036119,0.030602594532258182,20,0.03795066413662239,3.0266172885894775,trois classes
Forêt aleatoire,nombre d'arbres,"{'max_depth': None, 'max_features': 0.75, 'min_samples_leaf': 1, 'n_estimators': 250}",0.6260233918128655,0.6306154715202674,0.6174267656944873,0.033421040126581626,19,0.036053130929791274,6.9324963092803955,trois classes
Forêt aleatoire,nombre d'arbres,"{'max_depth': 12, 'max_features': 0.25, 'min_samples_leaf': 1, 'n_estimators': 500}",0.6268947368421053,0.631503782602385,0.6169017757864064,0.03926917550962611,20,0.03795066413662239,11.853563070297241,trois classes
Forêt aleatoire,forme a 100 arbres,"{'max_depth': 20, 'max_features': 0.25, 'min_samples_leaf': 1, 'n_estimators': 100}",0.6242631578947369,0.6295442802821296,0.6151616549739468,0.03459521053568051,21,0.03984819734345351,3.0892224311828613,trois classes
Forêt aleatoire,forme a 100 arbres,"{'max_depth': 20, 'max_features': 0.5, 'min_samples_leaf': 1, 'n_estimators': 100}",0.6219707602339181,0.6268698383188684,0.6144389121742531,0.04298634395972511,19,0.036053130929791274,2.963407039642334,trois classes
Forêt aleatoire,forme a 100 arbres,"{'max_depth': 12, 'max_features': 0.5, 'min_samples_leaf': 1, 'n_estimators': 100}",0.6193391812865496,0.6241353692323968,0.6121390770398744,0.047889762560731255,20,0.03795066413662239,3.1682543754577637,trois classes
Forêt aleatoire,forme a 100 arbres,"{'max_depth': None, 'max_features': 0.25, 'min_samples_leaf': 1, 'n_estimators': 100}",0.6202631578947368,0.6250749288980777,0.6104900323268838,0.031245164521447762,21,0.03984819734345351,2.950951099395752,trois classes
Forêt aleatoire,forme a 100 arbres,"{'max_depth': 12, 'max_features': 0.25, 'min_samples_leaf': 2, 'n_estimators': 100}",0.6185380116959064,0.627308360794072,0.6093927683585161,0.025912887519282387,28,0.05313092979127135,3.0239098072052,trois classes
Forêt aleatoire,forme a 100 arbres,"{'max_depth': 8, 'max_features': 0.75, 'min_samples_leaf': 2, 'n_estimators': 100}",0.6162982456140351,0.6213398757855155,0.6079348649926535,0.027404231528066852,33,0.06261859582542695,2.8888702392578125,trois classes
Forêt aleatoire,forme a 100 arbres,"{'max_depth': 20, 'max_features': 0.75, 'min_samples_leaf': 5, 'n_estimators': 100}",0.6175438596491228,0.6249569679376782,0.6074870604180193,0.03830823860024522,31,0.058823529411764705,2.952700614929199,trois classes
Forêt aleatoire,forme a 100 arbres,"{'max_depth': None, 'max_features': 0.75, 'min_samples_leaf': 5, 'n_estimators': 100}",0.6175438596491228,0.6249569679376782,0.6074870604180193,0.03830823860024522,31,0.058823529411764705,3.0772545337677,trois classes
Forêt aleatoire,forme a 100 arbres,"{'max_depth': 12, 'max_features': 0.75, 'min_samples_leaf': 1, 'n_estimators': 100}",0.6162982456140351,0.6191871998916257,0.6052522836130307,0.028299074197469687,23,0.04364326375711575,3.058523416519165,trois classes
Forêt aleatoire,forme a 100 arbres,"{'max_depth': 12, 'max_features': 0.75, 'min_samples_leaf': 5, 'n_estimators': 100}",0.6148771929824561,0.6218278949855653,0.6047495191093437,0.04047576220028746,31,0.058823529411764705,3.043733835220337,trois classes
Forêt aleatoire,forme a 100 arbres,"{'max_depth': None, 'max_features': 0.5, 'min_samples_leaf': 5, 'n_estimators': 100}",0.6125847953216373,0.6126271197584948,0.6022125182557215,0.04832082001335002,30,0.056925996204933584,2.8874869346618652,trois classes
Forêt aleatoire,forme a 100 arbres,"{'max_depth': 20, 'max_features': 0.5, 'min_samples_leaf': 5, 'n_estimators': 100}",0.6125847953216373,0.6126271197584948,0.6022125182557215,0.04832082001335002,30,0.056925996204933584,2.908533811569214,trois classes
Forêt aleatoire,forme a 100 arbres,"{'max_depth': 20, 'max_features': 0.75, 'min_samples_leaf': 2, 'n_estimators': 100}",0.6095964912280702,0.6155324293304189,0.6019736815457049,0.03470394701645529,26,0.04933586337760911,2.9907333850860596,trois classes
Forêt aleatoire,forme a 100 arbres,"{'max_depth': None, 'max_features': 0.75, 'min_samples_leaf': 2, 'n_estimators': 100}",0.6095964912280702,0.6155324293304189,0.6019736815457049,0.03470394701645529,26,0.04933586337760911,3.0527961254119873,trois classes
Forêt aleatoire,forme a 100 arbres,"{'max_depth': 12, 'max_features': 0.5, 'min_samples_leaf': 5, 'n_estimators': 100}",0.6112865497076023,0.6116869488183239,0.6005010474093476,0.04211733216182268,30,0.056925996204933584,2.8012306690216064,trois classes
Forêt aleatoire,forme a 100 arbres,"{'max_depth': 6, 'max_features': 0.5, 'min_samples_leaf': 1, 'n_estimators': 100}",0.6091695906432748,0.6138948943420919,0.6004087548924121,0.039102188364934634,38,0.07210626185958255,2.8981895446777344,trois classes
Forêt aleatoire,forme a 100 arbres,"{'max_depth': 8, 'max_features': 0.5, 'min_samples_leaf': 1, 'n_estimators': 100}",0.610111111111111,0.6143061853902732,0.6000138889907182,0.024089521230090036,32,0.06072106261859583,2.981471300125122,trois classes
Forêt aleatoire,forme a 100 arbres,"{'max_depth': None, 'max_features': 0.5, 'min_samples_leaf': 2, 'n_estimators': 100}",0.6078538011695906,0.6109057416409506,0.5993408041944404,0.02816952506568552,25,0.04743833017077799,3.0636894702911377,trois classes
Forêt aleatoire,forme a 100 arbres,"{'max_depth': 20, 'max_features': 0.5, 'min_samples_leaf': 2, 'n_estimators': 100}",0.6078538011695906,0.6109057416409506,0.5993408041944404,0.02816952506568552,25,0.04743833017077799,2.9525976181030273,trois classes
Forêt aleatoire,forme a 100 arbres,"{'max_depth': 12, 'max_features': 0.25, 'min_samples_leaf': 5, 'n_estimators': 100}",0.6081754385964911,0.61152934346198,0.598799773688378,0.04473559718989914,34,0.06451612903225806,3.033672332763672,trois classes
Forêt aleatoire,forme a 100 arbres,"{'max_depth': 6, 'max_features': 0.75, 'min_samples_leaf': 1, 'n_estimators': 100}",0.6069473684210526,0.6122169710244713,0.596377668123081,0.02557527550887538,39,0.07400379506641366,2.9576523303985596,trois classes
Forêt aleatoire,forme a 100 arbres,"{'max_depth': 8, 'max_features': 0.25, 'min_samples_leaf': 2, 'n_estimators': 100}",0.607766081871345,0.6123179316561117,0.596326704768663,0.04113293042817049,37,0.07020872865275142,2.8718087673187256,trois classes
Forêt aleatoire,forme a 100 arbres,"{'max_depth': 12, 'max_features': 0.5, 'min_samples_leaf': 2, 'n_estimators': 100}",0.6029473684210526,0.6069129892677927,0.5958868539080149,0.029818511076637733,26,0.04933586337760911,3.0546600818634033,trois classes
Forêt aleatoire,forme a 100 arbres,"{'max_depth': 12, 'max_features': 0.75, 'min_samples_leaf': 2, 'n_estimators': 100}",0.603,0.6059732233251278,0.5946964416889743,0.03261986193757166,26,0.04933586337760911,3.0524961948394775,trois classes
Forêt aleatoire,forme a 100 arbres,"{'max_depth': 20, 'max_features': 0.25, 'min_samples_leaf': 2, 'n_estimators': 100}",0.6038888888888888,0.6091109498937755,0.5929157193396881,0.03601552661254773,26,0.04933586337760911,2.9281530380249023,trois classes
Forêt aleatoire,forme a 100 arbres,"{'max_depth': None, 'max_features': 0.25, 'min_samples_leaf': 2, 'n_estimators': 100}",0.6038888888888888,0.6091109498937755,0.5929157193396881,0.03601552661254773,26,0.04933586337760911,2.857987403869629,trois classes
Forêt aleatoire,forme a 100 arbres,"{'max_depth': 8, 'max_features': 0.25, 'min_samples_leaf': 1, 'n_estimators': 100}",0.6029824561403508,0.6075028753471019,0.5928066055305219,0.027070480272560104,36,0.0683111954459203,2.865243911743164,trois classes
Forêt aleatoire,forme a 100 arbres,"{'max_depth': 6, 'max_features': 0.5, 'min_samples_leaf': 2, 'n_estimators': 100}",0.6020233918128655,0.6063138843299497,0.5920361424848913,0.030862281806841002,37,0.07020872865275142,3.0090932846069336,trois classes
Forêt aleatoire,forme a 100 arbres,"{'max_depth': None, 'max_features': 0.25, 'min_samples_leaf': 5, 'n_estimators': 100}",0.6015087719298245,0.603738254486344,0.591878455656408,0.04738109960339383,33,0.06261859582542695,3.0159249305725098,trois classes
Forêt aleatoire,forme a 100 arbres,"{'max_depth': 20, 'max_features': 0.25, 'min_samples_leaf': 5, 'n_estimators': 100}",0.6015087719298245,0.603738254486344,0.591878455656408,0.04738109960339383,33,0.06261859582542695,2.863396644592285,trois classes
Forêt aleatoire,forme a 100 arbres,"{'max_depth': 6, 'max_features': 0.75, 'min_samples_leaf': 5, 'n_estimators': 100}",0.6015789473684211,0.6079493718359814,0.5916698817975774,0.030630837643496042,37,0.07020872865275142,2.856297254562378,trois classes
Forêt aleatoire,forme a 100 arbres,"{'max_depth': 6, 'max_features': 0.5, 'min_samples_leaf': 5, 'n_estimators': 100}",0.6011345029239766,0.6078345258830463,0.5914919650888844,0.03741331185929965,40,0.07590132827324478,2.850045680999756,trois classes
Forêt aleatoire,forme a 100 arbres,"{'max_depth': 8, 'max_features': 0.5, 'min_samples_leaf': 5, 'n_estimators': 100}",0.6024327485380117,0.6037763944692973,0.5914203866483737,0.045450560803307186,33,0.06261859582542695,2.861382007598877,trois classes
Forêt aleatoire,forme a 100 arbres,"{'max_depth': 8, 'max_features': 0.75, 'min_samples_leaf': 5, 'n_estimators': 100}",0.6015438596491227,0.6060789659832821,0.5897960112628811,0.04221455842883841,32,0.06072106261859583,2.9765450954437256,trois classes
Forêt aleatoire,forme a 100 arbres,"{'max_depth': 8, 'max_features': 0.5, 'min_samples_leaf': 2, 'n_estimators': 100}",0.5993391812865496,0.6007084721189471,0.5883607859148612,0.03814274078254134,30,0.056925996204933584,2.982409715652466,trois classes
Forêt aleatoire,forme a 100 arbres,"{'max_depth': 8, 'max_features': 0.75, 'min_samples_leaf': 1, 'n_estimators': 100}",0.5963157894736841,0.60053499813036,0.5853306489701464,0.02126976020580758,30,0.056925996204933584,2.884121894836426,trois classes
Forêt aleatoire,forme a 100 arbres,"{'max_depth': 6, 'max_features': 0.75, 'min_samples_leaf': 2, 'n_estimators': 100}",0.5923333333333333,0.5998374364772351,0.5813767216295945,0.03604180105097658,36,0.0683111954459203,2.8659403324127197,trois classes
Forêt aleatoire,forme a 100 arbres,"{'max_depth': 6, 'max_features': 0.25, 'min_samples_leaf': 1, 'n_estimators': 100}",0.593187134502924,0.598143647444993,0.5810903075803907,0.027948350332208598,41,0.0777988614800759,2.8041234016418457,trois classes
Forêt aleatoire,forme a 100 arbres,"{'max_depth': 8, 'max_features': 0.25, 'min_samples_leaf': 5, 'n_estimators': 100}",0.5842456140350878,0.5851973537979495,0.5716634692378795,0.05390768968988987,39,0.07400379506641366,2.906496524810791,trois classes
Forêt aleatoire,forme a 100 arbres,"{'max_depth': 6, 'max_features': 0.25, 'min_samples_leaf': 5, 'n_estimators': 100}",0.5838362573099415,0.5866594477618072,0.5695664704080802,0.03575376870965502,41,0.0777988614800759,2.7948362827301025,trois classes
Forêt aleatoire,forme a 100 arbres,"{'max_depth': 6, 'max_features': 0.25, 'min_samples_leaf': 2, 'n_estimators': 100}",0.5816491228070175,0.5840185853414726,0.5665354518764827,0.029463094324288185,44,0.08349146110056926,2.8475162982940674,trois classes
Bagging,forme a 100 arbres,"{'estimator__min_samples_leaf': 1, 'max_samples': 1.0, 'n_estimators': 100}",0.6327777777777778,0.6438415119309497,0.6272044343269384,0.034278475415776735,19,0.036053130929791274,1.9826602935791016,trois classes
Bagging,nombre d'arbres,"{'estimator__min_samples_leaf': 1, 'max_samples': 1.0, 'n_estimators': 500}",0.6282456140350876,0.6362257064954446,0.6233743570967201,0.02579987944667482,20,0.03795066413662239,7.346627712249756,trois classes
Bagging,nombre d'arbres,"{'estimator__min_samples_leaf': 5, 'max_samples': 0.65, 'n_estimators': 500}",0.6322456140350877,0.6370494147540277,0.6230700996356311,0.018699578061100886,39,0.07400379506641366,6.1461501121521,trois classes
Bagging,forme a 100 arbres,"{'estimator__min_samples_leaf': 1, 'max_samples': 0.65, 'n_estimators': 100}",0.6295438596491227,0.6364253405479379,0.6214444697763246,0.03983525234177208,22,0.04174573055028463,2.137340784072876,trois classes
Bagging,nombre d'arbres,"{'estimator__min_samples_leaf': 1, 'max_samples': 0.65, 'n_estimators': 250}",0.6282105263157896,0.636520306154789,0.6202474424768855,0.029928000708854808,22,0.04174573055028463,3.8072617053985596,trois classes
Bagging,forme a 100 arbres,"{'estimator__min_samples_leaf': 5, 'max_samples': 0.65, 'n_estimators': 100}",0.6255438596491228,0.6293482185638484,0.6185492833417896,0.03187007901885013,34,0.06451612903225806,1.808197021484375,trois classes
Bagging,nombre d'arbres,"{'estimator__min_samples_leaf': 5, 'max_samples': 0.65, 'n_estimators': 250}",0.6268771929824561,0.6313307094808139,0.6185132232295371,0.025009912309955782,39,0.07400379506641366,3.4172792434692383,trois classes
Bagging,forme a 100 arbres,"{'estimator__min_samples_leaf': 2, 'max_samples': 0.65, 'n_estimators': 100}",0.6242280701754386,0.6292326339391449,0.6137358574520494,0.026701558884478675,29,0.05502846299810247,1.6779394149780273,trois classes
Bagging,forme a 100 arbres,"{'estimator__min_samples_leaf': 1, 'max_samples': 0.8, 'n_estimators': 100}",0.6207602339181285,0.625863865157325,0.6133514471986926,0.010894333832624567,20,0.03795066413662239,2.2454986572265625,trois classes
Bagging,nombre d'arbres,"{'estimator__min_samples_leaf': 1, 'max_samples': 1.0, 'n_estimators': 250}",0.6202982456140351,0.6263643907095253,0.6131966970279987,0.03217667008653673,20,0.03795066413662239,4.154702663421631,trois classes
Bagging,forme a 100 arbres,"{'estimator__min_samples_leaf': 5, 'max_samples': 0.8, 'n_estimators': 100}",0.6193918128654972,0.6220686273778595,0.6113751919104502,0.017237502207583195,33,0.06261859582542695,1.814141035079956,trois classes
Bagging,forme a 100 arbres,"{'estimator__min_samples_leaf': 1, 'max_samples': 0.5, 'n_estimators': 100}",0.6242982456140351,0.628035679351509,0.6098757471601417,0.031108668726190284,31,0.058823529411764705,8.02339243888855,trois classes
Bagging,nombre d'arbres,"{'estimator__min_samples_leaf': 1, 'max_samples': 0.65, 'n_estimators': 500}",0.6175964912280701,0.6226269042384134,0.6084254392790145,0.028128392210319354,22,0.04174573055028463,6.806071996688843,trois classes
Bagging,forme a 100 arbres,"{'estimator__min_samples_leaf': 5, 'max_samples': 0.5, 'n_estimators': 100}",0.6162456140350878,0.6180805798244611,0.6080424380599323,0.027358332907684565,37,0.07020872865275142,1.670691728591919,trois classes
Bagging,forme a 100 arbres,"{'estimator__min_samples_leaf': 2, 'max_samples': 1.0, 'n_estimators': 100}",0.6154444444444445,0.6191795725237854,0.6076853084906679,0.020269404066141684,20,0.03795066413662239,2.037008285522461,trois classes
Bagging,forme a 100 arbres,"{'estimator__min_samples_leaf': 2, 'max_samples': 0.5, 'n_estimators': 100}",0.6176491228070176,0.6202616293335639,0.6058194607969831,0.01192611725356587,34,0.06451612903225806,1.6625053882598877,trois classes
Bagging,forme a 100 arbres,"{'estimator__min_samples_leaf': 2, 'max_samples': 0.8, 'n_estimators': 100}",0.6127777777777779,0.6163898213263264,0.6033055678017817,0.01747359657589318,23,0.04364326375711575,1.9633378982543945,trois classes
Bagging,forme a 100 arbres,"{'estimator__min_samples_leaf': 5, 'max_samples': 1.0, 'n_estimators': 100}",0.6086549707602339,0.6119834078732806,0.5981877822375313,0.047225040661461125,31,0.058823529411764705,1.8701591491699219,trois classes
Boosting,forme des arbres,"{'learning_rate': 0.1, 'max_iter': 400, 'max_leaf_nodes': 31, 'min_samples_leaf': 5}",0.6162631578947368,0.6192197088876574,0.6088467838813154,0.030539803770926688,20,0.03795066413662239,25.32304549217224,trois classes
Boosting,taux et nombre d'iterations,"{'learning_rate': 0.1, 'max_iter': 400, 'max_leaf_nodes': 15, 'min_samples_leaf': 20}",0.6132573099415205,0.614255985514552,0.6062751637874305,0.06288857239309843,20,0.03795066413662239,20.76020884513855,trois classes
Boosting,forme des arbres,"{'learning_rate': 0.1, 'max_iter': 400, 'max_leaf_nodes': 15, 'min_samples_leaf': 20}",0.6132573099415205,0.614255985514552,0.6062751637874305,0.06288857239309843,20,0.03795066413662239,20.799503326416016,trois classes
Boosting,forme des arbres,"{'learning_rate': 0.1, 'max_iter': 400, 'max_leaf_nodes': 31, 'min_samples_leaf': 20}",0.6070350877192981,0.6114578468654478,0.6017912618699182,0.056206479844083335,18,0.03415559772296015,21.90292501449585,trois classes
Boosting,taux et nombre d'iterations,"{'learning_rate': 0.3, 'max_iter': 200, 'max_leaf_nodes': 15, 'min_samples_leaf': 20}",0.6045906432748537,0.6080224742760272,0.5980744083134212,0.05581600680956094,21,0.03984819734345351,9.542417764663696,trois classes
Boosting,taux et nombre d'iterations,"{'learning_rate': 0.03, 'max_iter': 100, 'max_leaf_nodes': 15, 'min_samples_leaf': 20}",0.6056315789473684,0.6081837559763171,0.5944545619034308,0.0256442819607461,28,0.05313092979127135,5.642467260360718,trois classes
Boosting,taux et nombre d'iterations,"{'learning_rate': 0.3, 'max_iter': 100, 'max_leaf_nodes': 15, 'min_samples_leaf': 20}",0.5999590643274854,0.6021633783121414,0.5929425594891724,0.04956491417715036,20,0.03795066413662239,6.197966575622559,trois classes
Boosting,taux et nombre d'iterations,"{'learning_rate': 0.3, 'max_iter': 400, 'max_leaf_nodes': 15, 'min_samples_leaf': 20}",0.5993099415204679,0.6031689516912234,0.5921276878942696,0.047845699292405994,22,0.04174573055028463,15.620651483535767,trois classes
Boosting,forme des arbres,"{'learning_rate': 0.1, 'max_iter': 400, 'max_leaf_nodes': 15, 'min_samples_leaf': 5}",0.594093567251462,0.5953779935703966,0.5890141501354349,0.03923407051047246,17,0.03225806451612903,21.336691856384277,trois classes
Boosting,forme des arbres,"{'learning_rate': 0.1, 'max_iter': 400, 'max_leaf_nodes': 7, 'min_samples_leaf': 5}",0.6004035087719298,0.5987128275440546,0.5889812238445686,0.013610320805522316,18,0.03415559772296015,13.163820028305054,trois classes
Boosting,taux et nombre d'iterations,"{'learning_rate': 0.05, 'max_iter': 100, 'max_leaf_nodes': 15, 'min_samples_leaf': 20}",0.5950350877192981,0.594223244699905,0.5839962840560802,0.031328692125015906,22,0.04174573055028463,5.637766599655151,trois classes
Boosting,taux et nombre d'iterations,"{'learning_rate': 0.05, 'max_iter': 400, 'max_leaf_nodes': 15, 'min_samples_leaf': 20}",0.5907485380116959,0.5947235501156433,0.5827230382606079,0.05213870723128926,19,0.036053130929791274,21.013718366622925,trois classes
Boosting,taux et nombre d'iterations,"{'learning_rate': 0.1, 'max_iter': 200, 'max_leaf_nodes': 15, 'min_samples_leaf': 20}",0.5880292397660818,0.5905379878046608,0.580399796227053,0.058787102502493686,18,0.03415559772296015,11.093462944030762,trois classes
Boosting,taux et nombre d'iterations,"{'learning_rate': 0.1, 'max_iter': 100, 'max_leaf_nodes': 15, 'min_samples_leaf': 20}",0.5813450292397662,0.5819413447201567,0.5731955765297557,0.041960469388638545,17,0.03225806451612903,5.464747190475464,trois classes
Boosting,taux et nombre d'iterations,"{'learning_rate': 0.05, 'max_iter': 200, 'max_leaf_nodes': 15, 'min_samples_leaf': 20}",0.5791052631578947,0.5822411269490514,0.5725555065937047,0.03819832357562136,18,0.03415559772296015,10.537861824035645,trois classes
Boosting,forme des arbres,"{'learning_rate': 0.1, 'max_iter': 400, 'max_leaf_nodes': 7, 'min_samples_leaf': 20}",0.582233918128655,0.5838996469088998,0.5722486348454084,0.03021667914504797,26,0.04933586337760911,12.262409687042236,trois classes
Boosting,taux et nombre d'iterations,"{'learning_rate': 0.03, 'max_iter': 200, 'max_leaf_nodes': 15, 'min_samples_leaf': 20}",0.5803684210526315,0.5785073563676802,0.5679914207554836,0.046604876906740714,22,0.04174573055028463,11.012725591659546,trois classes
Boosting,taux et nombre d'iterations,"{'learning_rate': 0.03, 'max_iter': 400, 'max_leaf_nodes': 15, 'min_samples_leaf': 20}",0.5724912280701755,0.5755704674182515,0.5656743976248011,0.038569460429124514,18,0.03415559772296015,21.271162748336792,trois classes
Reference,grille,{},0.7531228070175439,0.5,0.42891614037498227,0.019780404869505015,134,0.25426944971537,0.3385810852050781,deux classes
Arbre,grille,"{'criterion': 'entropy', 'max_depth': 20, 'min_samples_leaf': 2, 'min_samples_split': 10}",0.8276666666666668,0.7694352235909397,0.7658438485243237,0.023850011972812724,96,0.18216318785578747,0.387866735458374,deux classes
Arbre,grille,"{'criterion': 'entropy', 'max_depth': None, 'min_samples_leaf': 2, 'min_samples_split': 10}",0.8276666666666668,0.7694352235909397,0.7658438485243237,0.023850011972812724,96,0.18216318785578747,0.38281989097595215,deux classes
Arbre,grille,"{'criterion': 'entropy', 'max_depth': 20, 'min_samples_leaf': 2, 'min_samples_split': 2}",0.8170877192982455,0.7644596582331176,0.7559588925608383,0.020414637039037748,102,0.1935483870967742,0.42856907844543457,deux classes
Arbre,grille,"{'criterion': 'entropy', 'max_depth': None, 'min_samples_leaf': 2, 'min_samples_split': 2}",0.8170877192982455,0.7644596582331176,0.7559588925608383,0.020414637039037748,102,0.1935483870967742,0.37714457511901855,deux classes
Arbre,grille,"{'criterion': 'entropy', 'max_depth': 20, 'min_samples_leaf': 5, 'min_samples_split': 10}",0.8183859649122807,0.758821394028458,0.7527220072505217,0.014321624705955263,102,0.1935483870967742,0.3731355667114258,deux classes
Arbre,grille,"{'criterion': 'entropy', 'max_depth': 20, 'min_samples_leaf': 5, 'min_samples_split': 2}",0.8183859649122807,0.758821394028458,0.7527220072505217,0.014321624705955263,102,0.1935483870967742,0.3893110752105713,deux classes
Arbre,grille,"{'criterion': 'entropy', 'max_depth': None, 'min_samples_leaf': 5, 'min_samples_split': 10}",0.8183859649122807,0.758821394028458,0.7527220072505217,0.014321624705955263,102,0.1935483870967742,0.3666224479675293,deux classes
Arbre,grille,"{'criterion': 'entropy', 'max_depth': None, 'min_samples_leaf': 5, 'min_samples_split': 2}",0.8183859649122807,0.758821394028458,0.7527220072505217,0.014321624705955263,102,0.1935483870967742,0.37529611587524414,deux classes
Arbre,grille,"{'criterion': 'entropy', 'max_depth': None, 'min_samples_leaf': 1, 'min_samples_split': 10}",0.826298245614035,0.7420397889801559,0.7499191362075766,0.04545102187603481,99,0.18785578747628084,0.376615047454834,deux classes
Arbre,grille,"{'criterion': 'entropy', 'max_depth': 20, 'min_samples_leaf': 1, 'min_samples_split': 10}",0.826298245614035,0.7420397889801559,0.7499191362075766,0.04545102187603481,99,0.18785578747628084,0.3710048198699951,deux classes
Arbre,grille,"{'criterion': 'entropy', 'max_depth': 12, 'min_samples_leaf': 1, 'min_samples_split': 2}",0.8224736842105264,0.7428165598997273,0.7458878988686586,0.02363208993944395,96,0.18216318785578747,0.3955519199371338,deux classes
Arbre,grille,"{'criterion': 'entropy', 'max_depth': 20, 'min_samples_leaf': 1, 'min_samples_split': 2}",0.8184210526315789,0.742331248258683,0.7441381024995342,0.033951963754094726,104,0.19734345351043645,0.3878605365753174,deux classes
Arbre,grille,"{'criterion': 'entropy', 'max_depth': None, 'min_samples_leaf': 1, 'min_samples_split': 2}",0.8184210526315789,0.742331248258683,0.7441381024995342,0.033951963754094726,104,0.19734345351043645,0.3624739646911621,deux classes
Arbre,grille,"{'criterion': 'gini', 'max_depth': 12, 'min_samples_leaf': 1, 'min_samples_split': 2}",0.817,0.7338813195427722,0.7401846221575459,0.026082458930850292,103,0.1954459203036053,0.3745076656341553,deux classes
Arbre,grille,"{'criterion': 'entropy', 'max_depth': 12, 'min_samples_leaf': 2, 'min_samples_split': 2}",0.805140350877193,0.7442738026942017,0.7367799737219719,0.046473490765288325,105,0.19924098671726756,0.3795506954193115,deux classes
Arbre,grille,"{'criterion': 'entropy', 'max_depth': 12, 'min_samples_leaf': 2, 'min_samples_split': 10}",0.8077543859649123,0.736150658274476,0.733510438256649,0.022769097437078018,104,0.19734345351043645,0.3843991756439209,deux classes
Arbre,grille,"{'criterion': 'entropy', 'max_depth': 12, 'min_samples_leaf': 1, 'min_samples_split': 10}",0.8156842105263159,0.7248052177982163,0.7324101405531055,0.04027554517143103,101,0.19165085388994307,0.38306093215942383,deux classes
Arbre,grille,"{'criterion': 'gini', 'max_depth': 20, 'min_samples_leaf': 1, 'min_samples_split': 2}",0.8024736842105262,0.7326486423163712,0.7277783299212488,0.029810779138842884,108,0.2049335863377609,0.3846254348754883,deux classes
Arbre,grille,"{'criterion': 'gini', 'max_depth': None, 'min_samples_leaf': 1, 'min_samples_split': 2}",0.8024736842105262,0.7326486423163712,0.7277783299212488,0.029810779138842884,108,0.2049335863377609,0.3918724060058594,deux classes
Arbre,grille,"{'criterion': 'entropy', 'max_depth': 12, 'min_samples_leaf': 5, 'min_samples_split': 10}",0.7984385964912281,0.7296114390465681,0.7253541578317598,0.03226735840296548,114,0.21631878557874762,0.3801102638244629,deux classes
Arbre,grille,"{'criterion': 'entropy', 'max_depth': 12, 'min_samples_leaf': 5, 'min_samples_split': 2}",0.7984385964912281,0.7296114390465681,0.7253541578317598,0.03226735840296548,114,0.21631878557874762,0.37642860412597656,deux classes
Arbre,grille,"{'criterion': 'gini', 'max_depth': 8, 'min_samples_leaf': 10, 'min_samples_split': 10}",0.7996842105263159,0.7229732429787277,0.7230760105895888,0.036033286501586874,111,0.21062618595825428,0.36069560050964355,deux classes
Arbre,grille,"{'criterion': 'gini', 'max_depth': 8, 'min_samples_leaf': 10, 'min_samples_split': 2}",0.7996842105263159,0.7229732429787277,0.7230760105895888,0.036033286501586874,111,0.21062618595825428,0.347428560256958,deux classes
Arbre,grille,"{'criterion': 'entropy', 'max_depth': 8, 'min_samples_leaf': 10, 'min_samples_split': 2}",0.7970701754385965,0.729798154971143,0.7229483672231739,0.02561729137879143,113,0.2144212523719165,0.3738696575164795,deux classes
Arbre,grille,"{'criterion': 'entropy', 'max_depth': 8, 'min_samples_leaf': 10, 'min_samples_split': 10}",0.7970701754385965,0.729798154971143,0.7229483672231739,0.02561729137879143,113,0.2144212523719165,0.37489962577819824,deux classes
Arbre,grille,"{'criterion': 'gini', 'max_depth': 12, 'min_samples_leaf': 2, 'min_samples_split': 2}",0.7917017543859648,0.7280012108947294,0.7228533248380347,0.039122335878720764,112,0.2125237191650854,0.364422082901001,deux classes
Arbre,grille,"{'criterion': 'entropy', 'max_depth': 20, 'min_samples_leaf': 10, 'min_samples_split': 10}",0.7905263157894737,0.7304757562997573,0.7207361776729868,0.0157352146799287,115,0.21821631878557876,0.4121115207672119,deux classes
Arbre,grille,"{'criterion': 'entropy', 'max_depth': 12, 'min_samples_leaf': 10, 'min_samples_split': 10}",0.7905263157894737,0.7304757562997573,0.7207361776729868,0.0157352146799287,115,0.21821631878557876,0.3612520694732666,deux classes
Arbre,grille,"{'criterion': 'entropy', 'max_depth': 20, 'min_samples_leaf': 10, 'min_samples_split': 2}",0.7905263157894737,0.7304757562997573,0.7207361776729868,0.0157352146799287,115,0.21821631878557876,0.3793497085571289,deux classes
Arbre,grille,"{'criterion': 'entropy', 'max_depth': 12, 'min_samples_leaf': 10, 'min_samples_split': 2}",0.7905263157894737,0.7304757562997573,0.7207361776729868,0.0157352146799287,115,0.21821631878557876,0.39879798889160156,deux classes
Arbre,grille,"{'criterion': 'entropy', 'max_depth': None, 'min_samples_leaf': 10, 'min_samples_split': 10}",0.7905263157894737,0.7304757562997573,0.7207361776729868,0.0157352146799287,115,0.21821631878557876,0.3741145133972168,deux classes
Arbre,grille,"{'criterion': 'entropy', 'max_depth': None, 'min_samples_leaf': 10, 'min_samples_split': 2}",0.7905263157894737,0.7304757562997573,0.7207361776729868,0.0157352146799287,115,0.21821631878557876,0.36891984939575195,deux classes
Arbre,grille,"{'criterion': 'gini', 'max_depth': 20, 'min_samples_leaf': 5, 'min_samples_split': 10}",0.7969824561403509,0.7131897898741378,0.7193258516162528,0.035411477368444744,108,0.2049335863377609,0.380446195602417,deux classes
Arbre,grille,"{'criterion': 'gini', 'max_depth': 20, 'min_samples_leaf': 5, 'min_samples_split': 2}",0.7969824561403509,0.7131897898741378,0.7193258516162528,0.035411477368444744,108,0.2049335863377609,0.37386465072631836,deux classes
Arbre,grille,"{'criterion': 'gini', 'max_depth': None, 'min_samples_leaf': 5, 'min_samples_split': 10}",0.7969824561403509,0.7131897898741378,0.7193258516162528,0.035411477368444744,108,0.2049335863377609,0.3684840202331543,deux classes
Arbre,grille,"{'criterion': 'gini', 'max_depth': None, 'min_samples_leaf': 5, 'min_samples_split': 2}",0.7969824561403509,0.7131897898741378,0.7193258516162528,0.035411477368444744,108,0.2049335863377609,0.3562614917755127,deux classes
Arbre,grille,"{'criterion': 'gini', 'max_depth': 20, 'min_samples_leaf': 2, 'min_samples_split': 10}",0.7864035087719298,0.7277452745238898,0.7189674011502097,0.03809154168880009,115,0.21821631878557876,0.3608839511871338,deux classes
Arbre,grille,"{'criterion': 'gini', 'max_depth': None, 'min_samples_leaf': 2, 'min_samples_split': 10}",0.7864035087719298,0.7277452745238898,0.7189674011502097,0.03809154168880009,115,0.21821631878557876,0.37810492515563965,deux classes
Arbre,grille,"{'criterion': 'gini', 'max_depth': 8, 'min_samples_leaf': 2, 'min_samples_split': 10}",0.802280701754386,0.7059049998224147,0.7180041630585636,0.044377326393731556,109,0.20683111954459202,0.3431215286254883,deux classes
Arbre,grille,"{'criterion': 'gini', 'max_depth': 8, 'min_samples_leaf': 2, 'min_samples_split': 2}",0.8009298245614035,0.7121315645502284,0.7178064989392424,0.06096566653967565,109,0.20683111954459202,0.38594841957092285,deux classes
Arbre,grille,"{'criterion': 'gini', 'max_depth': 8, 'min_samples_leaf': 1, 'min_samples_split': 2}",0.8036666666666665,0.7050016133695756,0.7131732736450515,0.05183241774136145,111,0.21062618595825428,0.39126038551330566,deux classes
Arbre,grille,"{'criterion': 'gini', 'max_depth': 12, 'min_samples_leaf': 5, 'min_samples_split': 10}",0.7943157894736841,0.7047351814195293,0.7128505828806582,0.035157245723805186,109,0.20683111954459202,0.384047269821167,deux classes
Arbre,grille,"{'criterion': 'gini', 'max_depth': 12, 'min_samples_leaf': 5, 'min_samples_split': 2}",0.7943157894736841,0.7047351814195293,0.7128505828806582,0.035157245723805186,109,0.20683111954459202,0.3796195983886719,deux classes
Arbre,grille,"{'criterion': 'gini', 'max_depth': 4, 'min_samples_leaf': 10, 'min_samples_split': 10}",0.8103508771929825,0.6990412805805686,0.7123173963929984,0.027414417463260073,109,0.20683111954459202,0.36817479133605957,deux classes
Arbre,grille,"{'criterion': 'gini', 'max_depth': 4, 'min_samples_leaf': 10, 'min_samples_split': 2}",0.8103508771929825,0.6990412805805686,0.7123173963929984,0.027414417463260073,109,0.20683111954459202,0.3590073585510254,deux classes
Arbre,grille,"{'criterion': 'gini', 'max_depth': 20, 'min_samples_leaf': 10, 'min_samples_split': 2}",0.7863508771929826,0.7145744988656979,0.7121255575338725,0.03759286437437044,117,0.222011385199241,0.3674170970916748,deux classes
Arbre,grille,"{'criterion': 'gini', 'max_depth': None, 'min_samples_leaf': 10, 'min_samples_split': 2}",0.7863508771929826,0.7145744988656979,0.7121255575338725,0.03759286437437044,117,0.222011385199241,0.36893606185913086,deux classes
Arbre,grille,"{'criterion': 'gini', 'max_depth': None, 'min_samples_leaf': 10, 'min_samples_split': 10}",0.7863508771929826,0.7145744988656979,0.7121255575338725,0.03759286437437044,117,0.222011385199241,0.3711531162261963,deux classes
Arbre,grille,"{'criterion': 'gini', 'max_depth': 12, 'min_samples_leaf': 10, 'min_samples_split': 2}",0.7863508771929826,0.7145744988656979,0.7121255575338725,0.03759286437437044,117,0.222011385199241,0.36353373527526855,deux classes
Arbre,grille,"{'criterion': 'gini', 'max_depth': 20, 'min_samples_leaf': 10, 'min_samples_split': 10}",0.7863508771929826,0.7145744988656979,0.7121255575338725,0.03759286437437044,117,0.222011385199241,0.3769538402557373,deux classes
Arbre,grille,"{'criterion': 'gini', 'max_depth': 12, 'min_samples_leaf': 10, 'min_samples_split': 10}",0.7863508771929826,0.7145744988656979,0.7121255575338725,0.03759286437437044,117,0.222011385199241,0.3670501708984375,deux classes
Arbre,grille,"{'criterion': 'gini', 'max_depth': 20, 'min_samples_leaf': 2, 'min_samples_split': 2}",0.7757894736842106,0.724168148327357,0.7088544536307795,0.033289814917174775,121,0.22960151802656548,0.3856515884399414,deux classes
Arbre,grille,"{'criterion': 'gini', 'max_depth': None, 'min_samples_leaf': 2, 'min_samples_split': 2}",0.7757894736842106,0.724168148327357,0.7088544536307795,0.033289814917174775,121,0.22960151802656548,0.3788330554962158,deux classes
Arbre,grille,"{'criterion': 'gini', 'max_depth': 12, 'min_samples_leaf': 2, 'min_samples_split': 10}",0.7784035087719299,0.7166193479167917,0.7080061905254945,0.036639084771305466,118,0.2239089184060721,0.3867814540863037,deux classes
Arbre,grille,"{'criterion': 'gini', 'max_depth': 12, 'min_samples_leaf': 1, 'min_samples_split': 10}",0.7850350877192982,0.7046138604119506,0.7060081953376575,0.0263436065516628,119,0.22580645161290322,0.37383532524108887,deux classes
Arbre,grille,"{'criterion': 'gini', 'max_depth': 6, 'min_samples_leaf': 10, 'min_samples_split': 2}",0.7890526315789474,0.7031484557128482,0.7043955852402084,0.035033887022328354,118,0.2239089184060721,0.3535151481628418,deux classes
Arbre,grille,"{'criterion': 'gini', 'max_depth': 6, 'min_samples_leaf': 10, 'min_samples_split': 10}",0.7890526315789474,0.7031484557128482,0.7043955852402084,0.035033887022328354,118,0.2239089184060721,0.37640905380249023,deux classes
Arbre,grille,"{'criterion': 'gini', 'max_depth': 4, 'min_samples_leaf': 2, 'min_samples_split': 2}",0.8116842105263158,0.6827047236669533,0.7023335925156791,0.04472457854117239,110,0.20872865275142316,0.3540949821472168,deux classes
Arbre,grille,"{'criterion': 'entropy', 'max_depth': 8, 'min_samples_leaf': 2, 'min_samples_split': 2}",0.7930350877192982,0.699485724585373,0.7021777506163364,0.05424540124435072,113,0.2144212523719165,0.3758094310760498,deux classes
Arbre,grille,"{'criterion': 'gini', 'max_depth': 8, 'min_samples_leaf': 1, 'min_samples_split': 10}",0.7956842105263158,0.6921827504737017,0.7020396818857535,0.03307349066140718,114,0.21631878557874762,0.37252092361450195,deux classes
Arbre,grille,"{'criterion': 'gini', 'max_depth': 4, 'min_samples_leaf': 1, 'min_samples_split': 2}",0.8117894736842105,0.6835711513190952,0.7009397024475525,0.04410607471507902,109,0.20683111954459202,0.37433505058288574,deux classes
Arbre,grille,"{'criterion': 'gini', 'max_depth': 8, 'min_samples_leaf': 5, 'min_samples_split': 10}",0.7916140350877193,0.6841830551797722,0.6979894433469737,0.04763620914428773,112,0.2125237191650854,0.3823585510253906,deux classes
Arbre,grille,"{'criterion': 'gini', 'max_depth': 8, 'min_samples_leaf': 5, 'min_samples_split': 2}",0.7916140350877193,0.6841830551797722,0.6979894433469737,0.04763620914428773,112,0.2125237191650854,0.36176180839538574,deux classes
Arbre,grille,"{'criterion': 'gini', 'max_depth': None, 'min_samples_leaf': 1, 'min_samples_split': 10}",0.7745087719298246,0.7032703465684367,0.6973099141310947,0.02156102889939038,125,0.23719165085388993,0.3776252269744873,deux classes
Arbre,grille,"{'criterion': 'gini', 'max_depth': 20, 'min_samples_leaf': 1, 'min_samples_split': 10}",0.7745087719298246,0.7032703465684367,0.6973099141310947,0.02156102889939038,125,0.23719165085388993,0.37863588333129883,deux classes
Arbre,grille,"{'criterion': 'gini', 'max_depth': 4, 'min_samples_leaf': 2, 'min_samples_split': 10}",0.8090175438596491,0.676147346617773,0.6958749563858192,0.042735917121645726,111,0.21062618595825428,0.3689858913421631,deux classes
Arbre,grille,"{'criterion': 'entropy', 'max_depth': 8, 'min_samples_leaf': 1, 'min_samples_split': 2}",0.7944035087719299,0.689714391982705,0.6952140295516464,0.03640758923795706,116,0.22011385199240988,0.3795497417449951,deux classes
Arbre,grille,"{'criterion': 'gini', 'max_depth': 4, 'min_samples_leaf': 1, 'min_samples_split': 10}",0.8090877192982457,0.6767992740554147,0.6944565472169278,0.035861843308804174,110,0.20872865275142316,0.3591804504394531,deux classes
Arbre,grille,"{'criterion': 'entropy', 'max_depth': 8, 'min_samples_leaf': 2, 'min_samples_split': 10}",0.7903508771929825,0.6870068429743884,0.6939319979198879,0.042148428579634904,117,0.222011385199241,0.38848447799682617,deux classes
Arbre,grille,"{'criterion': 'entropy', 'max_depth': 8, 'min_samples_leaf': 5, 'min_samples_split': 10}",0.7890175438596492,0.6841920380304396,0.6895063859645227,0.045710086616096254,119,0.22580645161290322,0.3756892681121826,deux classes
Arbre,grille,"{'criterion': 'entropy', 'max_depth': 8, 'min_samples_leaf': 5, 'min_samples_split': 2}",0.7890175438596492,0.6841920380304396,0.6895063859645227,0.045710086616096254,119,0.22580645161290322,0.37729954719543457,deux classes
Arbre,grille,"{'criterion': 'entropy', 'max_depth': 8, 'min_samples_leaf': 1, 'min_samples_split': 10}",0.7890877192982455,0.6801000780758204,0.6868727908926117,0.033251678938165496,119,0.22580645161290322,0.3685262203216553,deux classes
Arbre,grille,"{'criterion': 'entropy', 'max_depth': 6, 'min_samples_leaf': 10, 'min_samples_split': 2}",0.7850350877192983,0.6735647898785139,0.6851845601803177,0.022010460111011126,124,0.23529411764705882,0.36657166481018066,deux classes
Arbre,grille,"{'criterion': 'entropy', 'max_depth': 6, 'min_samples_leaf': 10, 'min_samples_split': 10}",0.7850350877192983,0.6735647898785139,0.6851845601803177,0.022010460111011126,124,0.23529411764705882,0.3798484802246094,deux classes
Arbre,grille,"{'criterion': 'gini', 'max_depth': 4, 'min_samples_leaf': 5, 'min_samples_split': 2}",0.7983859649122808,0.6689239444050026,0.6836987503097086,0.04356724983287552,117,0.222011385199241,0.36412858963012695,deux classes
Arbre,grille,"{'criterion': 'gini', 'max_depth': 4, 'min_samples_leaf': 5, 'min_samples_split': 10}",0.7983859649122808,0.6689239444050026,0.6836987503097086,0.04356724983287552,117,0.222011385199241,0.367476224899292,deux classes
Arbre,grille,"{'criterion': 'gini', 'max_depth': 6, 'min_samples_leaf': 2, 'min_samples_split': 10}",0.7930175438596491,0.6667540314443826,0.6827132769573,0.034611660677925274,118,0.2239089184060721,0.36484193801879883,deux classes
Arbre,grille,"{'criterion': 'entropy', 'max_depth': 6, 'min_samples_leaf': 1, 'min_samples_split': 10}",0.805017543859649,0.6613407885311398,0.6815978915940756,0.030682918923774054,112,0.2125237191650854,0.38950061798095703,deux classes
Arbre,grille,"{'criterion': 'gini', 'max_depth': 3, 'min_samples_leaf': 10, 'min_samples_split': 10}",0.8023157894736842,0.6609275959704426,0.6796918777675408,0.04351650252732435,116,0.22011385199240988,0.37662553787231445,deux classes
Arbre,grille,"{'criterion': 'gini', 'max_depth': 3, 'min_samples_leaf': 10, 'min_samples_split': 2}",0.8023157894736842,0.6609275959704426,0.6796918777675408,0.04351650252732435,116,0.22011385199240988,0.3506307601928711,deux classes
Arbre,grille,"{'criterion': 'gini', 'max_depth': 6, 'min_samples_leaf': 2, 'min_samples_split': 2}",0.7877543859649123,0.6687427398334418,0.6792682083915487,0.019736476301814007,120,0.22770398481973433,0.3742372989654541,deux classes
Arbre,grille,"{'criterion': 'gini', 'max_depth': 6, 'min_samples_leaf': 1, 'min_samples_split': 2}",0.7930526315789475,0.6623488925568546,0.6771159148982134,0.024565463996105406,119,0.22580645161290322,0.3631622791290283,deux classes
Arbre,grille,"{'criterion': 'entropy', 'max_depth': 6, 'min_samples_leaf': 1, 'min_samples_split': 2}",0.7956842105263158,0.6597754604313149,0.6768512236838047,0.04053409541547926,120,0.22770398481973433,0.4678184986114502,deux classes
Arbre,grille,"{'criterion': 'gini', 'max_depth': 4, 'min_samples_leaf': 20, 'min_samples_split': 2}",0.8023157894736842,0.6536273322751691,0.6756297467249718,0.02405834039225281,113,0.2144212523719165,0.3558056354522705,deux classes
Arbre,grille,"{'criterion': 'gini', 'max_depth': 4, 'min_samples_leaf': 20, 'min_samples_split': 10}",0.8023157894736842,0.6536273322751691,0.6756297467249718,0.02405834039225281,113,0.2144212523719165,0.3968358039855957,deux classes
Arbre,grille,"{'criterion': 'gini', 'max_depth': 20, 'min_samples_leaf': 20, 'min_samples_split': 10}",0.7797894736842105,0.6649453456140912,0.6748846687676332,0.03177100205352893,124,0.23529411764705882,0.34171223640441895,deux classes
Arbre,grille,"{'criterion': 'gini', 'max_depth': 20, 'min_samples_leaf': 20, 'min_samples_split': 2}",0.7797894736842105,0.6649453456140912,0.6748846687676332,0.03177100205352893,124,0.23529411764705882,0.3634979724884033,deux classes
Arbre,grille,"{'criterion': 'gini', 'max_depth': 12, 'min_samples_leaf': 20, 'min_samples_split': 10}",0.7797894736842105,0.6649453456140912,0.6748846687676332,0.03177100205352893,124,0.23529411764705882,0.3793776035308838,deux classes
Arbre,grille,"{'criterion': 'gini', 'max_depth': None, 'min_samples_leaf': 20, 'min_samples_split': 10}",0.7797894736842105,0.6649453456140912,0.6748846687676332,0.03177100205352893,124,0.23529411764705882,0.3561403751373291,deux classes
Arbre,grille,"{'criterion': 'gini', 'max_depth': None, 'min_samples_leaf': 20, 'min_samples_split': 2}",0.7797894736842105,0.6649453456140912,0.6748846687676332,0.03177100205352893,124,0.23529411764705882,0.3359386920928955,deux classes
Arbre,grille,"{'criterion': 'gini', 'max_depth': 12, 'min_samples_leaf': 20, 'min_samples_split': 2}",0.7797894736842105,0.6649453456140912,0.6748846687676332,0.03177100205352893,124,0.23529411764705882,0.35659193992614746,deux classes
Arbre,grille,"{'criterion': 'gini', 'max_depth': 8, 'min_samples_leaf': 20, 'min_samples_split': 10}",0.7797894736842105,0.6649453456140912,0.6748846687676332,0.03177100205352893,124,0.23529411764705882,0.3523881435394287,deux classes
Arbre,grille,"{'criterion': 'gini', 'max_depth': 8, 'min_samples_leaf': 20, 'min_samples_split': 2}",0.7797894736842105,0.6649453456140912,0.6748846687676332,0.03177100205352893,124,0.23529411764705882,0.38268613815307617,deux classes
Arbre,grille,"{'criterion': 'entropy', 'max_depth': 6, 'min_samples_leaf': 2, 'min_samples_split': 10}",0.7943508771929825,0.6560051129548784,0.6729415020236691,0.03307798669959601,118,0.2239089184060721,0.366713285446167,deux classes
Arbre,grille,"{'criterion': 'entropy', 'max_depth': 6, 'min_samples_leaf': 5, 'min_samples_split': 2}",0.7930175438596493,0.658313197539197,0.6724985691875498,0.03161882590915374,120,0.22770398481973433,0.36681580543518066,deux classes
Arbre,grille,"{'criterion': 'entropy', 'max_depth': 6, 'min_samples_leaf': 5, 'min_samples_split': 10}",0.7930175438596493,0.658313197539197,0.6724985691875498,0.03161882590915374,120,0.22770398481973433,0.382843017578125,deux classes
Arbre,grille,"{'criterion': 'gini', 'max_depth': 6, 'min_samples_leaf': 20, 'min_samples_split': 10}",0.7757543859649123,0.6649930221510449,0.6718577483013484,0.022136623176463234,126,0.23908918406072105,0.3775773048400879,deux classes
Arbre,grille,"{'criterion': 'gini', 'max_depth': 6, 'min_samples_leaf': 20, 'min_samples_split': 2}",0.7757543859649123,0.6649930221510449,0.6718577483013484,0.022136623176463234,126,0.23908918406072105,0.3674159049987793,deux classes
Arbre,grille,"{'criterion': 'entropy', 'max_depth': 6, 'min_samples_leaf': 20, 'min_samples_split': 10}",0.7770877192982457,0.6633679085428487,0.6693825443509793,0.046672606852855604,126,0.23908918406072105,0.3774745464324951,deux classes
Arbre,grille,"{'criterion': 'entropy', 'max_depth': 6, 'min_samples_leaf': 20, 'min_samples_split': 2}",0.7770877192982457,0.6633679085428487,0.6693825443509793,0.046672606852855604,126,0.23908918406072105,0.3627505302429199,deux classes
Arbre,grille,"{'criterion': 'gini', 'max_depth': 6, 'min_samples_leaf': 1, 'min_samples_split': 10}",0.7876842105263158,0.653639277346022,0.6683508262611102,0.04036445904647575,121,0.22960151802656548,0.36158275604248047,deux classes
Arbre,grille,"{'criterion': 'entropy', 'max_depth': 6, 'min_samples_leaf': 2, 'min_samples_split': 2}",0.7850877192982455,0.6546765428323973,0.6674853129168088,0.038376883637700664,124,0.23529411764705882,0.37456250190734863,deux classes
Arbre,grille,"{'criterion': 'gini', 'max_depth': 6, 'min_samples_leaf': 5, 'min_samples_split': 10}",0.7876842105263158,0.6520178929416816,0.6670320552463409,0.029578577009412722,117,0.222011385199241,0.3607497215270996,deux classes
Arbre,grille,"{'criterion': 'gini', 'max_depth': 6, 'min_samples_leaf': 5, 'min_samples_split': 2}",0.7876842105263158,0.6520178929416816,0.6670320552463409,0.029578577009412722,117,0.222011385199241,0.3885660171508789,deux classes
Arbre,grille,"{'criterion': 'entropy', 'max_depth': 4, 'min_samples_leaf': 2, 'min_samples_split': 2}",0.8036491228070176,0.6436089376048012,0.6648021299401945,0.04146797641591572,116,0.22011385199240988,0.4246203899383545,deux classes
Arbre,grille,"{'criterion': 'entropy', 'max_depth': 3, 'min_samples_leaf': 10, 'min_samples_split': 10}",0.7943508771929826,0.6460662668233993,0.663766171108979,0.028372559201035187,121,0.22960151802656548,0.4305248260498047,deux classes
Arbre,grille,"{'criterion': 'entropy', 'max_depth': 3, 'min_samples_leaf': 10, 'min_samples_split': 2}",0.7943508771929826,0.6460662668233993,0.663766171108979,0.028372559201035187,121,0.22960151802656548,0.44040822982788086,deux classes
Arbre,grille,"{'criterion': 'entropy', 'max_depth': 8, 'min_samples_leaf': 20, 'min_samples_split': 2}",0.777122807017544,0.6536867733592784,0.6630811174610798,0.04634307592430694,126,0.23908918406072105,0.37565183639526367,deux classes
Arbre,grille,"{'criterion': 'entropy', 'max_depth': 8, 'min_samples_leaf': 20, 'min_samples_split': 10}",0.777122807017544,0.6536867733592784,0.6630811174610798,0.04634307592430694,126,0.23908918406072105,0.37276792526245117,deux classes
Arbre,grille,"{'criterion': 'entropy', 'max_depth': None, 'min_samples_leaf': 20, 'min_samples_split': 2}",0.777122807017544,0.6536867733592784,0.6630811174610798,0.04634307592430694,126,0.23908918406072105,0.3890197277069092,deux classes
Arbre,grille,"{'criterion': 'entropy', 'max_depth': 20, 'min_samples_leaf': 20, 'min_samples_split': 10}",0.777122807017544,0.6536867733592784,0.6630811174610798,0.04634307592430694,126,0.23908918406072105,0.3776381015777588,deux classes
Arbre,grille,"{'criterion': 'entropy', 'max_depth': 20, 'min_samples_leaf': 20, 'min_samples_split': 2}",0.777122807017544,0.6536867733592784,0.6630811174610798,0.04634307592430694,126,0.23908918406072105,0.36470842361450195,deux classes
Arbre,grille,"{'criterion': 'entropy', 'max_depth': None, 'min_samples_leaf': 20, 'min_samples_split': 10}",0.777122807017544,0.6536867733592784,0.6630811174610798,0.04634307592430694,126,0.23908918406072105,0.4072227478027344,deux classes
Arbre,grille,"{'criterion': 'entropy', 'max_depth': 12, 'min_samples_leaf': 20, 'min_samples_split': 10}",0.777122807017544,0.6536867733592784,0.6630811174610798,0.04634307592430694,126,0.23908918406072105,0.3731250762939453,deux classes
Arbre,grille,"{'criterion': 'entropy', 'max_depth': 12, 'min_samples_leaf': 20, 'min_samples_split': 2}",0.777122807017544,0.6536867733592784,0.6630811174610798,0.04634307592430694,126,0.23908918406072105,0.3707578182220459,deux classes
Arbre,grille,"{'criterion': 'gini', 'max_depth': 3, 'min_samples_leaf': 2, 'min_samples_split': 2}",0.7996491228070175,0.6428703575692601,0.6614227880660376,0.049756402432517735,117,0.222011385199241,0.35953354835510254,deux classes
Arbre,grille,"{'criterion': 'gini', 'max_depth': 3, 'min_samples_leaf': 2, 'min_samples_split': 10}",0.7996491228070175,0.6428703575692601,0.6614227880660376,0.049756402432517735,117,0.222011385199241,0.4154834747314453,deux classes
Arbre,grille,"{'criterion': 'entropy', 'max_depth': 3, 'min_samples_leaf': 2, 'min_samples_split': 2}",0.7969824561403509,0.6409644940092613,0.6605273209591715,0.038445731959395386,119,0.22580645161290322,0.4083850383758545,deux classes
Arbre,grille,"{'criterion': 'entropy', 'max_depth': 3, 'min_samples_leaf': 2, 'min_samples_split': 10}",0.7969824561403509,0.6409644940092613,0.6605273209591715,0.038445731959395386,119,0.22580645161290322,0.398242712020874,deux classes
Arbre,grille,"{'criterion': 'entropy', 'max_depth': 4, 'min_samples_leaf': 20, 'min_samples_split': 10}",0.8023157894736842,0.6441601547158864,0.6598867832080492,0.06959584981912693,114,0.21631878557874762,0.44916367530822754,deux classes
Arbre,grille,"{'criterion': 'entropy', 'max_depth': 4, 'min_samples_leaf': 20, 'min_samples_split': 2}",0.8023157894736842,0.6441601547158864,0.6598867832080492,0.06959584981912693,114,0.21631878557874762,0.43665313720703125,deux classes
Arbre,grille,"{'criterion': 'entropy', 'max_depth': 4, 'min_samples_leaf': 10, 'min_samples_split': 10}",0.7930175438596492,0.6433014564458068,0.6598208736759299,0.029851353318081468,121,0.22960151802656548,0.475536584854126,deux classes
Arbre,grille,"{'criterion': 'entropy', 'max_depth': 4, 'min_samples_leaf': 10, 'min_samples_split': 2}",0.7930175438596492,0.6433014564458068,0.6598208736759299,0.029851353318081468,121,0.22960151802656548,0.46326327323913574,deux classes
Arbre,grille,"{'criterion': 'gini', 'max_depth': 3, 'min_samples_leaf': 1, 'min_samples_split': 2}",0.7970175438596491,0.6412830559819586,0.6579823688361447,0.045341294755143244,118,0.2239089184060721,0.3679177761077881,deux classes
Arbre,grille,"{'criterion': 'gini', 'max_depth': 3, 'min_samples_leaf': 1, 'min_samples_split': 10}",0.7970175438596491,0.6412830559819586,0.6579823688361447,0.045341294755143244,118,0.2239089184060721,0.35029149055480957,deux classes
Arbre,grille,"{'criterion': 'entropy', 'max_depth': 4, 'min_samples_leaf': 1, 'min_samples_split': 2}",0.7984210526315789,0.6406488346446982,0.6577553385695534,0.031090578751955908,117,0.222011385199241,0.528019905090332,deux classes
Arbre,grille,"{'criterion': 'entropy', 'max_depth': 3, 'min_samples_leaf': 1, 'min_samples_split': 2}",0.7943508771929826,0.6393771924219597,0.6570869017292786,0.03243526118950488,120,0.22770398481973433,0.4060037136077881,deux classes
Arbre,grille,"{'criterion': 'entropy', 'max_depth': 3, 'min_samples_leaf': 1, 'min_samples_split': 10}",0.7943508771929826,0.6393771924219597,0.6570869017292786,0.03243526118950488,120,0.22770398481973433,0.43004894256591797,deux classes
Arbre,grille,"{'criterion': 'gini', 'max_depth': 3, 'min_samples_leaf': 5, 'min_samples_split': 2}",0.7970175438596492,0.6393736567041383,0.6570703023888296,0.03538294131317632,117,0.222011385199241,0.3600761890411377,deux classes
Arbre,grille,"{'criterion': 'gini', 'max_depth': 3, 'min_samples_leaf': 5, 'min_samples_split': 10}",0.7970175438596492,0.6393736567041383,0.6570703023888296,0.03538294131317632,117,0.222011385199241,0.36962294578552246,deux classes
Arbre,grille,"{'criterion': 'entropy', 'max_depth': 4, 'min_samples_leaf': 2, 'min_samples_split': 10}",0.8009824561403509,0.6370515605556208,0.6567004372516605,0.044742924706077575,117,0.222011385199241,0.46636533737182617,deux classes
Arbre,grille,"{'criterion': 'entropy', 'max_depth': 4, 'min_samples_leaf': 1, 'min_samples_split': 10}",0.7983859649122806,0.6356787591828195,0.6526519707114053,0.03687037094298516,117,0.222011385199241,0.4422461986541748,deux classes
Arbre,grille,"{'criterion': 'entropy', 'max_depth': 3, 'min_samples_leaf': 5, 'min_samples_split': 2}",0.7916842105263159,0.6340099727690257,0.651199296601366,0.03220482248904663,122,0.2314990512333966,0.4250926971435547,deux classes
Arbre,grille,"{'criterion': 'entropy', 'max_depth': 3, 'min_samples_leaf': 5, 'min_samples_split': 10}",0.7916842105263159,0.6340099727690257,0.651199296601366,0.03220482248904663,122,0.2314990512333966,0.4421374797821045,deux classes
Arbre,grille,"{'criterion': 'entropy', 'max_depth': 4, 'min_samples_leaf': 5, 'min_samples_split': 2}",0.7876842105263158,0.6263703379677368,0.6405088775479935,0.04825041566913746,125,0.23719165085388993,0.43936681747436523,deux classes
Arbre,grille,"{'criterion': 'entropy', 'max_depth': 4, 'min_samples_leaf': 5, 'min_samples_split': 10}",0.7876842105263158,0.6263703379677368,0.6405088775479935,0.04825041566913746,125,0.23719165085388993,0.4863138198852539,deux classes
Arbre,grille,"{'criterion': 'gini', 'max_depth': 3, 'min_samples_leaf': 20, 'min_samples_split': 2}",0.7916491228070175,0.6152344469159177,0.6281625314779595,0.05715946522423573,121,0.22960151802656548,0.37104034423828125,deux classes
Arbre,grille,"{'criterion': 'gini', 'max_depth': 3, 'min_samples_leaf': 20, 'min_samples_split': 10}",0.7916491228070175,0.6152344469159177,0.6281625314779595,0.05715946522423573,121,0.22960151802656548,0.3491077423095703,deux classes
Arbre,grille,"{'criterion': 'gini', 'max_depth': 2, 'min_samples_leaf': 1, 'min_samples_split': 2}",0.7916842105263158,0.6152352473828427,0.624183862104689,0.06974710397694639,117,0.222011385199241,0.3260843753814697,deux classes
Arbre,grille,"{'criterion': 'gini', 'max_depth': 2, 'min_samples_leaf': 2, 'min_samples_split': 2}",0.7916842105263158,0.6152352473828427,0.624183862104689,0.06974710397694639,117,0.222011385199241,0.38097119331359863,deux classes
Arbre,grille,"{'criterion': 'gini', 'max_depth': 2, 'min_samples_leaf': 2, 'min_samples_split': 10}",0.7916842105263158,0.6152352473828427,0.624183862104689,0.06974710397694639,117,0.222011385199241,0.336270809173584,deux classes
Arbre,grille,"{'criterion': 'gini', 'max_depth': 2, 'min_samples_leaf': 5, 'min_samples_split': 2}",0.7916842105263158,0.6152352473828427,0.624183862104689,0.06974710397694639,117,0.222011385199241,0.35436582565307617,deux classes
Arbre,grille,"{'criterion': 'gini', 'max_depth': 2, 'min_samples_leaf': 5, 'min_samples_split': 10}",0.7916842105263158,0.6152352473828427,0.624183862104689,0.06974710397694639,117,0.222011385199241,0.35834479331970215,deux classes
Arbre,grille,"{'criterion': 'gini', 'max_depth': 2, 'min_samples_leaf': 10, 'min_samples_split': 2}",0.7916842105263158,0.6152352473828427,0.624183862104689,0.06974710397694639,117,0.222011385199241,0.36864161491394043,deux classes
Arbre,grille,"{'criterion': 'gini', 'max_depth': 2, 'min_samples_leaf': 10, 'min_samples_split': 10}",0.7916842105263158,0.6152352473828427,0.624183862104689,0.06974710397694639,117,0.222011385199241,0.34714818000793457,deux classes
Arbre,grille,"{'criterion': 'gini', 'max_depth': 2, 'min_samples_leaf': 1, 'min_samples_split': 10}",0.7916842105263158,0.6152352473828427,0.624183862104689,0.06974710397694639,117,0.222011385199241,0.3674440383911133,deux classes
Arbre,grille,"{'criterion': 'entropy', 'max_depth': 2, 'min_samples_leaf': 1, 'min_samples_split': 10}",0.7863508771929825,0.608066225928107,0.6157817474458743,0.0651778185421203,121,0.22960151802656548,0.35676121711730957,deux classes
Arbre,grille,"{'criterion': 'entropy', 'max_depth': 2, 'min_samples_leaf': 2, 'min_samples_split': 2}",0.7863508771929825,0.608066225928107,0.6157817474458743,0.0651778185421203,121,0.22960151802656548,0.34671854972839355,deux classes
Arbre,grille,"{'criterion': 'entropy', 'max_depth': 2, 'min_samples_leaf': 1, 'min_samples_split': 2}",0.7863508771929825,0.608066225928107,0.6157817474458743,0.0651778185421203,121,0.22960151802656548,0.3481745719909668,deux classes
Arbre,grille,"{'criterion': 'entropy', 'max_depth': 2, 'min_samples_leaf': 2, 'min_samples_split': 10}",0.7863508771929825,0.608066225928107,0.6157817474458743,0.0651778185421203,121,0.22960151802656548,0.3555285930633545,deux classes
Arbre,grille,"{'criterion': 'entropy', 'max_depth': 2, 'min_samples_leaf': 5, 'min_samples_split': 2}",0.7863508771929825,0.608066225928107,0.6157817474458743,0.0651778185421203,121,0.22960151802656548,0.36994385719299316,deux classes
Arbre,grille,"{'criterion': 'entropy', 'max_depth': 2, 'min_samples_leaf': 5, 'min_samples_split': 10}",0.7863508771929825,0.608066225928107,0.6157817474458743,0.0651778185421203,121,0.22960151802656548,0.3585929870605469,deux classes
Arbre,grille,"{'criterion': 'entropy', 'max_depth': 2, 'min_samples_leaf': 10, 'min_samples_split': 2}",0.7863508771929825,0.608066225928107,0.6157817474458743,0.0651778185421203,121,0.22960151802656548,0.36514711380004883,deux classes
Arbre,grille,"{'criterion': 'entropy', 'max_depth': 2, 'min_samples_leaf': 10, 'min_samples_split': 10}",0.7863508771929825,0.608066225928107,0.6157817474458743,0.0651778185421203,121,0.22960151802656548,0.3595263957977295,deux classes
Arbre,grille,"{'criterion': 'entropy', 'max_depth': 3, 'min_samples_leaf': 20, 'min_samples_split': 2}",0.7836491228070176,0.5884244617882635,0.5927735244417501,0.06575719459702445,122,0.2314990512333966,0.435591459274292,deux classes
Arbre,grille,"{'criterion': 'entropy', 'max_depth': 3, 'min_samples_leaf': 20, 'min_samples_split': 10}",0.7836491228070176,0.5884244617882635,0.5927735244417501,0.06575719459702445,122,0.2314990512333966,0.42236828804016113,deux classes
Arbre,grille,"{'criterion': 'gini', 'max_depth': 2, 'min_samples_leaf': 20, 'min_samples_split': 10}",0.7809824561403509,0.5832962566600584,0.5849657963745816,0.06703434817733143,123,0.2333965844402277,0.35874176025390625,deux classes
Arbre,grille,"{'criterion': 'gini', 'max_depth': 2, 'min_samples_leaf': 20, 'min_samples_split': 2}",0.7809824561403509,0.5832962566600584,0.5849657963745816,0.06703434817733143,123,0.2333965844402277,0.36294126510620117,deux classes
Arbre,grille,"{'criterion': 'entropy', 'max_depth': 2, 'min_samples_leaf': 20, 'min_samples_split': 2}",0.7809824561403509,0.5832962566600584,0.5849657963745816,0.06703434817733143,123,0.2333965844402277,0.4190249443054199,deux classes
Arbre,grille,"{'criterion': 'entropy', 'max_depth': 2, 'min_samples_leaf': 20, 'min_samples_split': 10}",0.7809824561403509,0.5832962566600584,0.5849657963745816,0.06703434817733143,123,0.2333965844402277,0.4216306209564209,deux classes
Regression logistique,grille,{'C': 1000.0},0.7957543859649123,0.7095647476584344,0.7109811758388896,0.06825789956338554,117,0.222011385199241,0.9609076976776123,deux classes
Regression logistique,grille,{'C': 316.22776601683796},0.7930877192982455,0.7057185938122804,0.7075444864778305,0.06662988677234816,118,0.2239089184060721,0.9975645542144775,deux classes
Regression logistique,grille,{'C': 100.0},0.7877368421052632,0.7020718209186456,0.7028150144928612,0.06637925207262929,120,0.22770398481973433,0.9954211711883545,deux classes
Regression logistique,grille,{'C': 10.0},0.7910701754385964,0.69906911606929,0.7025035302800318,0.06448560378047416,116,0.22011385199240988,0.7552807331085205,deux classes
Regression logistique,grille,{'C': 31.622776601683793},0.7864035087719298,0.6991185242153489,0.7006768244097851,0.06597031969387021,120,0.22770398481973433,0.853602409362793,deux classes
Regression logistique,grille,{'C': 3.1622776601683795},0.7877368421052633,0.6935764916001901,0.6965614047672227,0.0707588088128462,119,0.22580645161290322,0.5890777111053467,deux classes
Regression logistique,grille,{'C': 1.0},0.7890350877192982,0.6857372717308949,0.6928643020934961,0.07043900794051082,118,0.2239089184060721,0.5861825942993164,deux classes
Regression logistique,grille,{'C': 0.31622776601683794},0.7916491228070175,0.6720382425512842,0.6849082222237031,0.06908195826604442,118,0.2239089184060721,0.5051946640014648,deux classes
Regression logistique,grille,{'C': 0.1},0.7783684210526316,0.6315234879911187,0.6441007107205194,0.05704702983871388,125,0.23719165085388993,0.4543335437774658,deux classes
Regression logistique,grille,{'C': 0.03162277660168379},0.7863684210526316,0.6124814578917309,0.6246762125327836,0.03603343034450457,123,0.2333965844402277,0.40107059478759766,deux classes
Regression logistique,grille,{'C': 0.01},0.7850526315789472,0.5714544703328137,0.5646995284430443,0.01834350774387657,121,0.22960151802656548,0.3898012638092041,deux classes
Regression logistique,grille,{'C': 0.0031622776601683794},0.7611228070175439,0.5155317360235393,0.4603497393513473,0.029455267422399956,131,0.24857685009487665,0.3973546028137207,deux classes
Regression logistique,grille,{'C': 0.001},0.7557894736842105,0.5038461538461538,0.436966086465841,0.010345119555169903,133,0.2523719165085389,0.43727636337280273,deux classes
k plus proches voisins,grille,"{'n_neighbors': 3, 'p': 1, 'preparation__n_axes': None, 'weights': 'distance'}",0.8503333333333334,0.8002066313850387,0.7960277140195352,0.045848660804037766,81,0.15370018975332067,0.4322507381439209,deux classes
k plus proches voisins,grille,"{'n_neighbors': 3, 'p': 2, 'preparation__n_axes': 14, 'weights': 'distance'}",0.8469298245614034,0.8082991929051504,0.7946444070037124,0.041402619001560705,82,0.1555977229601518,0.4222753047943115,deux classes
k plus proches voisins,grille,"{'n_neighbors': 5, 'p': 1, 'preparation__n_axes': None, 'weights': 'distance'}",0.8503684210526317,0.7880612080030713,0.7897682162051389,0.038433609270508526,84,0.15939278937381404,0.44040632247924805,deux classes
k plus proches voisins,grille,"{'n_neighbors': 10, 'p': 2, 'preparation__n_axes': 8, 'weights': 'distance'}",0.8583508771929825,0.7750410151110936,0.7873348537645181,0.053215585642264356,82,0.1555977229601518,0.4561164379119873,deux classes
k plus proches voisins,grille,"{'n_neighbors': 1, 'p': 2, 'preparation__n_axes': None, 'weights': 'uniform'}",0.8416491228070175,0.801752545444178,0.7848124181535162,0.07483192780155898,86,0.16318785578747627,0.3923189640045166,deux classes
k plus proches voisins,grille,"{'n_neighbors': 1, 'p': 2, 'preparation__n_axes': None, 'weights': 'distance'}",0.8416491228070175,0.801752545444178,0.7848124181535162,0.07483192780155898,86,0.16318785578747627,0.4021017551422119,deux classes
k plus proches voisins,grille,"{'n_neighbors': 5, 'p': 2, 'preparation__n_axes': 8, 'weights': 'distance'}",0.8475964912280702,0.7816489038602987,0.783646362191953,0.04388337801173036,88,0.16698292220113853,0.4228694438934326,deux classes
k plus proches voisins,grille,"{'n_neighbors': 7, 'p': 2, 'preparation__n_axes': 8, 'weights': 'distance'}",0.8503859649122807,0.7774566298803898,0.7830008078010524,0.03802213292823529,85,0.16129032258064516,0.4172070026397705,deux classes
k plus proches voisins,grille,"{'n_neighbors': 7, 'p': 2, 'preparation__n_axes': 14, 'weights': 'distance'}",0.8490877192982456,0.7785564202219835,0.7827059427453962,0.04138135946674055,86,0.16318785578747627,0.46414875984191895,deux classes
k plus proches voisins,grille,"{'n_neighbors': 7, 'p': 1, 'preparation__n_axes': 14, 'weights': 'distance'}",0.8457543859649123,0.7770224150840911,0.7815823675000262,0.04401853505797568,83,0.15749525616698293,0.4426276683807373,deux classes
k plus proches voisins,grille,"{'n_neighbors': 10, 'p': 2, 'preparation__n_axes': None, 'weights': 'distance'}",0.848982456140351,0.778422150930215,0.7809535565450075,0.05200722304094677,85,0.16129032258064516,0.39914870262145996,deux classes
k plus proches voisins,grille,"{'n_neighbors': 10, 'p': 2, 'preparation__n_axes': 14, 'weights': 'distance'}",0.8450526315789473,0.7791556691248808,0.7778642927235895,0.040714321257503454,86,0.16318785578747627,0.4402127265930176,deux classes
k plus proches voisins,grille,"{'n_neighbors': 1, 'p': 1, 'preparation__n_axes': 14, 'weights': 'distance'}",0.836280701754386,0.7913977822075692,0.7771306992780648,0.06749381476044873,87,0.1650853889943074,0.4272584915161133,deux classes
k plus proches voisins,grille,"{'n_neighbors': 1, 'p': 1, 'preparation__n_axes': 14, 'weights': 'uniform'}",0.836280701754386,0.7913977822075692,0.7771306992780648,0.06749381476044873,87,0.1650853889943074,0.37811946868896484,deux classes
k plus proches voisins,grille,"{'n_neighbors': 1, 'p': 2, 'preparation__n_axes': 8, 'weights': 'distance'}",0.8355614035087718,0.7891191279968306,0.7769170067191071,0.09083278455402771,87,0.1650853889943074,0.4289236068725586,deux classes
k plus proches voisins,grille,"{'n_neighbors': 1, 'p': 2, 'preparation__n_axes': 8, 'weights': 'uniform'}",0.8355614035087718,0.7891191279968306,0.7769170067191071,0.09083278455402771,87,0.1650853889943074,0.41662168502807617,deux classes
k plus proches voisins,grille,"{'n_neighbors': 7, 'p': 1, 'preparation__n_axes': 8, 'weights': 'distance'}",0.8424035087719298,0.7758480401586383,0.7766703974892302,0.040462971889352994,90,0.17077798861480076,0.42157816886901855,deux classes
k plus proches voisins,grille,"{'n_neighbors': 3, 'p': 2, 'preparation__n_axes': 8, 'weights': 'distance'}",0.8395789473684211,0.7759165960180804,0.7759684695595276,0.04612583541892358,86,0.16318785578747627,0.4281425476074219,deux classes
k plus proches voisins,grille,"{'n_neighbors': 5, 'p': 1, 'preparation__n_axes': 14, 'weights': 'distance'}",0.8417017543859648,0.7700014331794091,0.7757641040690444,0.03132954116766683,84,0.15939278937381404,0.42694568634033203,deux classes
k plus proches voisins,grille,"{'n_neighbors': 10, 'p': 1, 'preparation__n_axes': 14, 'weights': 'distance'}",0.844421052631579,0.7683503933867296,0.775611040541403,0.036886079024600366,82,0.1555977229601518,0.4463052749633789,deux classes
k plus proches voisins,grille,"{'n_neighbors': 7, 'p': 1, 'preparation__n_axes': None, 'weights': 'distance'}",0.8437543859649124,0.767772937730234,0.7735016628219091,0.038075209577094975,87,0.1650853889943074,0.432269811630249,deux classes
k plus proches voisins,grille,"{'n_neighbors': 3, 'p': 2, 'preparation__n_axes': 14, 'weights': 'uniform'}",0.8349649122807017,0.7754542364684276,0.7727496650057729,0.03853241896223624,90,0.17077798861480076,0.4227118492126465,deux classes
k plus proches voisins,grille,"{'n_neighbors': 3, 'p': 2, 'preparation__n_axes': None, 'weights': 'distance'}",0.8317368421052631,0.7856375839175831,0.7721021935214595,0.03134766284552591,87,0.1650853889943074,0.4260838031768799,deux classes
k plus proches voisins,grille,"{'n_neighbors': 15, 'p': 2, 'preparation__n_axes': 8, 'weights': 'distance'}",0.8544210526315789,0.7499885003199135,0.7702289439813765,0.05362395422156926,84,0.15939278937381404,0.4361836910247803,deux classes
k plus proches voisins,grille,"{'n_neighbors': 1, 'p': 1, 'preparation__n_axes': None, 'weights': 'distance'}",0.8317543859649122,0.7816118901439538,0.7700118585273833,0.05064987111296224,91,0.17267552182163187,0.4037601947784424,deux classes
k plus proches voisins,grille,"{'n_neighbors': 1, 'p': 1, 'preparation__n_axes': None, 'weights': 'uniform'}",0.8317543859649122,0.7816118901439538,0.7700118585273833,0.05064987111296224,91,0.17267552182163187,0.3605055809020996,deux classes
k plus proches voisins,grille,"{'n_neighbors': 3, 'p': 1, 'preparation__n_axes': 14, 'weights': 'distance'}",0.8324035087719299,0.7743339381260267,0.7692773045984305,0.03290551144694609,87,0.1650853889943074,0.41309142112731934,deux classes
k plus proches voisins,grille,"{'n_neighbors': 5, 'p': 2, 'preparation__n_axes': 14, 'weights': 'distance'}",0.8357368421052632,0.7676544791076771,0.7689591481700951,0.023994925245617246,89,0.16888045540796964,0.43470144271850586,deux classes
k plus proches voisins,grille,"{'n_neighbors': 1, 'p': 2, 'preparation__n_axes': 14, 'weights': 'uniform'}",0.8269122807017544,0.7823610775797353,0.7673432335455151,0.08755836565743319,91,0.17267552182163187,0.4295647144317627,deux classes
k plus proches voisins,grille,"{'n_neighbors': 1, 'p': 2, 'preparation__n_axes': 14, 'weights': 'distance'}",0.8269122807017544,0.7823610775797353,0.7673432335455151,0.08755836565743319,91,0.17267552182163187,0.4404785633087158,deux classes
k plus proches voisins,grille,"{'n_neighbors': 10, 'p': 1, 'preparation__n_axes': None, 'weights': 'distance'}",0.835701754385965,0.7665613953918482,0.7656573997482801,0.041547357276718606,91,0.17267552182163187,0.42092037200927734,deux classes
k plus proches voisins,grille,"{'n_neighbors': 7, 'p': 2, 'preparation__n_axes': None, 'weights': 'distance'}",0.8357368421052632,0.7637452512855684,0.7655862505463517,0.02780665256985336,91,0.17267552182163187,0.4113483428955078,deux classes
k plus proches voisins,grille,"{'n_neighbors': 1, 'p': 1, 'preparation__n_axes': 8, 'weights': 'distance'}",0.8302280701754385,0.771896091572384,0.7652712665379349,0.08543017328550831,93,0.17647058823529413,0.4115138053894043,deux classes
k plus proches voisins,grille,"{'n_neighbors': 1, 'p': 1, 'preparation__n_axes': 8, 'weights': 'uniform'}",0.8302280701754385,0.771896091572384,0.7652712665379349,0.08543017328550831,93,0.17647058823529413,0.37581777572631836,deux classes
k plus proches voisins,grille,"{'n_neighbors': 5, 'p': 2, 'preparation__n_axes': None, 'weights': 'distance'}",0.8330701754385965,0.7612430654525397,0.763779259874326,0.01618350961397503,92,0.174573055028463,0.4064977169036865,deux classes
k plus proches voisins,grille,"{'n_neighbors': 3, 'p': 1, 'preparation__n_axes': 8, 'weights': 'distance'}",0.838280701754386,0.7559184150475143,0.7629732620067694,0.049365102798203025,87,0.1650853889943074,0.4257352352142334,deux classes
k plus proches voisins,grille,"{'n_neighbors': 5, 'p': 1, 'preparation__n_axes': 8, 'weights': 'distance'}",0.8330350877192982,0.7552889702566412,0.7605558850188913,0.02416503953289713,93,0.17647058823529413,0.4515800476074219,deux classes
k plus proches voisins,grille,"{'n_neighbors': 3, 'p': 1, 'preparation__n_axes': None, 'weights': 'uniform'}",0.8277192982456141,0.7616925382673521,0.759344472867524,0.04369792963592726,94,0.17836812144212524,0.36885976791381836,deux classes
k plus proches voisins,grille,"{'n_neighbors': 20, 'p': 2, 'preparation__n_axes': 8, 'weights': 'distance'}",0.8477719298245614,0.7355348983663116,0.7567423499798412,0.06186705273590751,88,0.16698292220113853,0.47685909271240234,deux classes
k plus proches voisins,grille,"{'n_neighbors': 15, 'p': 1, 'preparation__n_axes': 14, 'weights': 'distance'}",0.8364912280701755,0.7407922197829351,0.7542869199908777,0.04163771018324321,89,0.16888045540796964,0.42784905433654785,deux classes
k plus proches voisins,grille,"{'n_neighbors': 30, 'p': 1, 'preparation__n_axes': None, 'weights': 'distance'}",0.843701754385965,0.7308797415733563,0.7541966470967864,0.041151478961003685,89,0.16888045540796964,0.47261857986450195,deux classes
k plus proches voisins,grille,"{'n_neighbors': 3, 'p': 2, 'preparation__n_axes': None, 'weights': 'uniform'}",0.8237543859649122,0.7601374745798057,0.7539408172885856,0.04092254830202358,94,0.17836812144212524,0.42169189453125,deux classes
k plus proches voisins,grille,"{'n_neighbors': 15, 'p': 2, 'preparation__n_axes': 14, 'weights': 'distance'}",0.8371578947368421,0.7393366200251761,0.7533737259101395,0.04553275621884541,89,0.16888045540796964,0.4530618190765381,deux classes
k plus proches voisins,grille,"{'n_neighbors': 10, 'p': 1, 'preparation__n_axes': 8, 'weights': 'distance'}",0.8357543859649124,0.7452692423682665,0.752716231651184,0.0685417858520862,91,0.17267552182163187,0.41872239112854004,deux classes
k plus proches voisins,grille,"{'n_neighbors': 20, 'p': 1, 'preparation__n_axes': 14, 'weights': 'distance'}",0.8377543859649123,0.7301225611715724,0.75040119076708,0.018745003162272098,88,0.16698292220113853,0.4404873847961426,deux classes
k plus proches voisins,grille,"{'n_neighbors': 3, 'p': 1, 'preparation__n_axes': 14, 'weights': 'uniform'}",0.8204210526315789,0.7464645616648837,0.7473241018066673,0.03662484603636089,96,0.18216318785578747,0.37703871726989746,deux classes
k plus proches voisins,grille,"{'n_neighbors': 15, 'p': 2, 'preparation__n_axes': None, 'weights': 'distance'}",0.8304736842105264,0.7309098543816237,0.7452209243602708,0.03024302000902302,94,0.17836812144212524,0.4338850975036621,deux classes
k plus proches voisins,grille,"{'n_neighbors': 10, 'p': 1, 'preparation__n_axes': 14, 'weights': 'uniform'}",0.8165438596491228,0.7452690428040956,0.7450377562717965,0.04528554753276497,101,0.19165085388994307,0.37536096572875977,deux classes
k plus proches voisins,grille,"{'n_neighbors': 3, 'p': 2, 'preparation__n_axes': 8, 'weights': 'uniform'}",0.8236666666666667,0.7379794639973788,0.7445591165549199,0.04520716435492184,96,0.18216318785578747,0.42068910598754883,deux classes
k plus proches voisins,grille,"{'n_neighbors': 15, 'p': 1, 'preparation__n_axes': 8, 'weights': 'distance'}",0.8357894736842105,0.7271752431282155,0.7441526455764966,0.05293032618489761,93,0.17647058823529413,0.4582221508026123,deux classes
k plus proches voisins,grille,"{'n_neighbors': 15, 'p': 1, 'preparation__n_axes': None, 'weights': 'distance'}",0.8304561403508771,0.7348294226747283,0.7430531104848583,0.06419664570592884,96,0.18216318785578747,0.4304075241088867,deux classes
k plus proches voisins,grille,"{'n_neighbors': 10, 'p': 2, 'preparation__n_axes': 14, 'weights': 'uniform'}",0.8131578947368421,0.7465935786774269,0.7411269950608185,0.03836225346571234,109,0.20683111954459202,0.4174079895019531,deux classes
k plus proches voisins,grille,"{'n_neighbors': 5, 'p': 2, 'preparation__n_axes': 8, 'weights': 'uniform'}",0.8224912280701755,0.7287574942944162,0.7390150649336042,0.03591115506417098,105,0.19924098671726756,0.43790555000305176,deux classes
k plus proches voisins,grille,"{'n_neighbors': 20, 'p': 1, 'preparation__n_axes': None, 'weights': 'distance'}",0.8264736842105262,0.727009976539436,0.7376615524684825,0.0473938002226996,96,0.18216318785578747,0.4224681854248047,deux classes
k plus proches voisins,grille,"{'n_neighbors': 7, 'p': 2, 'preparation__n_axes': 14, 'weights': 'uniform'}",0.8159473684210526,0.732763474328171,0.7373800045189689,0.05950154252995125,107,0.2030360531309298,0.429659366607666,deux classes
k plus proches voisins,grille,"{'n_neighbors': 10, 'p': 2, 'preparation__n_axes': 8, 'weights': 'uniform'}",0.8171578947368422,0.7297688804718435,0.73497330405106,0.046201554264335386,108,0.2049335863377609,0.44590115547180176,deux classes
k plus proches voisins,grille,"{'n_neighbors': 7, 'p': 2, 'preparation__n_axes': 8, 'weights': 'uniform'}",0.8171754385964911,0.7277699973083938,0.7340160112085006,0.041381636179572114,105,0.19924098671726756,0.424973726272583,deux classes
k plus proches voisins,grille,"{'n_neighbors': 10, 'p': 2, 'preparation__n_axes': None, 'weights': 'uniform'}",0.8078070175438598,0.7381912305364133,0.7331678180121186,0.037777833878325874,109,0.20683111954459202,0.41759705543518066,deux classes
k plus proches voisins,grille,"{'n_neighbors': 3, 'p': 1, 'preparation__n_axes': 8, 'weights': 'uniform'}",0.8237017543859648,0.7197267378722307,0.731310373510616,0.057545819537834345,97,0.1840607210626186,0.38025665283203125,deux classes
k plus proches voisins,grille,"{'n_neighbors': 5, 'p': 1, 'preparation__n_axes': 14, 'weights': 'uniform'}",0.8098596491228071,0.7229205472088039,0.7311066168170078,0.04212620772759545,107,0.2030360531309298,0.39987897872924805,deux classes
k plus proches voisins,grille,"{'n_neighbors': 7, 'p': 1, 'preparation__n_axes': 14, 'weights': 'uniform'}",0.8086315789473686,0.7287163610898163,0.7307451694881212,0.05242628515815179,106,0.20113851992409867,0.3916347026824951,deux classes
k plus proches voisins,grille,"{'n_neighbors': 20, 'p': 2, 'preparation__n_axes': None, 'weights': 'distance'}",0.8250877192982455,0.7155970897005355,0.730104886243099,0.033142052998750254,96,0.18216318785578747,0.4328286647796631,deux classes
k plus proches voisins,grille,"{'n_neighbors': 30, 'p': 2, 'preparation__n_axes': 8, 'weights': 'distance'}",0.8357894736842105,0.7045059039914525,0.7290015063635977,0.058313990395717344,96,0.18216318785578747,0.4709465503692627,deux classes
k plus proches voisins,grille,"{'n_neighbors': 5, 'p': 1, 'preparation__n_axes': 8, 'weights': 'uniform'}",0.8132105263157895,0.7201396627859051,0.7289408590500562,0.029912289191662163,107,0.2030360531309298,0.3879272937774658,deux classes
k plus proches voisins,grille,"{'n_neighbors': 5, 'p': 2, 'preparation__n_axes': 14, 'weights': 'uniform'}",0.8079122807017545,0.7208695529308542,0.7280357549291339,0.03982382901999896,109,0.20683111954459202,0.42496657371520996,deux classes
k plus proches voisins,grille,"{'n_neighbors': 5, 'p': 1, 'preparation__n_axes': None, 'weights': 'uniform'}",0.8052280701754386,0.7277699747357251,0.7277161351382535,0.040434716728640886,108,0.2049335863377609,0.3888239860534668,deux classes
k plus proches voisins,grille,"{'n_neighbors': 7, 'p': 1, 'preparation__n_axes': 8, 'weights': 'uniform'}",0.8092456140350877,0.7251598156045251,0.725949716657764,0.05989543099336288,109,0.20683111954459202,0.3822822570800781,deux classes
k plus proches voisins,grille,"{'n_neighbors': 7, 'p': 2, 'preparation__n_axes': None, 'weights': 'uniform'}",0.807877192982456,0.7220572697141437,0.7259142410516176,0.028416896602512547,110,0.20872865275142316,0.4357869625091553,deux classes
k plus proches voisins,grille,"{'n_neighbors': 10, 'p': 1, 'preparation__n_axes': None, 'weights': 'uniform'}",0.8012105263157896,0.7292517511605459,0.7247566102663434,0.023725941019175856,112,0.2125237191650854,0.36173510551452637,deux classes
k plus proches voisins,grille,"{'n_neighbors': 7, 'p': 1, 'preparation__n_axes': None, 'weights': 'uniform'}",0.8066140350877193,0.7197651937833092,0.7232274994947525,0.053500215760389117,109,0.20683111954459202,0.388812780380249,deux classes
k plus proches voisins,grille,"{'n_neighbors': 20, 'p': 2, 'preparation__n_axes': 14, 'weights': 'distance'}",0.8198245614035088,0.7085372009677142,0.7215407961076254,0.04989751952051652,98,0.1859582542694497,0.4709336757659912,deux classes
k plus proches voisins,grille,"{'n_neighbors': 10, 'p': 1, 'preparation__n_axes': 8, 'weights': 'uniform'}",0.8026140350877192,0.7143544387855233,0.7167673748624446,0.06300641431308719,113,0.2144212523719165,0.36902785301208496,deux classes
k plus proches voisins,grille,"{'n_neighbors': 5, 'p': 2, 'preparation__n_axes': None, 'weights': 'uniform'}",0.7986140350877192,0.7057999860186173,0.7120519488421996,0.04056868048531177,114,0.21631878557874762,0.40410828590393066,deux classes
k plus proches voisins,grille,"{'n_neighbors': 15, 'p': 2, 'preparation__n_axes': 8, 'weights': 'uniform'}",0.8211929824561406,0.6872444656235084,0.7062363223766399,0.07335171111208172,105,0.19924098671726756,0.437389612197876,deux classes
k plus proches voisins,grille,"{'n_neighbors': 30, 'p': 1, 'preparation__n_axes': 14, 'weights': 'distance'}",0.825719298245614,0.681188277543793,0.705802132213771,0.038295401135556476,92,0.174573055028463,0.49249935150146484,deux classes
k plus proches voisins,grille,"{'n_neighbors': 15, 'p': 1, 'preparation__n_axes': None, 'weights': 'uniform'}",0.8050701754385965,0.6952932696649068,0.7052417234088051,0.0431065027396199,112,0.2125237191650854,0.37383556365966797,deux classes
k plus proches voisins,grille,"{'n_neighbors': 20, 'p': 1, 'preparation__n_axes': 8, 'weights': 'distance'}",0.8078421052631579,0.6841244818412899,0.6998203495923692,0.03343310945633138,108,0.2049335863377609,0.4150857925415039,deux classes
k plus proches voisins,grille,"{'n_neighbors': 20, 'p': 1, 'preparation__n_axes': None, 'weights': 'uniform'}",0.8012105263157896,0.6867789200621548,0.6997943489012984,0.031645590744896854,113,0.2144212523719165,0.35771679878234863,deux classes
k plus proches voisins,grille,"{'n_neighbors': 15, 'p': 1, 'preparation__n_axes': 14, 'weights': 'uniform'}",0.8031929824561403,0.6862668991323118,0.6988492693837896,0.02425034836903364,109,0.20683111954459202,0.3983750343322754,deux classes
k plus proches voisins,grille,"{'n_neighbors': 30, 'p': 1, 'preparation__n_axes': 8, 'weights': 'distance'}",0.8117543859649123,0.6790920053063125,0.6987330728265861,0.007198505166745632,105,0.19924098671726756,0.4682941436767578,deux classes
k plus proches voisins,grille,"{'n_neighbors': 30, 'p': 2, 'preparation__n_axes': None, 'weights': 'distance'}",0.814421052631579,0.6706899534638714,0.6902328623265553,0.027958514326542918,100,0.18975332068311196,0.4440629482269287,deux classes
k plus proches voisins,grille,"{'n_neighbors': 30, 'p': 2, 'preparation__n_axes': 14, 'weights': 'distance'}",0.8131403508771928,0.6652470346720065,0.6834684715993897,0.05450974978965296,99,0.18785578747628084,0.4613921642303467,deux classes
k plus proches voisins,grille,"{'n_neighbors': 15, 'p': 2, 'preparation__n_axes': None, 'weights': 'uniform'}",0.7931578947368421,0.6631373692119571,0.677434496475111,0.01968971687625894,114,0.21631878557874762,0.41304898262023926,deux classes
k plus proches voisins,grille,"{'n_neighbors': 20, 'p': 1, 'preparation__n_axes': 14, 'weights': 'uniform'}",0.7965087719298245,0.6599833165956477,0.6756237483070838,0.03592454408002562,114,0.21631878557874762,0.4010791778564453,deux classes
k plus proches voisins,grille,"{'n_neighbors': 20, 'p': 2, 'preparation__n_axes': 8, 'weights': 'uniform'}",0.8025087719298245,0.6563912601293977,0.6720493704590569,0.06616874056042406,115,0.21821631878557876,0.46764492988586426,deux classes
k plus proches voisins,grille,"{'n_neighbors': 15, 'p': 2, 'preparation__n_axes': 14, 'weights': 'uniform'}",0.7878421052631579,0.6597164390492238,0.6713222742083725,0.029821227983561877,115,0.21821631878557876,0.40201258659362793,deux classes
k plus proches voisins,grille,"{'n_neighbors': 15, 'p': 1, 'preparation__n_axes': 8, 'weights': 'uniform'}",0.8011929824561405,0.6523498746152725,0.6691721566364015,0.058042905318407376,113,0.2144212523719165,0.3672037124633789,deux classes
k plus proches voisins,grille,"{'n_neighbors': 50, 'p': 2, 'preparation__n_axes': 14, 'weights': 'distance'}",0.8131052631578948,0.6453639997382039,0.6663454272823499,0.02117968555846356,101,0.19165085388994307,0.4616694450378418,deux classes
k plus proches voisins,grille,"{'n_neighbors': 20, 'p': 2, 'preparation__n_axes': None, 'weights': 'uniform'}",0.789140350877193,0.6465333625942123,0.6613393403351825,0.01787621385579141,119,0.22580645161290322,0.43252134323120117,deux classes
k plus proches voisins,grille,"{'n_neighbors': 50, 'p': 2, 'preparation__n_axes': None, 'weights': 'distance'}",0.8130701754385964,0.6389805942931073,0.6588180921662181,0.029556381515184978,102,0.1935483870967742,0.4165818691253662,deux classes
k plus proches voisins,grille,"{'n_neighbors': 50, 'p': 2, 'preparation__n_axes': 8, 'weights': 'distance'}",0.8103859649122807,0.6360776217503592,0.6555256258484714,0.020077931745919642,105,0.19924098671726756,0.44704461097717285,deux classes
k plus proches voisins,grille,"{'n_neighbors': 50, 'p': 1, 'preparation__n_axes': 14, 'weights': 'distance'}",0.8117017543859648,0.6344907965501715,0.6538558648277191,0.025380283709725435,102,0.1935483870967742,0.44919800758361816,deux classes
k plus proches voisins,grille,"{'n_neighbors': 50, 'p': 1, 'preparation__n_axes': 8, 'weights': 'distance'}",0.8064035087719297,0.6320113663683143,0.6490353292456158,0.03198565035145089,106,0.20113851992409867,0.47341442108154297,deux classes
k plus proches voisins,grille,"{'n_neighbors': 50, 'p': 1, 'preparation__n_axes': None, 'weights': 'distance'}",0.8051228070175439,0.6287747701975641,0.6463208570505428,0.03127358178095898,105,0.19924098671726756,0.44304919242858887,deux classes
k plus proches voisins,grille,"{'n_neighbors': 20, 'p': 1, 'preparation__n_axes': 8, 'weights': 'uniform'}",0.7784912280701755,0.6342315431835867,0.6437087952528875,0.03342233669863311,124,0.23529411764705882,0.3815321922302246,deux classes
k plus proches voisins,grille,"{'n_neighbors': 20, 'p': 2, 'preparation__n_axes': 14, 'weights': 'uniform'}",0.7758771929824562,0.6212595370622875,0.6301581055889922,0.05353274900650937,124,0.23529411764705882,0.4806022644042969,deux classes
k plus proches voisins,grille,"{'n_neighbors': 30, 'p': 2, 'preparation__n_axes': None, 'weights': 'uniform'}",0.7917894736842105,0.6134192980698338,0.6245955829294341,0.02174643180844332,112,0.2125237191650854,0.45489501953125,deux classes
k plus proches voisins,grille,"{'n_neighbors': 30, 'p': 1, 'preparation__n_axes': None, 'weights': 'uniform'}",0.7850877192982455,0.6083432742438099,0.6189884373146834,0.020753152395571052,119,0.22580645161290322,0.4558229446411133,deux classes
k plus proches voisins,grille,"{'n_neighbors': 30, 'p': 1, 'preparation__n_axes': 8, 'weights': 'uniform'}",0.7704736842105262,0.5984746884479583,0.6068161119286922,0.03275692510213548,127,0.2409867172675522,0.43996238708496094,deux classes
k plus proches voisins,grille,"{'n_neighbors': 30, 'p': 1, 'preparation__n_axes': 14, 'weights': 'uniform'}",0.7831228070175439,0.5974590082081153,0.6034744481178062,0.03078785676160911,117,0.222011385199241,0.4801290035247803,deux classes
k plus proches voisins,grille,"{'n_neighbors': 30, 'p': 2, 'preparation__n_axes': 14, 'weights': 'uniform'}",0.7798421052631579,0.5939464121464979,0.5988751770760861,0.018878470883979717,117,0.222011385199241,0.4734790325164795,deux classes
k plus proches voisins,grille,"{'n_neighbors': 30, 'p': 2, 'preparation__n_axes': 8, 'weights': 'uniform'}",0.777140350877193,0.5906215952131981,0.5933612846028525,0.03542939093045405,123,0.2333965844402277,0.4606812000274658,deux classes
k plus proches voisins,grille,"{'n_neighbors': 50, 'p': 2, 'preparation__n_axes': 14, 'weights': 'uniform'}",0.7864736842105262,0.5839651437858536,0.5821484093226313,0.04613641297913571,114,0.21631878557874762,0.43921470642089844,deux classes
k plus proches voisins,grille,"{'n_neighbors': 50, 'p': 1, 'preparation__n_axes': 14, 'weights': 'uniform'}",0.7784912280701756,0.5697510346253363,0.5607889032956775,0.04234131383695007,118,0.2239089184060721,0.39722418785095215,deux classes
k plus proches voisins,grille,"{'n_neighbors': 50, 'p': 1, 'preparation__n_axes': 8, 'weights': 'uniform'}",0.7664561403508772,0.56165514195081,0.5501339653314237,0.05166876580239553,129,0.24478178368121442,0.4505023956298828,deux classes
k plus proches voisins,grille,"{'n_neighbors': 50, 'p': 2, 'preparation__n_axes': None, 'weights': 'uniform'}",0.7718421052631579,0.5603453130416802,0.5488797698306234,0.04289726223091353,121,0.22960151802656548,0.421710729598999,deux classes
k plus proches voisins,grille,"{'n_neighbors': 50, 'p': 2, 'preparation__n_axes': 8, 'weights': 'uniform'}",0.7677894736842106,0.5531911670748263,0.5316745318659415,0.06920069459872454,126,0.23908918406072105,0.4446117877960205,deux classes
k plus proches voisins,grille,"{'n_neighbors': 50, 'p': 1, 'preparation__n_axes': None, 'weights': 'uniform'}",0.7664912280701756,0.5488480131515232,0.5275554638736836,0.058458877091793246,125,0.23719165085388993,0.39653444290161133,deux classes
SVM,grille,"{'C': 100, 'gamma': 'scale', 'kernel': 'rbf'}",0.8634912280701755,0.8270402855053014,0.817665708988506,0.05258622928780026,75,0.14231499051233396,0.4633922576904297,deux classes
SVM,grille,"{'C': 100, 'gamma': 0.1, 'kernel': 'rbf'}",0.8502456140350876,0.8094128442375605,0.7985848209520701,0.04014541518954064,79,0.14990512333965844,0.45513129234313965,deux classes
SVM,grille,"{'C': 10, 'gamma': 0.1, 'kernel': 'rbf'}",0.8448771929824563,0.7870116899338526,0.7848539147809115,0.06556062289204127,87,0.1650853889943074,0.4578516483306885,deux classes
SVM,grille,"{'C': 100, 'gamma': 0.01, 'kernel': 'rbf'}",0.8502456140350878,0.7744410168144455,0.7828346803714112,0.04110683300388032,84,0.15939278937381404,0.4345061779022217,deux classes
SVM,grille,"{'C': 1, 'gamma': 0.1, 'kernel': 'poly'}",0.8488947368421051,0.7685878220238204,0.7787127479656851,0.0554729412562323,89,0.16888045540796964,0.4130527973175049,deux classes
SVM,grille,"{'C': 10, 'gamma': 'scale', 'kernel': 'rbf'}",0.842298245614035,0.768632367162633,0.7744652733312565,0.043003139630752654,87,0.1650853889943074,0.4274322986602783,deux classes
SVM,grille,"{'C': 10, 'gamma': 0.1, 'kernel': 'poly'}",0.8262280701754386,0.7792451712142855,0.7721095017142514,0.057648262958878975,95,0.18026565464895636,0.41057801246643066,deux classes
SVM,grille,"{'C': 10, 'gamma': 'scale', 'kernel': 'poly'}",0.8449473684210526,0.7566569597708925,0.7680978842589024,0.05599382261179349,90,0.17077798861480076,0.41679859161376953,deux classes
SVM,grille,"{'C': 100, 'gamma': 'scale', 'kernel': 'poly'}",0.8249298245614035,0.7746212009872707,0.7679435931222299,0.050051210900212785,96,0.18216318785578747,0.41453027725219727,deux classes
SVM,grille,"{'C': 100, 'gamma': 0.1, 'kernel': 'poly'}",0.8150175438596492,0.7782207971120323,0.7595453858246282,0.049607309100251094,96,0.18216318785578747,0.41338229179382324,deux classes
SVM,grille,"{'C': 1, 'gamma': 0.1, 'kernel': 'rbf'}",0.8449298245614036,0.7401454812447721,0.7593607525501603,0.05660754887706405,87,0.1650853889943074,0.46202659606933594,deux classes
SVM,grille,"{'C': 10, 'gamma': 0.01, 'kernel': 'rbf'}",0.8356666666666666,0.735561744985022,0.7480281542482305,0.04224224121430287,91,0.17267552182163187,0.44210124015808105,deux classes
SVM,grille,"{'C': 100, 'gamma': 0.003, 'kernel': 'rbf'}",0.8223333333333332,0.7267000127041892,0.7343319698703006,0.05140607171637515,95,0.18026565464895636,0.426555871963501,deux classes
SVM,grille,"{'C': 1, 'gamma': 'scale', 'kernel': 'rbf'}",0.829017543859649,0.6978020514937865,0.7203577118429068,0.048136539219153375,99,0.18785578747628084,0.45597219467163086,deux classes
SVM,grille,"{'C': 1, 'gamma': 'scale', 'kernel': 'poly'}",0.8063859649122808,0.6474724121865029,0.664245759760089,0.04835243498153784,112,0.2125237191650854,0.4030442237854004,deux classes
SVM,grille,"{'C': 100, 'gamma': 0.01, 'kernel': 'poly'}",0.8037192982456141,0.6409150351373226,0.6552158080178321,0.053995658208570496,113,0.2144212523719165,0.3830699920654297,deux classes
SVM,grille,"{'C': 0.1, 'gamma': 0.1, 'kernel': 'poly'}",0.8037192982456141,0.6409150351373226,0.6552158080178321,0.053995658208570496,113,0.2144212523719165,0.4182426929473877,deux classes
SVM,grille,"{'C': 10, 'gamma': 0.003, 'kernel': 'rbf'}",0.7891228070175439,0.6218816599857837,0.635016748354044,0.00882036992834454,119,0.22580645161290322,0.4465928077697754,deux classes
SVM,grille,"{'C': 10, 'gamma': 0.01, 'kernel': 'poly'}",0.7903859649122806,0.6109640140609989,0.6192843357941531,0.04713965406159781,119,0.22580645161290322,0.39586377143859863,deux classes
SVM,grille,"{'C': 0.1, 'gamma': 'scale', 'kernel': 'poly'}",0.7903859649122806,0.6109640140609989,0.6192843357941531,0.04713965406159781,119,0.22580645161290322,0.4048912525177002,deux classes
SVM,grille,"{'C': 100, 'gamma': 0.003, 'kernel': 'poly'}",0.7877894736842105,0.5960830616800463,0.6018508091481483,0.02668545025925824,121,0.22960151802656548,0.4138944149017334,deux classes
SVM,grille,"{'C': 1, 'gamma': 0.01, 'kernel': 'rbf'}",0.7797543859649123,0.5838068136895126,0.581783125752482,0.04258038298618359,123,0.2333965844402277,0.4555633068084717,deux classes
SVM,grille,"{'C': 1, 'gamma': 0.01, 'kernel': 'poly'}",0.7717894736842105,0.5469791893618883,0.5198757989719425,0.05530459402529894,127,0.2409867172675522,0.40572547912597656,deux classes
SVM,grille,"{'C': 1, 'gamma': 0.003, 'kernel': 'rbf'}",0.7611228070175438,0.5169487400721222,0.4629574562082278,0.03812677076414087,131,0.24857685009487665,0.5003085136413574,deux classes
SVM,grille,"{'C': 0.1, 'gamma': 0.01, 'kernel': 'poly'}",0.7584561403508772,0.5116855821773855,0.4522997932604885,0.03909386124939864,132,0.2504743833017078,0.40688300132751465,deux classes
SVM,grille,"{'C': 10, 'gamma': 0.003, 'kernel': 'poly'}",0.7584561403508772,0.5116855821773855,0.4522997932604885,0.03909386124939864,132,0.2504743833017078,0.4060554504394531,deux classes
SVM,grille,"{'C': 0.1, 'gamma': 0.01, 'kernel': 'rbf'}",0.7531228070175439,0.5,0.42891614037498227,0.019780404869505015,134,0.25426944971537,0.5159673690795898,deux classes
SVM,grille,"{'C': 0.1, 'gamma': 0.1, 'kernel': 'rbf'}",0.7531228070175439,0.5,0.42891614037498227,0.019780404869505015,134,0.25426944971537,0.44704580307006836,deux classes
SVM,grille,"{'C': 1, 'gamma': 0.003, 'kernel': 'poly'}",0.7531228070175439,0.5,0.42891614037498227,0.019780404869505015,134,0.25426944971537,0.4247398376464844,deux classes
SVM,grille,"{'C': 0.1, 'gamma': 0.003, 'kernel': 'poly'}",0.7531228070175439,0.5,0.42891614037498227,0.019780404869505015,134,0.25426944971537,0.40535783767700195,deux classes
SVM,grille,"{'C': 0.1, 'gamma': 0.003, 'kernel': 'rbf'}",0.7531228070175439,0.5,0.42891614037498227,0.019780404869505015,134,0.25426944971537,0.4397094249725342,deux classes
SVM,grille,"{'C': 0.1, 'gamma': 'scale', 'kernel': 'rbf'}",0.7531228070175439,0.5,0.42891614037498227,0.019780404869505015,134,0.25426944971537,0.4517490863800049,deux classes
Bayesien naif,grille,{'var_smoothing': 0.01},0.6907017543859649,0.6204161159959638,0.6072330686085394,0.031184276191008064,176,0.33396584440227706,0.4005162715911865,deux classes
Bayesien naif,grille,{'var_smoothing': 0.001},0.638982456140351,0.6745241690857184,0.6062306301135599,0.06998308501752948,207,0.3927893738140417,0.3564910888671875,deux classes
Bayesien naif,grille,{'var_smoothing': 0.0001},0.4663333333333333,0.6191636196286611,0.4610424642271225,0.04655277919747259,300,0.5692599620493358,0.361539363861084,deux classes
Bayesien naif,grille,{'var_smoothing': 1e-05},0.41182456140350876,0.5884164393918775,0.4049048291229885,0.062147805056039625,325,0.6166982922201139,0.36536431312561035,deux classes
Bayesien naif,grille,{'var_smoothing': 1e-06},0.35589473684210526,0.5604189788011004,0.3440823451426608,0.04450614547492844,349,0.6622390891840607,0.3636641502380371,deux classes
Bayesien naif,grille,{'var_smoothing': 1e-07},0.3398947368421053,0.5529914568391383,0.32366426239025864,0.03966660313224201,356,0.6755218216318786,0.33598756790161133,deux classes
Bayesien naif,grille,{'var_smoothing': 1e-08},0.33456140350877195,0.5495160148699724,0.3170412361089005,0.04353839023413561,358,0.6793168880455408,0.3685457706451416,deux classes
Bayesien naif,grille,{'var_smoothing': 1e-09},0.32926315789473687,0.5496043550898916,0.3099387292053621,0.04556895734430684,361,0.6850094876660342,0.34996557235717773,deux classes
Bayesien naif,grille,{'var_smoothing': 1e-10},0.3265964912280702,0.5475635387633611,0.3060688904671023,0.039657310934380297,362,0.6869070208728653,0.3628959655761719,deux classes
Forêt aleatoire,nombre d'arbres,"{'max_depth': None, 'max_features': 0.25, 'min_samples_leaf': 1, 'n_estimators': 250}",0.8575263157894737,0.7702439029839248,0.7879426746262097,0.0697162969243081,77,0.1461100569259962,5.7716147899627686,deux classes
Forêt aleatoire,nombre d'arbres,"{'max_depth': None, 'max_features': 0.75, 'min_samples_leaf': 1, 'n_estimators': 250}",0.8542456140350877,0.7732918175443428,0.7867548466405399,0.05096278344682476,77,0.1461100569259962,6.260725498199463,deux classes
Forêt aleatoire,nombre d'arbres,"{'max_depth': 20, 'max_features': 0.75, 'min_samples_leaf': 1, 'n_estimators': 250}",0.8542456140350877,0.7732918175443428,0.7867548466405399,0.05096278344682476,77,0.1461100569259962,3.914982318878174,deux classes
Forêt aleatoire,forme a 100 arbres,"{'max_depth': 20, 'max_features': 0.75, 'min_samples_leaf': 1, 'n_estimators': 100}",0.8462280701754386,0.7721816275444338,0.7807005915430512,0.056769382517018935,81,0.15370018975332067,2.930971145629883,deux classes
Forêt aleatoire,forme a 100 arbres,"{'max_depth': None, 'max_features': 0.75, 'min_samples_leaf': 1, 'n_estimators': 100}",0.8462280701754386,0.7721816275444338,0.7807005915430512,0.056769382517018935,81,0.15370018975332067,2.898305892944336,deux classes
Forêt aleatoire,forme a 100 arbres,"{'max_depth': None, 'max_features': 0.25, 'min_samples_leaf': 1, 'n_estimators': 100}",0.85359649122807,0.7671960794442978,0.7804277243573228,0.06602245983317899,79,0.14990512333965844,2.8140318393707275,deux classes
Forêt aleatoire,forme a 100 arbres,"{'max_depth': 20, 'max_features': 0.25, 'min_samples_leaf': 1, 'n_estimators': 100}",0.8522456140350876,0.7661879284361468,0.7794452872069634,0.06653104621396676,79,0.14990512333965844,3.019469976425171,deux classes
Forêt aleatoire,nombre d'arbres,"{'max_depth': None, 'max_features': 0.25, 'min_samples_leaf': 1, 'n_estimators': 500}",0.8515438596491227,0.7635056888132464,0.7783382581081727,0.0729791022347041,81,0.15370018975332067,12.185037612915039,deux classes
Forêt aleatoire,forme a 100 arbres,"{'max_depth': 12, 'max_features': 0.75, 'min_samples_leaf': 1, 'n_estimators': 100}",0.8435789473684212,0.7688238741866804,0.7767191787606837,0.0544838097592389,82,0.1555977229601518,2.9350130558013916,deux classes
Forêt aleatoire,nombre d'arbres,"{'max_depth': 20, 'max_features': 0.75, 'min_samples_leaf': 1, 'n_estimators': 500}",0.84759649122807,0.7649142591113695,0.7764153592219317,0.05605706736144319,82,0.1555977229601518,12.52408480644226,deux classes
Forêt aleatoire,nombre d'arbres,"{'max_depth': None, 'max_features': 0.75, 'min_samples_leaf': 1, 'n_estimators': 500}",0.84759649122807,0.7649142591113695,0.7764153592219317,0.05605706736144319,82,0.1555977229601518,12.464211463928223,deux classes
Forêt aleatoire,forme a 100 arbres,"{'max_depth': 12, 'max_features': 0.25, 'min_samples_leaf': 1, 'n_estimators': 100}",0.8489298245614034,0.7602146092617923,0.774553243608653,0.07040680151466261,81,0.15370018975332067,2.683581590652466,deux classes
Forêt aleatoire,forme a 100 arbres,"{'max_depth': 20, 'max_features': 0.5, 'min_samples_leaf': 2, 'n_estimators': 100}",0.8435614035087721,0.7574940330420101,0.7712490070341194,0.054876455222883654,84,0.15939278937381404,2.9656083583831787,deux classes
Forêt aleatoire,forme a 100 arbres,"{'max_depth': None, 'max_features': 0.5, 'min_samples_leaf': 2, 'n_estimators': 100}",0.8435614035087721,0.7574940330420101,0.7712490070341194,0.054876455222883654,84,0.15939278937381404,3.168715476989746,deux classes
Forêt aleatoire,forme a 100 arbres,"{'max_depth': 12, 'max_features': 0.25, 'min_samples_leaf': 2, 'n_estimators': 100}",0.848877192982456,0.7517748373722076,0.7707783182726289,0.06814365966340677,82,0.1555977229601518,2.7394254207611084,deux classes
Forêt aleatoire,forme a 100 arbres,"{'max_depth': 12, 'max_features': 0.75, 'min_samples_leaf': 2, 'n_estimators': 100}",0.8422456140350878,0.7570848418849968,0.7704937920886877,0.05680995621205116,86,0.16318785578747627,2.9052915573120117,deux classes
Forêt aleatoire,forme a 100 arbres,"{'max_depth': None, 'max_features': 0.5, 'min_samples_leaf': 1, 'n_estimators': 100}",0.8422807017543861,0.7584703054653685,0.7677737911689901,0.06588387767775615,85,0.16129032258064516,3.206061363220215,deux classes
Forêt aleatoire,forme a 100 arbres,"{'max_depth': 20, 'max_features': 0.25, 'min_samples_leaf': 2, 'n_estimators': 100}",0.8462631578947368,0.7516644225076943,0.7676750757343151,0.06426215923074091,83,0.15749525616698293,2.923435688018799,deux classes
Forêt aleatoire,forme a 100 arbres,"{'max_depth': None, 'max_features': 0.25, 'min_samples_leaf': 2, 'n_estimators': 100}",0.8462631578947368,0.7516644225076943,0.7676750757343151,0.06426215923074091,83,0.15749525616698293,2.8305959701538086,deux classes
Forêt aleatoire,forme a 100 arbres,"{'max_depth': 20, 'max_features': 0.5, 'min_samples_leaf': 1, 'n_estimators': 100}",0.8409473684210527,0.7574498973021033,0.7664675712771222,0.06502501768152828,86,0.16318785578747627,2.88462233543396,deux classes
Forêt aleatoire,forme a 100 arbres,"{'max_depth': 12, 'max_features': 0.5, 'min_samples_leaf': 2, 'n_estimators': 100}",0.8409473684210527,0.7528973976922366,0.7661274919993362,0.04774061128095646,85,0.16129032258064516,2.8363380432128906,deux classes
Forêt aleatoire,forme a 100 arbres,"{'max_depth': 20, 'max_features': 0.75, 'min_samples_leaf': 2, 'n_estimators': 100}",0.8382456140350877,0.7511243113928503,0.7648551621497115,0.055290780157591486,88,0.16698292220113853,2.9563066959381104,deux classes
Forêt aleatoire,forme a 100 arbres,"{'max_depth': None, 'max_features': 0.75, 'min_samples_leaf': 2, 'n_estimators': 100}",0.8382456140350877,0.7511243113928503,0.7648551621497115,0.055290780157591486,88,0.16698292220113853,2.95120906829834,deux classes
Forêt aleatoire,forme a 100 arbres,"{'max_depth': 12, 'max_features': 0.5, 'min_samples_leaf': 1, 'n_estimators': 100}",0.8396140350877193,0.7548631661439436,0.7641084012312872,0.06321237995073478,84,0.15939278937381404,2.913214921951294,deux classes
Forêt aleatoire,forme a 100 arbres,"{'max_depth': 8, 'max_features': 0.75, 'min_samples_leaf': 1, 'n_estimators': 100}",0.8409122807017544,0.7469835619366345,0.7630760638650301,0.06401556722652099,85,0.16129032258064516,3.25490403175354,deux classes
Forêt aleatoire,forme a 100 arbres,"{'max_depth': 8, 'max_features': 0.75, 'min_samples_leaf': 2, 'n_estimators': 100}",0.8408771929824562,0.7436190918306185,0.7617516956103114,0.05879937459952079,88,0.16698292220113853,3.2069613933563232,deux classes
Forêt aleatoire,forme a 100 arbres,"{'max_depth': 8, 'max_features': 0.5, 'min_samples_leaf': 2, 'n_estimators': 100}",0.8448947368421053,0.7368227165298875,0.7604231413316537,0.05506060685767414,84,0.15939278937381404,2.824270725250244,deux classes
Forêt aleatoire,forme a 100 arbres,"{'max_depth': 8, 'max_features': 0.25, 'min_samples_leaf': 1, 'n_estimators': 100}",0.8435263157894737,0.7302066870538,0.7563577655792713,0.06617030713403456,87,0.1650853889943074,2.76837158203125,deux classes
Forêt aleatoire,forme a 100 arbres,"{'max_depth': 8, 'max_features': 0.25, 'min_samples_leaf': 2, 'n_estimators': 100}",0.8422456140350878,0.729409491794117,0.7543827577765292,0.06021036863328514,88,0.16698292220113853,2.762843132019043,deux classes
Forêt aleatoire,forme a 100 arbres,"{'max_depth': 20, 'max_features': 0.5, 'min_samples_leaf': 5, 'n_estimators': 100}",0.8355964912280701,0.729208127564432,0.7488240176524684,0.04780596542459082,92,0.174573055028463,2.847344160079956,deux classes
Forêt aleatoire,forme a 100 arbres,"{'max_depth': 12, 'max_features': 0.5, 'min_samples_leaf': 5, 'n_estimators': 100}",0.8355964912280701,0.729208127564432,0.7488240176524684,0.04780596542459082,92,0.174573055028463,2.7599785327911377,deux classes
Forêt aleatoire,forme a 100 arbres,"{'max_depth': None, 'max_features': 0.5, 'min_samples_leaf': 5, 'n_estimators': 100}",0.8355964912280701,0.729208127564432,0.7488240176524684,0.04780596542459082,92,0.174573055028463,2.875793695449829,deux classes
Forêt aleatoire,forme a 100 arbres,"{'max_depth': 6, 'max_features': 0.75, 'min_samples_leaf': 2, 'n_estimators': 100}",0.8369122807017544,0.7268078527434024,0.7481300878832522,0.055463297685739,91,0.17267552182163187,2.933300256729126,deux classes
Forêt aleatoire,forme a 100 arbres,"{'max_depth': 8, 'max_features': 0.5, 'min_samples_leaf': 5, 'n_estimators': 100}",0.8329122807017544,0.7242325475888519,0.7449816065727717,0.04644368651704146,93,0.17647058823529413,3.0821287631988525,deux classes
Forêt aleatoire,forme a 100 arbres,"{'max_depth': 8, 'max_features': 0.5, 'min_samples_leaf': 1, 'n_estimators': 100}",0.8289122807017544,0.7266653653011077,0.7442876250385251,0.0541377158896142,90,0.17077798861480076,2.8570611476898193,deux classes
Forêt aleatoire,forme a 100 arbres,"{'max_depth': 8, 'max_features': 0.75, 'min_samples_leaf': 5, 'n_estimators': 100}",0.8329122807017544,0.7217945603009582,0.7433917463383712,0.056801109848629,92,0.174573055028463,2.8475747108459473,deux classes
Forêt aleatoire,forme a 100 arbres,"{'max_depth': 6, 'max_features': 0.75, 'min_samples_leaf': 5, 'n_estimators': 100}",0.8302105263157895,0.720697196252184,0.7409710872029441,0.07048541047780534,94,0.17836812144212524,2.813854217529297,deux classes
Forêt aleatoire,forme a 100 arbres,"{'max_depth': 12, 'max_features': 0.75, 'min_samples_leaf': 5, 'n_estimators': 100}",0.8276315789473683,0.724232985485285,0.7401350693294266,0.05507866150092535,94,0.17836812144212524,2.870746374130249,deux classes
Forêt aleatoire,forme a 100 arbres,"{'max_depth': 6, 'max_features': 0.5, 'min_samples_leaf': 5, 'n_estimators': 100}",0.8329122807017544,0.7169171858546562,0.7397220343857875,0.053051964751759134,91,0.17267552182163187,2.750319242477417,deux classes
Forêt aleatoire,forme a 100 arbres,"{'max_depth': 6, 'max_features': 0.5, 'min_samples_leaf': 1, 'n_estimators': 100}",0.8342456140350878,0.7147471205373781,0.7395466578775358,0.058975135935301036,92,0.174573055028463,2.6879475116729736,deux classes
Forêt aleatoire,forme a 100 arbres,"{'max_depth': 12, 'max_features': 0.25, 'min_samples_leaf': 5, 'n_estimators': 100}",0.8342631578947369,0.7178529366762506,0.7395064147825904,0.05462924001206586,91,0.17267552182163187,2.7795162200927734,deux classes
Forêt aleatoire,forme a 100 arbres,"{'max_depth': 20, 'max_features': 0.75, 'min_samples_leaf': 5, 'n_estimators': 100}",0.8262982456140351,0.7209542969606948,0.7372690275570648,0.055936339083424345,95,0.18026565464895636,2.862802505493164,deux classes
Forêt aleatoire,forme a 100 arbres,"{'max_depth': None, 'max_features': 0.75, 'min_samples_leaf': 5, 'n_estimators': 100}",0.8262982456140351,0.7209542969606948,0.7372690275570648,0.055936339083424345,95,0.18026565464895636,2.9574012756347656,deux classes
Forêt aleatoire,forme a 100 arbres,"{'max_depth': 20, 'max_features': 0.25, 'min_samples_leaf': 5, 'n_estimators': 100}",0.8302631578947368,0.7151588883456214,0.7351862191627944,0.0549733911811187,94,0.17836812144212524,2.769275665283203,deux classes
Forêt aleatoire,forme a 100 arbres,"{'max_depth': None, 'max_features': 0.25, 'min_samples_leaf': 5, 'n_estimators': 100}",0.8302631578947368,0.7151588883456214,0.7351862191627944,0.0549733911811187,94,0.17836812144212524,2.9952070713043213,deux classes
Forêt aleatoire,forme a 100 arbres,"{'max_depth': 8, 'max_features': 0.25, 'min_samples_leaf': 5, 'n_estimators': 100}",0.8315438596491228,0.7117577348890528,0.7344395567483494,0.07258361564719805,94,0.17836812144212524,2.7249178886413574,deux classes
Forêt aleatoire,forme a 100 arbres,"{'max_depth': 6, 'max_features': 0.5, 'min_samples_leaf': 2, 'n_estimators': 100}",0.8276315789473685,0.7085524516979316,0.7302136247811363,0.04240841582603174,95,0.18026565464895636,2.7643938064575195,deux classes
Forêt aleatoire,forme a 100 arbres,"{'max_depth': 6, 'max_features': 0.75, 'min_samples_leaf': 1, 'n_estimators': 100}",0.8235789473684211,0.709372384531377,0.7301568581475875,0.06431488455556766,98,0.1859582542694497,2.7849295139312744,deux classes
Forêt aleatoire,forme a 100 arbres,"{'max_depth': 6, 'max_features': 0.25, 'min_samples_leaf': 1, 'n_estimators': 100}",0.8329473684210527,0.7046040784039731,0.7288990055274581,0.0576958345606364,93,0.17647058823529413,2.7503457069396973,deux classes
Forêt aleatoire,forme a 100 arbres,"{'max_depth': 6, 'max_features': 0.25, 'min_samples_leaf': 2, 'n_estimators': 100}",0.8329473684210527,0.7022738269396418,0.7263162643025955,0.06522353936814826,92,0.174573055028463,2.7086830139160156,deux classes
Forêt aleatoire,forme a 100 arbres,"{'max_depth': 6, 'max_features': 0.25, 'min_samples_leaf': 5, 'n_estimators': 100}",0.832877192982456,0.7012059423830921,0.7250706589896296,0.08409913991102654,91,0.17267552182163187,2.722839117050171,deux classes
Bagging,nombre d'arbres,"{'estimator__min_samples_leaf': 1, 'max_samples': 0.65, 'n_estimators': 500}",0.851578947368421,0.765277276863146,0.7807322645046096,0.05735135816734138,80,0.15180265654648956,6.488648414611816,deux classes
Bagging,nombre d'arbres,"{'estimator__min_samples_leaf': 1, 'max_samples': 1.0, 'n_estimators': 250}",0.8489122807017544,0.763465717059783,0.7773818556183826,0.06616874702011442,80,0.15180265654648956,3.873872756958008,deux classes
Bagging,forme a 100 arbres,"{'estimator__min_samples_leaf': 1, 'max_samples': 1.0, 'n_estimators': 100}",0.8436315789473685,0.7650744720287308,0.7760892127992467,0.04784900139345307,86,0.16318785578747627,1.9514782428741455,deux classes
Bagging,nombre d'arbres,"{'estimator__min_samples_leaf': 1, 'max_samples': 1.0, 'n_estimators': 500}",0.8449122807017544,0.7597573829927652,0.7733120824504862,0.06053358294644709,82,0.1555977229601518,6.9677815437316895,deux classes
Bagging,nombre d'arbres,"{'estimator__min_samples_leaf': 2, 'max_samples': 1.0, 'n_estimators': 250}",0.8449122807017544,0.7597589722092206,0.7730488829593567,0.0615174482060132,85,0.16129032258064516,3.735433578491211,deux classes
Bagging,nombre d'arbres,"{'estimator__min_samples_leaf': 1, 'max_samples': 0.65, 'n_estimators': 250}",0.8475964912280702,0.7581980136532641,0.7727459549710054,0.07310813519241358,83,0.15749525616698293,3.588317632675171,deux classes
Bagging,forme a 100 arbres,"{'estimator__min_samples_leaf': 2, 'max_samples': 1.0, 'n_estimators': 100}",0.8449122807017544,0.7585371205913738,0.7724503412300099,0.05341656063361239,87,0.1650853889943074,1.920677661895752,deux classes
Bagging,forme a 100 arbres,"{'estimator__min_samples_leaf': 1, 'max_samples': 0.65, 'n_estimators': 100}",0.8462631578947368,0.7573451060534946,0.770658021829157,0.06698501832584097,84,0.15939278937381404,1.7736659049987793,deux classes
Bagging,forme a 100 arbres,"{'estimator__min_samples_leaf': 2, 'max_samples': 0.8, 'n_estimators': 100}",0.8449122807017544,0.7548280956016364,0.7698040432234936,0.06408585663926081,86,0.16318785578747627,1.8267149925231934,deux classes
Bagging,nombre d'arbres,"{'estimator__min_samples_leaf': 2, 'max_samples': 1.0, 'n_estimators': 500}",0.8409122807017544,0.7565481787189889,0.7686748530767045,0.05637846303231037,85,0.16129032258064516,6.70111083984375,deux classes
Bagging,forme a 100 arbres,"{'estimator__min_samples_leaf': 1, 'max_samples': 0.8, 'n_estimators': 100}",0.8369122807017545,0.7464064473673935,0.7600597859186244,0.058270556194258125,90,0.17077798861480076,1.8544585704803467,deux classes
Bagging,forme a 100 arbres,"{'estimator__min_samples_leaf': 1, 'max_samples': 0.5, 'n_estimators': 100}",0.8342456140350878,0.7421028559597972,0.7560327568230276,0.057580320864199876,91,0.17267552182163187,10.12378215789795,deux classes
Bagging,forme a 100 arbres,"{'estimator__min_samples_leaf': 2, 'max_samples': 0.65, 'n_estimators': 100}",0.8329473684210527,0.7392374870530185,0.7520328236121824,0.052713183587380204,92,0.174573055028463,1.8149492740631104,deux classes
Bagging,forme a 100 arbres,"{'estimator__min_samples_leaf': 2, 'max_samples': 0.5, 'n_estimators': 100}",0.8275964912280702,0.7265768717577427,0.7424769571744427,0.051413882041293484,94,0.17836812144212524,1.7768981456756592,deux classes
Bagging,forme a 100 arbres,"{'estimator__min_samples_leaf': 5, 'max_samples': 0.5, 'n_estimators': 100}",0.8275438596491227,0.7195902140530241,0.7397514656589019,0.06602797759245427,97,0.1840607210626186,1.7168762683868408,deux classes
Bagging,forme a 100 arbres,"{'estimator__min_samples_leaf': 5, 'max_samples': 0.8, 'n_estimators': 100}",0.8275789473684212,0.720329729796315,0.7395914073814398,0.053820666913860796,96,0.18216318785578747,1.7875454425811768,deux classes
Bagging,forme a 100 arbres,"{'estimator__min_samples_leaf': 5, 'max_samples': 1.0, 'n_estimators': 100}",0.8262807017543861,0.7252836209344167,0.7388347304482021,0.05101575188527298,97,0.1840607210626186,1.8128345012664795,deux classes
Bagging,forme a 100 arbres,"{'estimator__min_samples_leaf': 5, 'max_samples': 0.65, 'n_estimators': 100}",0.822280701754386,0.7123303071968291,0.729715964778036,0.05425947012762975,100,0.18975332068311196,1.7229163646697998,deux classes
Boosting,taux et nombre d'iterations,"{'learning_rate': 0.03, 'max_iter': 400, 'max_leaf_nodes': 15, 'min_samples_leaf': 20}",0.858263157894737,0.7834215598076849,0.7941472545166388,0.034104027211847084,76,0.1442125237191651,8.058063268661499,deux classes
Boosting,forme des arbres,"{'learning_rate': 0.03, 'max_iter': 400, 'max_leaf_nodes': 15, 'min_samples_leaf': 20}",0.858263157894737,0.7834215598076849,0.7941472545166388,0.034104027211847084,76,0.1442125237191651,7.811268091201782,deux classes
Boosting,taux et nombre d'iterations,"{'learning_rate': 0.1, 'max_iter': 200, 'max_leaf_nodes': 15, 'min_samples_leaf': 20}",0.855561403508772,0.7816130053644701,0.7914042218446795,0.04076097464619648,78,0.14800759013282733,4.099149465560913,deux classes
Boosting,taux et nombre d'iterations,"{'learning_rate': 0.05, 'max_iter': 400, 'max_leaf_nodes': 15, 'min_samples_leaf': 20}",0.851578947368421,0.7805456912563831,0.788429620955421,0.0346257609747666,81,0.15370018975332067,7.619168519973755,deux classes
Boosting,forme des arbres,"{'learning_rate': 0.03, 'max_iter': 400, 'max_leaf_nodes': 31, 'min_samples_leaf': 20}",0.854280701754386,0.7747817355663569,0.787003318617642,0.036723801690045965,80,0.15180265654648956,7.965266466140747,deux classes
Boosting,taux et nombre d'iterations,"{'learning_rate': 0.1, 'max_iter': 100, 'max_leaf_nodes': 15, 'min_samples_leaf': 20}",0.854280701754386,0.7735615652710395,0.7867472952003599,0.03365056590900789,80,0.15180265654648956,2.3686015605926514,deux classes
Boosting,taux et nombre d'iterations,"{'learning_rate': 0.05, 'max_iter': 200, 'max_leaf_nodes': 15, 'min_samples_leaf': 20}",0.8515964912280701,0.7780416633294227,0.7860311628499915,0.04091367489916023,81,0.15370018975332067,4.114856481552124,deux classes
Boosting,taux et nombre d'iterations,"{'learning_rate': 0.3, 'max_iter': 100, 'max_leaf_nodes': 15, 'min_samples_leaf': 20}",0.8475964912280702,0.7764013836584874,0.7818750896517642,0.048123499239487846,84,0.15939278937381404,2.340067148208618,deux classes
Boosting,taux et nombre d'iterations,"{'learning_rate': 0.05, 'max_iter': 100, 'max_leaf_nodes': 15, 'min_samples_leaf': 20}",0.8476140350877193,0.7739423256597736,0.7812365375599063,0.03656142833151878,83,0.15749525616698293,2.40372633934021,deux classes
Boosting,forme des arbres,"{'learning_rate': 0.03, 'max_iter': 400, 'max_leaf_nodes': 15, 'min_samples_leaf': 5}",0.8463157894736841,0.7699082675920789,0.7777401980601037,0.03492886709809905,85,0.16129032258064516,8.423766613006592,deux classes
Boosting,taux et nombre d'iterations,"{'learning_rate': 0.1, 'max_iter': 400, 'max_leaf_nodes': 15, 'min_samples_leaf': 20}",0.8435964912280701,0.772029548828643,0.7768308131958086,0.05119356635518153,86,0.16318785578747627,7.572181701660156,deux classes
Boosting,taux et nombre d'iterations,"{'learning_rate': 0.03, 'max_iter': 200, 'max_leaf_nodes': 15, 'min_samples_leaf': 20}",0.8476666666666667,0.7656258497695345,0.776355466904407,0.03995688691228135,85,0.16129032258064516,4.179402112960815,deux classes
Boosting,forme des arbres,"{'learning_rate': 0.03, 'max_iter': 400, 'max_leaf_nodes': 7, 'min_samples_leaf': 20}",0.8449649122807017,0.7618875240788384,0.772487565306515,0.04474585441587919,85,0.16129032258064516,4.691791772842407,deux classes
Boosting,taux et nombre d'iterations,"{'learning_rate': 0.3, 'max_iter': 400, 'max_leaf_nodes': 15, 'min_samples_leaf': 20}",0.8408947368421054,0.7633131112171705,0.7724427220703275,0.051518447192742484,89,0.16888045540796964,5.669466733932495,deux classes
Boosting,forme des arbres,"{'learning_rate': 0.03, 'max_iter': 400, 'max_leaf_nodes': 31, 'min_samples_leaf': 5}",0.8409473684210524,0.7630278549770428,0.7703844027710708,0.04574204195668895,87,0.1650853889943074,14.905057668685913,deux classes
Boosting,taux et nombre d'iterations,"{'learning_rate': 0.3, 'max_iter': 200, 'max_leaf_nodes': 15, 'min_samples_leaf': 20}",0.8382456140350877,0.7634099228202582,0.7697398132979151,0.051262125582956175,90,0.17077798861480076,3.824725389480591,deux classes
Boosting,forme des arbres,"{'learning_rate': 0.03, 'max_iter': 400, 'max_leaf_nodes': 7, 'min_samples_leaf': 5}",0.8356315789473683,0.7612460950602427,0.764426082998789,0.04760729034190444,89,0.16888045540796964,4.845706462860107,deux classes
Boosting,taux et nombre d'iterations,"{'learning_rate': 0.03, 'max_iter': 100, 'max_leaf_nodes': 15, 'min_samples_leaf': 20}",0.8449649122807017,0.7516914403302642,0.7637088626604933,0.061337516409215455,86,0.16318785578747627,2.2801711559295654,deux classes
