modele,parametres,RMSE,MAE,R2,RMSE_apprentissage,ecart_type_RMSE,secondes,cible
Moyenne constante,{},92.78894789155507,70.26694402687511,-0.009564022766287516,92.8153286520477,6.700102558134031,0.18722033500671387,limite d'elasticite
Arbre,"{'max_depth': 8, 'min_samples_leaf': 2, 'min_samples_split': 10}",59.249270427394116,45.26311966945227,0.576703064560151,38.23631704804864,10.255387779933608,0.21424317359924316,limite d'elasticite
Arbre,"{'max_depth': 8, 'min_samples_leaf': 2, 'min_samples_split': 5}",59.26813991044446,44.606736874704154,0.5796897243685899,35.36650740666637,11.02279158413549,0.21323394775390625,limite d'elasticite
Arbre,"{'max_depth': 20, 'min_samples_leaf': 1, 'min_samples_split': 5}",59.586262826647136,43.3451538889589,0.5761621863515332,14.43652107789119,6.76494870654519,0.20206165313720703,limite d'elasticite
Arbre,"{'max_depth': 8, 'min_samples_leaf': 5, 'min_samples_split': 20}",59.86406941153492,45.77801060564594,0.5693554377105557,43.74429569471596,9.773660067972418,0.17369651794433594,limite d'elasticite
Arbre,"{'max_depth': 12, 'min_samples_leaf': 5, 'min_samples_split': 20}",60.39183545956767,45.716501409571244,0.5583770019103285,39.94782716128511,10.340602795774274,0.26840925216674805,limite d'elasticite
Arbre,"{'max_depth': None, 'min_samples_leaf': 5, 'min_samples_split': 20}",60.439432413098736,45.652384020228546,0.5577886297501176,39.48426465938552,10.292703026510933,0.16626691818237305,limite d'elasticite
Arbre,"{'max_depth': 20, 'min_samples_leaf': 5, 'min_samples_split': 20}",60.439432413098736,45.652384020228546,0.5577886297501176,39.48426465938552,10.292703026510933,0.24535369873046875,limite d'elasticite
Arbre,"{'max_depth': 8, 'min_samples_leaf': 2, 'min_samples_split': 2}",60.54544405244551,45.23673841043551,0.5639798482081699,34.965666203409015,10.001717637994599,0.2556610107421875,limite d'elasticite
Arbre,"{'max_depth': 8, 'min_samples_leaf': 1, 'min_samples_split': 10}",60.56713332944408,46.20161391352434,0.5623934131066102,38.1937903354711,8.331338512834103,0.2304668426513672,limite d'elasticite
Arbre,"{'max_depth': 8, 'min_samples_leaf': 5, 'min_samples_split': 10}",60.798511151815774,46.168113870812576,0.5548181204158531,41.40694584635632,9.64403570142323,0.22708535194396973,limite d'elasticite
Arbre,"{'max_depth': 8, 'min_samples_leaf': 5, 'min_samples_split': 2}",60.798511151815774,46.168113870812576,0.5548181204158531,41.40694584635632,9.64403570142323,0.18535780906677246,limite d'elasticite
Arbre,"{'max_depth': 8, 'min_samples_leaf': 5, 'min_samples_split': 5}",60.798511151815774,46.168113870812576,0.5548181204158531,41.40694584635632,9.64403570142323,0.22283935546875,limite d'elasticite
Arbre,"{'max_depth': 12, 'min_samples_leaf': 2, 'min_samples_split': 10}",60.94634152221901,45.185486402617016,0.5523268187587319,29.087122618243562,8.286904524588733,0.17778968811035156,limite d'elasticite
Arbre,"{'max_depth': 12, 'min_samples_leaf': 5, 'min_samples_split': 10}",60.999921826819346,45.66838510014517,0.5486799955203916,35.55421103784106,9.808878900026835,0.22223687171936035,limite d'elasticite
Arbre,"{'max_depth': 12, 'min_samples_leaf': 5, 'min_samples_split': 5}",60.999921826819346,45.66838510014517,0.5486799955203916,35.55421103784106,9.808878900026835,0.1926729679107666,limite d'elasticite
Arbre,"{'max_depth': 12, 'min_samples_leaf': 5, 'min_samples_split': 2}",60.999921826819346,45.66838510014517,0.5486799955203916,35.55421103784106,9.808878900026835,0.15347623825073242,limite d'elasticite
Arbre,"{'max_depth': 12, 'min_samples_leaf': 2, 'min_samples_split': 5}",61.07200910568675,44.692827217983634,0.5488894564688891,23.112838311097047,10.029093502228767,0.16702818870544434,limite d'elasticite
Arbre,"{'max_depth': 20, 'min_samples_leaf': 2, 'min_samples_split': 10}",61.20000613540005,45.1741962898014,0.5443693863986235,26.71645566246579,10.27235492300274,0.2321767807006836,limite d'elasticite
Arbre,"{'max_depth': 6, 'min_samples_leaf': 5, 'min_samples_split': 20}",61.21889997798244,46.83461215698869,0.5526824001113736,48.06268802192882,9.160200816540083,0.19147849082946777,limite d'elasticite
Arbre,"{'max_depth': None, 'min_samples_leaf': 2, 'min_samples_split': 10}",61.30951680966049,45.30521537662315,0.5425639626323971,26.625027703578848,10.304029588896988,0.2079615592956543,limite d'elasticite
Arbre,"{'max_depth': None, 'min_samples_leaf': 1, 'min_samples_split': 20}",61.426193886244754,45.35944169545051,0.5524856526299672,33.93511342443079,8.959951666311799,0.16047453880310059,limite d'elasticite
Arbre,"{'max_depth': 20, 'min_samples_leaf': 1, 'min_samples_split': 20}",61.45945945093572,45.42398127854213,0.5519450420947495,33.98704912674621,9.025729200815945,0.19213032722473145,limite d'elasticite
Arbre,"{'max_depth': None, 'min_samples_leaf': 5, 'min_samples_split': 5}",61.694024774339276,45.911663964956844,0.536905559463154,34.737724835213484,11.073500299958358,0.2073349952697754,limite d'elasticite
Arbre,"{'max_depth': None, 'min_samples_leaf': 5, 'min_samples_split': 10}",61.694024774339276,45.911663964956844,0.536905559463154,34.737724835213484,11.073500299958358,0.19762516021728516,limite d'elasticite
Arbre,"{'max_depth': 20, 'min_samples_leaf': 5, 'min_samples_split': 10}",61.694024774339276,45.911663964956844,0.536905559463154,34.737724835213484,11.073500299958358,0.23379778861999512,limite d'elasticite
Arbre,"{'max_depth': 20, 'min_samples_leaf': 5, 'min_samples_split': 2}",61.694024774339276,45.911663964956844,0.536905559463154,34.737724835213484,11.073500299958358,0.20336413383483887,limite d'elasticite
Arbre,"{'max_depth': 20, 'min_samples_leaf': 5, 'min_samples_split': 5}",61.694024774339276,45.911663964956844,0.536905559463154,34.737724835213484,11.073500299958358,0.15225005149841309,limite d'elasticite
Arbre,"{'max_depth': None, 'min_samples_leaf': 5, 'min_samples_split': 2}",61.694024774339276,45.911663964956844,0.536905559463154,34.737724835213484,11.073500299958358,0.23949599266052246,limite d'elasticite
Arbre,"{'max_depth': 6, 'min_samples_leaf': 2, 'min_samples_split': 2}",61.79200036184557,46.932093769180085,0.5437833493742511,44.01525302707604,9.781873117139606,0.20100665092468262,limite d'elasticite
Arbre,"{'max_depth': 6, 'min_samples_leaf': 5, 'min_samples_split': 2}",61.93060090079499,47.394646204411266,0.5431140643837157,46.89020567199458,8.218721837369289,0.19387173652648926,limite d'elasticite
Arbre,"{'max_depth': 6, 'min_samples_leaf': 5, 'min_samples_split': 5}",61.93060090079499,47.394646204411266,0.5431140643837157,46.89020567199458,8.218721837369289,0.2259540557861328,limite d'elasticite
Arbre,"{'max_depth': 6, 'min_samples_leaf': 5, 'min_samples_split': 10}",61.93060090079499,47.394646204411266,0.5431140643837157,46.89020567199458,8.218721837369289,0.23551440238952637,limite d'elasticite
Arbre,"{'max_depth': 8, 'min_samples_leaf': 2, 'min_samples_split': 20}",62.21990466249073,46.70334679941973,0.5304063914646717,41.91304721844425,10.528757247605506,0.19742369651794434,limite d'elasticite
Arbre,"{'max_depth': 8, 'min_samples_leaf': 1, 'min_samples_split': 5}",62.39356250882916,45.598163447663524,0.5303889119291895,34.86304730036764,10.243006662976883,0.20358943939208984,limite d'elasticite
Arbre,"{'max_depth': 6, 'min_samples_leaf': 2, 'min_samples_split': 10}",62.54255823620823,47.78181238906952,0.5330065033108636,45.82594971459804,9.073148520896003,0.2042396068572998,limite d'elasticite
Arbre,"{'max_depth': 12, 'min_samples_leaf': 2, 'min_samples_split': 20}",62.6183707258758,46.2024547157932,0.5198072529200732,36.19940374907594,11.223112771014893,0.2060246467590332,limite d'elasticite
Arbre,"{'max_depth': 20, 'min_samples_leaf': 2, 'min_samples_split': 20}",62.63024522226654,45.71464020381052,0.5212157202103873,35.04201746378712,10.886186776725832,0.2907531261444092,limite d'elasticite
Arbre,"{'max_depth': None, 'min_samples_leaf': 2, 'min_samples_split': 20}",62.63024522226654,45.71464020381052,0.5212157202103873,35.04201746378712,10.886186776725832,0.20989131927490234,limite d'elasticite
Arbre,"{'max_depth': 12, 'min_samples_leaf': 2, 'min_samples_split': 2}",62.778154744724,45.9892545224703,0.5263227749190659,22.08634767140915,9.149960034537763,0.19787907600402832,limite d'elasticite
Arbre,"{'max_depth': 6, 'min_samples_leaf': 1, 'min_samples_split': 10}",62.828130623387224,48.10375243678057,0.5296560427110026,45.8802133358756,8.651483203292825,0.2392416000366211,limite d'elasticite
Arbre,"{'max_depth': None, 'min_samples_leaf': 1, 'min_samples_split': 2}",62.93001156866969,44.66484153527632,0.5240315198792718,2.7498740275026266,9.566433140835512,0.2139589786529541,limite d'elasticite
Arbre,"{'max_depth': 20, 'min_samples_leaf': 2, 'min_samples_split': 5}",63.41710817300479,44.79154658370509,0.5044577880261575,19.03034343167665,10.942624898236033,0.1826333999633789,limite d'elasticite
Arbre,"{'max_depth': 20, 'min_samples_leaf': 2, 'min_samples_split': 2}",63.56240216705481,44.889337687270256,0.5023145652081582,17.568150893571506,11.670186345001769,0.22182583808898926,limite d'elasticite
Arbre,"{'max_depth': None, 'min_samples_leaf': 2, 'min_samples_split': 2}",63.65545463382599,45.008478148059666,0.5006892470671899,17.26191878899463,12.691314034604494,0.2940535545349121,limite d'elasticite
Arbre,"{'max_depth': 8, 'min_samples_leaf': 1, 'min_samples_split': 20}",63.67874971416993,47.441666915224744,0.5140284812950696,41.93726819985627,9.368224249603124,0.23254728317260742,limite d'elasticite
Arbre,"{'max_depth': 6, 'min_samples_leaf': 2, 'min_samples_split': 20}",63.865081837909166,47.52499501687477,0.506372618958749,47.59266313868408,10.467581096499229,0.18447470664978027,limite d'elasticite
Arbre,"{'max_depth': None, 'min_samples_leaf': 2, 'min_samples_split': 5}",63.96108395831849,45.26450552673689,0.49904221703276297,18.806325603180934,10.36509820004247,0.2224724292755127,limite d'elasticite
Arbre,"{'max_depth': 6, 'min_samples_leaf': 2, 'min_samples_split': 5}",64.73405258997434,47.97965253245072,0.4920126702168188,44.195623063985515,10.315886332753589,0.25772976875305176,limite d'elasticite
Arbre,"{'max_depth': 12, 'min_samples_leaf': 1, 'min_samples_split': 2}",64.75310260339765,46.924033937720154,0.4945542529183681,16.370813805425566,7.825791646188675,0.21707820892333984,limite d'elasticite
Arbre,"{'max_depth': 4, 'min_samples_leaf': 2, 'min_samples_split': 2}",64.80318374148362,49.84866016566663,0.5031914159722859,54.966605428946025,9.804764954231027,0.2485792636871338,limite d'elasticite
Arbre,"{'max_depth': 12, 'min_samples_leaf': 10, 'min_samples_split': 20}",64.82965018010145,47.7235580120516,0.4973301415501644,44.02402507236381,12.809946995074483,0.21784043312072754,limite d'elasticite
Arbre,"{'max_depth': None, 'min_samples_leaf': 10, 'min_samples_split': 10}",64.82965018010145,47.7235580120516,0.4973301415501644,44.02402507236381,12.809946995074483,0.21364212036132812,limite d'elasticite
Arbre,"{'max_depth': 12, 'min_samples_leaf': 10, 'min_samples_split': 10}",64.82965018010145,47.7235580120516,0.4973301415501644,44.02402507236381,12.809946995074483,0.1968703269958496,limite d'elasticite
Arbre,"{'max_depth': None, 'min_samples_leaf': 10, 'min_samples_split': 5}",64.82965018010145,47.7235580120516,0.4973301415501644,44.02402507236381,12.809946995074483,0.19934964179992676,limite d'elasticite
Arbre,"{'max_depth': 20, 'min_samples_leaf': 10, 'min_samples_split': 5}",64.82965018010145,47.7235580120516,0.4973301415501644,44.02402507236381,12.809946995074483,0.20035815238952637,limite d'elasticite
Arbre,"{'max_depth': 20, 'min_samples_leaf': 10, 'min_samples_split': 10}",64.82965018010145,47.7235580120516,0.4973301415501644,44.02402507236381,12.809946995074483,0.22813129425048828,limite d'elasticite
Arbre,"{'max_depth': 20, 'min_samples_leaf': 10, 'min_samples_split': 2}",64.82965018010145,47.7235580120516,0.4973301415501644,44.02402507236381,12.809946995074483,0.22829508781433105,limite d'elasticite
Arbre,"{'max_depth': None, 'min_samples_leaf': 10, 'min_samples_split': 20}",64.82965018010145,47.7235580120516,0.4973301415501644,44.02402507236381,12.809946995074483,0.21502089500427246,limite d'elasticite
Arbre,"{'max_depth': 12, 'min_samples_leaf': 10, 'min_samples_split': 2}",64.82965018010145,47.7235580120516,0.4973301415501644,44.02402507236381,12.809946995074483,0.1592414379119873,limite d'elasticite
Arbre,"{'max_depth': 12, 'min_samples_leaf': 10, 'min_samples_split': 5}",64.82965018010145,47.7235580120516,0.4973301415501644,44.02402507236381,12.809946995074483,0.2433302402496338,limite d'elasticite
Arbre,"{'max_depth': None, 'min_samples_leaf': 10, 'min_samples_split': 2}",64.82965018010145,47.7235580120516,0.4973301415501644,44.02402507236381,12.809946995074483,0.2097017765045166,limite d'elasticite
Arbre,"{'max_depth': 20, 'min_samples_leaf': 10, 'min_samples_split': 20}",64.82965018010145,47.7235580120516,0.4973301415501644,44.02402507236381,12.809946995074483,0.2108595371246338,limite d'elasticite
Arbre,"{'max_depth': 20, 'min_samples_leaf': 1, 'min_samples_split': 10}",64.94784582605622,46.45599832778337,0.4918035468299896,24.647175748089687,8.203669044561803,0.19806504249572754,limite d'elasticite
Arbre,"{'max_depth': 6, 'min_samples_leaf': 1, 'min_samples_split': 20}",65.0039355069877,48.252650263163005,0.49300347457238675,47.692915418363874,9.754634503251062,0.1803908348083496,limite d'elasticite
Arbre,"{'max_depth': 20, 'min_samples_leaf': 1, 'min_samples_split': 2}",65.07431309084714,46.35323719480074,0.4865283150312183,4.417332326785136,8.425839091463,0.2468395233154297,limite d'elasticite
Arbre,"{'max_depth': 4, 'min_samples_leaf': 2, 'min_samples_split': 20}",65.22921364428362,50.21192911204116,0.4972009437476972,56.06934425866632,8.833694029573714,0.18578338623046875,limite d'elasticite
Arbre,"{'max_depth': 4, 'min_samples_leaf': 2, 'min_samples_split': 5}",65.29914463136332,50.19437742138388,0.4967950399247048,55.014314721556865,9.875954330455233,0.21472978591918945,limite d'elasticite
Arbre,"{'max_depth': 4, 'min_samples_leaf': 5, 'min_samples_split': 20}",65.30471623527612,50.49779775257721,0.49622839037236444,56.25029744925712,9.1485522050254,0.21160435676574707,limite d'elasticite
Arbre,"{'max_depth': 4, 'min_samples_leaf': 5, 'min_samples_split': 10}",65.313606586026,50.455265285044746,0.4960800574016163,56.22754554955043,9.145085562521126,0.16282916069030762,limite d'elasticite
Arbre,"{'max_depth': 4, 'min_samples_leaf': 5, 'min_samples_split': 5}",65.313606586026,50.455265285044746,0.4960800574016163,56.22754554955043,9.145085562521126,0.19132757186889648,limite d'elasticite
Arbre,"{'max_depth': 4, 'min_samples_leaf': 5, 'min_samples_split': 2}",65.313606586026,50.455265285044746,0.4960800574016163,56.22754554955043,9.145085562521126,0.2057819366455078,limite d'elasticite
Arbre,"{'max_depth': 4, 'min_samples_leaf': 2, 'min_samples_split': 10}",65.3260191737341,50.408396929937545,0.49556336504701826,55.89413495229039,9.056326010395333,0.1492784023284912,limite d'elasticite
Arbre,"{'max_depth': 12, 'min_samples_leaf': 1, 'min_samples_split': 10}",65.4570891989068,46.99009246198508,0.4849535463131053,27.980896035026625,6.737557894924479,0.1631758213043213,limite d'elasticite
Arbre,"{'max_depth': 6, 'min_samples_leaf': 1, 'min_samples_split': 5}",65.72804208965078,48.66421557621333,0.48094967231346947,43.771284422556676,9.242680477399627,0.20493197441101074,limite d'elasticite
Arbre,"{'max_depth': 12, 'min_samples_leaf': 1, 'min_samples_split': 5}",65.73954480506919,46.749565026362625,0.47335438789877565,20.598539195751247,7.251678006622314,0.18164515495300293,limite d'elasticite
Arbre,"{'max_depth': 6, 'min_samples_leaf': 10, 'min_samples_split': 20}",66.11319858288553,48.819583436003924,0.4780695995585056,49.53247668384224,12.249993586343916,0.1867218017578125,limite d'elasticite
Arbre,"{'max_depth': 6, 'min_samples_leaf': 10, 'min_samples_split': 10}",66.11319858288553,48.819583436003924,0.4780695995585056,49.53247668384224,12.249993586343916,0.2308650016784668,limite d'elasticite
Arbre,"{'max_depth': 6, 'min_samples_leaf': 10, 'min_samples_split': 5}",66.11319858288553,48.819583436003924,0.4780695995585056,49.53247668384224,12.249993586343916,0.24129319190979004,limite d'elasticite
Arbre,"{'max_depth': 6, 'min_samples_leaf': 10, 'min_samples_split': 2}",66.11319858288553,48.819583436003924,0.4780695995585056,49.53247668384224,12.249993586343916,0.2065291404724121,limite d'elasticite
Arbre,"{'max_depth': 8, 'min_samples_leaf': 10, 'min_samples_split': 10}",66.153211063547,49.12132261889857,0.4787300839098731,45.58872898767951,11.785818523007606,0.16539549827575684,limite d'elasticite
Arbre,"{'max_depth': 8, 'min_samples_leaf': 10, 'min_samples_split': 20}",66.153211063547,49.12132261889857,0.4787300839098731,45.58872898767951,11.785818523007606,0.23851823806762695,limite d'elasticite
Arbre,"{'max_depth': 8, 'min_samples_leaf': 10, 'min_samples_split': 5}",66.153211063547,49.12132261889857,0.4787300839098731,45.58872898767951,11.785818523007606,0.20265555381774902,limite d'elasticite
Arbre,"{'max_depth': 8, 'min_samples_leaf': 10, 'min_samples_split': 2}",66.153211063547,49.12132261889857,0.4787300839098731,45.58872898767951,11.785818523007606,0.20841622352600098,limite d'elasticite
Arbre,"{'max_depth': 8, 'min_samples_leaf': 1, 'min_samples_split': 2}",66.19825489883219,47.58851035565749,0.4665388036077946,33.48082334338683,8.545792679557163,0.18829751014709473,limite d'elasticite
Arbre,"{'max_depth': None, 'min_samples_leaf': 1, 'min_samples_split': 5}",66.26975438533432,46.69955496685854,0.4712205865654312,14.060143208312041,8.378417319595547,0.19289398193359375,limite d'elasticite
Arbre,"{'max_depth': 6, 'min_samples_leaf': 1, 'min_samples_split': 2}",66.6690751159783,48.2280430168886,0.4563395879329704,43.26957929751118,10.667335752890736,0.23769235610961914,limite d'elasticite
Arbre,"{'max_depth': None, 'min_samples_leaf': 1, 'min_samples_split': 10}",67.13717202339578,46.835220799447,0.45249130362103446,24.51694420897709,8.068729841208865,0.20545363426208496,limite d'elasticite
Arbre,"{'max_depth': 12, 'min_samples_leaf': 1, 'min_samples_split': 20}",67.96768568872486,48.167077418286,0.44372206179410856,35.51681616360279,8.386431765530705,0.2381887435913086,limite d'elasticite
Arbre,"{'max_depth': 4, 'min_samples_leaf': 1, 'min_samples_split': 2}",68.07525504633377,50.893951700088586,0.4474223301251691,54.783036004453564,10.027706340236692,0.2093660831451416,limite d'elasticite
Arbre,"{'max_depth': 4, 'min_samples_leaf': 1, 'min_samples_split': 5}",68.22161370514621,51.08039858653548,0.4454305025922218,54.87810210437071,10.036042234152792,0.1883070468902588,limite d'elasticite
Arbre,"{'max_depth': 3, 'min_samples_leaf': 5, 'min_samples_split': 2}",68.38623383409923,52.80032234092592,0.44865753545720555,62.111728270502965,8.3319875591899,0.2790679931640625,limite d'elasticite
Arbre,"{'max_depth': 3, 'min_samples_leaf': 5, 'min_samples_split': 5}",68.38623383409923,52.80032234092592,0.44865753545720555,62.111728270502965,8.3319875591899,0.19644689559936523,limite d'elasticite
Arbre,"{'max_depth': 3, 'min_samples_leaf': 5, 'min_samples_split': 10}",68.38623383409923,52.80032234092592,0.44865753545720555,62.111728270502965,8.3319875591899,0.20535540580749512,limite d'elasticite
Arbre,"{'max_depth': 3, 'min_samples_leaf': 5, 'min_samples_split': 20}",68.38623383409923,52.80032234092592,0.44865753545720555,62.111728270502965,8.3319875591899,0.19561195373535156,limite d'elasticite
Arbre,"{'max_depth': 4, 'min_samples_leaf': 1, 'min_samples_split': 20}",68.54234214282953,51.363081452323925,0.4404644239083105,56.14698490134009,9.133598720978114,0.2134559154510498,limite d'elasticite
Arbre,"{'max_depth': 3, 'min_samples_leaf': 2, 'min_samples_split': 10}",68.56955275509617,52.772449473433724,0.44526632292279783,62.03346512538699,8.227931599541828,0.25258564949035645,limite d'elasticite
Arbre,"{'max_depth': 3, 'min_samples_leaf': 2, 'min_samples_split': 20}",68.56955275509617,52.772449473433724,0.44526632292279783,62.03346512538699,8.227931599541828,0.24349641799926758,limite d'elasticite
Arbre,"{'max_depth': 4, 'min_samples_leaf': 1, 'min_samples_split': 10}",68.64200573342329,51.559549270220316,0.43882684520763143,55.97173966814963,9.293637605757919,0.1482083797454834,limite d'elasticite
Arbre,"{'max_depth': 4, 'min_samples_leaf': 10, 'min_samples_split': 10}",68.70190319650536,51.53514040119019,0.43980574353178054,55.561163477110156,12.972629967164691,0.20890164375305176,limite d'elasticite
Arbre,"{'max_depth': 4, 'min_samples_leaf': 10, 'min_samples_split': 20}",68.70190319650536,51.53514040119019,0.43980574353178054,55.561163477110156,12.972629967164691,0.130662202835083,limite d'elasticite
Arbre,"{'max_depth': 4, 'min_samples_leaf': 10, 'min_samples_split': 5}",68.70190319650536,51.53514040119019,0.43980574353178054,55.561163477110156,12.972629967164691,0.2526412010192871,limite d'elasticite
Arbre,"{'max_depth': 4, 'min_samples_leaf': 10, 'min_samples_split': 2}",68.70190319650536,51.53514040119019,0.43980574353178054,55.561163477110156,12.972629967164691,0.21175932884216309,limite d'elasticite
Arbre,"{'max_depth': 3, 'min_samples_leaf': 1, 'min_samples_split': 10}",69.11533198065102,53.040581341565584,0.43778028052911244,61.97901001401292,8.349317406268076,0.22124552726745605,limite d'elasticite
Arbre,"{'max_depth': 3, 'min_samples_leaf': 1, 'min_samples_split': 20}",69.11533198065102,53.040581341565584,0.43778028052911244,61.97901001401292,8.349317406268076,0.28230786323547363,limite d'elasticite
Arbre,"{'max_depth': 3, 'min_samples_leaf': 2, 'min_samples_split': 5}",69.22336758951262,53.07710672094812,0.4353876055674079,61.650226621653516,7.812639980370173,0.23558878898620605,limite d'elasticite
Arbre,"{'max_depth': 3, 'min_samples_leaf': 2, 'min_samples_split': 2}",69.22336758951262,53.07710672094812,0.4353876055674079,61.650226621653516,7.812639980370173,0.26643896102905273,limite d'elasticite
Arbre,"{'max_depth': 3, 'min_samples_leaf': 1, 'min_samples_split': 2}",69.7050657782024,53.233993167834555,0.4287434851045934,61.516424208568765,7.913832511393178,0.22056984901428223,limite d'elasticite
Arbre,"{'max_depth': 3, 'min_samples_leaf': 1, 'min_samples_split': 5}",69.7050657782024,53.233993167834555,0.4287434851045934,61.516424208568765,7.913832511393178,0.20546340942382812,limite d'elasticite
Arbre,"{'max_depth': 2, 'min_samples_leaf': 2, 'min_samples_split': 5}",70.5845578291169,54.2227531651047,0.41050601090798083,68.52842423344407,9.506708496895921,0.21999907493591309,limite d'elasticite
Arbre,"{'max_depth': 2, 'min_samples_leaf': 2, 'min_samples_split': 2}",70.5845578291169,54.2227531651047,0.41050601090798083,68.52842423344407,9.506708496895921,0.17696714401245117,limite d'elasticite
Arbre,"{'max_depth': 2, 'min_samples_leaf': 5, 'min_samples_split': 5}",70.5845578291169,54.2227531651047,0.41050601090798083,68.52842423344407,9.506708496895921,0.18807244300842285,limite d'elasticite
Arbre,"{'max_depth': 2, 'min_samples_leaf': 2, 'min_samples_split': 10}",70.5845578291169,54.2227531651047,0.41050601090798083,68.52842423344407,9.506708496895921,0.2483232021331787,limite d'elasticite
Arbre,"{'max_depth': 2, 'min_samples_leaf': 1, 'min_samples_split': 10}",70.5845578291169,54.2227531651047,0.41050601090798083,68.52842423344407,9.506708496895921,0.26357078552246094,limite d'elasticite
Arbre,"{'max_depth': 2, 'min_samples_leaf': 5, 'min_samples_split': 10}",70.5845578291169,54.2227531651047,0.41050601090798083,68.52842423344407,9.506708496895921,0.18366241455078125,limite d'elasticite
Arbre,"{'max_depth': 2, 'min_samples_leaf': 1, 'min_samples_split': 5}",70.5845578291169,54.2227531651047,0.41050601090798083,68.52842423344407,9.506708496895921,0.2311701774597168,limite d'elasticite
Arbre,"{'max_depth': 2, 'min_samples_leaf': 5, 'min_samples_split': 20}",70.5845578291169,54.2227531651047,0.41050601090798083,68.52842423344407,9.506708496895921,0.23276424407958984,limite d'elasticite
Arbre,"{'max_depth': 2, 'min_samples_leaf': 2, 'min_samples_split': 20}",70.5845578291169,54.2227531651047,0.41050601090798083,68.52842423344407,9.506708496895921,0.20211434364318848,limite d'elasticite
Arbre,"{'max_depth': 2, 'min_samples_leaf': 5, 'min_samples_split': 2}",70.5845578291169,54.2227531651047,0.41050601090798083,68.52842423344407,9.506708496895921,0.13994789123535156,limite d'elasticite
Arbre,"{'max_depth': 2, 'min_samples_leaf': 1, 'min_samples_split': 20}",70.5845578291169,54.2227531651047,0.41050601090798083,68.52842423344407,9.506708496895921,0.2542726993560791,limite d'elasticite
Arbre,"{'max_depth': 2, 'min_samples_leaf': 1, 'min_samples_split': 2}",70.5845578291169,54.2227531651047,0.41050601090798083,68.52842423344407,9.506708496895921,0.1873478889465332,limite d'elasticite
Arbre,"{'max_depth': 8, 'min_samples_leaf': 15, 'min_samples_split': 10}",70.62397751521931,52.465036200304475,0.4059392681864223,54.211230290423295,10.211218648377024,0.19857430458068848,limite d'elasticite
Arbre,"{'max_depth': 8, 'min_samples_leaf': 15, 'min_samples_split': 5}",70.62397751521931,52.465036200304475,0.4059392681864223,54.211230290423295,10.211218648377024,0.15792322158813477,limite d'elasticite
Arbre,"{'max_depth': 8, 'min_samples_leaf': 15, 'min_samples_split': 2}",70.62397751521931,52.465036200304475,0.4059392681864223,54.211230290423295,10.211218648377024,0.2153480052947998,limite d'elasticite
Arbre,"{'max_depth': 8, 'min_samples_leaf': 15, 'min_samples_split': 20}",70.62397751521931,52.465036200304475,0.4059392681864223,54.211230290423295,10.211218648377024,0.19830870628356934,limite d'elasticite
Arbre,"{'max_depth': 20, 'min_samples_leaf': 15, 'min_samples_split': 2}",70.70157668714072,52.3791559682622,0.405191666779691,53.91032523354046,10.266936091417804,0.24433326721191406,limite d'elasticite
Arbre,"{'max_depth': 20, 'min_samples_leaf': 15, 'min_samples_split': 5}",70.70157668714072,52.3791559682622,0.405191666779691,53.91032523354046,10.266936091417804,0.17579936981201172,limite d'elasticite
Arbre,"{'max_depth': 20, 'min_samples_leaf': 15, 'min_samples_split': 10}",70.70157668714072,52.3791559682622,0.405191666779691,53.91032523354046,10.266936091417804,0.25173068046569824,limite d'elasticite
Arbre,"{'max_depth': 12, 'min_samples_leaf': 15, 'min_samples_split': 20}",70.70157668714072,52.3791559682622,0.405191666779691,53.91032523354046,10.266936091417804,0.24141383171081543,limite d'elasticite
Arbre,"{'max_depth': None, 'min_samples_leaf': 15, 'min_samples_split': 2}",70.70157668714072,52.3791559682622,0.405191666779691,53.91032523354046,10.266936091417804,0.14644694328308105,limite d'elasticite
Arbre,"{'max_depth': None, 'min_samples_leaf': 15, 'min_samples_split': 5}",70.70157668714072,52.3791559682622,0.405191666779691,53.91032523354046,10.266936091417804,0.17530322074890137,limite d'elasticite
Arbre,"{'max_depth': None, 'min_samples_leaf': 15, 'min_samples_split': 10}",70.70157668714072,52.3791559682622,0.405191666779691,53.91032523354046,10.266936091417804,0.18776392936706543,limite d'elasticite
Arbre,"{'max_depth': None, 'min_samples_leaf': 15, 'min_samples_split': 20}",70.70157668714072,52.3791559682622,0.405191666779691,53.91032523354046,10.266936091417804,0.22386717796325684,limite d'elasticite
Arbre,"{'max_depth': 12, 'min_samples_leaf': 15, 'min_samples_split': 10}",70.70157668714072,52.3791559682622,0.405191666779691,53.91032523354046,10.266936091417804,0.2282712459564209,limite d'elasticite
Arbre,"{'max_depth': 12, 'min_samples_leaf': 15, 'min_samples_split': 5}",70.70157668714072,52.3791559682622,0.405191666779691,53.91032523354046,10.266936091417804,0.223036527633667,limite d'elasticite
Arbre,"{'max_depth': 12, 'min_samples_leaf': 15, 'min_samples_split': 2}",70.70157668714072,52.3791559682622,0.405191666779691,53.91032523354046,10.266936091417804,0.18093514442443848,limite d'elasticite
Arbre,"{'max_depth': 20, 'min_samples_leaf': 15, 'min_samples_split': 20}",70.70157668714072,52.3791559682622,0.405191666779691,53.91032523354046,10.266936091417804,0.19054055213928223,limite d'elasticite
Arbre,"{'max_depth': 6, 'min_samples_leaf': 15, 'min_samples_split': 5}",71.28278544112652,53.36011630223182,0.39486935684763136,55.78610881694287,9.869497284510908,0.23752260208129883,limite d'elasticite
Arbre,"{'max_depth': 6, 'min_samples_leaf': 15, 'min_samples_split': 10}",71.28278544112652,53.36011630223182,0.39486935684763136,55.78610881694287,9.869497284510908,0.16480255126953125,limite d'elasticite
Arbre,"{'max_depth': 6, 'min_samples_leaf': 15, 'min_samples_split': 20}",71.28278544112652,53.36011630223182,0.39486935684763136,55.78610881694287,9.869497284510908,0.1986217498779297,limite d'elasticite
Arbre,"{'max_depth': 6, 'min_samples_leaf': 15, 'min_samples_split': 2}",71.28278544112652,53.36011630223182,0.39486935684763136,55.78610881694287,9.869497284510908,0.23564720153808594,limite d'elasticite
Arbre,"{'max_depth': 3, 'min_samples_leaf': 10, 'min_samples_split': 20}",71.61362051219366,54.062701699464085,0.39560282558023685,61.30118681513777,8.11507754448579,0.25288867950439453,limite d'elasticite
Arbre,"{'max_depth': 3, 'min_samples_leaf': 10, 'min_samples_split': 10}",71.61362051219366,54.062701699464085,0.39560282558023685,61.30118681513777,8.11507754448579,0.18946528434753418,limite d'elasticite
Arbre,"{'max_depth': 3, 'min_samples_leaf': 10, 'min_samples_split': 5}",71.61362051219366,54.062701699464085,0.39560282558023685,61.30118681513777,8.11507754448579,0.19809532165527344,limite d'elasticite
Arbre,"{'max_depth': 3, 'min_samples_leaf': 10, 'min_samples_split': 2}",71.61362051219366,54.062701699464085,0.39560282558023685,61.30118681513777,8.11507754448579,0.2561483383178711,limite d'elasticite
Arbre,"{'max_depth': 4, 'min_samples_leaf': 20, 'min_samples_split': 2}",72.75011132832574,55.32018133403626,0.3728111223502267,61.97255361908699,9.382780826507432,0.18440699577331543,limite d'elasticite
Arbre,"{'max_depth': 4, 'min_samples_leaf': 20, 'min_samples_split': 5}",72.75011132832574,55.32018133403626,0.3728111223502267,61.97255361908699,9.382780826507432,0.23736882209777832,limite d'elasticite
Arbre,"{'max_depth': 4, 'min_samples_leaf': 20, 'min_samples_split': 10}",72.75011132832574,55.32018133403626,0.3728111223502267,61.97255361908699,9.382780826507432,0.19686603546142578,limite d'elasticite
Arbre,"{'max_depth': 4, 'min_samples_leaf': 20, 'min_samples_split': 20}",72.75011132832574,55.32018133403626,0.3728111223502267,61.97255361908699,9.382780826507432,0.23108506202697754,limite d'elasticite
Arbre,"{'max_depth': 6, 'min_samples_leaf': 20, 'min_samples_split': 20}",72.86811673383284,55.02387559199752,0.3694612340958061,59.426809556201896,8.890003239251792,0.1947166919708252,limite d'elasticite
Arbre,"{'max_depth': 6, 'min_samples_leaf': 20, 'min_samples_split': 10}",72.86811673383284,55.02387559199752,0.3694612340958061,59.426809556201896,8.890003239251792,0.1793224811553955,limite d'elasticite
Arbre,"{'max_depth': 6, 'min_samples_leaf': 20, 'min_samples_split': 5}",72.86811673383284,55.02387559199752,0.3694612340958061,59.426809556201896,8.890003239251792,0.21503448486328125,limite d'elasticite
Arbre,"{'max_depth': 6, 'min_samples_leaf': 20, 'min_samples_split': 2}",72.86811673383284,55.02387559199752,0.3694612340958061,59.426809556201896,8.890003239251792,0.18970727920532227,limite d'elasticite
Arbre,"{'max_depth': 12, 'min_samples_leaf': 20, 'min_samples_split': 10}",72.91859239437693,54.96000689137661,0.3681689362179282,58.91834543226537,9.1572121542911,0.17203068733215332,limite d'elasticite
Arbre,"{'max_depth': None, 'min_samples_leaf': 20, 'min_samples_split': 5}",72.91859239437693,54.96000689137661,0.3681689362179282,58.91834543226537,9.1572121542911,0.19439125061035156,limite d'elasticite
Arbre,"{'max_depth': None, 'min_samples_leaf': 20, 'min_samples_split': 2}",72.91859239437693,54.96000689137661,0.3681689362179282,58.91834543226537,9.1572121542911,0.21422743797302246,limite d'elasticite
Arbre,"{'max_depth': 12, 'min_samples_leaf': 20, 'min_samples_split': 20}",72.91859239437693,54.96000689137661,0.3681689362179282,58.91834543226537,9.1572121542911,0.19986772537231445,limite d'elasticite
Arbre,"{'max_depth': 20, 'min_samples_leaf': 20, 'min_samples_split': 20}",72.91859239437693,54.96000689137661,0.3681689362179282,58.91834543226537,9.1572121542911,0.20816802978515625,limite d'elasticite
Arbre,"{'max_depth': 20, 'min_samples_leaf': 20, 'min_samples_split': 10}",72.91859239437693,54.96000689137661,0.3681689362179282,58.91834543226537,9.1572121542911,0.20031166076660156,limite d'elasticite
Arbre,"{'max_depth': 20, 'min_samples_leaf': 20, 'min_samples_split': 5}",72.91859239437693,54.96000689137661,0.3681689362179282,58.91834543226537,9.1572121542911,0.23125076293945312,limite d'elasticite
Arbre,"{'max_depth': 20, 'min_samples_leaf': 20, 'min_samples_split': 2}",72.91859239437693,54.96000689137661,0.3681689362179282,58.91834543226537,9.1572121542911,0.2367725372314453,limite d'elasticite
Arbre,"{'max_depth': None, 'min_samples_leaf': 20, 'min_samples_split': 20}",72.91859239437693,54.96000689137661,0.3681689362179282,58.91834543226537,9.1572121542911,0.2097184658050537,limite d'elasticite
Arbre,"{'max_depth': None, 'min_samples_leaf': 20, 'min_samples_split': 10}",72.91859239437693,54.96000689137661,0.3681689362179282,58.91834543226537,9.1572121542911,0.20786356925964355,limite d'elasticite
Arbre,"{'max_depth': 12, 'min_samples_leaf': 20, 'min_samples_split': 5}",72.91859239437693,54.96000689137661,0.3681689362179282,58.91834543226537,9.1572121542911,0.19591736793518066,limite d'elasticite
Arbre,"{'max_depth': 12, 'min_samples_leaf': 20, 'min_samples_split': 2}",72.91859239437693,54.96000689137661,0.3681689362179282,58.91834543226537,9.1572121542911,0.20815587043762207,limite d'elasticite
Arbre,"{'max_depth': 8, 'min_samples_leaf': 20, 'min_samples_split': 2}",72.98068533647606,55.06839306287419,0.3670044556086032,58.941726679070065,9.133106874485799,0.1492152214050293,limite d'elasticite
Arbre,"{'max_depth': 8, 'min_samples_leaf': 20, 'min_samples_split': 5}",72.98068533647606,55.06839306287419,0.3670044556086032,58.941726679070065,9.133106874485799,0.19474291801452637,limite d'elasticite
Arbre,"{'max_depth': 8, 'min_samples_leaf': 20, 'min_samples_split': 10}",72.98068533647606,55.06839306287419,0.3670044556086032,58.941726679070065,9.133106874485799,0.22311687469482422,limite d'elasticite
Arbre,"{'max_depth': 8, 'min_samples_leaf': 20, 'min_samples_split': 20}",72.98068533647606,55.06839306287419,0.3670044556086032,58.941726679070065,9.133106874485799,0.22101974487304688,limite d'elasticite
Arbre,"{'max_depth': 4, 'min_samples_leaf': 15, 'min_samples_split': 10}",73.29825497490899,55.17893557164014,0.3616718520513733,60.120031039872835,11.13271828221375,0.1994462013244629,limite d'elasticite
Arbre,"{'max_depth': 4, 'min_samples_leaf': 15, 'min_samples_split': 5}",73.29825497490899,55.17893557164014,0.3616718520513733,60.120031039872835,11.13271828221375,0.26482200622558594,limite d'elasticite
Arbre,"{'max_depth': 4, 'min_samples_leaf': 15, 'min_samples_split': 2}",73.29825497490899,55.17893557164014,0.3616718520513733,60.120031039872835,11.13271828221375,0.23082494735717773,limite d'elasticite
Arbre,"{'max_depth': 4, 'min_samples_leaf': 15, 'min_samples_split': 20}",73.29825497490899,55.17893557164014,0.3616718520513733,60.120031039872835,11.13271828221375,0.19350194931030273,limite d'elasticite
Arbre,"{'max_depth': 3, 'min_samples_leaf': 20, 'min_samples_split': 5}",74.05405327676353,56.06008392315783,0.35082983361808917,64.49479377745422,9.023484394283578,0.17531824111938477,limite d'elasticite
Arbre,"{'max_depth': 3, 'min_samples_leaf': 20, 'min_samples_split': 2}",74.05405327676353,56.06008392315783,0.35082983361808917,64.49479377745422,9.023484394283578,0.15193772315979004,limite d'elasticite
Arbre,"{'max_depth': 3, 'min_samples_leaf': 20, 'min_samples_split': 20}",74.05405327676353,56.06008392315783,0.35082983361808917,64.49479377745422,9.023484394283578,0.18440985679626465,limite d'elasticite
Arbre,"{'max_depth': 3, 'min_samples_leaf': 20, 'min_samples_split': 10}",74.05405327676353,56.06008392315783,0.35082983361808917,64.49479377745422,9.023484394283578,0.18587136268615723,limite d'elasticite
Arbre,"{'max_depth': 3, 'min_samples_leaf': 15, 'min_samples_split': 10}",75.17362071908512,56.68200646033254,0.33175628791153855,64.0233882803769,9.120199736593527,0.18192744255065918,limite d'elasticite
Arbre,"{'max_depth': 3, 'min_samples_leaf': 15, 'min_samples_split': 5}",75.17362071908512,56.68200646033254,0.33175628791153855,64.0233882803769,9.120199736593527,0.22362470626831055,limite d'elasticite
Arbre,"{'max_depth': 3, 'min_samples_leaf': 15, 'min_samples_split': 2}",75.17362071908512,56.68200646033254,0.33175628791153855,64.0233882803769,9.120199736593527,0.22656869888305664,limite d'elasticite
Arbre,"{'max_depth': 3, 'min_samples_leaf': 15, 'min_samples_split': 20}",75.17362071908512,56.68200646033254,0.33175628791153855,64.0233882803769,9.120199736593527,0.17532134056091309,limite d'elasticite
Arbre,"{'max_depth': 2, 'min_samples_leaf': 10, 'min_samples_split': 2}",75.70584842638019,57.580892544276914,0.3236569006559415,69.82498641490655,8.125029896658267,0.19810771942138672,limite d'elasticite
Arbre,"{'max_depth': 2, 'min_samples_leaf': 10, 'min_samples_split': 5}",75.70584842638019,57.580892544276914,0.3236569006559415,69.82498641490655,8.125029896658267,0.18627238273620605,limite d'elasticite
Arbre,"{'max_depth': 2, 'min_samples_leaf': 10, 'min_samples_split': 10}",75.70584842638019,57.580892544276914,0.3236569006559415,69.82498641490655,8.125029896658267,0.16084980964660645,limite d'elasticite
Arbre,"{'max_depth': 2, 'min_samples_leaf': 10, 'min_samples_split': 20}",75.70584842638019,57.580892544276914,0.3236569006559415,69.82498641490655,8.125029896658267,0.16768813133239746,limite d'elasticite
Arbre,"{'max_depth': 2, 'min_samples_leaf': 15, 'min_samples_split': 5}",75.70584842638019,57.580892544276914,0.3236569006559415,69.82498641490655,8.125029896658267,0.19734430313110352,limite d'elasticite
Arbre,"{'max_depth': 2, 'min_samples_leaf': 15, 'min_samples_split': 10}",75.70584842638019,57.580892544276914,0.3236569006559415,69.82498641490655,8.125029896658267,0.1761007308959961,limite d'elasticite
Arbre,"{'max_depth': 2, 'min_samples_leaf': 15, 'min_samples_split': 20}",75.70584842638019,57.580892544276914,0.3236569006559415,69.82498641490655,8.125029896658267,0.1569054126739502,limite d'elasticite
Arbre,"{'max_depth': 2, 'min_samples_leaf': 15, 'min_samples_split': 2}",75.70584842638019,57.580892544276914,0.3236569006559415,69.82498641490655,8.125029896658267,0.15354037284851074,limite d'elasticite
Arbre,"{'max_depth': 2, 'min_samples_leaf': 20, 'min_samples_split': 2}",75.71329177069518,57.53661478256494,0.32354600377279275,69.98543178236915,8.126010562430771,0.1794288158416748,limite d'elasticite
Arbre,"{'max_depth': 2, 'min_samples_leaf': 20, 'min_samples_split': 5}",75.71329177069518,57.53661478256494,0.32354600377279275,69.98543178236915,8.126010562430771,0.13443756103515625,limite d'elasticite
Arbre,"{'max_depth': 2, 'min_samples_leaf': 20, 'min_samples_split': 10}",75.71329177069518,57.53661478256494,0.32354600377279275,69.98543178236915,8.126010562430771,0.23228907585144043,limite d'elasticite
Arbre,"{'max_depth': 2, 'min_samples_leaf': 20, 'min_samples_split': 20}",75.71329177069518,57.53661478256494,0.32354600377279275,69.98543178236915,8.126010562430771,0.22577714920043945,limite d'elasticite
Boosting classique,"{'learning_rate': 0.1, 'max_depth': 3, 'min_samples_leaf': 5, 'n_estimators': 500, 'subsample': 1.0}",39.98323331239517,28.21161534365542,0.8057142396166025,8.440125530557973,8.197497802784516,6.886632204055786,limite d'elasticite
Boosting classique,"{'learning_rate': 0.05, 'max_depth': 3, 'min_samples_leaf': 5, 'n_estimators': 500, 'subsample': 0.8}",40.457197560440754,28.2722256765373,0.7991935111092335,13.037928685799349,9.745662517263634,6.089206695556641,limite d'elasticite
Boosting classique,"{'learning_rate': 0.05, 'max_depth': 3, 'min_samples_leaf': 5, 'n_estimators': 500, 'subsample': 1.0}",40.661888171060795,28.7415638216949,0.7976447239936583,13.895607738738894,9.545875131701765,6.071123123168945,limite d'elasticite
Boosting classique,"{'learning_rate': 0.1, 'max_depth': 2, 'min_samples_leaf': 5, 'n_estimators': 500, 'subsample': 0.8}",41.014373137798245,29.17208430416402,0.7957298606006551,15.227265802664812,6.909301918139257,4.7641966342926025,limite d'elasticite
Boosting classique,"{'learning_rate': 0.1, 'max_depth': 3, 'min_samples_leaf': 5, 'n_estimators': 500, 'subsample': 0.8}",41.342398794646165,28.376467385147322,0.7897885484924422,8.447585907494823,10.138469440560659,5.8433263301849365,limite d'elasticite
Boosting classique,"{'learning_rate': 0.1, 'max_depth': 3, 'min_samples_leaf': 5, 'n_estimators': 200, 'subsample': 1.0}",41.45459251937911,29.466849031165975,0.7903354732395901,15.856129568778423,9.33963713177926,2.5369391441345215,limite d'elasticite
Boosting classique,"{'learning_rate': 0.1, 'max_depth': 2, 'min_samples_leaf': 5, 'n_estimators': 500, 'subsample': 1.0}",42.32480647626021,30.003899062761366,0.78236077620987,15.870347696769198,7.734024038853251,5.800908327102661,limite d'elasticite
Boosting classique,"{'learning_rate': 0.1, 'max_depth': 3, 'min_samples_leaf': 5, 'n_estimators': 200, 'subsample': 0.8}",42.49651595927252,29.422120851080102,0.7784735055063233,15.304567739201511,10.257008145902487,2.794236183166504,limite d'elasticite
Boosting classique,"{'learning_rate': 0.05, 'max_depth': 2, 'min_samples_leaf': 5, 'n_estimators': 500, 'subsample': 0.8}",42.85741679457601,30.5857752048348,0.7769112504391016,22.061639304559524,8.033685009729888,4.547899484634399,limite d'elasticite
Boosting classique,"{'learning_rate': 0.05, 'max_depth': 2, 'min_samples_leaf': 5, 'n_estimators': 500, 'subsample': 1.0}",43.36007734104803,31.115316848026133,0.7725375908893323,23.208867839613465,7.552924837179201,4.787455797195435,limite d'elasticite
Boosting classique,"{'learning_rate': 0.1, 'max_depth': 2, 'min_samples_leaf': 5, 'n_estimators': 200, 'subsample': 0.8}",43.65160311975569,31.610892510699877,0.7700803069356036,24.663543380635623,7.023946400075988,1.8724472522735596,limite d'elasticite
Boosting classique,"{'learning_rate': 0.05, 'max_depth': 3, 'min_samples_leaf': 5, 'n_estimators': 200, 'subsample': 0.8}",44.0520479729848,31.43944504402908,0.7634717552610428,22.98524660199832,10.166743069449861,2.555962324142456,limite d'elasticite
Boosting classique,"{'learning_rate': 0.05, 'max_depth': 3, 'min_samples_leaf': 5, 'n_estimators': 200, 'subsample': 1.0}",44.351768965779925,32.177797990035224,0.7611789375523099,24.15765112660413,9.59061766110669,2.337406873703003,limite d'elasticite
Boosting classique,"{'learning_rate': 0.1, 'max_depth': 2, 'min_samples_leaf': 5, 'n_estimators': 200, 'subsample': 1.0}",44.74302622903396,32.30888058603487,0.7575294735841802,25.50623866608167,7.747636889341299,1.9953081607818604,limite d'elasticite
Boosting classique,"{'learning_rate': 0.05, 'max_depth': 2, 'min_samples_leaf': 5, 'n_estimators': 200, 'subsample': 0.8}",49.03669321585377,36.008070529960676,0.7115497463506246,34.31186439739109,8.089303444036794,2.004802942276001,limite d'elasticite
Boosting classique,"{'learning_rate': 0.05, 'max_depth': 2, 'min_samples_leaf': 5, 'n_estimators': 200, 'subsample': 1.0}",50.1387506919742,36.885740233358604,0.6988313540313709,35.58233521388676,7.457556882628586,1.9419116973876953,limite d'elasticite
Boosting histogramme,"{'l2_regularization': 0.0, 'learning_rate': 0.1, 'max_iter': 500, 'max_leaf_nodes': 7, 'min_samples_leaf': 5}",39.31761156367189,27.928661334226938,0.8128376853199952,6.5059655508150245,7.893135116315071,2.8525359630584717,limite d'elasticite
Boosting histogramme,"{'l2_regularization': 1.0, 'learning_rate': 0.1, 'max_iter': 500, 'max_leaf_nodes': 15, 'min_samples_leaf': 5}",39.577236523484544,28.1939931276693,0.8110590792263593,3.5317985425633,8.108749456524748,3.9384257793426514,limite d'elasticite
Boosting histogramme,"{'l2_regularization': 1.0, 'learning_rate': 0.1, 'max_iter': 200, 'max_leaf_nodes': 15, 'min_samples_leaf': 5}",39.61407951841862,28.4015832616348,0.8101979869614354,6.857956086888342,8.603188747097398,2.0355193614959717,limite d'elasticite
Boosting histogramme,"{'l2_regularization': 0.0, 'learning_rate': 0.1, 'max_iter': 200, 'max_leaf_nodes': 7, 'min_samples_leaf': 5}",39.798262239646256,28.453478651676978,0.8076096877443136,13.027614185695768,8.639738466911211,3.7219879627227783,limite d'elasticite
Boosting histogramme,"{'l2_regularization': 1.0, 'learning_rate': 0.1, 'max_iter': 500, 'max_leaf_nodes': 7, 'min_samples_leaf': 5}",40.19801559037211,28.32786092665835,0.8042804836706289,7.190530163480133,8.089825035360622,2.7983806133270264,limite d'elasticite
Boosting histogramme,"{'l2_regularization': 0.0, 'learning_rate': 0.1, 'max_iter': 500, 'max_leaf_nodes': 15, 'min_samples_leaf': 5}",40.42169468245254,28.54675651084534,0.804695669687808,3.2740665369523816,7.532884657905895,4.440374135971069,limite d'elasticite
Boosting histogramme,"{'l2_regularization': 0.0, 'learning_rate': 0.1, 'max_iter': 200, 'max_leaf_nodes': 15, 'min_samples_leaf': 5}",40.46480936116176,28.6687347303164,0.8038715674961369,6.116448879151887,7.979606183166338,2.0842530727386475,limite d'elasticite
Boosting histogramme,"{'l2_regularization': 1.0, 'learning_rate': 0.3, 'max_iter': 500, 'max_leaf_nodes': 7, 'min_samples_leaf': 5}",40.65156978900605,28.65351065253045,0.8002273721611128,3.3760541490601126,6.921182559672373,2.757512331008911,limite d'elasticite
Boosting histogramme,"{'l2_regularization': 1.0, 'learning_rate': 0.3, 'max_iter': 200, 'max_leaf_nodes': 7, 'min_samples_leaf': 5}",40.76677153480998,28.779787682772593,0.7990289296139913,6.226874450387468,7.302939773697198,1.4251391887664795,limite d'elasticite
Boosting histogramme,"{'l2_regularization': 1.0, 'learning_rate': 0.1, 'max_iter': 200, 'max_leaf_nodes': 7, 'min_samples_leaf': 5}",41.035720033668134,28.98540107389649,0.7951171081936762,14.094665396464908,9.005403763891005,1.1751165390014648,limite d'elasticite
Boosting histogramme,"{'l2_regularization': 0.0, 'learning_rate': 0.3, 'max_iter': 500, 'max_leaf_nodes': 7, 'min_samples_leaf': 5}",41.16888456140856,28.867088729809883,0.7962671292764556,3.165734339540939,7.4843078110568255,2.504256010055542,limite d'elasticite
Boosting histogramme,"{'l2_regularization': 0.0, 'learning_rate': 0.3, 'max_iter': 200, 'max_leaf_nodes': 7, 'min_samples_leaf': 5}",41.19039368649888,28.99203517624843,0.7955159684114745,5.541694829007861,7.9127668110128875,1.2603113651275635,limite d'elasticite
Boosting histogramme,"{'l2_regularization': 0.0, 'learning_rate': 0.3, 'max_iter': 200, 'max_leaf_nodes': 15, 'min_samples_leaf': 5}",42.07080238082887,29.298850607886077,0.7878249652871696,3.0190912472809965,8.012732686088409,2.0916736125946045,limite d'elasticite
Boosting histogramme,"{'l2_regularization': 0.0, 'learning_rate': 0.3, 'max_iter': 500, 'max_leaf_nodes': 15, 'min_samples_leaf': 5}",42.101867988521505,29.264488480971913,0.7876008387797437,2.7529685711611656,7.936104588460362,4.402509927749634,limite d'elasticite
Boosting histogramme,"{'l2_regularization': 1.0, 'learning_rate': 0.3, 'max_iter': 200, 'max_leaf_nodes': 15, 'min_samples_leaf': 5}",42.69732569598872,30.31540102994302,0.7807975669164234,3.2019104118319874,8.022098111794806,2.068572998046875,limite d'elasticite
Boosting histogramme,"{'l2_regularization': 1.0, 'learning_rate': 0.3, 'max_iter': 500, 'max_leaf_nodes': 15, 'min_samples_leaf': 5}",42.70725803268905,30.306769938952783,0.7807755806818573,2.756259535112118,7.93702114776597,4.846385717391968,limite d'elasticite
Regression lineaire,{'preparation__indicateurs': True},64.40398922632194,46.30871555767821,0.5057642177737736,54.47912577730873,7.460658544452393,0.2744901180267334,limite d'elasticite
Regression lineaire,{'preparation__indicateurs': False},66.94393079226231,50.1737112637549,0.4624749940735561,60.86348871311272,7.9843799631754715,0.2872433662414551,limite d'elasticite
Ridge,"{'alpha': 31.622776601683793, 'preparation__indicateurs': True}",63.43071239675089,46.773253586657646,0.517026084857874,58.284770708279325,6.475683349286459,0.23738694190979004,limite d'elasticite
Ridge,"{'alpha': 1.0, 'preparation__indicateurs': True}",63.6614687087025,45.803717618836146,0.5163994613029126,55.12832620476983,8.223125090910267,0.3195528984069824,limite d'elasticite
Ridge,"{'alpha': 10.0, 'preparation__indicateurs': True}",63.70070397621498,46.383617071223206,0.5146091209660069,56.866626864000224,7.413592076754014,0.17728543281555176,limite d'elasticite
Ridge,"{'alpha': 0.31622776601683794, 'preparation__indicateurs': True}",63.70812524751297,45.84223689214709,0.5159588734471643,54.68520343629996,8.02205690452329,0.2616426944732666,limite d'elasticite
Ridge,"{'alpha': 3.1622776601683795, 'preparation__indicateurs': True}",63.82190244315101,46.04689975506893,0.5135794328467727,55.91025979133967,8.100085601298305,0.1839587688446045,limite d'elasticite
Ridge,"{'alpha': 0.1, 'preparation__indicateurs': True}",63.9759190706077,46.012596407211085,0.5120756699637246,54.52567480358548,7.753517459785268,0.2475752830505371,limite d'elasticite
Ridge,"{'alpha': 0.03162277660168379, 'preparation__indicateurs': True}",64.21525689225568,46.16478924645132,0.5085552716861311,54.486393512839925,7.575941404007372,0.22263526916503906,limite d'elasticite
Ridge,"{'alpha': 0.01, 'preparation__indicateurs': True}",64.33585033672902,46.25024919644254,0.506773429738442,54.47999806877975,7.4999580248165,0.20072293281555176,limite d'elasticite
Ridge,"{'alpha': 0.0031622776601683794, 'preparation__indicateurs': True}",64.38143051175574,46.28970402462825,0.5060985368993884,54.47921873303882,7.473385924427424,0.2278304100036621,limite d'elasticite
Ridge,"{'alpha': 0.001, 'preparation__indicateurs': True}",64.39674802457134,46.30265091806203,0.5058715538738542,54.47913526799412,7.464713620194405,0.22919869422912598,limite d'elasticite
Ridge,"{'alpha': 100.0, 'preparation__indicateurs': True}",64.95562286224568,48.29170639030015,0.4934727528455224,61.35319026693821,5.8044734461710314,0.21184778213500977,limite d'elasticite
Ridge,"{'alpha': 0.31622776601683794, 'preparation__indicateurs': False}",66.64468690449947,49.898636200306996,0.46680413983209396,60.980663793831965,7.7730674032297,0.25528955459594727,limite d'elasticite
Ridge,"{'alpha': 1.0, 'preparation__indicateurs': False}",66.66579267054352,49.85405281574553,0.4663508742826085,61.24834884464644,7.728400105254385,0.25681614875793457,limite d'elasticite
Ridge,"{'alpha': 0.1, 'preparation__indicateurs': False}",66.75297869160669,49.99913096445085,0.46526825423725304,60.88872685627007,7.849993578812932,0.22486543655395508,limite d'elasticite
Ridge,"{'alpha': 0.03162277660168379, 'preparation__indicateurs': False}",66.85946741736069,50.10076802645064,0.46371911224820594,60.86717557203692,7.922777023154598,0.20073938369750977,limite d'elasticite
Ridge,"{'alpha': 0.01, 'preparation__indicateurs': False}",66.91357698233459,50.14632790591279,0.462923532740383,60.86391488617549,7.961801029173599,0.21798491477966309,limite d'elasticite
Ridge,"{'alpha': 3.1622776601683795, 'preparation__indicateurs': False}",66.91696979964597,50.01155335959117,0.4623902387550915,61.82915145949685,7.702270598427793,0.22850918769836426,limite d'elasticite
Ridge,"{'alpha': 0.0031622776601683794, 'preparation__indicateurs': False}",66.93390750191911,50.164799918059565,0.46262328166599714,60.86353347247408,7.976868677899334,0.2515389919281006,limite d'elasticite
Ridge,"{'alpha': 0.001, 'preparation__indicateurs': False}",66.94071646767819,50.17086984111603,0.46252256620319826,60.863493260601594,7.981965243038344,0.15932154655456543,limite d'elasticite
Ridge,"{'alpha': 10.0, 'preparation__indicateurs': False}",67.19483212319999,50.19541732837268,0.4583173813516662,62.63675328475789,7.566001188154781,0.1938951015472412,limite d'elasticite
Ridge,"{'alpha': 31.622776601683793, 'preparation__indicateurs': False}",67.42253814442554,50.42988480052487,0.45538660521320845,63.64771328490906,7.219806054564452,0.22688055038452148,limite d'elasticite
Ridge,"{'alpha': 100.0, 'preparation__indicateurs': False}",68.81350784326409,51.57419358841379,0.43464329153898806,65.92349963207263,6.760768373538107,0.2065894603729248,limite d'elasticite
Ridge,"{'alpha': 316.22776601683796, 'preparation__indicateurs': True}",70.07378896990954,52.282131491931,0.4154541670830727,67.45263111234394,5.211309554084334,0.24861717224121094,limite d'elasticite
Ridge,"{'alpha': 316.22776601683796, 'preparation__indicateurs': False}",72.99428942399416,54.761319282865315,0.36831901658138577,71.02995147749323,6.191932458425598,0.20075201988220215,limite d'elasticite
Ridge,"{'alpha': 1000.0, 'preparation__indicateurs': True}",77.37384944287108,58.20696206765873,0.293747038547432,75.73752760357692,5.200057418356249,0.24347972869873047,limite d'elasticite
Ridge,"{'alpha': 1000.0, 'preparation__indicateurs': False}",79.35075922035948,59.73009532541441,0.2586909929388678,78.25500279409016,5.802952911278154,0.2561650276184082,limite d'elasticite
Lasso,"{'alpha': 0.1, 'preparation__indicateurs': True}",64.01789772388882,46.043299832588346,0.5107644435637271,54.955560839387076,8.358145227040204,0.23719477653503418,limite d'elasticite
Lasso,"{'alpha': 0.046415888336127774, 'preparation__indicateurs': True}",64.15801631319077,46.16238311326615,0.5094201191191704,54.617171102482004,8.048259541595112,0.2166731357574463,limite d'elasticite
Lasso,"{'alpha': 0.021544346900318822, 'preparation__indicateurs': True}",64.25917516484321,46.195372893972525,0.5080204666585415,54.51109674332279,7.765936759049848,0.2595400810241699,limite d'elasticite
Lasso,"{'alpha': 0.01, 'preparation__indicateurs': True}",64.31967632618799,46.23601110372656,0.5070808952451124,54.486139088434626,7.604085401632741,0.28165435791015625,limite d'elasticite
Lasso,"{'alpha': 0.004641588833612777, 'preparation__indicateurs': True}",64.35114298280693,46.261689804756976,0.5065698862529127,54.48076743421939,7.5224370190321155,0.2662017345428467,limite d'elasticite
Lasso,"{'alpha': 0.002154434690031882, 'preparation__indicateurs': True}",64.37712333652387,46.28519237758129,0.506171405972736,54.479481137283834,7.4922730993690445,0.22830605506896973,limite d'elasticite
Lasso,"{'alpha': 0.001, 'preparation__indicateurs': True}",64.38737761980866,46.29602016088263,0.50600691170949,54.47920246932993,7.483007225644354,0.29155468940734863,limite d'elasticite
Lasso,"{'alpha': 0.00046415888336127773, 'preparation__indicateurs': True}",64.38924001053915,46.29977979868098,0.5059670569848509,54.47914230566497,7.484708609622914,0.29341888427734375,limite d'elasticite
Lasso,"{'alpha': 1e-05, 'preparation__indicateurs': True}",64.38935175824071,46.30227527209955,0.5059517822550783,54.47912578562091,7.489133289086561,0.3318662643432617,limite d'elasticite
Lasso,"{'alpha': 4.641588833612782e-05, 'preparation__indicateurs': True}",64.38935466271788,46.30203265146595,0.5059529532965209,54.479125956356356,7.4885428374215985,0.2881195545196533,limite d'elasticite
Lasso,"{'alpha': 2.1544346900318823e-05, 'preparation__indicateurs': True}",64.38935989457985,46.30220157099298,0.5059520614457901,54.47912581588734,7.488931845554001,0.3526637554168701,limite d'elasticite
Lasso,"{'alpha': 0.0001, 'preparation__indicateurs': True}",64.38949069395969,46.30184665792039,0.5059527844848579,54.47912655045974,7.4878956178767355,0.22945094108581543,limite d'elasticite
Lasso,"{'alpha': 0.00021544346900318823, 'preparation__indicateurs': True}",64.38953573484403,46.30126143571314,0.5059557126193923,54.47912933900924,7.486682947996196,0.2885589599609375,limite d'elasticite
Lasso,"{'alpha': 0.1, 'preparation__indicateurs': False}",66.78396860063098,50.09912443722354,0.4645804015173674,61.205681441275146,7.739966383378162,0.25081777572631836,limite d'elasticite
Lasso,"{'alpha': 0.046415888336127774, 'preparation__indicateurs': False}",66.86794291711041,50.20884549765158,0.4633476593132527,60.96708900006181,7.78217090359327,0.26734423637390137,limite d'elasticite
Lasso,"{'alpha': 0.021544346900318822, 'preparation__indicateurs': False}",66.91008525361033,50.23814385292057,0.4628933512583934,60.88792696651801,7.812772377537392,0.2003340721130371,limite d'elasticite
Lasso,"{'alpha': 0.01, 'preparation__indicateurs': False}",66.94683149620369,50.217490746678436,0.46246639721741173,60.869379976718605,7.820435273679869,0.23152422904968262,limite d'elasticite
Lasso,"{'alpha': 0.004641588833612777, 'preparation__indicateurs': False}",66.98080554534378,50.22392137518565,0.46200311195098304,60.864758104182386,7.835548397564226,0.2722342014312744,limite d'elasticite
Lasso,"{'alpha': 0.002154434690031882, 'preparation__indicateurs': False}",67.01443021629305,50.23907620534696,0.4615432734545951,60.863761823599056,7.813031130394284,0.24974822998046875,limite d'elasticite
Lasso,"{'alpha': 0.001, 'preparation__indicateurs': False}",67.03029843777531,50.24713899882407,0.4613248807449056,60.863547285759964,7.803328982796066,0.2683861255645752,limite d'elasticite
Lasso,"{'alpha': 0.00046415888336127773, 'preparation__indicateurs': False}",67.03804142105346,50.251503243111756,0.46121827600709153,60.86350133116091,7.798118258210766,0.3157668113708496,limite d'elasticite
Lasso,"{'alpha': 0.00021544346900318823, 'preparation__indicateurs': False}",67.04179790353035,50.253605165112106,0.4611665487431072,60.86349143156359,7.795435928589538,0.2976222038269043,limite d'elasticite
Lasso,"{'alpha': 0.0001, 'preparation__indicateurs': False}",67.04361572308848,50.25462187318418,0.4611415272489549,60.86348929880728,7.794060206945572,0.4919617176055908,limite d'elasticite
Lasso,"{'alpha': 4.641588833612782e-05, 'preparation__indicateurs': False}",67.04448925682209,50.25511120791988,0.4611295098482474,60.8634888392992,7.793367461874011,0.7961690425872803,limite d'elasticite
Lasso,"{'alpha': 2.1544346900318823e-05, 'preparation__indicateurs': False}",67.04490805349762,50.255346396451344,0.461123751839137,60.86348874029831,7.793021195488609,1.178537368774414,limite d'elasticite
Lasso,"{'alpha': 1e-05, 'preparation__indicateurs': False}",67.04510851093877,50.25545931291876,0.4611209974209146,60.863488718969435,7.792849108006965,1.9826483726501465,limite d'elasticite
Lineaire apres ACP,{'preparation__n_axes': 20},66.65458633063818,50.067038449051225,0.4671430240397956,61.433597817210284,7.48056960531726,0.28560519218444824,limite d'elasticite
Lineaire apres ACP,{'preparation__n_axes': 22},66.94393079226232,50.173711263754896,0.4624749940735561,60.86348871311274,7.984379963175462,0.21715116500854492,limite d'elasticite
Lineaire apres ACP,{'preparation__n_axes': 18},73.59332962673284,54.592652547417494,0.35738443292325534,65.69312706831634,6.31668468286379,0.27161145210266113,limite d'elasticite
Lineaire apres ACP,{'preparation__n_axes': 14},74.37682243780326,55.68467554017259,0.33894495129070756,68.43106751897213,6.429136427644265,0.2148754596710205,limite d'elasticite
Lineaire apres ACP,{'preparation__n_axes': 16},74.58190143447433,54.96831958275548,0.3391662068151421,66.75590054259254,7.936474814035688,0.23699378967285156,limite d'elasticite
Lineaire apres ACP,{'preparation__n_axes': 12},79.40841649281012,60.25137125948139,0.24397980590964732,73.95671779686033,7.778618000720398,0.22682881355285645,limite d'elasticite
Lineaire apres ACP,{'preparation__n_axes': 11},79.57100449348953,60.360309955128876,0.24188570133252255,74.26476627654611,8.077379143024128,0.23354768753051758,limite d'elasticite
Lineaire apres ACP,{'preparation__n_axes': 10},79.78077024379989,60.5435223439825,0.24000934736336052,74.75420504842555,8.307088918122288,0.24069738388061523,limite d'elasticite
Lineaire apres ACP,{'preparation__n_axes': 6},80.63281166706464,61.26177235891271,0.22619236994006348,76.67280344356377,7.759049489705365,0.2823026180267334,limite d'elasticite
Lineaire apres ACP,{'preparation__n_axes': 8},80.75513447745466,61.27050274043883,0.22328081154222196,76.34701919479055,7.9318791071760115,0.2716681957244873,limite d'elasticite
Lineaire apres ACP,{'preparation__n_axes': 4},83.7060337948423,63.571111278037804,0.1698493666509408,80.33418191515837,5.772067634711456,0.23849821090698242,limite d'elasticite
Lineaire apres ACP,{'preparation__n_axes': 3},84.1322258716071,63.80822670162777,0.1614492171725689,80.8517929400353,6.004511534454375,0.24352145195007324,limite d'elasticite
Lineaire apres ACP,{'preparation__n_axes': 2},84.88046471326513,64.41612430081271,0.14729528082183735,81.57499217273995,5.331981099107692,0.242600679397583,limite d'elasticite
Lineaire apres ACP,{'preparation__n_axes': 1},90.04521316911034,68.27304106730357,0.04500909165204829,85.96888428649723,7.741880620683113,0.22539424896240234,limite d'elasticite
k plus proches voisins,"{'n_neighbors': 3, 'p': 1, 'preparation__n_axes': None, 'weights': 'distance'}",52.896331946409006,36.00130389760015,0.6599118652072116,2.756630936718607,7.681289325110463,0.25440526008605957,limite d'elasticite
k plus proches voisins,"{'n_neighbors': 5, 'p': 1, 'preparation__n_axes': None, 'weights': 'distance'}",52.93983674514783,36.78257717074695,0.6588657057729878,2.7498740275026266,8.36350256056037,0.3637828826904297,limite d'elasticite
k plus proches voisins,"{'n_neighbors': 2, 'p': 1, 'preparation__n_axes': None, 'weights': 'distance'}",53.20109217582185,36.656167776929124,0.6563868953739117,2.9008020575265427,6.722685279810567,0.3148016929626465,limite d'elasticite
k plus proches voisins,"{'n_neighbors': 7, 'p': 1, 'preparation__n_axes': None, 'weights': 'distance'}",54.245739190322375,38.24491716133053,0.6415350994697704,2.7498740275026266,9.000166618392184,0.2315511703491211,limite d'elasticite
k plus proches voisins,"{'n_neighbors': 2, 'p': 1, 'preparation__n_axes': None, 'weights': 'uniform'}",54.39227468708143,37.902984551680206,0.6429884492009021,26.80006981603637,6.0595186654530915,0.28809356689453125,limite d'elasticite
k plus proches voisins,"{'n_neighbors': 2, 'p': 2, 'preparation__n_axes': None, 'weights': 'distance'}",55.79167519713285,37.95625203396338,0.6242789451611023,2.9008020575290265,9.750845970743308,0.24859070777893066,limite d'elasticite
k plus proches voisins,"{'n_neighbors': 3, 'p': 1, 'preparation__n_axes': None, 'weights': 'uniform'}",55.86605969823139,38.75661729574773,0.6242072387028166,34.14767073232816,7.2225982899374594,0.21972370147705078,limite d'elasticite
k plus proches voisins,"{'n_neighbors': 1, 'p': 1, 'preparation__n_axes': None, 'weights': 'uniform'}",56.07285336828255,39.73097427934385,0.6159483842267015,3.7330288715788384,7.667118849489137,0.39739179611206055,limite d'elasticite
k plus proches voisins,"{'n_neighbors': 1, 'p': 1, 'preparation__n_axes': None, 'weights': 'distance'}",56.07285336828255,39.73097427934384,0.6159483842267015,3.7330288715788384,7.66711884948914,0.30758118629455566,limite d'elasticite
k plus proches voisins,"{'n_neighbors': 10, 'p': 1, 'preparation__n_axes': None, 'weights': 'distance'}",56.2807792364874,39.8446600468542,0.6148672063051452,2.7498740275026266,9.016203550177593,0.28070497512817383,limite d'elasticite
k plus proches voisins,"{'n_neighbors': 5, 'p': 1, 'preparation__n_axes': None, 'weights': 'uniform'}",56.899212343720684,40.361612119764295,0.609582037225368,43.54367093267334,7.717088329984674,0.2765538692474365,limite d'elasticite
k plus proches voisins,"{'n_neighbors': 2, 'p': 2, 'preparation__n_axes': None, 'weights': 'uniform'}",57.11913573238549,39.29301520942825,0.6075497065555086,28.019154548229757,9.404076630989225,0.3028559684753418,limite d'elasticite
k plus proches voisins,"{'n_neighbors': 3, 'p': 2, 'preparation__n_axes': None, 'weights': 'distance'}",57.38551048342483,39.03626420214847,0.6042612001150683,2.75663093672492,9.101751602236654,0.22217297554016113,limite d'elasticite
k plus proches voisins,"{'n_neighbors': 3, 'p': 2, 'preparation__n_axes': 14, 'weights': 'distance'}",57.6997563862687,39.09179263413108,0.5989211235530998,2.7566309367252044,8.857538951438748,0.32613277435302734,limite d'elasticite
k plus proches voisins,"{'n_neighbors': 5, 'p': 2, 'preparation__n_axes': None, 'weights': 'distance'}",58.792102087630994,40.23531581082359,0.5824194629706763,2.749874027516472,9.55963629671187,0.265383243560791,limite d'elasticite
k plus proches voisins,"{'n_neighbors': 1, 'p': 2, 'preparation__n_axes': None, 'weights': 'uniform'}",59.034356664316974,41.23323897117375,0.5801532322428482,3.7330288715788384,9.151452329679515,0.2873682975769043,limite d'elasticite
k plus proches voisins,"{'n_neighbors': 1, 'p': 2, 'preparation__n_axes': None, 'weights': 'distance'}",59.03435666431699,41.23323897117375,0.5801532322428482,3.7330288715788384,9.151452329679516,0.23783540725708008,limite d'elasticite
k plus proches voisins,"{'n_neighbors': 7, 'p': 2, 'preparation__n_axes': None, 'weights': 'distance'}",59.05144897774217,40.83642658333759,0.5773893627393563,2.7498740275269653,9.33058630882929,0.23666644096374512,limite d'elasticite
k plus proches voisins,"{'n_neighbors': 3, 'p': 1, 'preparation__n_axes': 14, 'weights': 'distance'}",59.0770481027422,40.00632127690449,0.5771641509939046,2.756630936718607,9.35594290756667,0.31941986083984375,limite d'elasticite
k plus proches voisins,"{'n_neighbors': 15, 'p': 1, 'preparation__n_axes': None, 'weights': 'distance'}",59.32050638937839,42.403350173549526,0.5755414294862329,2.7498740275026266,7.461162753022574,0.3029146194458008,limite d'elasticite
k plus proches voisins,"{'n_neighbors': 2, 'p': 2, 'preparation__n_axes': 14, 'weights': 'distance'}",59.80394675003074,40.50270941528093,0.5737225690003106,2.9008020575292006,7.828501778238664,0.20988774299621582,limite d'elasticite
k plus proches voisins,"{'n_neighbors': 7, 'p': 1, 'preparation__n_axes': None, 'weights': 'uniform'}",59.87523425166885,42.891361852433285,0.568910518113308,48.8303818069863,7.796196875300273,0.27699756622314453,limite d'elasticite
k plus proches voisins,"{'n_neighbors': 5, 'p': 2, 'preparation__n_axes': 14, 'weights': 'distance'}",60.09645260977616,40.73417973516256,0.5623168717237721,2.7498740275180835,9.707755352840199,0.2379894256591797,limite d'elasticite
k plus proches voisins,"{'n_neighbors': 3, 'p': 2, 'preparation__n_axes': 14, 'weights': 'uniform'}",60.1599614318838,41.62012170196952,0.565020673311703,37.68807157092624,8.544093808856841,0.24163389205932617,limite d'elasticite
k plus proches voisins,"{'n_neighbors': 3, 'p': 2, 'preparation__n_axes': None, 'weights': 'uniform'}",60.203838718687464,41.89977982162764,0.5663678065476668,36.55425078478282,8.829524129847467,0.28214526176452637,limite d'elasticite
k plus proches voisins,"{'n_neighbors': 5, 'p': 1, 'preparation__n_axes': 14, 'weights': 'distance'}",60.20544514754179,40.948948499911936,0.5611683860133418,2.7498740275026266,9.894412697377872,0.3428628444671631,limite d'elasticite
k plus proches voisins,"{'n_neighbors': 7, 'p': 2, 'preparation__n_axes': 14, 'weights': 'distance'}",60.47942877854484,41.1252371257543,0.5572433764497748,2.7498740275298372,9.581509895711994,0.21901416778564453,limite d'elasticite
k plus proches voisins,"{'n_neighbors': 7, 'p': 1, 'preparation__n_axes': 14, 'weights': 'distance'}",60.74830579441507,41.812452777146575,0.5532463429841027,2.7498740275026266,9.406190441730805,0.292449951171875,limite d'elasticite
k plus proches voisins,"{'n_neighbors': 5, 'p': 2, 'preparation__n_axes': 8, 'weights': 'distance'}",60.81816141104194,41.54872010798543,0.5540887859142849,2.749874027520083,9.196013080194346,0.256162166595459,limite d'elasticite
k plus proches voisins,"{'n_neighbors': 7, 'p': 2, 'preparation__n_axes': 8, 'weights': 'distance'}",60.869421522291724,42.50209239259555,0.5538353509576828,2.74987402753049,8.761459826104934,0.2203207015991211,limite d'elasticite
k plus proches voisins,"{'n_neighbors': 10, 'p': 2, 'preparation__n_axes': None, 'weights': 'distance'}",61.29897139943714,43.30218787668267,0.5473911368886509,2.749874027545615,7.838695789540385,0.22426271438598633,limite d'elasticite
k plus proches voisins,"{'n_neighbors': 2, 'p': 2, 'preparation__n_axes': 14, 'weights': 'uniform'}",61.40999454759509,42.189095994585124,0.5510341202247618,29.145800643100465,7.622874942284856,0.2933049201965332,limite d'elasticite
k plus proches voisins,"{'n_neighbors': 5, 'p': 1, 'preparation__n_axes': 8, 'weights': 'distance'}",61.41114107094404,42.21448343969429,0.5440806396059427,2.7498740275026266,8.022723003734024,0.32268381118774414,limite d'elasticite
k plus proches voisins,"{'n_neighbors': 2, 'p': 1, 'preparation__n_axes': 14, 'weights': 'distance'}",61.414881564171466,41.59881119517003,0.5493716319876769,2.9008020575265427,7.619784384888445,0.2406609058380127,limite d'elasticite
k plus proches voisins,"{'n_neighbors': 20, 'p': 1, 'preparation__n_axes': None, 'weights': 'distance'}",61.499637648703526,44.19866286827495,0.5456702730142478,2.7498740275026266,7.029042381048827,0.23682951927185059,limite d'elasticite
k plus proches voisins,"{'n_neighbors': 3, 'p': 1, 'preparation__n_axes': 8, 'weights': 'distance'}",61.55346471984558,41.34425985728996,0.5408823210892475,2.756630936718607,8.29589514551853,0.3001105785369873,limite d'elasticite
k plus proches voisins,"{'n_neighbors': 3, 'p': 1, 'preparation__n_axes': 14, 'weights': 'uniform'}",61.5554346744157,42.42590646068906,0.5419940080484531,37.81162111577985,9.096465347812982,0.2876718044281006,limite d'elasticite
k plus proches voisins,"{'n_neighbors': 10, 'p': 2, 'preparation__n_axes': 14, 'weights': 'distance'}",61.874104425525175,42.871832704925346,0.539743999675476,2.7498740275495837,8.020727132346398,0.21074795722961426,limite d'elasticite
k plus proches voisins,"{'n_neighbors': 1, 'p': 2, 'preparation__n_axes': 14, 'weights': 'distance'}",61.97966858875994,42.69997053670967,0.5366677525969595,3.7330288715788384,7.563390788924474,0.2819645404815674,limite d'elasticite
k plus proches voisins,"{'n_neighbors': 1, 'p': 2, 'preparation__n_axes': 14, 'weights': 'uniform'}",61.97966858875994,42.69997053670967,0.5366677525969595,3.7330288715788384,7.563390788924474,0.3023498058319092,limite d'elasticite
k plus proches voisins,"{'n_neighbors': 3, 'p': 2, 'preparation__n_axes': 8, 'weights': 'distance'}",62.070579241109314,40.92795136304489,0.5360115349691107,2.756630936725608,8.708104327734523,0.21363615989685059,limite d'elasticite
k plus proches voisins,"{'n_neighbors': 7, 'p': 1, 'preparation__n_axes': 8, 'weights': 'distance'}",62.19690872741569,43.14704662045966,0.533296982967754,2.7498740275026266,8.702168787813708,0.2983558177947998,limite d'elasticite
k plus proches voisins,"{'n_neighbors': 2, 'p': 1, 'preparation__n_axes': 14, 'weights': 'uniform'}",62.721233876633754,43.19580625895843,0.5302409990014493,29.6468825724591,7.637656289707803,0.3112637996673584,limite d'elasticite
k plus proches voisins,"{'n_neighbors': 10, 'p': 2, 'preparation__n_axes': 8, 'weights': 'distance'}",62.801454566976325,43.902720374453665,0.5287842837707932,2.7498740275513405,7.643621017584735,0.3035917282104492,limite d'elasticite
k plus proches voisins,"{'n_neighbors': 15, 'p': 2, 'preparation__n_axes': None, 'weights': 'distance'}",63.06074022125667,45.11679378100566,0.5248392064402727,2.7498740275799913,6.058626864962735,0.2837343215942383,limite d'elasticite
k plus proches voisins,"{'n_neighbors': 10, 'p': 1, 'preparation__n_axes': 14, 'weights': 'distance'}",63.0666284265604,43.65216869451343,0.5234311756347296,2.7498740275026266,8.139676263429187,0.2485198974609375,limite d'elasticite
k plus proches voisins,"{'n_neighbors': 10, 'p': 1, 'preparation__n_axes': 8, 'weights': 'distance'}",63.16978594148477,44.310915028643706,0.5217510261183993,2.7498740275026266,8.016231548749245,0.30483126640319824,limite d'elasticite
k plus proches voisins,"{'n_neighbors': 10, 'p': 1, 'preparation__n_axes': None, 'weights': 'uniform'}",63.264034290026814,45.02982409619366,0.5200396156734012,54.79856051955769,7.034451970957579,0.3192000389099121,limite d'elasticite
k plus proches voisins,"{'n_neighbors': 15, 'p': 2, 'preparation__n_axes': 14, 'weights': 'distance'}",63.30539114455756,44.697685912627904,0.5215096612949417,2.7498740275868494,6.38068941689876,0.30086255073547363,limite d'elasticite
k plus proches voisins,"{'n_neighbors': 15, 'p': 2, 'preparation__n_axes': 8, 'weights': 'distance'}",63.41438107830133,44.994362150473,0.5225436080878035,2.749874027599263,5.655467406644384,0.2613701820373535,limite d'elasticite
k plus proches voisins,"{'n_neighbors': 5, 'p': 2, 'preparation__n_axes': None, 'weights': 'uniform'}",63.6380664655175,44.319854674311195,0.5133894164644506,46.73598700288308,9.411263512181687,0.32077789306640625,limite d'elasticite
k plus proches voisins,"{'n_neighbors': 3, 'p': 1, 'preparation__n_axes': 8, 'weights': 'uniform'}",63.9990881161979,44.04261864946647,0.5037723739891193,39.19115990800384,8.216761941519534,0.2338728904724121,limite d'elasticite
k plus proches voisins,"{'n_neighbors': 5, 'p': 2, 'preparation__n_axes': 14, 'weights': 'uniform'}",64.15537895874701,44.56969883739449,0.5023465776423046,46.72604496959084,9.667360458306606,0.24515962600708008,limite d'elasticite
k plus proches voisins,"{'n_neighbors': 2, 'p': 2, 'preparation__n_axes': 8, 'weights': 'distance'}",64.22249967646242,41.70774189984277,0.50718580693736,2.900802057529455,8.973486829031655,0.21857428550720215,limite d'elasticite
k plus proches voisins,"{'n_neighbors': 5, 'p': 1, 'preparation__n_axes': 14, 'weights': 'uniform'}",64.57422286203051,44.821299808886764,0.49692052472178416,47.58719867009296,9.719976316211744,0.2823348045349121,limite d'elasticite
k plus proches voisins,"{'n_neighbors': 20, 'p': 2, 'preparation__n_axes': 14, 'weights': 'distance'}",64.61014077752885,45.98319510603197,0.50380273998858,2.7498740276340525,5.711059883090764,0.2920246124267578,limite d'elasticite
k plus proches voisins,"{'n_neighbors': 30, 'p': 1, 'preparation__n_axes': None, 'weights': 'distance'}",64.62600751776111,46.82170407161067,0.5023012656738619,2.7498740275026266,6.007763604665261,0.24498939514160156,limite d'elasticite
k plus proches voisins,"{'n_neighbors': 5, 'p': 2, 'preparation__n_axes': 8, 'weights': 'uniform'}",64.65577495334725,45.460813505335246,0.49754314105545916,47.5702497005562,8.875277861045566,0.27425456047058105,limite d'elasticite
k plus proches voisins,"{'n_neighbors': 20, 'p': 2, 'preparation__n_axes': None, 'weights': 'distance'}",64.68586388577346,46.47807852837285,0.5022751053894776,2.7498740276267917,5.946729107943959,0.26184725761413574,limite d'elasticite
k plus proches voisins,"{'n_neighbors': 7, 'p': 2, 'preparation__n_axes': None, 'weights': 'uniform'}",64.70666015655937,45.583624951652894,0.49708966522155384,52.62403564691497,8.456006251395237,0.21250176429748535,limite d'elasticite
k plus proches voisins,"{'n_neighbors': 2, 'p': 1, 'preparation__n_axes': 8, 'weights': 'distance'}",64.73793024564286,42.79764012968468,0.4985215852237084,2.9008020575265427,8.046642160375809,0.245161771774292,limite d'elasticite
k plus proches voisins,"{'n_neighbors': 20, 'p': 2, 'preparation__n_axes': 8, 'weights': 'distance'}",64.84667069546121,46.0561478846767,0.5019671622935398,2.749874027654328,5.662524817412869,0.24726200103759766,limite d'elasticite
k plus proches voisins,"{'n_neighbors': 3, 'p': 2, 'preparation__n_axes': 8, 'weights': 'uniform'}",64.94831942985368,43.62027154005415,0.4907152108738595,38.21844411321355,9.05849016662058,0.2670168876647949,limite d'elasticite
k plus proches voisins,"{'n_neighbors': 15, 'p': 1, 'preparation__n_axes': 14, 'weights': 'distance'}",64.99216112869738,45.407692451490234,0.4978834468123255,2.7498740275026266,6.264509312333935,0.30985260009765625,limite d'elasticite
k plus proches voisins,"{'n_neighbors': 7, 'p': 2, 'preparation__n_axes': 14, 'weights': 'uniform'}",65.13732280219162,45.4335053921234,0.4888013883636687,52.2830951778941,9.061317970811894,0.2995872497558594,limite d'elasticite
k plus proches voisins,"{'n_neighbors': 15, 'p': 1, 'preparation__n_axes': 8, 'weights': 'distance'}",65.222358908931,46.17267615318733,0.49416801079109296,2.7498740275026266,7.161365860718569,0.3191826343536377,limite d'elasticite
k plus proches voisins,"{'n_neighbors': 5, 'p': 1, 'preparation__n_axes': 8, 'weights': 'uniform'}",65.43606579840092,46.13221603758561,0.4827675914680453,48.34896441873686,7.9075908367643075,0.3068583011627197,limite d'elasticite
k plus proches voisins,"{'n_neighbors': 7, 'p': 2, 'preparation__n_axes': 8, 'weights': 'uniform'}",65.74416015014722,47.23935755238551,0.4808159490031502,52.3663747987305,8.447172452950543,0.26699256896972656,limite d'elasticite
k plus proches voisins,"{'n_neighbors': 7, 'p': 1, 'preparation__n_axes': 14, 'weights': 'uniform'}",66.04451601952681,46.53951965736127,0.4746730294414826,53.09046995126626,8.579241743709058,0.32190871238708496,limite d'elasticite
k plus proches voisins,"{'n_neighbors': 20, 'p': 1, 'preparation__n_axes': 14, 'weights': 'distance'}",66.06187119746855,46.73591948136168,0.4831870612490958,2.7498740275026266,5.462052881086707,0.30924081802368164,limite d'elasticite
k plus proches voisins,"{'n_neighbors': 1, 'p': 1, 'preparation__n_axes': 14, 'weights': 'distance'}",66.09347349454468,44.57075091575091,0.4718129690570243,3.7330288715788384,7.609534415055328,0.3761272430419922,limite d'elasticite
k plus proches voisins,"{'n_neighbors': 1, 'p': 1, 'preparation__n_axes': 14, 'weights': 'uniform'}",66.09347349454468,44.57075091575092,0.4718129690570243,3.7330288715788384,7.609534415055327,0.29098939895629883,limite d'elasticite
k plus proches voisins,"{'n_neighbors': 20, 'p': 1, 'preparation__n_axes': 8, 'weights': 'distance'}",66.13788449123513,47.134320841780585,0.4817272586865958,2.7498740275026266,7.03344036508802,0.2479078769683838,limite d'elasticite
k plus proches voisins,"{'n_neighbors': 2, 'p': 2, 'preparation__n_axes': 8, 'weights': 'uniform'}",66.33452920435903,43.65056637203376,0.4748814344956321,29.437392485011976,8.804810015275391,0.2944369316101074,limite d'elasticite
k plus proches voisins,"{'n_neighbors': 2, 'p': 1, 'preparation__n_axes': 8, 'weights': 'uniform'}",66.56585685088251,44.65625318522057,0.46996899798851005,29.524942053828255,8.0755672977953,0.3451266288757324,limite d'elasticite
k plus proches voisins,"{'n_neighbors': 30, 'p': 2, 'preparation__n_axes': 8, 'weights': 'distance'}",66.80595791973414,47.81749049438539,0.4715395189786646,2.749874027790668,5.632224154222129,0.1840198040008545,limite d'elasticite
k plus proches voisins,"{'n_neighbors': 1, 'p': 2, 'preparation__n_axes': 8, 'weights': 'uniform'}",66.9147690741249,45.841109253065774,0.4653996226001949,3.7330288715788384,7.144526828801803,0.2982783317565918,limite d'elasticite
k plus proches voisins,"{'n_neighbors': 1, 'p': 2, 'preparation__n_axes': 8, 'weights': 'distance'}",66.9147690741249,45.841109253065774,0.4653996226001948,3.7330288715788384,7.144526828801805,0.19118714332580566,limite d'elasticite
k plus proches voisins,"{'n_neighbors': 30, 'p': 2, 'preparation__n_axes': 14, 'weights': 'distance'}",67.04309152228218,48.19618168170077,0.4665437790537216,2.74987402775566,6.276553861078497,0.2024829387664795,limite d'elasticite
k plus proches voisins,"{'n_neighbors': 7, 'p': 1, 'preparation__n_axes': 8, 'weights': 'uniform'}",67.32990077204025,47.8220675494278,0.4538830414642231,53.400622448219096,8.684054582387985,0.2877469062805176,limite d'elasticite
k plus proches voisins,"{'n_neighbors': 10, 'p': 2, 'preparation__n_axes': None, 'weights': 'uniform'}",67.65935817575779,48.73432397674789,0.45340512880849354,58.05916901066407,6.425510322427321,0.29833054542541504,limite d'elasticite
k plus proches voisins,"{'n_neighbors': 30, 'p': 2, 'preparation__n_axes': None, 'weights': 'distance'}",67.77379375693434,49.07104541294487,0.45582566408880976,2.74987402773715,5.86591716778927,0.20936965942382812,limite d'elasticite
k plus proches voisins,"{'n_neighbors': 10, 'p': 2, 'preparation__n_axes': 14, 'weights': 'uniform'}",67.85408372257233,48.30725525561395,0.44960691294230604,57.957280011136014,7.306278970359084,0.27715444564819336,limite d'elasticite
k plus proches voisins,"{'n_neighbors': 30, 'p': 1, 'preparation__n_axes': 8, 'weights': 'distance'}",68.14024314266258,49.244070917659776,0.45155688305194863,2.7498740275026266,6.4036645540500405,0.30465245246887207,limite d'elasticite
k plus proches voisins,"{'n_neighbors': 15, 'p': 1, 'preparation__n_axes': None, 'weights': 'uniform'}",68.27240337141474,49.38950974146627,0.4449096172494185,61.47754935040439,4.513820111999237,0.3014180660247803,limite d'elasticite
k plus proches voisins,"{'n_neighbors': 10, 'p': 2, 'preparation__n_axes': 8, 'weights': 'uniform'}",68.52210193697042,48.979934583532405,0.44177033001178223,57.02503180263583,7.247098619375156,0.3084228038787842,limite d'elasticite
k plus proches voisins,"{'n_neighbors': 1, 'p': 1, 'preparation__n_axes': 8, 'weights': 'distance'}",68.83967908449506,46.16115225354356,0.4351430045794795,3.7330288715788384,6.897177733665688,0.3125944137573242,limite d'elasticite
k plus proches voisins,"{'n_neighbors': 1, 'p': 1, 'preparation__n_axes': 8, 'weights': 'uniform'}",68.83967908449507,46.161152253543555,0.4351430045794795,3.7330288715788384,6.897177733665684,0.3967897891998291,limite d'elasticite
k plus proches voisins,"{'n_neighbors': 10, 'p': 1, 'preparation__n_axes': 8, 'weights': 'uniform'}",69.3454621128898,49.244348542761585,0.4262356904341276,58.82085121827605,7.311622675645019,0.30049586296081543,limite d'elasticite
k plus proches voisins,"{'n_neighbors': 30, 'p': 1, 'preparation__n_axes': 14, 'weights': 'distance'}",69.36941275950915,49.5010785388508,0.43185994310422815,2.7498740275026266,5.4383348953969755,0.22604060173034668,limite d'elasticite
k plus proches voisins,"{'n_neighbors': 10, 'p': 1, 'preparation__n_axes': 14, 'weights': 'uniform'}",69.5756767229207,49.209390109890116,0.42408841121579305,58.578311488606644,6.981672293235042,0.2695908546447754,limite d'elasticite
k plus proches voisins,"{'n_neighbors': 15, 'p': 2, 'preparation__n_axes': 8, 'weights': 'uniform'}",70.17727615349398,50.58331865477517,0.4175182762407064,63.2757258291028,5.523488163041072,0.31929683685302734,limite d'elasticite
k plus proches voisins,"{'n_neighbors': 15, 'p': 2, 'preparation__n_axes': None, 'weights': 'uniform'}",70.35811090668012,51.17077374316504,0.41285169098304103,63.53578887740066,4.916083186828487,0.3047299385070801,limite d'elasticite
k plus proches voisins,"{'n_neighbors': 15, 'p': 2, 'preparation__n_axes': 14, 'weights': 'uniform'}",70.74343871521293,50.9661044221479,0.40577392444390303,63.218106990933066,5.722703292799252,0.35289883613586426,limite d'elasticite
k plus proches voisins,"{'n_neighbors': 50, 'p': 1, 'preparation__n_axes': None, 'weights': 'distance'}",70.82316808889942,51.8364085575849,0.406077934694095,2.7498740275026266,5.218104765710924,0.2268819808959961,limite d'elasticite
k plus proches voisins,"{'n_neighbors': 50, 'p': 2, 'preparation__n_axes': 8, 'weights': 'distance'}",71.05470475537818,50.92898538665895,0.40374890031842625,2.7498740281627887,6.11765109029704,0.2008213996887207,limite d'elasticite
k plus proches voisins,"{'n_neighbors': 20, 'p': 1, 'preparation__n_axes': None, 'weights': 'uniform'}",71.3814635253764,52.06621561952541,0.39403133361333015,66.25404857492578,5.074722892144991,0.30848193168640137,limite d'elasticite
k plus proches voisins,"{'n_neighbors': 50, 'p': 2, 'preparation__n_axes': 14, 'weights': 'distance'}",71.55405727017254,51.8141869081485,0.3943995549342144,2.749874028089214,5.550065843903443,0.21519732475280762,limite d'elasticite
k plus proches voisins,"{'n_neighbors': 20, 'p': 2, 'preparation__n_axes': None, 'weights': 'uniform'}",72.12685458215205,52.60795182353877,0.38418093134765935,67.06764060704722,5.358717877420082,0.2829129695892334,limite d'elasticite
k plus proches voisins,"{'n_neighbors': 20, 'p': 2, 'preparation__n_axes': 14, 'weights': 'uniform'}",72.17868382104346,52.27587599538143,0.38331380659592246,66.39022649537148,5.1848168112362885,0.3248467445373535,limite d'elasticite
k plus proches voisins,"{'n_neighbors': 20, 'p': 2, 'preparation__n_axes': 8, 'weights': 'uniform'}",72.42343218683185,52.079421165790734,0.3802629972784703,66.24261684944689,5.960383307414881,0.297044038772583,limite d'elasticite
k plus proches voisins,"{'n_neighbors': 50, 'p': 2, 'preparation__n_axes': None, 'weights': 'distance'}",72.42967204564084,53.11523050174028,0.37963657318998445,2.7498740280425547,5.2334806211471046,0.17402410507202148,limite d'elasticite
k plus proches voisins,"{'n_neighbors': 15, 'p': 1, 'preparation__n_axes': 8, 'weights': 'uniform'}",72.4772654947384,52.03007939162287,0.37815362158910276,63.869374450194286,6.426688516634646,0.29973745346069336,limite d'elasticite
k plus proches voisins,"{'n_neighbors': 15, 'p': 1, 'preparation__n_axes': 14, 'weights': 'uniform'}",72.68079173904611,51.808473111429635,0.37531451057198545,64.51444578771205,4.889367479463077,0.3046844005584717,limite d'elasticite
k plus proches voisins,"{'n_neighbors': 50, 'p': 1, 'preparation__n_axes': 8, 'weights': 'distance'}",73.34928869249391,53.04774088819111,0.3665006311081392,2.7498740275026266,6.187987999753912,0.1921377182006836,limite d'elasticite
k plus proches voisins,"{'n_neighbors': 20, 'p': 1, 'preparation__n_axes': 8, 'weights': 'uniform'}",73.92139316858855,53.2867790253225,0.35517101620953206,67.99682587280019,6.558430495407002,0.3295009136199951,limite d'elasticite
k plus proches voisins,"{'n_neighbors': 20, 'p': 1, 'preparation__n_axes': 14, 'weights': 'uniform'}",74.16816630232074,53.46965474199713,0.35060492112516484,68.40055356883096,4.713288251993867,0.30196046829223633,limite d'elasticite
k plus proches voisins,"{'n_neighbors': 50, 'p': 1, 'preparation__n_axes': 14, 'weights': 'distance'}",74.57764656852231,54.01852753753133,0.3447107031740278,2.7498740275026266,4.84557640218649,0.22381925582885742,limite d'elasticite
k plus proches voisins,"{'n_neighbors': 30, 'p': 2, 'preparation__n_axes': 14, 'weights': 'uniform'}",74.95439428531643,55.126538421723204,0.33433508305276305,70.98238090682648,6.369869074668342,0.23123908042907715,limite d'elasticite
k plus proches voisins,"{'n_neighbors': 30, 'p': 2, 'preparation__n_axes': 8, 'weights': 'uniform'}",74.97049995386202,54.51689064076021,0.33470785906451195,70.92537064134713,5.807733139427583,0.18201899528503418,limite d'elasticite
k plus proches voisins,"{'n_neighbors': 30, 'p': 1, 'preparation__n_axes': None, 'weights': 'uniform'}",75.40509173724554,55.850891105271536,0.3255581106233393,72.0631056992813,4.864201637935164,0.27634501457214355,limite d'elasticite
k plus proches voisins,"{'n_neighbors': 30, 'p': 2, 'preparation__n_axes': None, 'weights': 'uniform'}",75.40658719671316,55.73646245421245,0.32737714271853974,71.420461685912,6.070630442189489,0.2256627082824707,limite d'elasticite
k plus proches voisins,"{'n_neighbors': 30, 'p': 1, 'preparation__n_axes': 8, 'weights': 'uniform'}",77.05182297851846,56.783951518288475,0.2993310031799237,72.90399222715173,6.500089222294033,0.16363286972045898,limite d'elasticite
k plus proches voisins,"{'n_neighbors': 30, 'p': 1, 'preparation__n_axes': 14, 'weights': 'uniform'}",77.76972372397537,56.79615703137442,0.28699006465777643,73.2209806931815,5.585454053985078,0.26119303703308105,limite d'elasticite
k plus proches voisins,"{'n_neighbors': 50, 'p': 2, 'preparation__n_axes': 8, 'weights': 'uniform'}",78.69763740831932,57.457377633381114,0.268882446007059,76.43677360095322,6.6624354824691325,0.1717519760131836,limite d'elasticite
k plus proches voisins,"{'n_neighbors': 50, 'p': 2, 'preparation__n_axes': 14, 'weights': 'uniform'}",78.72702511344977,58.09425669692625,0.2675843712118656,76.03196812924867,5.6279171735965035,0.2211470603942871,limite d'elasticite
k plus proches voisins,"{'n_neighbors': 50, 'p': 2, 'preparation__n_axes': None, 'weights': 'uniform'}",79.19698075407145,58.996081254976914,0.2591844497862916,77.31418577112588,5.341160463702887,0.18667292594909668,limite d'elasticite
k plus proches voisins,"{'n_neighbors': 50, 'p': 1, 'preparation__n_axes': None, 'weights': 'uniform'}",81.22897479334088,60.457365750915756,0.221098979501469,79.01422318698354,4.313350859447291,0.22797155380249023,limite d'elasticite
k plus proches voisins,"{'n_neighbors': 50, 'p': 1, 'preparation__n_axes': 8, 'weights': 'uniform'}",82.19097490760726,60.443572630992186,0.2052425695010321,79.67686445248475,6.377343264769821,0.22195100784301758,limite d'elasticite
k plus proches voisins,"{'n_neighbors': 50, 'p': 1, 'preparation__n_axes': 14, 'weights': 'uniform'}",82.44506052746831,60.836760399745174,0.2000426142961044,79.54037048226755,4.921836737151545,0.1805253028869629,limite d'elasticite
Bagging,"{'estimator__min_samples_leaf': 1, 'max_samples': 1.0, 'n_estimators': 500}",47.324433940501756,34.028565237121406,0.7270446507261717,16.004179649528037,10.851612214605005,3.826018810272217,limite d'elasticite
Bagging,"{'estimator__min_samples_leaf': 1, 'max_samples': 1.0, 'n_estimators': 250}",47.42011908962802,34.10777205859703,0.7260389918909282,16.140640188903436,10.704905045559507,2.107713460922241,limite d'elasticite
Bagging,"{'estimator__min_samples_leaf': 1, 'max_samples': 0.8, 'n_estimators': 250}",47.74758456538467,34.304521029091674,0.7220414099357981,19.63364061269505,11.20555041828087,2.4413836002349854,limite d'elasticite
Bagging,"{'estimator__min_samples_leaf': 2, 'max_samples': 1.0, 'n_estimators': 500}",47.860486958084124,34.57217376515721,0.7217449487794949,21.57903419559924,10.674751651452993,3.3349428176879883,limite d'elasticite
Bagging,"{'estimator__min_samples_leaf': 1, 'max_samples': 1.0, 'n_estimators': 100}",47.89864770998031,34.43778842573919,0.7205158823220414,16.504485441598934,10.828159999490804,1.1088752746582031,limite d'elasticite
Bagging,"{'estimator__min_samples_leaf': 2, 'max_samples': 1.0, 'n_estimators': 250}",47.9046251762986,34.62563117237277,0.7211990994793969,21.644350804269756,10.622044855035854,1.8244178295135498,limite d'elasticite
Bagging,"{'estimator__min_samples_leaf': 1, 'max_samples': 0.8, 'n_estimators': 500}",47.963732758444806,34.48852559174953,0.7201605224690961,19.644182188839437,10.965301426595321,4.221958160400391,limite d'elasticite
Bagging,"{'estimator__min_samples_leaf': 2, 'max_samples': 1.0, 'n_estimators': 100}",48.14464121529263,34.893718590622,0.7181042848340224,21.92600410992808,10.647583594798602,0.9142320156097412,limite d'elasticite
Bagging,"{'estimator__min_samples_leaf': 2, 'max_samples': 1.0, 'n_estimators': 50}",48.38271351395851,35.043719751147265,0.7154033814827947,22.0737567112043,10.544689086854987,0.7319474220275879,limite d'elasticite
Bagging,"{'estimator__min_samples_leaf': 1, 'max_samples': 0.8, 'n_estimators': 100}",48.49445870584323,34.884955339036395,0.7132166190666867,20.133374558836447,11.355222044363591,1.0403380393981934,limite d'elasticite
Bagging,"{'estimator__min_samples_leaf': 1, 'max_samples': 1.0, 'n_estimators': 50}",48.611604009071,35.017227874414516,0.7126514485659987,16.622685535358208,10.696715632566285,0.7301006317138672,limite d'elasticite
Bagging,"{'estimator__min_samples_leaf': 1, 'max_samples': 0.65, 'n_estimators': 100}",48.94585336815511,35.40588162705996,0.7096007659913096,23.522669870126315,10.776350109086021,1.1362569332122803,limite d'elasticite
Bagging,"{'estimator__min_samples_leaf': 1, 'max_samples': 0.8, 'n_estimators': 50}",49.154011003464184,35.302283880508725,0.7061938726557733,20.358243186674713,11.450055254665063,0.717034101486206,limite d'elasticite
Bagging,"{'estimator__min_samples_leaf': 2, 'max_samples': 0.8, 'n_estimators': 100}",49.17852300222787,35.676465419848036,0.7056533183234536,24.86851854231849,11.288897217664744,0.8271872997283936,limite d'elasticite
Bagging,"{'estimator__min_samples_leaf': 1, 'max_samples': 0.5, 'n_estimators': 100}",49.43194924165357,35.900100770709614,0.7056036499111952,28.030582908036603,10.083489146577504,5.752745866775513,limite d'elasticite
Bagging,"{'estimator__min_samples_leaf': 2, 'max_samples': 0.65, 'n_estimators': 100}",49.76730390780562,36.243819281213334,0.7003697190610444,27.909829343419876,10.880850966477992,0.8075969219207764,limite d'elasticite
Bagging,"{'estimator__min_samples_leaf': 2, 'max_samples': 0.5, 'n_estimators': 100}",50.49669269105914,36.995924300217965,0.6937196793612508,31.778697719645237,10.142588764807508,0.8603346347808838,limite d'elasticite
Bagging,"{'estimator__min_samples_leaf': 5, 'max_samples': 1.0, 'n_estimators': 100}",51.81653622229212,38.10435406679656,0.6768638862613022,33.01182025260114,10.509498584006844,0.9282913208007812,limite d'elasticite
Bagging,"{'estimator__min_samples_leaf': 5, 'max_samples': 0.8, 'n_estimators': 100}",53.11358663775282,39.122429912124026,0.6614350328820181,35.72336024072858,10.688819073944469,0.8871428966522217,limite d'elasticite
Bagging,"{'estimator__min_samples_leaf': 5, 'max_samples': 0.65, 'n_estimators': 100}",53.71564681820585,39.527651304983465,0.655629400313153,38.619044801712775,9.83925433774992,0.8243567943572998,limite d'elasticite
Bagging,"{'estimator__min_samples_leaf': 5, 'max_samples': 0.5, 'n_estimators': 100}",55.744886744414586,41.26447249304384,0.6311257396113852,42.22325822420387,9.589115731422059,0.8133587837219238,limite d'elasticite
Bagging,"{'estimator__min_samples_leaf': 10, 'max_samples': 1.0, 'n_estimators': 100}",58.8794715527672,43.86903009439997,0.5872058318645016,45.610142698054815,9.94850628451747,0.7660682201385498,limite d'elasticite
Bagging,"{'estimator__min_samples_leaf': 10, 'max_samples': 0.8, 'n_estimators': 100}",60.27870843880997,44.996424922945145,0.5681193968769194,47.899680306585495,10.021828529994593,0.8090107440948486,limite d'elasticite
Bagging,"{'estimator__min_samples_leaf': 10, 'max_samples': 0.65, 'n_estimators': 100}",60.89536922233589,45.42489941396779,0.5600398926110769,50.33199039182646,9.982802128442314,0.8549432754516602,limite d'elasticite
Bagging,"{'estimator__min_samples_leaf': 10, 'max_samples': 0.5, 'n_estimators': 100}",63.27104671618169,47.06214091726398,0.526329471828217,53.69224656724502,9.558532043981874,0.7294082641601562,limite d'elasticite
Forêt aleatoire,"{'max_depth': 20, 'max_features': 0.75, 'min_samples_leaf': 1, 'n_estimators': 250}",46.320646122285154,33.3552661662675,0.7388856473657149,15.792442148443346,10.434814516783998,2.0120065212249756,limite d'elasticite
Forêt aleatoire,"{'max_depth': 20, 'max_features': 0.75, 'min_samples_leaf': 1, 'n_estimators': 500}",46.44705723883938,33.47298601360897,0.7376004259371303,15.772419118281693,10.291821022331247,3.6553821563720703,limite d'elasticite
Forêt aleatoire,"{'max_depth': 20, 'max_features': 0.5, 'min_samples_leaf': 1, 'n_estimators': 500}",46.53275939886386,33.46117170621682,0.7378160546107195,15.691578349591925,9.629830835995259,3.734323740005493,limite d'elasticite
Forêt aleatoire,"{'max_depth': None, 'max_features': 0.75, 'min_samples_leaf': 1, 'n_estimators': 250}",46.536276811423,33.39828592018402,0.7356160173771964,15.700764557952478,10.699435007672333,1.9953947067260742,limite d'elasticite
Forêt aleatoire,"{'max_depth': 20, 'max_features': 0.75, 'min_samples_leaf': 1, 'n_estimators': 100}",46.588664041177466,33.677320090684,0.7365775573799296,16.193441753859343,10.095265407873224,1.003593921661377,limite d'elasticite
Forêt aleatoire,"{'max_depth': None, 'max_features': 0.75, 'min_samples_leaf': 1, 'n_estimators': 500}",46.65489883246614,33.54389806954778,0.7346351379535315,15.676966622254955,10.568279563184634,3.746884346008301,limite d'elasticite
Forêt aleatoire,"{'max_depth': 20, 'max_features': 0.5, 'min_samples_leaf': 1, 'n_estimators': 250}",46.68043824358077,33.537318537882115,0.7359694117498243,15.884025980122544,9.849211219471707,1.9649527072906494,limite d'elasticite
Forêt aleatoire,"{'max_depth': None, 'max_features': 0.75, 'min_samples_leaf': 1, 'n_estimators': 100}",46.874475302038654,33.76877861691162,0.7321763617151449,16.09721760727415,10.424476793378764,1.1380131244659424,limite d'elasticite
Forêt aleatoire,"{'max_depth': 20, 'max_features': 0.5, 'min_samples_leaf': 1, 'n_estimators': 100}",47.239902337314824,33.896791512310045,0.7305265590736744,16.445168586152967,9.426688321065079,0.962066650390625,limite d'elasticite
Forêt aleatoire,"{'max_depth': 20, 'max_features': 0.25, 'min_samples_leaf': 1, 'n_estimators': 100}",47.420501948380085,34.27225078205354,0.7306381022350987,16.60405147591566,8.568790844167923,0.873138427734375,limite d'elasticite
Forêt aleatoire,"{'max_depth': None, 'max_features': 0.25, 'min_samples_leaf': 1, 'n_estimators': 100}",47.42115054403685,34.2358351371311,0.7312638405303991,16.43954246980838,8.014685509906915,0.8864388465881348,limite d'elasticite
Forêt aleatoire,"{'max_depth': None, 'max_features': 0.5, 'min_samples_leaf': 1, 'n_estimators': 100}",47.42257279835485,34.04909019551877,0.7274914381971481,16.326073852368893,9.942218891514264,0.9788191318511963,limite d'elasticite
Forêt aleatoire,"{'max_depth': 20, 'max_features': 0.5, 'min_samples_leaf': 2, 'n_estimators': 100}",47.627663965833236,34.37001524535542,0.7265021272654778,22.539781169171288,9.835148393295704,0.9053771495819092,limite d'elasticite
Forêt aleatoire,"{'max_depth': 20, 'max_features': 1.0, 'min_samples_leaf': 1, 'n_estimators': 100}",47.63569211745054,34.36395539466218,0.7229388028670882,16.45506561591332,10.862762056394264,1.0161936283111572,limite d'elasticite
Forêt aleatoire,"{'max_depth': None, 'max_features': 0.75, 'min_samples_leaf': 2, 'n_estimators': 100}",47.67936185007703,34.495781381380176,0.7237527700666428,21.8267982135496,10.584107009286411,0.9780106544494629,limite d'elasticite
Forêt aleatoire,"{'max_depth': None, 'max_features': 1.0, 'min_samples_leaf': 1, 'n_estimators': 100}",47.72792375981541,34.418122894246885,0.7218154372224654,16.475528212957073,11.06687081829794,1.033632516860962,limite d'elasticite
Forêt aleatoire,"{'max_depth': 20, 'max_features': 0.75, 'min_samples_leaf': 2, 'n_estimators': 100}",47.75091016883261,34.626940950228004,0.7229371990042522,21.795231090313933,10.596698347523025,0.9535980224609375,limite d'elasticite
Forêt aleatoire,"{'max_depth': None, 'max_features': 0.5, 'min_samples_leaf': 2, 'n_estimators': 100}",47.76527240614849,34.46387973300931,0.7250835733840557,22.51897066471838,9.68728564687929,0.9799160957336426,limite d'elasticite
Forêt aleatoire,"{'max_depth': 20, 'max_features': 0.5, 'min_samples_leaf': 1, 'n_estimators': 50}",48.00956223545517,34.20174750763119,0.7211473339525296,16.808808468259507,9.667369068960534,0.699815034866333,limite d'elasticite
Forêt aleatoire,"{'max_depth': 20, 'max_features': 0.75, 'min_samples_leaf': 1, 'n_estimators': 50}",48.01966715300266,34.26383864399022,0.719853178168863,16.459362090008916,10.498761540450749,0.7180724143981934,limite d'elasticite
Forêt aleatoire,"{'max_depth': 12, 'max_features': 0.75, 'min_samples_leaf': 1, 'n_estimators': 100}",48.03152460062087,35.003350432159834,0.7203832580652894,19.171393207233905,10.253801522584348,0.9807875156402588,limite d'elasticite
Forêt aleatoire,"{'max_depth': 20, 'max_features': 1.0, 'min_samples_leaf': 2, 'n_estimators': 100}",48.07526283095867,34.91848516535178,0.7188625449079857,21.89954781435199,10.652687843004452,1.0283598899841309,limite d'elasticite
Forêt aleatoire,"{'max_depth': None, 'max_features': 1.0, 'min_samples_leaf': 2, 'n_estimators': 100}",48.14373794049021,35.01005355587197,0.7180975896187276,21.878380920724624,10.62549103574834,1.0796854496002197,limite d'elasticite
Forêt aleatoire,"{'max_depth': 12, 'max_features': 0.5, 'min_samples_leaf': 1, 'n_estimators': 100}",48.28050496659213,35.03024968690829,0.7170724111250311,19.44155930928044,10.093871462561404,0.8902745246887207,limite d'elasticite
Forêt aleatoire,"{'max_depth': 12, 'max_features': 0.75, 'min_samples_leaf': 2, 'n_estimators': 100}",48.38718921068186,35.33455306986145,0.7166978197242868,23.596386700428685,10.191221624919061,0.9513652324676514,limite d'elasticite
Forêt aleatoire,"{'max_depth': None, 'max_features': 0.75, 'min_samples_leaf': 1, 'n_estimators': 50}",48.3946403661891,34.51048231301135,0.7139173572985607,16.325061732849537,11.322606471440217,0.7363884449005127,limite d'elasticite
Forêt aleatoire,"{'max_depth': 12, 'max_features': 0.5, 'min_samples_leaf': 2, 'n_estimators': 100}",48.52049286903953,35.29886102610157,0.7159431483881311,24.285374556214755,9.849878864768174,0.9158833026885986,limite d'elasticite
Forêt aleatoire,"{'max_depth': 12, 'max_features': 0.25, 'min_samples_leaf': 1, 'n_estimators': 100}",48.58975446373903,35.336723968725224,0.717676590868713,20.75823733164914,8.604423181074194,0.9617962837219238,limite d'elasticite
Forêt aleatoire,"{'max_depth': 12, 'max_features': 1.0, 'min_samples_leaf': 2, 'n_estimators': 100}",48.63972020714236,35.572330370371944,0.7128741270756744,23.4558868953577,10.553287320788254,0.9679524898529053,limite d'elasticite
Forêt aleatoire,"{'max_depth': 12, 'max_features': 1.0, 'min_samples_leaf': 1, 'n_estimators': 100}",48.830283213478744,35.570255813938246,0.7100043341973319,19.209311373749166,10.629689654335955,0.9832537174224854,limite d'elasticite
Forêt aleatoire,"{'max_depth': 20, 'max_features': 0.25, 'min_samples_leaf': 2, 'n_estimators': 100}",48.97101075248339,35.4863499483287,0.7133462642278882,24.851175637880438,8.667045505892085,0.8573687076568604,limite d'elasticite
Forêt aleatoire,"{'max_depth': None, 'max_features': 0.25, 'min_samples_leaf': 2, 'n_estimators': 100}",49.09350051425879,35.56078709517959,0.711451907128028,24.87758322921885,8.819603635362958,0.8472049236297607,limite d'elasticite
Forêt aleatoire,"{'max_depth': 12, 'max_features': 0.25, 'min_samples_leaf': 2, 'n_estimators': 100}",49.698630559549606,36.300882914806365,0.7056607531688942,26.893479379333833,7.515645793516393,0.9351930618286133,limite d'elasticite
Forêt aleatoire,"{'max_depth': 8, 'max_features': 0.5, 'min_samples_leaf': 1, 'n_estimators': 100}",50.64969628068262,37.40192439477585,0.6914118648133012,29.474023266281044,10.04906662712719,0.9328629970550537,limite d'elasticite
Forêt aleatoire,"{'max_depth': 8, 'max_features': 1.0, 'min_samples_leaf': 2, 'n_estimators': 100}",51.05677388369553,37.874610402354435,0.686427449279887,30.48679255654313,9.984984155757669,1.0120186805725098,limite d'elasticite
Forêt aleatoire,"{'max_depth': None, 'max_features': 0.75, 'min_samples_leaf': 5, 'n_estimators': 100}",51.10140116936722,37.75524355131293,0.6867319312756515,33.218457951282524,10.045120731964076,0.9686837196350098,limite d'elasticite
Forêt aleatoire,"{'max_depth': 20, 'max_features': 0.75, 'min_samples_leaf': 5, 'n_estimators': 100}",51.10140116936723,37.75524355131293,0.6867319312756515,33.21845795128252,10.045120731964081,0.9184682369232178,limite d'elasticite
Forêt aleatoire,"{'max_depth': 8, 'max_features': 1.0, 'min_samples_leaf': 1, 'n_estimators': 100}",51.327610223150806,37.94985068038883,0.6822411438490231,28.45625141445145,10.232060372034182,0.9471538066864014,limite d'elasticite
Forêt aleatoire,"{'max_depth': 8, 'max_features': 0.5, 'min_samples_leaf': 2, 'n_estimators': 100}",51.33621366102837,38.053884581462356,0.6850693429789515,31.736699926830134,9.45853160488068,0.8745830059051514,limite d'elasticite
Forêt aleatoire,"{'max_depth': 8, 'max_features': 0.75, 'min_samples_leaf': 1, 'n_estimators': 100}",51.40911477107088,37.91906545717074,0.6819278182274018,28.636477105425172,9.834393377893578,0.9050829410552979,limite d'elasticite
Forêt aleatoire,"{'max_depth': 8, 'max_features': 0.75, 'min_samples_leaf': 2, 'n_estimators': 100}",51.452048399558166,38.14958382719205,0.6812502847496468,30.86020920421347,10.024588672956826,0.8874509334564209,limite d'elasticite
Forêt aleatoire,"{'max_depth': 12, 'max_features': 0.5, 'min_samples_leaf': 5, 'n_estimators': 100}",51.52758295612883,37.90461872171985,0.6838603081236254,34.657259899602835,8.886466237642008,0.8455920219421387,limite d'elasticite
Forêt aleatoire,"{'max_depth': 12, 'max_features': 0.75, 'min_samples_leaf': 5, 'n_estimators': 100}",51.62322722519343,38.03137090095851,0.680354010591458,33.53855277814802,10.12801873571023,0.8730373382568359,limite d'elasticite
Forêt aleatoire,"{'max_depth': None, 'max_features': 1.0, 'min_samples_leaf': 5, 'n_estimators': 100}",51.89929891869294,38.11009740801331,0.6756795025209433,33.00540433812576,10.661337952145304,1.032282829284668,limite d'elasticite
Forêt aleatoire,"{'max_depth': 20, 'max_features': 1.0, 'min_samples_leaf': 5, 'n_estimators': 100}",51.89929891869294,38.11009740801332,0.6756795025209433,33.00540433812576,10.661337952145304,0.9667460918426514,limite d'elasticite
Forêt aleatoire,"{'max_depth': None, 'max_features': 0.5, 'min_samples_leaf': 5, 'n_estimators': 100}",51.94533118903611,38.068988977042835,0.6793053134244262,34.51265205082363,8.60305366602505,0.873309850692749,limite d'elasticite
Forêt aleatoire,"{'max_depth': 20, 'max_features': 0.5, 'min_samples_leaf': 5, 'n_estimators': 100}",51.956276619639915,38.07493401991591,0.6791789764071503,34.52138853040212,8.59409582681957,0.8891067504882812,limite d'elasticite
Forêt aleatoire,"{'max_depth': 12, 'max_features': 1.0, 'min_samples_leaf': 5, 'n_estimators': 100}",52.00253195743962,38.196890960309055,0.6745584021035526,33.16412769238795,10.550086493203995,0.953101634979248,limite d'elasticite
Forêt aleatoire,"{'max_depth': 8, 'max_features': 0.25, 'min_samples_leaf': 1, 'n_estimators': 100}",52.39085080750969,38.62920489794353,0.6739236734609543,31.342084100639433,7.5998251461797794,0.8279438018798828,limite d'elasticite
Forêt aleatoire,"{'max_depth': 8, 'max_features': 0.25, 'min_samples_leaf': 2, 'n_estimators': 100}",52.482048196183754,39.00459559548598,0.6729238981012374,34.39606328401275,7.034872978212773,0.8565657138824463,limite d'elasticite
Forêt aleatoire,"{'max_depth': 20, 'max_features': 0.25, 'min_samples_leaf': 5, 'n_estimators': 100}",52.86287811080359,38.76068844740438,0.6690512794510646,37.46806183351661,7.285124520751195,0.8289053440093994,limite d'elasticite
Forêt aleatoire,"{'max_depth': None, 'max_features': 0.25, 'min_samples_leaf': 5, 'n_estimators': 100}",52.87818795752886,38.773164033307594,0.6688441781141478,37.468898522613216,7.279212509188126,0.8284821510314941,limite d'elasticite
Forêt aleatoire,"{'max_depth': 8, 'max_features': 0.75, 'min_samples_leaf': 5, 'n_estimators': 100}",52.99601660367877,39.4549585064659,0.6645358315225909,36.43045244357636,9.837289143682222,0.8595292568206787,limite d'elasticite
Forêt aleatoire,"{'max_depth': 8, 'max_features': 1.0, 'min_samples_leaf': 5, 'n_estimators': 100}",53.239244207240304,39.412915861612625,0.6603005174837823,36.01299372452591,10.323235391339415,1.041388988494873,limite d'elasticite
Forêt aleatoire,"{'max_depth': 12, 'max_features': 0.25, 'min_samples_leaf': 5, 'n_estimators': 100}",53.58838487921307,39.50666577917446,0.6603946436709411,38.01774898410601,6.876620562511201,0.8838980197906494,limite d'elasticite
Forêt aleatoire,"{'max_depth': 8, 'max_features': 0.5, 'min_samples_leaf': 5, 'n_estimators': 100}",53.65239631074155,39.83204711686577,0.6585093863175248,38.006897706670415,8.853637745669312,0.857250452041626,limite d'elasticite
Forêt aleatoire,"{'max_depth': 6, 'max_features': 0.75, 'min_samples_leaf': 2, 'n_estimators': 100}",53.68211551826103,40.13353713219369,0.6554852905013021,38.135919953332326,9.838319660880655,0.8554666042327881,limite d'elasticite
Forêt aleatoire,"{'max_depth': 6, 'max_features': 0.5, 'min_samples_leaf': 2, 'n_estimators': 100}",54.0229569416053,40.43612303960932,0.6530941099959912,39.164609548265716,9.24378241373133,0.8584845066070557,limite d'elasticite
Forêt aleatoire,"{'max_depth': 6, 'max_features': 1.0, 'min_samples_leaf': 2, 'n_estimators': 100}",54.08133355378103,40.69451690964704,0.6500406855394887,38.01203902068992,9.925325124301624,0.967045783996582,limite d'elasticite
Forêt aleatoire,"{'max_depth': 6, 'max_features': 0.75, 'min_samples_leaf': 1, 'n_estimators': 100}",54.1818539086522,40.54959886179774,0.6488029003798609,37.12080665613921,10.101147930154497,0.8769173622131348,limite d'elasticite
Forêt aleatoire,"{'max_depth': 6, 'max_features': 1.0, 'min_samples_leaf': 1, 'n_estimators': 100}",54.396998536258934,40.742405097524454,0.6461210443935227,37.01697227868503,9.841161041531175,0.9027891159057617,limite d'elasticite
Forêt aleatoire,"{'max_depth': 6, 'max_features': 0.5, 'min_samples_leaf': 1, 'n_estimators': 100}",54.48260870853263,40.62760230818507,0.6463643639735549,37.940264888443146,9.563206769216663,0.9653987884521484,limite d'elasticite
Forêt aleatoire,"{'max_depth': 6, 'max_features': 0.75, 'min_samples_leaf': 5, 'n_estimators': 100}",54.93674243099417,41.13631963394739,0.6402634813397554,41.08238601529456,10.1563189822948,0.8591859340667725,limite d'elasticite
Forêt aleatoire,"{'max_depth': 6, 'max_features': 1.0, 'min_samples_leaf': 5, 'n_estimators': 100}",55.168252560316134,41.14119482139265,0.6367437383306568,40.67746363819329,10.190419088556908,0.8719501495361328,limite d'elasticite
Forêt aleatoire,"{'max_depth': 8, 'max_features': 0.25, 'min_samples_leaf': 5, 'n_estimators': 100}",55.27394689118021,41.035439094194004,0.6396254935172043,41.281726249784626,7.117210020095966,0.840268611907959,limite d'elasticite
Forêt aleatoire,"{'max_depth': 6, 'max_features': 0.5, 'min_samples_leaf': 5, 'n_estimators': 100}",55.52194014993106,41.48758935730397,0.6350896942121489,42.52418782017851,8.537524115997094,0.8660252094268799,limite d'elasticite
Forêt aleatoire,"{'max_depth': 6, 'max_features': 0.25, 'min_samples_leaf': 1, 'n_estimators': 100}",55.72535214889947,41.780092503629234,0.632541936119933,40.251032691340704,7.487080068869437,0.8594489097595215,limite d'elasticite
Forêt aleatoire,"{'max_depth': 6, 'max_features': 0.25, 'min_samples_leaf': 2, 'n_estimators': 100}",55.80332115322908,41.94729816866412,0.6317242474152236,41.80763282236547,7.63895265600761,0.8420422077178955,limite d'elasticite
Forêt aleatoire,"{'max_depth': 6, 'max_features': 0.25, 'min_samples_leaf': 5, 'n_estimators': 100}",57.42894917366186,42.96680764744272,0.6107889241492623,45.82055838676917,7.084282683144966,0.8280556201934814,limite d'elasticite
Forêt aleatoire,"{'max_depth': 12, 'max_features': 0.75, 'min_samples_leaf': 10, 'n_estimators': 100}",57.65866924660745,42.912911922427156,0.6064506573998883,45.353035923409735,8.70732294604953,0.8577802181243896,limite d'elasticite
Forêt aleatoire,"{'max_depth': 20, 'max_features': 0.75, 'min_samples_leaf': 10, 'n_estimators': 100}",57.68195817210146,42.92894302766982,0.606110890657478,45.3518944743603,8.69990520812988,0.8737294673919678,limite d'elasticite
Forêt aleatoire,"{'max_depth': None, 'max_features': 0.75, 'min_samples_leaf': 10, 'n_estimators': 100}",57.681958172101474,42.9289430276698,0.606110890657478,45.3518944743603,8.699905208129886,0.8958790302276611,limite d'elasticite
Forêt aleatoire,"{'max_depth': 8, 'max_features': 0.75, 'min_samples_leaf': 10, 'n_estimators': 100}",57.85166592959845,43.220772102796104,0.603682450553116,45.94384083884747,8.736605311815003,0.855175256729126,limite d'elasticite
Forêt aleatoire,"{'max_depth': None, 'max_features': 0.5, 'min_samples_leaf': 10, 'n_estimators': 100}",57.98014072070672,42.70879816185018,0.603235975656351,46.32644613455047,7.884186896604128,0.8848190307617188,limite d'elasticite
Forêt aleatoire,"{'max_depth': 20, 'max_features': 0.5, 'min_samples_leaf': 10, 'n_estimators': 100}",57.98014072070672,42.708798161850176,0.603235975656351,46.326446134550466,7.884186896604135,0.8904170989990234,limite d'elasticite
Forêt aleatoire,"{'max_depth': 12, 'max_features': 0.5, 'min_samples_leaf': 10, 'n_estimators': 100}",58.02540627776324,42.74175118670168,0.602606988285265,46.36136265961536,7.8932108254212485,0.9714610576629639,limite d'elasticite
Forêt aleatoire,"{'max_depth': 8, 'max_features': 0.5, 'min_samples_leaf': 10, 'n_estimators': 100}",58.456485236344164,43.190880361116044,0.5970564001211877,47.11392147767669,7.8201506319334015,0.8593783378601074,limite d'elasticite
Forêt aleatoire,"{'max_depth': 6, 'max_features': 0.75, 'min_samples_leaf': 10, 'n_estimators': 100}",58.555061082616476,43.85184570950635,0.5949345509438752,47.939025116327585,8.427521773436178,0.8775041103363037,limite d'elasticite
Forêt aleatoire,"{'max_depth': 12, 'max_features': 1.0, 'min_samples_leaf': 10, 'n_estimators': 100}",58.86165506279838,43.85701258453351,0.5874381571715078,45.60981957702135,9.96865549107126,0.8877608776092529,limite d'elasticite
Forêt aleatoire,"{'max_depth': None, 'max_features': 1.0, 'min_samples_leaf': 10, 'n_estimators': 100}",58.86192945461978,43.85756710022979,0.5874346442628864,45.608933285961946,9.96846320516066,0.9836819171905518,limite d'elasticite
Forêt aleatoire,"{'max_depth': 20, 'max_features': 1.0, 'min_samples_leaf': 10, 'n_estimators': 100}",58.86192945461978,43.85756710022979,0.5874346442628864,45.60893328596194,9.96846320516066,0.9216804504394531,limite d'elasticite
Forêt aleatoire,"{'max_depth': 4, 'max_features': 0.75, 'min_samples_leaf': 5, 'n_estimators': 100}",59.05274114243274,44.76664042867808,0.5869997529548879,49.54513188198045,9.547454619186242,0.8488404750823975,limite d'elasticite
Forêt aleatoire,"{'max_depth': 8, 'max_features': 1.0, 'min_samples_leaf': 10, 'n_estimators': 100}",59.06326869472639,44.06553180103838,0.5848155041475185,45.96968233250617,9.947608280449078,0.9760339260101318,limite d'elasticite
Forêt aleatoire,"{'max_depth': 4, 'max_features': 0.75, 'min_samples_leaf': 2, 'n_estimators': 100}",59.0650872978498,44.87159785130245,0.5859422894818747,48.65873748340954,9.794945944873621,0.8704690933227539,limite d'elasticite
Forêt aleatoire,"{'max_depth': 4, 'max_features': 0.75, 'min_samples_leaf': 1, 'n_estimators': 100}",59.12564666022047,44.98001318349219,0.5848922643282568,48.28705175991449,9.623733940627089,0.855879545211792,limite d'elasticite
Forêt aleatoire,"{'max_depth': 6, 'max_features': 0.5, 'min_samples_leaf': 10, 'n_estimators': 100}",59.30723392444995,44.02102931934698,0.5860627068378049,49.59093761530458,7.629993253340683,0.8596978187561035,limite d'elasticite
Forêt aleatoire,"{'max_depth': 4, 'max_features': 1.0, 'min_samples_leaf': 2, 'n_estimators': 100}",59.588012249019926,45.641853973309686,0.5777612198621931,48.69767481990199,10.296787735978366,0.8933525085449219,limite d'elasticite
Forêt aleatoire,"{'max_depth': 20, 'max_features': 0.25, 'min_samples_leaf': 10, 'n_estimators': 100}",59.64791821745915,43.72552128371852,0.5813927714689692,49.55786128905594,6.210194726244567,0.8586771488189697,limite d'elasticite
Forêt aleatoire,"{'max_depth': None, 'max_features': 0.25, 'min_samples_leaf': 10, 'n_estimators': 100}",59.64791821745915,43.72552128371852,0.5813927714689692,49.55786128905594,6.210194726244567,0.8584418296813965,limite d'elasticite
Forêt aleatoire,"{'max_depth': 12, 'max_features': 0.25, 'min_samples_leaf': 10, 'n_estimators': 100}",59.66694655916191,43.77131187120004,0.5811962435914755,49.598476572756695,6.190924686000908,0.8394920825958252,limite d'elasticite
Forêt aleatoire,"{'max_depth': 4, 'max_features': 0.5, 'min_samples_leaf': 2, 'n_estimators': 100}",59.6941539099988,45.25133988100488,0.5783210102026485,49.62284284656203,8.542349513193313,0.8274202346801758,limite d'elasticite
Forêt aleatoire,"{'max_depth': 4, 'max_features': 1.0, 'min_samples_leaf': 1, 'n_estimators': 100}",59.770465215428224,45.68068198197658,0.5756148737349369,48.3627936172473,10.199255166872854,0.8864507675170898,limite d'elasticite
Forêt aleatoire,"{'max_depth': 4, 'max_features': 1.0, 'min_samples_leaf': 5, 'n_estimators': 100}",59.782632542379304,45.26795322034033,0.5755497879219174,49.14628885150918,10.39162994915404,0.8457815647125244,limite d'elasticite
Forêt aleatoire,"{'max_depth': 6, 'max_features': 1.0, 'min_samples_leaf': 10, 'n_estimators': 100}",59.791261500501605,44.73410959163748,0.5751257636957542,47.790603262072025,10.021891874264385,0.873953104019165,limite d'elasticite
Forêt aleatoire,"{'max_depth': 8, 'max_features': 0.25, 'min_samples_leaf': 10, 'n_estimators': 100}",60.05168119241656,44.320649455419854,0.576339679501767,50.436781489997635,6.3453098584793795,0.8101632595062256,limite d'elasticite
Forêt aleatoire,"{'max_depth': 4, 'max_features': 0.5, 'min_samples_leaf': 1, 'n_estimators': 100}",60.08008911684855,45.448809080424525,0.5729604243298545,49.290224170258284,8.489393772454573,0.8756487369537354,limite d'elasticite
Forêt aleatoire,"{'max_depth': 4, 'max_features': 0.5, 'min_samples_leaf': 5, 'n_estimators': 100}",60.21299729537284,45.63464534457555,0.5721550020717887,50.71808170303389,8.394672522530701,0.846691370010376,limite d'elasticite
Forêt aleatoire,"{'max_depth': 6, 'max_features': 0.25, 'min_samples_leaf': 10, 'n_estimators': 100}",61.20218595481158,45.33384375585927,0.5597475811667302,52.898318953436856,6.047429800054284,0.841987133026123,limite d'elasticite
Forêt aleatoire,"{'max_depth': 4, 'max_features': 0.75, 'min_samples_leaf': 10, 'n_estimators': 100}",61.28051466257659,46.16125915539847,0.5570700695415642,52.960538689378645,8.733220442543018,0.9654526710510254,limite d'elasticite
Forêt aleatoire,"{'max_depth': 4, 'max_features': 0.25, 'min_samples_leaf': 2, 'n_estimators': 100}",61.49220582181259,46.87288538511727,0.5532407946888473,53.148118094153745,7.138039783368199,0.8226239681243896,limite d'elasticite
Forêt aleatoire,"{'max_depth': 4, 'max_features': 0.25, 'min_samples_leaf': 1, 'n_estimators': 100}",61.6296916374731,46.91727061298913,0.5511899473145152,52.55941612110614,7.524406997290469,0.8514676094055176,limite d'elasticite
Forêt aleatoire,"{'max_depth': 4, 'max_features': 0.5, 'min_samples_leaf': 10, 'n_estimators': 100}",62.138958224090985,46.56604918982457,0.5462203477740543,54.392503675319645,8.041693510215003,0.8247051239013672,limite d'elasticite
Forêt aleatoire,"{'max_depth': 4, 'max_features': 1.0, 'min_samples_leaf': 10, 'n_estimators': 100}",62.216522382396,46.998851740397846,0.5417429065427719,52.82661544685529,10.033674721885944,0.8558893203735352,limite d'elasticite
Forêt aleatoire,"{'max_depth': 4, 'max_features': 0.25, 'min_samples_leaf': 5, 'n_estimators': 100}",62.602830125917805,47.61883593899797,0.5383167737930655,54.421292223007526,6.9499808562845935,0.8614888191223145,limite d'elasticite
Forêt aleatoire,"{'max_depth': 4, 'max_features': 0.25, 'min_samples_leaf': 10, 'n_estimators': 100}",64.14305740950172,48.19664740322649,0.5167111766576449,58.050548723281246,6.282808882305468,0.8728775978088379,limite d'elasticite
Moyenne constante,{},90.01839836177393,70.59155523029091,-0.025311790686042324,89.8155374361324,5.876046951196406,0.10621452331542969,resistance a la traction
Arbre,"{'max_depth': 20, 'min_samples_leaf': 5, 'min_samples_split': 5}",53.83231805969317,38.57455158115558,0.6304097745680052,29.097946757151135,5.644214377798404,0.10961198806762695,resistance a la traction
Arbre,"{'max_depth': None, 'min_samples_leaf': 5, 'min_samples_split': 2}",53.83231805969317,38.57455158115558,0.6304097745680052,29.097946757151135,5.644214377798404,0.11876845359802246,resistance a la traction
Arbre,"{'max_depth': None, 'min_samples_leaf': 5, 'min_samples_split': 5}",53.83231805969317,38.57455158115558,0.6304097745680052,29.097946757151135,5.644214377798404,0.1332688331604004,resistance a la traction
Arbre,"{'max_depth': 20, 'min_samples_leaf': 5, 'min_samples_split': 2}",53.83231805969317,38.57455158115558,0.6304097745680052,29.097946757151135,5.644214377798404,0.12108469009399414,resistance a la traction
Arbre,"{'max_depth': None, 'min_samples_leaf': 5, 'min_samples_split': 10}",53.83231805969317,38.57455158115558,0.6304097745680052,29.097946757151135,5.644214377798404,0.1339094638824463,resistance a la traction
Arbre,"{'max_depth': 20, 'min_samples_leaf': 5, 'min_samples_split': 10}",53.83231805969317,38.57455158115558,0.6304097745680052,29.097946757151135,5.644214377798404,0.10978078842163086,resistance a la traction
Arbre,"{'max_depth': 12, 'min_samples_leaf': 5, 'min_samples_split': 10}",54.578835975217615,39.18559661372102,0.6208735539758363,30.365407284072536,5.589295288989148,0.10963010787963867,resistance a la traction
Arbre,"{'max_depth': 12, 'min_samples_leaf': 5, 'min_samples_split': 5}",54.578835975217615,39.18559661372102,0.6208735539758363,30.365407284072536,5.589295288989148,0.10382413864135742,resistance a la traction
Arbre,"{'max_depth': 12, 'min_samples_leaf': 5, 'min_samples_split': 2}",54.578835975217615,39.18559661372102,0.6208735539758363,30.365407284072536,5.589295288989148,0.10840177536010742,resistance a la traction
Arbre,"{'max_depth': 12, 'min_samples_leaf': 5, 'min_samples_split': 20}",55.13984034660084,39.90644310401413,0.6125907837739863,34.43955100050814,6.102773194019888,0.10366392135620117,resistance a la traction
Arbre,"{'max_depth': 20, 'min_samples_leaf': 5, 'min_samples_split': 20}",55.31299034696616,39.76690038699121,0.6105042688625233,33.826229190065746,6.674454759354324,0.10950970649719238,resistance a la traction
Arbre,"{'max_depth': None, 'min_samples_leaf': 5, 'min_samples_split': 20}",55.31299034696616,39.76690038699121,0.6105042688625233,33.826229190065746,6.674454759354324,0.12215352058410645,resistance a la traction
Arbre,"{'max_depth': 8, 'min_samples_leaf': 5, 'min_samples_split': 10}",55.346910926825764,40.45899272137398,0.6083129511812382,36.015457697829206,6.404857877223806,0.10817384719848633,resistance a la traction
Arbre,"{'max_depth': 8, 'min_samples_leaf': 5, 'min_samples_split': 2}",55.346910926825764,40.45899272137398,0.6083129511812382,36.015457697829206,6.404857877223806,0.10518074035644531,resistance a la traction
Arbre,"{'max_depth': 8, 'min_samples_leaf': 5, 'min_samples_split': 5}",55.346910926825764,40.45899272137398,0.6083129511812382,36.015457697829206,6.404857877223806,0.09874534606933594,resistance a la traction
Arbre,"{'max_depth': 8, 'min_samples_leaf': 5, 'min_samples_split': 20}",56.0276754788412,41.01326784898235,0.5982379628015162,38.6052341090106,6.540807821813064,0.09865093231201172,resistance a la traction
Arbre,"{'max_depth': 8, 'min_samples_leaf': 1, 'min_samples_split': 5}",56.55943672521236,40.25160440266875,0.5909273783494767,28.653338801011284,6.884294762136571,0.1120142936706543,resistance a la traction
Arbre,"{'max_depth': 20, 'min_samples_leaf': 1, 'min_samples_split': 5}",56.77106271966098,39.0551649651445,0.590107528235986,11.999033733374086,6.321071397862104,0.09969353675842285,resistance a la traction
Arbre,"{'max_depth': 12, 'min_samples_leaf': 1, 'min_samples_split': 5}",56.786941855178235,39.98726656529239,0.5895381892922195,18.346654101512947,6.680667555010517,0.11445116996765137,resistance a la traction
Arbre,"{'max_depth': 20, 'min_samples_leaf': 1, 'min_samples_split': 10}",57.045727422926326,39.9146026741483,0.5868410195429185,23.07956702193883,5.677997500728925,0.11085200309753418,resistance a la traction
Arbre,"{'max_depth': 8, 'min_samples_leaf': 2, 'min_samples_split': 5}",57.212697462074914,40.89024219600475,0.5828552746480629,30.64002315244619,7.531756251251788,0.1022331714630127,resistance a la traction
Arbre,"{'max_depth': None, 'min_samples_leaf': 1, 'min_samples_split': 10}",57.40097230363523,40.241879319088504,0.5804303855343279,23.06600091495577,6.030249432215237,0.12353134155273438,resistance a la traction
Arbre,"{'max_depth': None, 'min_samples_leaf': 2, 'min_samples_split': 5}",57.41972482831179,39.30072758343648,0.580495842536268,17.13440101852712,6.410300018879468,0.12546372413635254,resistance a la traction
Arbre,"{'max_depth': 12, 'min_samples_leaf': 1, 'min_samples_split': 10}",57.441249625657825,40.538521851341685,0.5802038187277946,26.239886637919547,6.949822536966489,0.11023449897766113,resistance a la traction
Arbre,"{'max_depth': 8, 'min_samples_leaf': 1, 'min_samples_split': 10}",57.53009365204834,41.188175493782985,0.578642721007222,33.28072051740433,6.841789035432417,0.10242557525634766,resistance a la traction
Arbre,"{'max_depth': 12, 'min_samples_leaf': 1, 'min_samples_split': 20}",57.61616675329442,40.926112074386054,0.5753868653410812,31.590411907502137,8.036296260988381,0.1112833023071289,resistance a la traction
Arbre,"{'max_depth': None, 'min_samples_leaf': 1, 'min_samples_split': 20}",57.719582171152446,40.48641176985315,0.57522994796341,30.022583989089185,7.121533511621875,0.14364409446716309,resistance a la traction
Arbre,"{'max_depth': 20, 'min_samples_leaf': 1, 'min_samples_split': 20}",57.719582171152446,40.48641176985315,0.57522994796341,30.022583989089185,7.121533511621875,0.10611891746520996,resistance a la traction
Arbre,"{'max_depth': 20, 'min_samples_leaf': 2, 'min_samples_split': 5}",57.765446404431046,39.50169842138406,0.5757565115438775,17.148995143291167,6.456706156516102,0.11373066902160645,resistance a la traction
Arbre,"{'max_depth': None, 'min_samples_leaf': 2, 'min_samples_split': 10}",57.831416894129106,40.33055196772729,0.5758116242562317,24.271118801324413,7.221178451346032,0.11717820167541504,resistance a la traction
Arbre,"{'max_depth': 8, 'min_samples_leaf': 2, 'min_samples_split': 10}",58.079362933928245,41.57147938109494,0.5715593218714576,33.67678132596076,7.13968524249398,0.10248732566833496,resistance a la traction
Arbre,"{'max_depth': 8, 'min_samples_leaf': 1, 'min_samples_split': 20}",58.16250508688721,41.717748337818705,0.5673245228094601,36.70089213241099,7.348084794431434,0.10805726051330566,resistance a la traction
Arbre,"{'max_depth': 20, 'min_samples_leaf': 2, 'min_samples_split': 10}",58.20719187474602,40.7119008049366,0.5691323596133524,24.274141488525803,7.4779672766620395,0.11050271987915039,resistance a la traction
Arbre,"{'max_depth': 20, 'min_samples_leaf': 2, 'min_samples_split': 2}",58.229240475163365,40.2248742731201,0.5671946775905963,15.480637216425157,8.138594931097183,0.11113619804382324,resistance a la traction
Arbre,"{'max_depth': 8, 'min_samples_leaf': 1, 'min_samples_split': 2}",58.240150820851895,40.500658785662246,0.5523898162173844,27.17243555943478,10.778173663065328,0.09990906715393066,resistance a la traction
Arbre,"{'max_depth': None, 'min_samples_leaf': 2, 'min_samples_split': 2}",58.405749075609116,40.23902062623499,0.5664871018615316,15.457287173688808,8.098239419181708,0.13533496856689453,resistance a la traction
Arbre,"{'max_depth': 8, 'min_samples_leaf': 2, 'min_samples_split': 20}",58.461541087540105,41.9753624817687,0.5640148948302961,37.12966212416169,7.365144471309026,0.08727383613586426,resistance a la traction
Arbre,"{'max_depth': 12, 'min_samples_leaf': 2, 'min_samples_split': 10}",58.54681695999424,41.15139314039562,0.565329222889945,26.851847814522017,7.306646573930661,0.11295652389526367,resistance a la traction
Arbre,"{'max_depth': 20, 'min_samples_leaf': 2, 'min_samples_split': 20}",58.72162773182595,41.370766578334305,0.5616760314491394,31.048043220333398,7.216896699183755,0.1125638484954834,resistance a la traction
Arbre,"{'max_depth': None, 'min_samples_leaf': 2, 'min_samples_split': 20}",58.72162773182595,41.370766578334305,0.5616760314491394,31.048043220333398,7.216896699183755,0.11125349998474121,resistance a la traction
Arbre,"{'max_depth': 6, 'min_samples_leaf': 5, 'min_samples_split': 2}",58.72290465784861,42.653558680168175,0.5590457941965272,41.24339139455168,3.5754395337058154,0.10257554054260254,resistance a la traction
Arbre,"{'max_depth': 6, 'min_samples_leaf': 5, 'min_samples_split': 10}",58.72290465784861,42.653558680168175,0.5590457941965272,41.24339139455168,3.5754395337058154,0.09723758697509766,resistance a la traction
Arbre,"{'max_depth': 6, 'min_samples_leaf': 5, 'min_samples_split': 5}",58.72290465784861,42.653558680168175,0.5590457941965272,41.24339139455168,3.5754395337058154,0.10100150108337402,resistance a la traction
Arbre,"{'max_depth': 12, 'min_samples_leaf': 2, 'min_samples_split': 20}",58.78938538447274,41.59671222447891,0.56035460903959,32.240429802387936,7.550983962128882,0.10110878944396973,resistance a la traction
Arbre,"{'max_depth': 8, 'min_samples_leaf': 2, 'min_samples_split': 2}",58.81343845213166,41.42122269609428,0.5617119283624296,30.06132395338662,7.096683207786977,0.11278653144836426,resistance a la traction
Arbre,"{'max_depth': None, 'min_samples_leaf': 1, 'min_samples_split': 2}",59.22565433960509,40.17481030551755,0.5521332199452942,2.0084382053376335,8.244720109141563,0.11422991752624512,resistance a la traction
Arbre,"{'max_depth': 12, 'min_samples_leaf': 2, 'min_samples_split': 5}",59.276739277094954,41.52815210410758,0.5532745538353547,21.532482798162675,7.420921581750592,0.11311554908752441,resistance a la traction
Arbre,"{'max_depth': 6, 'min_samples_leaf': 5, 'min_samples_split': 20}",59.64138897179371,43.307514407143735,0.5452755196313729,43.011282866769854,4.038318868722965,0.10066342353820801,resistance a la traction
Arbre,"{'max_depth': 12, 'min_samples_leaf': 2, 'min_samples_split': 2}",59.66937932429681,41.70907993709619,0.5470184222247955,20.463410965480755,7.360883962513372,0.11442279815673828,resistance a la traction
Arbre,"{'max_depth': 12, 'min_samples_leaf': 10, 'min_samples_split': 20}",59.73202773637337,42.579258843678375,0.5441945809789874,40.989703361416616,5.289307323896672,0.10495901107788086,resistance a la traction
Arbre,"{'max_depth': 12, 'min_samples_leaf': 10, 'min_samples_split': 5}",59.73202773637337,42.579258843678375,0.5441945809789874,40.989703361416616,5.289307323896672,0.11555337905883789,resistance a la traction
Arbre,"{'max_depth': 12, 'min_samples_leaf': 10, 'min_samples_split': 10}",59.73202773637337,42.579258843678375,0.5441945809789874,40.989703361416616,5.289307323896672,0.10427999496459961,resistance a la traction
Arbre,"{'max_depth': 12, 'min_samples_leaf': 10, 'min_samples_split': 2}",59.73202773637337,42.579258843678375,0.5441945809789874,40.989703361416616,5.289307323896672,0.10698533058166504,resistance a la traction
Arbre,"{'max_depth': 6, 'min_samples_leaf': 1, 'min_samples_split': 10}",59.77313070799298,43.36408157268043,0.5407592203433967,39.6283630051865,5.115433981894574,0.10993051528930664,resistance a la traction
Arbre,"{'max_depth': 20, 'min_samples_leaf': 10, 'min_samples_split': 10}",59.79250166016301,42.66724989139705,0.5432932607882466,40.96061864887393,5.306254511727701,0.11944079399108887,resistance a la traction
Arbre,"{'max_depth': 20, 'min_samples_leaf': 10, 'min_samples_split': 5}",59.79250166016301,42.66724989139705,0.5432932607882466,40.96061864887393,5.306254511727701,0.10695719718933105,resistance a la traction
Arbre,"{'max_depth': None, 'min_samples_leaf': 10, 'min_samples_split': 20}",59.79250166016301,42.66724989139705,0.5432932607882466,40.96061864887393,5.306254511727701,0.15952777862548828,resistance a la traction
Arbre,"{'max_depth': None, 'min_samples_leaf': 10, 'min_samples_split': 10}",59.79250166016301,42.66724989139705,0.5432932607882466,40.96061864887393,5.306254511727701,0.12058353424072266,resistance a la traction
Arbre,"{'max_depth': None, 'min_samples_leaf': 10, 'min_samples_split': 5}",59.79250166016301,42.66724989139705,0.5432932607882466,40.96061864887393,5.306254511727701,0.12270736694335938,resistance a la traction
Arbre,"{'max_depth': 20, 'min_samples_leaf': 10, 'min_samples_split': 2}",59.79250166016301,42.66724989139705,0.5432932607882466,40.96061864887393,5.306254511727701,0.10213780403137207,resistance a la traction
Arbre,"{'max_depth': 20, 'min_samples_leaf': 10, 'min_samples_split': 20}",59.79250166016301,42.66724989139705,0.5432932607882466,40.96061864887393,5.306254511727701,0.10714340209960938,resistance a la traction
Arbre,"{'max_depth': None, 'min_samples_leaf': 10, 'min_samples_split': 2}",59.79250166016301,42.66724989139705,0.5432932607882466,40.96061864887393,5.306254511727701,0.12420296669006348,resistance a la traction
Arbre,"{'max_depth': 8, 'min_samples_leaf': 10, 'min_samples_split': 10}",60.219152303939815,42.824341662087726,0.5353563073783467,43.28103638584135,5.397633495907369,0.10062885284423828,resistance a la traction
Arbre,"{'max_depth': 8, 'min_samples_leaf': 10, 'min_samples_split': 20}",60.219152303939815,42.824341662087726,0.5353563073783467,43.28103638584135,5.397633495907369,0.09549760818481445,resistance a la traction
Arbre,"{'max_depth': 8, 'min_samples_leaf': 10, 'min_samples_split': 2}",60.219152303939815,42.824341662087726,0.5353563073783467,43.28103638584135,5.397633495907369,0.10316896438598633,resistance a la traction
Arbre,"{'max_depth': 8, 'min_samples_leaf': 10, 'min_samples_split': 5}",60.219152303939815,42.824341662087726,0.5353563073783467,43.28103638584135,5.397633495907369,0.10885810852050781,resistance a la traction
Arbre,"{'max_depth': 6, 'min_samples_leaf': 2, 'min_samples_split': 10}",60.297757090333164,43.69547383382183,0.5338532100293572,39.85900948729887,5.068356206343293,0.10876774787902832,resistance a la traction
Arbre,"{'max_depth': 20, 'min_samples_leaf': 1, 'min_samples_split': 2}",60.45276511187383,40.30530949842798,0.5214222571467669,2.449578093993181,10.10679072519197,0.11744570732116699,resistance a la traction
Arbre,"{'max_depth': 6, 'min_samples_leaf': 2, 'min_samples_split': 5}",60.63558772319294,43.70036009300016,0.5323639385685695,38.03097146554559,4.108951221064265,0.10170292854309082,resistance a la traction
Arbre,"{'max_depth': 6, 'min_samples_leaf': 2, 'min_samples_split': 2}",60.933856848886634,43.8569652001593,0.5278585780135518,37.891671623317194,4.023133097879039,0.09657692909240723,resistance a la traction
Arbre,"{'max_depth': 12, 'min_samples_leaf': 1, 'min_samples_split': 2}",61.07390829996702,41.36238284436215,0.5138815275867621,14.69438244166414,9.001315198169829,0.12092065811157227,resistance a la traction
Arbre,"{'max_depth': 6, 'min_samples_leaf': 1, 'min_samples_split': 20}",61.288959494854126,44.017641564418945,0.5186911105060328,41.67986296895067,4.7369892198396535,0.12135148048400879,resistance a la traction
Arbre,"{'max_depth': None, 'min_samples_leaf': 1, 'min_samples_split': 5}",61.52905264397309,40.82892983518989,0.5012326321119687,11.941585608176341,11.103545753762695,0.11623620986938477,resistance a la traction
Arbre,"{'max_depth': 6, 'min_samples_leaf': 2, 'min_samples_split': 20}",61.70687668444985,44.387017136367184,0.513160473899458,41.96841043332756,4.593483531924959,0.1042335033416748,resistance a la traction
Arbre,"{'max_depth': 6, 'min_samples_leaf': 10, 'min_samples_split': 20}",61.877982782730555,44.652691570725395,0.5044425990902737,46.56970114009361,4.986674431393363,0.09945011138916016,resistance a la traction
Arbre,"{'max_depth': 6, 'min_samples_leaf': 10, 'min_samples_split': 10}",61.877982782730555,44.652691570725395,0.5044425990902737,46.56970114009361,4.986674431393363,0.09326982498168945,resistance a la traction
Arbre,"{'max_depth': 6, 'min_samples_leaf': 10, 'min_samples_split': 5}",61.877982782730555,44.652691570725395,0.5044425990902737,46.56970114009361,4.986674431393363,0.10557818412780762,resistance a la traction
Arbre,"{'max_depth': 6, 'min_samples_leaf': 10, 'min_samples_split': 2}",61.877982782730555,44.652691570725395,0.5044425990902737,46.56970114009361,4.986674431393363,0.10083961486816406,resistance a la traction
Arbre,"{'max_depth': 6, 'min_samples_leaf': 1, 'min_samples_split': 2}",62.2204261273685,44.51734670560698,0.5031209847162101,36.25885488374875,5.54492315463233,0.10710859298706055,resistance a la traction
Arbre,"{'max_depth': 4, 'min_samples_leaf': 5, 'min_samples_split': 2}",62.29580927853376,47.53219048704762,0.5044401078430905,50.23521611807946,4.782438703515615,0.11388731002807617,resistance a la traction
Arbre,"{'max_depth': 4, 'min_samples_leaf': 5, 'min_samples_split': 5}",62.29580927853376,47.53219048704762,0.5044401078430905,50.23521611807946,4.782438703515615,0.1041262149810791,resistance a la traction
Arbre,"{'max_depth': 4, 'min_samples_leaf': 5, 'min_samples_split': 10}",62.29580927853376,47.53219048704762,0.5044401078430905,50.23521611807946,4.782438703515615,0.09456062316894531,resistance a la traction
Arbre,"{'max_depth': 4, 'min_samples_leaf': 5, 'min_samples_split': 20}",62.96776548712559,47.782114425398355,0.49389367746315066,51.0091632465727,5.205272430019504,0.09766602516174316,resistance a la traction
Arbre,"{'max_depth': 4, 'min_samples_leaf': 1, 'min_samples_split': 5}",62.99355592533326,47.629024269561555,0.4929616340951548,48.179676791599775,6.564193338506126,0.10297298431396484,resistance a la traction
Arbre,"{'max_depth': 8, 'min_samples_leaf': 15, 'min_samples_split': 2}",63.122549785842956,44.91928397956758,0.4905778420798924,48.61645155090261,2.89171118088234,0.13395380973815918,resistance a la traction
Arbre,"{'max_depth': 8, 'min_samples_leaf': 15, 'min_samples_split': 5}",63.122549785842956,44.91928397956758,0.4905778420798924,48.61645155090261,2.89171118088234,0.14392566680908203,resistance a la traction
Arbre,"{'max_depth': 8, 'min_samples_leaf': 15, 'min_samples_split': 10}",63.122549785842956,44.91928397956758,0.4905778420798924,48.61645155090261,2.89171118088234,0.22088289260864258,resistance a la traction
Arbre,"{'max_depth': 8, 'min_samples_leaf': 15, 'min_samples_split': 20}",63.122549785842956,44.91928397956758,0.4905778420798924,48.61645155090261,2.89171118088234,0.11944127082824707,resistance a la traction
Arbre,"{'max_depth': 12, 'min_samples_leaf': 15, 'min_samples_split': 2}",63.160790799826636,44.86280905924583,0.48994543788667466,48.135021047162155,2.686683090629345,0.09301352500915527,resistance a la traction
Arbre,"{'max_depth': 12, 'min_samples_leaf': 15, 'min_samples_split': 5}",63.160790799826636,44.86280905924583,0.48994543788667466,48.135021047162155,2.686683090629345,0.1069941520690918,resistance a la traction
Arbre,"{'max_depth': 12, 'min_samples_leaf': 15, 'min_samples_split': 10}",63.160790799826636,44.86280905924583,0.48994543788667466,48.135021047162155,2.686683090629345,0.10485410690307617,resistance a la traction
Arbre,"{'max_depth': None, 'min_samples_leaf': 15, 'min_samples_split': 20}",63.160790799826636,44.86280905924583,0.48994543788667466,48.135021047162155,2.686683090629345,0.12187337875366211,resistance a la traction
Arbre,"{'max_depth': None, 'min_samples_leaf': 15, 'min_samples_split': 10}",63.160790799826636,44.86280905924583,0.48994543788667466,48.135021047162155,2.686683090629345,0.12371373176574707,resistance a la traction
Arbre,"{'max_depth': None, 'min_samples_leaf': 15, 'min_samples_split': 5}",63.160790799826636,44.86280905924583,0.48994543788667466,48.135021047162155,2.686683090629345,0.1260209083557129,resistance a la traction
Arbre,"{'max_depth': None, 'min_samples_leaf': 15, 'min_samples_split': 2}",63.160790799826636,44.86280905924583,0.48994543788667466,48.135021047162155,2.686683090629345,0.12686610221862793,resistance a la traction
Arbre,"{'max_depth': 20, 'min_samples_leaf': 15, 'min_samples_split': 20}",63.160790799826636,44.86280905924583,0.48994543788667466,48.135021047162155,2.686683090629345,0.10828375816345215,resistance a la traction
Arbre,"{'max_depth': 20, 'min_samples_leaf': 15, 'min_samples_split': 10}",63.160790799826636,44.86280905924583,0.48994543788667466,48.135021047162155,2.686683090629345,0.11112642288208008,resistance a la traction
Arbre,"{'max_depth': 20, 'min_samples_leaf': 15, 'min_samples_split': 5}",63.160790799826636,44.86280905924583,0.48994543788667466,48.135021047162155,2.686683090629345,0.11105728149414062,resistance a la traction
Arbre,"{'max_depth': 12, 'min_samples_leaf': 15, 'min_samples_split': 20}",63.160790799826636,44.86280905924583,0.48994543788667466,48.135021047162155,2.686683090629345,0.10269904136657715,resistance a la traction
Arbre,"{'max_depth': 20, 'min_samples_leaf': 15, 'min_samples_split': 2}",63.160790799826636,44.86280905924583,0.48994543788667466,48.135021047162155,2.686683090629345,0.10356402397155762,resistance a la traction
Arbre,"{'max_depth': 4, 'min_samples_leaf': 2, 'min_samples_split': 2}",63.34667101273294,48.02094874476154,0.48864005476711825,48.995511370031295,5.935363732902046,0.09862470626831055,resistance a la traction
Arbre,"{'max_depth': 6, 'min_samples_leaf': 1, 'min_samples_split': 5}",63.423546965123606,44.23404326997387,0.4756461865642235,36.68152907665923,7.895510154081052,0.1049644947052002,resistance a la traction
Arbre,"{'max_depth': 4, 'min_samples_leaf': 2, 'min_samples_split': 10}",64.02302684523829,48.32644263223902,0.4754850319308547,49.75789546934057,6.256265460170383,0.10589289665222168,resistance a la traction
Arbre,"{'max_depth': 4, 'min_samples_leaf': 1, 'min_samples_split': 10}",64.10469143945231,48.364944513628174,0.47431382709453845,49.622921735828925,6.267300700378285,0.10122227668762207,resistance a la traction
Arbre,"{'max_depth': 4, 'min_samples_leaf': 2, 'min_samples_split': 20}",64.37978419367133,48.488544967887854,0.4700874145755206,50.541559067227624,6.461123078538965,0.11172866821289062,resistance a la traction
Arbre,"{'max_depth': 6, 'min_samples_leaf': 15, 'min_samples_split': 10}",64.44714334321468,46.218919305395524,0.47002262040458687,50.50185543026944,2.688342687376688,0.10230231285095215,resistance a la traction
Arbre,"{'max_depth': 6, 'min_samples_leaf': 15, 'min_samples_split': 20}",64.44714334321468,46.218919305395524,0.47002262040458687,50.50185543026944,2.688342687376688,0.10370683670043945,resistance a la traction
Arbre,"{'max_depth': 6, 'min_samples_leaf': 15, 'min_samples_split': 2}",64.44714334321468,46.218919305395524,0.47002262040458687,50.50185543026944,2.688342687376688,0.10991621017456055,resistance a la traction
Arbre,"{'max_depth': 6, 'min_samples_leaf': 15, 'min_samples_split': 5}",64.44714334321468,46.218919305395524,0.47002262040458687,50.50185543026944,2.688342687376688,0.10360050201416016,resistance a la traction
Arbre,"{'max_depth': 4, 'min_samples_leaf': 1, 'min_samples_split': 20}",64.46144878788535,48.52704684927701,0.46891620973920445,50.406585333715974,6.467305707068805,0.1013951301574707,resistance a la traction
Arbre,"{'max_depth': 4, 'min_samples_leaf': 2, 'min_samples_split': 5}",64.58786006882504,48.41687897731968,0.4652420224831803,49.02898830417676,6.533853111914662,0.10274648666381836,resistance a la traction
Arbre,"{'max_depth': 8, 'min_samples_leaf': 20, 'min_samples_split': 2}",65.10575714252633,46.73989911201299,0.4635445518662767,53.580341740031635,4.642095851265568,0.1588757038116455,resistance a la traction
Arbre,"{'max_depth': 8, 'min_samples_leaf': 20, 'min_samples_split': 20}",65.10575714252633,46.73989911201299,0.4635445518662767,53.580341740031635,4.642095851265568,0.11173605918884277,resistance a la traction
Arbre,"{'max_depth': 8, 'min_samples_leaf': 20, 'min_samples_split': 10}",65.10575714252633,46.73989911201299,0.4635445518662767,53.580341740031635,4.642095851265568,0.11388897895812988,resistance a la traction
Arbre,"{'max_depth': 8, 'min_samples_leaf': 20, 'min_samples_split': 5}",65.10575714252633,46.73989911201299,0.4635445518662767,53.580341740031635,4.642095851265568,0.12448787689208984,resistance a la traction
Arbre,"{'max_depth': 20, 'min_samples_leaf': 20, 'min_samples_split': 5}",65.23013396107658,46.76649510781645,0.46137434426894275,53.56546916464423,4.553299251770786,0.11589574813842773,resistance a la traction
Arbre,"{'max_depth': 20, 'min_samples_leaf': 20, 'min_samples_split': 2}",65.23013396107658,46.76649510781645,0.46137434426894275,53.56546916464423,4.553299251770786,0.10631155967712402,resistance a la traction
Arbre,"{'max_depth': None, 'min_samples_leaf': 20, 'min_samples_split': 10}",65.23013396107658,46.76649510781645,0.46137434426894275,53.56546916464423,4.553299251770786,0.10614013671875,resistance a la traction
Arbre,"{'max_depth': None, 'min_samples_leaf': 20, 'min_samples_split': 20}",65.23013396107658,46.76649510781645,0.46137434426894275,53.56546916464423,4.553299251770786,0.10384774208068848,resistance a la traction
Arbre,"{'max_depth': 12, 'min_samples_leaf': 20, 'min_samples_split': 2}",65.23013396107658,46.76649510781645,0.46137434426894275,53.56546916464423,4.553299251770786,0.10912227630615234,resistance a la traction
Arbre,"{'max_depth': 12, 'min_samples_leaf': 20, 'min_samples_split': 20}",65.23013396107658,46.76649510781645,0.46137434426894275,53.56546916464423,4.553299251770786,0.10742616653442383,resistance a la traction
Arbre,"{'max_depth': 12, 'min_samples_leaf': 20, 'min_samples_split': 10}",65.23013396107658,46.76649510781645,0.46137434426894275,53.56546916464423,4.553299251770786,0.10899567604064941,resistance a la traction
Arbre,"{'max_depth': 12, 'min_samples_leaf': 20, 'min_samples_split': 5}",65.23013396107658,46.76649510781645,0.46137434426894275,53.56546916464423,4.553299251770786,0.10190963745117188,resistance a la traction
Arbre,"{'max_depth': None, 'min_samples_leaf': 20, 'min_samples_split': 2}",65.23013396107658,46.76649510781645,0.46137434426894275,53.56546916464423,4.553299251770786,0.14769577980041504,resistance a la traction
Arbre,"{'max_depth': None, 'min_samples_leaf': 20, 'min_samples_split': 5}",65.23013396107658,46.76649510781645,0.46137434426894275,53.56546916464423,4.553299251770786,0.1084446907043457,resistance a la traction
Arbre,"{'max_depth': 20, 'min_samples_leaf': 20, 'min_samples_split': 10}",65.23013396107658,46.76649510781645,0.46137434426894275,53.56546916464423,4.553299251770786,0.1082756519317627,resistance a la traction
Arbre,"{'max_depth': 20, 'min_samples_leaf': 20, 'min_samples_split': 20}",65.23013396107658,46.76649510781645,0.46137434426894275,53.56546916464423,4.553299251770786,0.10109448432922363,resistance a la traction
Arbre,"{'max_depth': 4, 'min_samples_leaf': 20, 'min_samples_split': 2}",65.29763867797023,47.88434329663567,0.4611852775058381,57.50163215295663,5.030633424226171,0.10031604766845703,resistance a la traction
Arbre,"{'max_depth': 4, 'min_samples_leaf': 20, 'min_samples_split': 10}",65.29763867797023,47.88434329663567,0.4611852775058381,57.50163215295663,5.030633424226171,0.10080075263977051,resistance a la traction
Arbre,"{'max_depth': 4, 'min_samples_leaf': 20, 'min_samples_split': 5}",65.29763867797023,47.88434329663567,0.4611852775058381,57.50163215295663,5.030633424226171,0.09017157554626465,resistance a la traction
Arbre,"{'max_depth': 4, 'min_samples_leaf': 20, 'min_samples_split': 20}",65.29763867797023,47.88434329663567,0.4611852775058381,57.50163215295663,5.030633424226171,0.1040644645690918,resistance a la traction
Arbre,"{'max_depth': 4, 'min_samples_leaf': 10, 'min_samples_split': 2}",65.45023268028913,48.76117162,0.44878946970421224,53.03593812208485,5.081642724741948,0.10275149345397949,resistance a la traction
Arbre,"{'max_depth': 4, 'min_samples_leaf': 10, 'min_samples_split': 20}",65.45023268028913,48.76117162,0.44878946970421224,53.03593812208485,5.081642724741948,0.09984064102172852,resistance a la traction
Arbre,"{'max_depth': 4, 'min_samples_leaf': 10, 'min_samples_split': 10}",65.45023268028913,48.76117162,0.44878946970421224,53.03593812208485,5.081642724741948,0.0994715690612793,resistance a la traction
Arbre,"{'max_depth': 4, 'min_samples_leaf': 10, 'min_samples_split': 5}",65.45023268028913,48.76117162,0.44878946970421224,53.03593812208485,5.081642724741948,0.10442495346069336,resistance a la traction
Arbre,"{'max_depth': 6, 'min_samples_leaf': 20, 'min_samples_split': 20}",65.46228871993074,47.517953017086434,0.4582063508449651,54.68077340092434,5.0324744650621085,0.1126248836517334,resistance a la traction
Arbre,"{'max_depth': 6, 'min_samples_leaf': 20, 'min_samples_split': 5}",65.46228871993074,47.517953017086434,0.4582063508449651,54.68077340092434,5.0324744650621085,0.10199284553527832,resistance a la traction
Arbre,"{'max_depth': 6, 'min_samples_leaf': 20, 'min_samples_split': 10}",65.46228871993074,47.517953017086434,0.4582063508449651,54.68077340092434,5.0324744650621085,0.09519004821777344,resistance a la traction
Arbre,"{'max_depth': 6, 'min_samples_leaf': 20, 'min_samples_split': 2}",65.46228871993074,47.517953017086434,0.4582063508449651,54.68077340092434,5.0324744650621085,0.09958505630493164,resistance a la traction
Arbre,"{'max_depth': 4, 'min_samples_leaf': 15, 'min_samples_split': 20}",65.6776752165068,48.29126116338396,0.4520169434520674,54.6936196777858,3.3163053843031944,0.09632635116577148,resistance a la traction
Arbre,"{'max_depth': 4, 'min_samples_leaf': 15, 'min_samples_split': 10}",65.6776752165068,48.29126116338396,0.4520169434520674,54.6936196777858,3.3163053843031944,0.0976569652557373,resistance a la traction
Arbre,"{'max_depth': 4, 'min_samples_leaf': 15, 'min_samples_split': 5}",65.6776752165068,48.29126116338396,0.4520169434520674,54.6936196777858,3.3163053843031944,0.08703756332397461,resistance a la traction
Arbre,"{'max_depth': 4, 'min_samples_leaf': 15, 'min_samples_split': 2}",65.6776752165068,48.29126116338396,0.4520169434520674,54.6936196777858,3.3163053843031944,0.10338115692138672,resistance a la traction
Arbre,"{'max_depth': 3, 'min_samples_leaf': 2, 'min_samples_split': 5}",65.9698804021734,50.54820714509408,0.4471183362657036,55.710711068322254,5.093990044610273,0.10773730278015137,resistance a la traction
Arbre,"{'max_depth': 3, 'min_samples_leaf': 2, 'min_samples_split': 2}",65.9698804021734,50.54820714509408,0.4471183362657036,55.710711068322254,5.093990044610273,0.11860823631286621,resistance a la traction
Arbre,"{'max_depth': 3, 'min_samples_leaf': 20, 'min_samples_split': 20}",66.22123585853015,48.60060607939695,0.4461754519688574,60.224861617542295,5.559215143113979,0.10113787651062012,resistance a la traction
Arbre,"{'max_depth': 3, 'min_samples_leaf': 20, 'min_samples_split': 10}",66.22123585853015,48.60060607939695,0.4461754519688574,60.224861617542295,5.559215143113979,0.09911036491394043,resistance a la traction
Arbre,"{'max_depth': 3, 'min_samples_leaf': 20, 'min_samples_split': 5}",66.22123585853015,48.60060607939695,0.4461754519688574,60.224861617542295,5.559215143113979,0.10095643997192383,resistance a la traction
Arbre,"{'max_depth': 3, 'min_samples_leaf': 20, 'min_samples_split': 2}",66.22123585853015,48.60060607939695,0.4461754519688574,60.224861617542295,5.559215143113979,0.1008005142211914,resistance a la traction
Arbre,"{'max_depth': 3, 'min_samples_leaf': 2, 'min_samples_split': 10}",66.46269943512372,50.86609360200241,0.43675981666806196,56.203923926816216,5.038404064923633,0.12631964683532715,resistance a la traction
Arbre,"{'max_depth': 3, 'min_samples_leaf': 2, 'min_samples_split': 20}",66.53834999557942,50.952119978726465,0.43578183446322133,56.53530680511155,4.946736029463478,0.11969184875488281,resistance a la traction
Arbre,"{'max_depth': 3, 'min_samples_leaf': 15, 'min_samples_split': 2}",66.66351902212267,49.614552015622266,0.4360039412533837,58.759827015748144,4.8814228903725105,0.09123921394348145,resistance a la traction
Arbre,"{'max_depth': 3, 'min_samples_leaf': 15, 'min_samples_split': 10}",66.66351902212267,49.614552015622266,0.4360039412533837,58.759827015748144,4.8814228903725105,0.09347796440124512,resistance a la traction
Arbre,"{'max_depth': 3, 'min_samples_leaf': 15, 'min_samples_split': 20}",66.66351902212267,49.614552015622266,0.4360039412533837,58.759827015748144,4.8814228903725105,0.0971226692199707,resistance a la traction
Arbre,"{'max_depth': 3, 'min_samples_leaf': 15, 'min_samples_split': 5}",66.66351902212267,49.614552015622266,0.4360039412533837,58.759827015748144,4.8814228903725105,0.10180950164794922,resistance a la traction
Arbre,"{'max_depth': 3, 'min_samples_leaf': 5, 'min_samples_split': 20}",66.76544936558369,51.169407260591605,0.4324812168099895,56.73120384908755,4.906530916773659,0.09451484680175781,resistance a la traction
Arbre,"{'max_depth': 3, 'min_samples_leaf': 5, 'min_samples_split': 10}",66.79292150447009,51.283325512881945,0.4318401674597124,56.445179113788825,4.945563570778965,0.12371063232421875,resistance a la traction
Arbre,"{'max_depth': 3, 'min_samples_leaf': 5, 'min_samples_split': 5}",66.79292150447009,51.283325512881945,0.4318401674597124,56.445179113788825,4.945563570778965,0.1178898811340332,resistance a la traction
Arbre,"{'max_depth': 3, 'min_samples_leaf': 5, 'min_samples_split': 2}",66.79292150447009,51.283325512881945,0.4318401674597124,56.445179113788825,4.945563570778965,0.10799288749694824,resistance a la traction
Arbre,"{'max_depth': 3, 'min_samples_leaf': 10, 'min_samples_split': 10}",66.91191136090409,50.67461513282407,0.4284722922854655,58.37679753407144,5.137609583394128,0.11517715454101562,resistance a la traction
Arbre,"{'max_depth': 3, 'min_samples_leaf': 10, 'min_samples_split': 5}",66.91191136090409,50.67461513282407,0.4284722922854655,58.37679753407144,5.137609583394128,0.10937166213989258,resistance a la traction
Arbre,"{'max_depth': 3, 'min_samples_leaf': 10, 'min_samples_split': 2}",66.91191136090409,50.67461513282407,0.4284722922854655,58.37679753407144,5.137609583394128,0.10302400588989258,resistance a la traction
Arbre,"{'max_depth': 3, 'min_samples_leaf': 10, 'min_samples_split': 20}",66.91191136090409,50.67461513282407,0.4284722922854655,58.37679753407144,5.137609583394128,0.10759139060974121,resistance a la traction
Arbre,"{'max_depth': 3, 'min_samples_leaf': 1, 'min_samples_split': 10}",66.95166299970784,51.07800118468462,0.42958259007627,56.09912856266529,5.011857674291797,0.12488770484924316,resistance a la traction
Arbre,"{'max_depth': 3, 'min_samples_leaf': 1, 'min_samples_split': 20}",67.02731356016353,51.16402756140867,0.42860460787142934,56.430511440960615,4.91217044041677,0.1343376636505127,resistance a la traction
Arbre,"{'max_depth': 4, 'min_samples_leaf': 1, 'min_samples_split': 2}",67.4084510538425,48.993686832261055,0.41371334411450267,48.11379738709682,7.395781134813198,0.10749101638793945,resistance a la traction
Arbre,"{'max_depth': 2, 'min_samples_leaf': 5, 'min_samples_split': 2}",69.75882795552857,53.036654744605165,0.37914485496242023,63.56071920872201,5.430024923879496,0.0957636833190918,resistance a la traction
Arbre,"{'max_depth': 2, 'min_samples_leaf': 5, 'min_samples_split': 5}",69.75882795552857,53.036654744605165,0.37914485496242023,63.56071920872201,5.430024923879496,0.10542750358581543,resistance a la traction
Arbre,"{'max_depth': 2, 'min_samples_leaf': 5, 'min_samples_split': 10}",69.75882795552857,53.036654744605165,0.37914485496242023,63.56071920872201,5.430024923879496,0.10331034660339355,resistance a la traction
Arbre,"{'max_depth': 2, 'min_samples_leaf': 5, 'min_samples_split': 20}",69.75882795552857,53.036654744605165,0.37914485496242023,63.56071920872201,5.430024923879496,0.1046609878540039,resistance a la traction
Arbre,"{'max_depth': 2, 'min_samples_leaf': 2, 'min_samples_split': 2}",69.76449332615286,53.065552627596446,0.3790477424279247,63.15880273038282,5.438177826458084,0.10936379432678223,resistance a la traction
Arbre,"{'max_depth': 2, 'min_samples_leaf': 2, 'min_samples_split': 5}",69.76449332615286,53.065552627596446,0.3790477424279247,63.15880273038282,5.438177826458084,0.10560154914855957,resistance a la traction
Arbre,"{'max_depth': 2, 'min_samples_leaf': 2, 'min_samples_split': 10}",69.76449332615286,53.065552627596446,0.3790477424279247,63.15880273038282,5.438177826458084,0.09418416023254395,resistance a la traction
Arbre,"{'max_depth': 2, 'min_samples_leaf': 2, 'min_samples_split': 20}",69.76449332615286,53.065552627596446,0.3790477424279247,63.15880273038282,5.438177826458084,0.11026692390441895,resistance a la traction
Arbre,"{'max_depth': 2, 'min_samples_leaf': 1, 'min_samples_split': 2}",69.90569626319261,53.14404712684542,0.3766158675435152,63.12021085329553,5.644924261530905,0.10800766944885254,resistance a la traction
Arbre,"{'max_depth': 2, 'min_samples_leaf': 1, 'min_samples_split': 5}",69.90569626319261,53.14404712684542,0.3766158675435152,63.12021085329553,5.644924261530905,0.10972070693969727,resistance a la traction
Arbre,"{'max_depth': 2, 'min_samples_leaf': 1, 'min_samples_split': 10}",69.90569626319261,53.14404712684542,0.3766158675435152,63.12021085329553,5.644924261530905,0.11688828468322754,resistance a la traction
Arbre,"{'max_depth': 2, 'min_samples_leaf': 1, 'min_samples_split': 20}",69.90569626319261,53.14404712684542,0.3766158675435152,63.12021085329553,5.644924261530905,0.10676193237304688,resistance a la traction
Arbre,"{'max_depth': 3, 'min_samples_leaf': 1, 'min_samples_split': 5}",70.24561253439978,51.71941705335767,0.36615957493310824,54.9928495437675,7.178847738075257,0.1045832633972168,resistance a la traction
Arbre,"{'max_depth': 3, 'min_samples_leaf': 1, 'min_samples_split': 2}",70.24561253439978,51.71941705335767,0.36615957493310824,54.9928495437675,7.178847738075257,0.14887571334838867,resistance a la traction
Arbre,"{'max_depth': 2, 'min_samples_leaf': 10, 'min_samples_split': 10}",70.65820481020914,52.86836921435222,0.3663313925568103,65.7715615008386,4.750037968015085,0.10621404647827148,resistance a la traction
Arbre,"{'max_depth': 2, 'min_samples_leaf': 10, 'min_samples_split': 20}",70.65820481020914,52.86836921435222,0.3663313925568103,65.7715615008386,4.750037968015085,0.10648608207702637,resistance a la traction
Arbre,"{'max_depth': 2, 'min_samples_leaf': 10, 'min_samples_split': 5}",70.65820481020914,52.86836921435222,0.3663313925568103,65.7715615008386,4.750037968015085,0.10659432411193848,resistance a la traction
Arbre,"{'max_depth': 2, 'min_samples_leaf': 10, 'min_samples_split': 2}",70.65820481020914,52.86836921435222,0.3663313925568103,65.7715615008386,4.750037968015085,0.10733795166015625,resistance a la traction
Arbre,"{'max_depth': 2, 'min_samples_leaf': 20, 'min_samples_split': 2}",72.07124480783739,54.08711875458939,0.3423347859742826,66.47954115247418,4.580087676330583,0.1124274730682373,resistance a la traction
Arbre,"{'max_depth': 2, 'min_samples_leaf': 20, 'min_samples_split': 5}",72.07124480783739,54.08711875458939,0.3423347859742826,66.47954115247418,4.580087676330583,0.11634135246276855,resistance a la traction
Arbre,"{'max_depth': 2, 'min_samples_leaf': 20, 'min_samples_split': 10}",72.07124480783739,54.08711875458939,0.3423347859742826,66.47954115247418,4.580087676330583,0.10078787803649902,resistance a la traction
Arbre,"{'max_depth': 2, 'min_samples_leaf': 20, 'min_samples_split': 20}",72.07124480783739,54.08711875458939,0.3423347859742826,66.47954115247418,4.580087676330583,0.11375975608825684,resistance a la traction
Arbre,"{'max_depth': 2, 'min_samples_leaf': 15, 'min_samples_split': 2}",72.74416287748319,54.671997843726146,0.3292006307430843,66.41997805875545,4.085912215930873,0.12791895866394043,resistance a la traction
Arbre,"{'max_depth': 2, 'min_samples_leaf': 15, 'min_samples_split': 5}",72.74416287748319,54.671997843726146,0.3292006307430843,66.41997805875545,4.085912215930873,0.10585856437683105,resistance a la traction
Arbre,"{'max_depth': 2, 'min_samples_leaf': 15, 'min_samples_split': 10}",72.74416287748319,54.671997843726146,0.3292006307430843,66.41997805875545,4.085912215930873,0.11255335807800293,resistance a la traction
Arbre,"{'max_depth': 2, 'min_samples_leaf': 15, 'min_samples_split': 20}",72.74416287748319,54.671997843726146,0.3292006307430843,66.41997805875545,4.085912215930873,0.1080472469329834,resistance a la traction
Boosting classique,"{'learning_rate': 0.1, 'max_depth': 2, 'min_samples_leaf': 5, 'n_estimators': 500, 'subsample': 0.8}",37.1715599043861,24.383941828386284,0.8252609912162285,11.926794873151572,5.582180011744949,2.8576602935791016,resistance a la traction
Boosting classique,"{'learning_rate': 0.1, 'max_depth': 2, 'min_samples_leaf': 5, 'n_estimators': 500, 'subsample': 1.0}",37.20287824260275,24.565251298744023,0.8252218659417299,12.49531974329671,4.308704816929982,2.8899013996124268,resistance a la traction
Boosting classique,"{'learning_rate': 0.05, 'max_depth': 3, 'min_samples_leaf': 5, 'n_estimators': 500, 'subsample': 0.8}",37.222643649027624,24.05212439980923,0.8252474271717745,10.521510771502221,5.4582935354759075,5.835456371307373,resistance a la traction
Boosting classique,"{'learning_rate': 0.1, 'max_depth': 3, 'min_samples_leaf': 5, 'n_estimators': 500, 'subsample': 1.0}",37.24524443132682,24.792322812435636,0.8250253770258015,6.7524162938726935,4.764264037872328,3.6616628170013428,resistance a la traction
Boosting classique,"{'learning_rate': 0.1, 'max_depth': 3, 'min_samples_leaf': 5, 'n_estimators': 500, 'subsample': 0.8}",37.321111297676296,24.141154236910815,0.8245834129936481,6.835428929029261,5.183453458201236,3.532968521118164,resistance a la traction
Boosting classique,"{'learning_rate': 0.05, 'max_depth': 3, 'min_samples_leaf': 5, 'n_estimators': 500, 'subsample': 1.0}",37.9438853696137,24.93133669870701,0.8181485464528911,11.19322838695503,4.475311555439359,5.141480207443237,resistance a la traction
Boosting classique,"{'learning_rate': 0.05, 'max_depth': 2, 'min_samples_leaf': 5, 'n_estimators': 500, 'subsample': 0.8}",37.96250501837765,25.40755629822645,0.8179121741619284,17.067434645720688,5.363859829797347,2.3615128993988037,resistance a la traction
Boosting classique,"{'learning_rate': 0.1, 'max_depth': 3, 'min_samples_leaf': 5, 'n_estimators': 200, 'subsample': 1.0}",38.52941150823717,25.714752873654835,0.8125913012798198,12.846720032315778,5.181327847610622,1.55961275100708,resistance a la traction
Boosting classique,"{'learning_rate': 0.1, 'max_depth': 3, 'min_samples_leaf': 5, 'n_estimators': 200, 'subsample': 0.8}",38.61433609022406,25.35499522918635,0.8121797838092621,12.348216036641938,5.258702109402845,1.4507429599761963,resistance a la traction
Boosting classique,"{'learning_rate': 0.1, 'max_depth': 2, 'min_samples_leaf': 5, 'n_estimators': 200, 'subsample': 0.8}",38.914659883834105,26.22495614236622,0.8082268014147024,19.51236328326965,6.279040340814252,1.4285080432891846,resistance a la traction
Boosting classique,"{'learning_rate': 0.05, 'max_depth': 2, 'min_samples_leaf': 5, 'n_estimators': 500, 'subsample': 1.0}",38.98491244024374,26.3175072826311,0.8082905683536321,18.164366083529487,4.818322996111312,4.178814888000488,resistance a la traction
Boosting classique,"{'learning_rate': 0.1, 'max_depth': 2, 'min_samples_leaf': 5, 'n_estimators': 200, 'subsample': 1.0}",39.47625959590781,27.015806191427277,0.8032238933071685,20.064500053508873,4.931653491324778,1.2324302196502686,resistance a la traction
Boosting classique,"{'learning_rate': 0.05, 'max_depth': 3, 'min_samples_leaf': 5, 'n_estimators': 200, 'subsample': 0.8}",39.697070794371925,26.75772097998841,0.801254754344151,18.566317904223506,5.63132290576342,2.5728516578674316,resistance a la traction
Boosting classique,"{'learning_rate': 0.05, 'max_depth': 3, 'min_samples_leaf': 5, 'n_estimators': 200, 'subsample': 1.0}",41.00420208679962,27.762688622616754,0.7878395536234989,19.87449858586175,5.079949000851211,2.593344211578369,resistance a la traction
Boosting classique,"{'learning_rate': 0.05, 'max_depth': 2, 'min_samples_leaf': 5, 'n_estimators': 200, 'subsample': 0.8}",43.534996292524376,30.51230969874195,0.7610141339305184,27.60429274844514,5.456864140555999,1.07550048828125,resistance a la traction
Boosting classique,"{'learning_rate': 0.05, 'max_depth': 2, 'min_samples_leaf': 5, 'n_estimators': 200, 'subsample': 1.0}",45.33554574879264,31.93502335106151,0.740106934451612,29.073385628016325,4.1014443197925035,1.0950603485107422,resistance a la traction
Boosting histogramme,"{'l2_regularization': 1.0, 'learning_rate': 0.1, 'max_iter': 500, 'max_leaf_nodes': 7, 'min_samples_leaf': 5}",37.070818133485076,24.014968130985103,0.8248179104444449,5.844021172478754,5.480308864413941,1.833484411239624,resistance a la traction
Boosting histogramme,"{'l2_regularization': 1.0, 'learning_rate': 0.3, 'max_iter': 500, 'max_leaf_nodes': 7, 'min_samples_leaf': 5}",37.261464276792516,24.92686740991426,0.823847679509362,2.5770528587340626,5.233612070574801,1.7913241386413574,resistance a la traction
Boosting histogramme,"{'l2_regularization': 1.0, 'learning_rate': 0.3, 'max_iter': 200, 'max_leaf_nodes': 7, 'min_samples_leaf': 5}",37.46944234678723,25.111212927548145,0.8217644444989147,5.011065112041935,5.2619284080580675,0.8519916534423828,resistance a la traction
Boosting histogramme,"{'l2_regularization': 1.0, 'learning_rate': 0.1, 'max_iter': 200, 'max_leaf_nodes': 7, 'min_samples_leaf': 5}",37.96076404078696,24.86155712249255,0.8163996723680569,11.413823432183097,5.854729736968983,0.9255869388580322,resistance a la traction
Boosting histogramme,"{'l2_regularization': 0.0, 'learning_rate': 0.1, 'max_iter': 500, 'max_leaf_nodes': 7, 'min_samples_leaf': 5}",38.03527340129967,24.773028619531523,0.8172145961544881,5.132137673805066,5.017644542652776,1.8744533061981201,resistance a la traction
Boosting histogramme,"{'l2_regularization': 0.0, 'learning_rate': 0.3, 'max_iter': 500, 'max_leaf_nodes': 7, 'min_samples_leaf': 5}",38.3828831207818,25.47971187787288,0.8143165191955722,2.349268224843937,5.497478275106905,1.8380742073059082,resistance a la traction
Boosting histogramme,"{'l2_regularization': 0.0, 'learning_rate': 0.1, 'max_iter': 200, 'max_leaf_nodes': 7, 'min_samples_leaf': 5}",38.44797209947737,25.221771376601307,0.8131763461076303,10.36293394437194,5.292623015439912,0.9491853713989258,resistance a la traction
Boosting histogramme,"{'l2_regularization': 0.0, 'learning_rate': 0.3, 'max_iter': 200, 'max_leaf_nodes': 7, 'min_samples_leaf': 5}",38.59200196011178,25.570185151619597,0.8123492992437681,4.537086100732703,5.355836768020159,0.8884150981903076,resistance a la traction
Boosting histogramme,"{'l2_regularization': 1.0, 'learning_rate': 0.3, 'max_iter': 200, 'max_leaf_nodes': 15, 'min_samples_leaf': 5}",39.66262690863438,26.233752217751555,0.8014762800400735,2.4001505522023807,5.222739005410702,1.3814756870269775,resistance a la traction
Boosting histogramme,"{'l2_regularization': 1.0, 'learning_rate': 0.3, 'max_iter': 500, 'max_leaf_nodes': 15, 'min_samples_leaf': 5}",39.69371919451528,26.240057645476572,0.801207824748938,2.0133971915637154,5.305864615995797,3.1457407474517822,resistance a la traction
Boosting histogramme,"{'l2_regularization': 0.0, 'learning_rate': 0.1, 'max_iter': 500, 'max_leaf_nodes': 15, 'min_samples_leaf': 5}",39.831075853812926,25.84759924856334,0.7996191809322938,2.435298201456505,4.321488750202411,3.190136194229126,resistance a la traction
Boosting histogramme,"{'l2_regularization': 0.0, 'learning_rate': 0.1, 'max_iter': 200, 'max_leaf_nodes': 15, 'min_samples_leaf': 5}",39.99279104372054,26.023371762844874,0.7979403195967391,5.100961369855254,4.376580157365017,1.4799139499664307,resistance a la traction
Boosting histogramme,"{'l2_regularization': 1.0, 'learning_rate': 0.1, 'max_iter': 500, 'max_leaf_nodes': 15, 'min_samples_leaf': 5}",40.03835611080327,25.762449045162214,0.7973738845428542,2.7724807784853787,5.215949928356719,3.153297185897827,resistance a la traction
Boosting histogramme,"{'l2_regularization': 1.0, 'learning_rate': 0.1, 'max_iter': 200, 'max_leaf_nodes': 15, 'min_samples_leaf': 5}",40.372574194615126,26.053302198790497,0.793742577186167,6.149107531394968,5.181127664059108,1.466615915298462,resistance a la traction
Boosting histogramme,"{'l2_regularization': 0.0, 'learning_rate': 0.3, 'max_iter': 500, 'max_leaf_nodes': 15, 'min_samples_leaf': 5}",40.81597553612179,26.990782950494626,0.7904600410676337,2.010063974410351,5.664596244183363,3.079241991043091,resistance a la traction
Boosting histogramme,"{'l2_regularization': 0.0, 'learning_rate': 0.3, 'max_iter': 200, 'max_leaf_nodes': 15, 'min_samples_leaf': 5}",40.816993560769006,26.97644282538739,0.7904409653868157,2.2434066229486924,5.616853220748544,1.4136250019073486,resistance a la traction
Regression lineaire,{'preparation__indicateurs': True},50.12229509771055,35.71596732012272,0.679687381369229,41.41543882367377,5.624685802444729,0.16463494300842285,resistance a la traction
Regression lineaire,{'preparation__indicateurs': False},57.39858740006072,40.14890231868095,0.5772923514806622,48.05488867494996,7.172863258637712,0.15122485160827637,resistance a la traction
Ridge,"{'alpha': 1.0, 'preparation__indicateurs': True}",49.08311913790392,35.414673200104254,0.6934163393524657,42.27661796434271,4.303224433926754,0.130173921585083,resistance a la traction
Ridge,"{'alpha': 0.31622776601683794, 'preparation__indicateurs': True}",49.10844860651768,35.387241703564456,0.6935201077470949,41.76477229996547,4.414298628892942,0.13337397575378418,resistance a la traction
Ridge,"{'alpha': 3.1622776601683795, 'preparation__indicateurs': True}",49.393601429391666,35.69487682788382,0.6887980003769683,43.04603158470115,4.119730380488883,0.12175726890563965,resistance a la traction
Ridge,"{'alpha': 0.1, 'preparation__indicateurs': True}",49.47432920454971,35.494590565895145,0.6887973666130993,41.50452103583399,4.776182295914685,0.14079523086547852,resistance a la traction
Ridge,"{'alpha': 0.03162277660168379, 'preparation__indicateurs': True}",49.83657904965476,35.620555655928335,0.6837839559893552,41.42942781617744,5.2300157329462715,0.12048983573913574,resistance a la traction
Ridge,"{'alpha': 10.0, 'preparation__indicateurs': True}",49.85125221550372,35.97890497734805,0.6824311629862548,44.11498740050271,3.738518081553484,0.17536473274230957,resistance a la traction
Ridge,"{'alpha': 0.01, 'preparation__indicateurs': True}",50.01988240754075,35.6814668086452,0.6811682153055513,41.417098601932935,5.480792996081621,0.12891507148742676,resistance a la traction
Ridge,"{'alpha': 0.0031622776601683794, 'preparation__indicateurs': True}",50.08851246530092,35.70467848185189,0.6801773143289818,41.415614661729705,5.576979443510763,0.1312391757965088,resistance a la traction
Ridge,"{'alpha': 0.001, 'preparation__indicateurs': True}",50.111465384405406,35.71215237009851,0.6798445923010548,41.4154567384367,5.609368812754217,0.11402535438537598,resistance a la traction
Ridge,"{'alpha': 31.622776601683793, 'preparation__indicateurs': True}",50.92306708879572,36.54845176728296,0.6691721307673519,45.92583926639564,3.4566632960512615,0.11599183082580566,resistance a la traction
Ridge,"{'alpha': 100.0, 'preparation__indicateurs': True}",53.84568082892154,39.103210745909394,0.6320702534180322,49.765114781662504,3.6041171923407127,0.12996625900268555,resistance a la traction
Ridge,"{'alpha': 3.1622776601683795, 'preparation__indicateurs': False}",56.79368142033468,39.63197251858018,0.5876306178387436,49.012904421390104,6.06394747997765,0.11266088485717773,resistance a la traction
Ridge,"{'alpha': 1.0, 'preparation__indicateurs': False}",56.83475779263533,39.67805200410247,0.5865849450470373,48.32902197104025,6.572336841420065,0.11141705513000488,resistance a la traction
Ridge,"{'alpha': 10.0, 'preparation__indicateurs': False}",57.086491925566385,40.11961600895901,0.58373287056016,50.166781986954256,5.645453652260676,0.10879874229431152,resistance a la traction
Ridge,"{'alpha': 0.31622776601683794, 'preparation__indicateurs': False}",57.09489734202642,39.90162238570986,0.5822544207436555,48.106992638437475,6.950890906379898,0.1262040138244629,resistance a la traction
Ridge,"{'alpha': 0.1, 'preparation__indicateurs': False}",57.27795923526973,40.05704931367711,0.5792559681716358,48.06217456028652,7.106123949782762,0.10613250732421875,resistance a la traction
Ridge,"{'alpha': 0.03162277660168379, 'preparation__indicateurs': False}",57.35703828713925,40.11766001106238,0.5779675423765165,48.05572600205716,7.15304323421506,0.1239480972290039,resistance a la traction
Ridge,"{'alpha': 0.01, 'preparation__indicateurs': False}",57.38506118496862,40.13889789155841,0.5775120176821273,48.05497661703316,7.166779140865612,0.11382532119750977,resistance a la traction
Ridge,"{'alpha': 0.0031622776601683794, 'preparation__indicateurs': False}",57.3942695369539,40.145726035688895,0.5773624586751506,48.05489761192525,7.170959826494605,0.11757349967956543,resistance a la traction
Ridge,"{'alpha': 0.001, 'preparation__indicateurs': False}",57.397217862303,40.14789662548867,0.5773145865080453,48.05488957326646,7.172263468477798,0.12887144088745117,resistance a la traction
Ridge,"{'alpha': 31.622776601683793, 'preparation__indicateurs': False}",57.408977262462486,40.954802557010645,0.5801091396656962,51.62151585512072,5.215292724238448,0.1189882755279541,resistance a la traction
Ridge,"{'alpha': 100.0, 'preparation__indicateurs': False}",58.81726584729627,43.23065965158138,0.5612121845216488,54.637162583131825,4.577587615084584,0.11812376976013184,resistance a la traction
Ridge,"{'alpha': 316.22776601683796, 'preparation__indicateurs': True}",60.31116654198413,44.7151461688278,0.5401590187275553,57.4729327196963,4.262245861231619,0.1346724033355713,resistance a la traction
Ridge,"{'alpha': 316.22776601683796, 'preparation__indicateurs': False}",63.807921367586914,47.82252407163885,0.48502965126133235,61.45575839182137,4.574639284235561,0.1615312099456787,resistance a la traction
Ridge,"{'alpha': 1000.0, 'preparation__indicateurs': True}",69.56405594514116,52.672551097021675,0.38859780624194273,68.00358610201873,5.145775370227484,0.11718940734863281,resistance a la traction
Ridge,"{'alpha': 1000.0, 'preparation__indicateurs': False}",72.22145916120277,55.00472660405852,0.3406586959952178,71.16832183079545,5.420843406093607,0.1075739860534668,resistance a la traction
Lasso,"{'alpha': 0.046415888336127774, 'preparation__indicateurs': True}",49.2039851885064,35.41043040436854,0.6926029539415068,41.674814424851036,4.485706946735604,0.1445145606994629,resistance a la traction
Lasso,"{'alpha': 0.021544346900318822, 'preparation__indicateurs': True}",49.31379421726136,35.42018838920797,0.6909482104175095,41.476590975997034,4.660404472705683,0.14557385444641113,resistance a la traction
Lasso,"{'alpha': 0.1, 'preparation__indicateurs': True}",49.3949136555571,35.63254121295732,0.689645612292354,42.28452543039205,4.372472928666797,0.12246394157409668,resistance a la traction
Lasso,"{'alpha': 0.01, 'preparation__indicateurs': True}",49.496644637252075,35.515105176103006,0.6883600759940407,41.42896187214226,4.862145543842072,0.20750117301940918,resistance a la traction
Lasso,"{'alpha': 0.004641588833612777, 'preparation__indicateurs': True}",49.59787097648824,35.567513358307544,0.686917444496276,41.41836035122024,4.971305314552963,0.20611810684204102,resistance a la traction
Lasso,"{'alpha': 0.002154434690031882, 'preparation__indicateurs': True}",50.90668333437282,35.857349535340994,0.6684385794774247,41.416067161197674,6.793998290639082,0.29294419288635254,resistance a la traction
Lasso,"{'alpha': 0.001, 'preparation__indicateurs': True}",50.97547470243804,35.876958233350436,0.6673863067507737,41.415574030620675,6.905302345251,0.5634303092956543,resistance a la traction
Lasso,"{'alpha': 0.00046415888336127773, 'preparation__indicateurs': True}",51.00924676697703,35.88630866204308,0.6668683409717939,41.41546787663721,6.960145647081186,0.3889656066894531,resistance a la traction
Lasso,"{'alpha': 0.00021544346900318823, 'preparation__indicateurs': True}",51.02571458826673,35.89078343098729,0.6666156614264934,41.41544508143092,6.986887771298561,0.7755556106567383,resistance a la traction
Lasso,"{'alpha': 0.0001, 'preparation__indicateurs': True}",51.03367881455871,35.89306510537458,0.6664934612235538,41.41544017185724,6.999827996087378,0.9147887229919434,resistance a la traction
Lasso,"{'alpha': 4.641588833612782e-05, 'preparation__indicateurs': True}",51.03749947156593,35.89417595130972,0.6664348522883923,41.415439114181126,7.006037641677685,0.9697372913360596,resistance a la traction
Lasso,"{'alpha': 2.1544346900318823e-05, 'preparation__indicateurs': True}",51.03929030162619,35.894694710621465,0.6664073813047283,41.41543888629126,7.00894840381421,1.0094470977783203,resistance a la traction
Lasso,"{'alpha': 1e-05, 'preparation__indicateurs': True}",51.04018095412683,35.89494617745513,0.6663937360619784,41.41543883716741,7.010395787385957,0.9798264503479004,resistance a la traction
Lasso,"{'alpha': 0.1, 'preparation__indicateurs': False}",57.141649624326305,39.86330911985566,0.5822441909697845,48.27049085291983,6.782468393935202,0.11733055114746094,resistance a la traction
Lasso,"{'alpha': 0.046415888336127774, 'preparation__indicateurs': False}",57.262912514973515,40.033196424941856,0.5800018130447391,48.11648367817294,7.033653650824065,0.1098167896270752,resistance a la traction
Lasso,"{'alpha': 0.021544346900318822, 'preparation__indicateurs': False}",57.3696066323044,40.12779895349877,0.5780878286319421,48.07047964492685,7.144637050398622,0.14801979064941406,resistance a la traction
Lasso,"{'alpha': 0.01, 'preparation__indicateurs': False}",57.383930821535955,40.13888763425532,0.5776759598505156,48.058415915424085,7.159320959522913,0.13740110397338867,resistance a la traction
Lasso,"{'alpha': 0.004641588833612777, 'preparation__indicateurs': False}",57.3906910761897,40.142745578605094,0.5774866696446471,48.05564862549632,7.166493153057437,0.19530487060546875,resistance a la traction
Lasso,"{'alpha': 0.002154434690031882, 'preparation__indicateurs': False}",57.394630576923944,40.14593642630069,0.5773867876967214,48.05505240090074,7.169911477391185,0.20540475845336914,resistance a la traction
Lasso,"{'alpha': 0.001, 'preparation__indicateurs': False}",57.496814287979774,40.244939927429186,0.5760235969612506,48.054923963305725,7.129587647987048,0.2639148235321045,resistance a la traction
Lasso,"{'alpha': 0.00046415888336127773, 'preparation__indicateurs': False}",57.500010983774246,40.24702229509286,0.5759711502309847,48.054896279207234,7.1293198315941915,0.46779680252075195,resistance a la traction
Lasso,"{'alpha': 0.00021544346900318823, 'preparation__indicateurs': False}",57.501525111140396,40.247999296532086,0.5759463935796514,48.054890312950135,7.1291861475184914,0.8286032676696777,resistance a la traction
Lasso,"{'alpha': 0.0001, 'preparation__indicateurs': False}",57.502263828036874,40.2484748610287,0.5759344258373995,48.054889027771736,7.129110580027553,1.7061285972595215,resistance a la traction
Lasso,"{'alpha': 4.641588833612782e-05, 'preparation__indicateurs': False}",57.50262874761917,40.24871051566798,0.5759285794506689,48.05488875093873,7.12906714523322,2.1940977573394775,resistance a la traction
Lasso,"{'alpha': 2.1544346900318823e-05, 'preparation__indicateurs': False}",57.502805204102664,40.24882461879896,0.5759257743721772,48.05488869135338,7.129044308820198,1.9196643829345703,resistance a la traction
Lasso,"{'alpha': 1e-05, 'preparation__indicateurs': False}",57.50288983119896,40.248879426810895,0.5759244350037973,48.05488867848295,7.1290325661473695,1.7826130390167236,resistance a la traction
Lineaire apres ACP,{'preparation__n_axes': 20},55.20624362608644,39.58579767661736,0.60748259830798,48.605667572407334,3.382651353645979,0.12016797065734863,resistance a la traction
Lineaire apres ACP,{'preparation__n_axes': 22},57.39858740006072,40.14890231868098,0.5772923514806622,48.05488867494996,7.172863258637677,0.1318206787109375,resistance a la traction
Lineaire apres ACP,{'preparation__n_axes': 18},61.10595932279864,42.03982997993672,0.5243183493440625,51.70854603316218,8.864171023931252,0.15331006050109863,resistance a la traction
Lineaire apres ACP,{'preparation__n_axes': 16},61.62322475485776,42.536263742074695,0.5181328597241314,53.27603826952851,7.711246839743292,0.11386251449584961,resistance a la traction
Lineaire apres ACP,{'preparation__n_axes': 14},63.67788669490388,44.375404331601224,0.48352879301663,55.323873021896176,8.938679309545826,0.1423053741455078,resistance a la traction
Lineaire apres ACP,{'preparation__n_axes': 11},69.22013834485398,51.43298193166341,0.3915668358172361,62.48379801542747,4.625151927208625,0.13072896003723145,resistance a la traction
Lineaire apres ACP,{'preparation__n_axes': 12},69.25090217151052,51.237428626657746,0.3911958451114099,62.17772147175511,4.77930106268284,0.12706232070922852,resistance a la traction
Lineaire apres ACP,{'preparation__n_axes': 10},69.80308804921148,51.98621142245925,0.37996333050698106,64.62181831656888,5.636269348126229,0.10315823554992676,resistance a la traction
Lineaire apres ACP,{'preparation__n_axes': 6},72.05066877093502,53.49252617333163,0.3438185797737668,67.55706037788771,6.676361351892262,0.1602470874786377,resistance a la traction
Lineaire apres ACP,{'preparation__n_axes': 4},72.22604390002665,53.94847109080782,0.3413926292919101,69.80224003939013,7.295355432219995,0.11773276329040527,resistance a la traction
Lineaire apres ACP,{'preparation__n_axes': 8},72.33709347558572,53.70580653528724,0.3384560811139873,66.46752980046259,6.6255614076057405,0.12210369110107422,resistance a la traction
Lineaire apres ACP,{'preparation__n_axes': 3},75.9132799184027,56.540959083478,0.27214558664171573,74.032314375774,6.538292312701819,0.12453818321228027,resistance a la traction
Lineaire apres ACP,{'preparation__n_axes': 2},76.17712826186805,56.56813524118117,0.2672947500215922,74.18553533062685,6.565822127753851,0.1269831657409668,resistance a la traction
Lineaire apres ACP,{'preparation__n_axes': 1},83.59982609463023,62.60900631402011,0.11517634823436407,80.12079468116988,6.275611445500192,0.11064910888671875,resistance a la traction
k plus proches voisins,"{'n_neighbors': 2, 'p': 1, 'preparation__n_axes': None, 'weights': 'distance'}",48.304892084090724,31.728566165506287,0.7032407804887411,2.110222551809433,6.3628004194055965,0.17421817779541016,resistance a la traction
k plus proches voisins,"{'n_neighbors': 3, 'p': 1, 'preparation__n_axes': None, 'weights': 'distance'}",48.78974460838574,31.832127044128573,0.6968702906328126,2.013971911577333,7.29531793383457,0.1622920036315918,resistance a la traction
k plus proches voisins,"{'n_neighbors': 5, 'p': 1, 'preparation__n_axes': None, 'weights': 'distance'}",49.45401420844901,32.069563364135135,0.6885202015472438,2.0084382053376335,7.804266500739728,0.17345261573791504,resistance a la traction
k plus proches voisins,"{'n_neighbors': 2, 'p': 1, 'preparation__n_axes': None, 'weights': 'uniform'}",49.5102999842263,33.02318353853169,0.6878238791735363,23.173308737919577,6.573255557224015,0.17525315284729004,resistance a la traction
k plus proches voisins,"{'n_neighbors': 1, 'p': 1, 'preparation__n_axes': None, 'weights': 'uniform'}",50.83997865643164,34.90938075695395,0.6716417797944898,2.7821533302319033,7.052847764927625,0.15179824829101562,resistance a la traction
k plus proches voisins,"{'n_neighbors': 1, 'p': 1, 'preparation__n_axes': None, 'weights': 'distance'}",50.83997865643164,34.90938075695395,0.6716417797944898,2.7821533302319033,7.052847764927627,0.16956090927124023,resistance a la traction
k plus proches voisins,"{'n_neighbors': 2, 'p': 2, 'preparation__n_axes': None, 'weights': 'distance'}",50.88922310526106,33.06478228950944,0.6719659248438997,2.110222551810805,7.499458287136251,0.15462040901184082,resistance a la traction
k plus proches voisins,"{'n_neighbors': 3, 'p': 2, 'preparation__n_axes': None, 'weights': 'distance'}",51.1077912411606,33.58258234328622,0.6671415286598613,2.0139719115804895,8.599062140505625,0.1567683219909668,resistance a la traction
k plus proches voisins,"{'n_neighbors': 7, 'p': 1, 'preparation__n_axes': None, 'weights': 'distance'}",51.27870456282246,33.3501671331437,0.6659476834203779,2.0084382053376335,6.975047828159687,0.1762247085571289,resistance a la traction
k plus proches voisins,"{'n_neighbors': 3, 'p': 1, 'preparation__n_axes': None, 'weights': 'uniform'}",51.289209626512516,34.04936418908649,0.6655883340068194,29.831120996716777,7.34206792617527,0.163710355758667,resistance a la traction
k plus proches voisins,"{'n_neighbors': 5, 'p': 2, 'preparation__n_axes': None, 'weights': 'distance'}",51.42773601509322,33.069934937152524,0.6640715189970434,2.0084382053455556,7.794011051548006,0.16582536697387695,resistance a la traction
k plus proches voisins,"{'n_neighbors': 3, 'p': 1, 'preparation__n_axes': 14, 'weights': 'distance'}",52.12222437471134,33.451789800575526,0.6535376222686826,2.013971911577333,6.615914880401911,0.19777965545654297,resistance a la traction
k plus proches voisins,"{'n_neighbors': 2, 'p': 2, 'preparation__n_axes': None, 'weights': 'uniform'}",52.281626685516926,34.615665298677605,0.6532636163279022,23.985808193998228,7.996112396235172,0.16079425811767578,resistance a la traction
k plus proches voisins,"{'n_neighbors': 3, 'p': 2, 'preparation__n_axes': 14, 'weights': 'distance'}",52.44594106491603,33.55969113882187,0.6475898295418312,2.0139719115842,7.006830866076603,0.17214035987854004,resistance a la traction
k plus proches voisins,"{'n_neighbors': 10, 'p': 1, 'preparation__n_axes': None, 'weights': 'distance'}",52.683245586731786,34.76945104992803,0.6477676360545592,2.0084382053376335,6.9172240810715175,0.16830754280090332,resistance a la traction
k plus proches voisins,"{'n_neighbors': 7, 'p': 2, 'preparation__n_axes': None, 'weights': 'distance'}",52.72282836773119,34.19737777405105,0.6477907794297977,2.0084382053514305,6.913829466471248,0.17093324661254883,resistance a la traction
k plus proches voisins,"{'n_neighbors': 5, 'p': 1, 'preparation__n_axes': None, 'weights': 'uniform'}",52.89411281249431,35.113096853625166,0.6444982753392454,38.59002359614393,7.687111026942906,0.15936756134033203,resistance a la traction
k plus proches voisins,"{'n_neighbors': 2, 'p': 2, 'preparation__n_axes': 8, 'weights': 'distance'}",52.98655278692913,34.312673394763245,0.6425456227243742,2.1102225518122055,7.133932641718339,0.1637887954711914,resistance a la traction
k plus proches voisins,"{'n_neighbors': 5, 'p': 2, 'preparation__n_axes': 14, 'weights': 'distance'}",53.10723406083046,33.72654433232548,0.6399823616405952,2.0084382053565175,7.239741341513203,0.18401813507080078,resistance a la traction
k plus proches voisins,"{'n_neighbors': 1, 'p': 2, 'preparation__n_axes': None, 'weights': 'uniform'}",53.22240618881788,35.90697309621523,0.6385668608072295,2.7821533302319033,7.177952572892313,0.18172979354858398,resistance a la traction
k plus proches voisins,"{'n_neighbors': 1, 'p': 2, 'preparation__n_axes': None, 'weights': 'distance'}",53.22240618881788,35.90697309621523,0.6385668608072295,2.7821533302319033,7.1779525728923135,0.1661515235900879,resistance a la traction
k plus proches voisins,"{'n_neighbors': 3, 'p': 2, 'preparation__n_axes': 8, 'weights': 'distance'}",53.26440962369206,34.78134971397099,0.6388809932962662,2.0139719115837718,7.941738796374397,0.17858123779296875,resistance a la traction
k plus proches voisins,"{'n_neighbors': 2, 'p': 2, 'preparation__n_axes': 14, 'weights': 'distance'}",53.649389979806074,34.92629843372064,0.6301074091103445,2.110222551812009,5.126170775629422,0.17793607711791992,resistance a la traction
k plus proches voisins,"{'n_neighbors': 3, 'p': 2, 'preparation__n_axes': None, 'weights': 'uniform'}",53.65863441693258,35.93948518011856,0.6335033230629794,31.090863404338457,9.114823608733355,0.17390036582946777,resistance a la traction
k plus proches voisins,"{'n_neighbors': 5, 'p': 1, 'preparation__n_axes': 14, 'weights': 'distance'}",53.65925045348392,34.356928323318115,0.6334959576772822,2.0084382053376335,7.149746758003942,0.1868269443511963,resistance a la traction
k plus proches voisins,"{'n_neighbors': 2, 'p': 1, 'preparation__n_axes': 14, 'weights': 'distance'}",53.98453267139671,35.17802432716523,0.626564789302724,2.110222551809433,5.523025928881283,0.19165587425231934,resistance a la traction
k plus proches voisins,"{'n_neighbors': 3, 'p': 1, 'preparation__n_axes': 8, 'weights': 'distance'}",54.13383784801923,35.10899445389191,0.6264443677855817,2.013971911577333,8.91825538808531,0.17060565948486328,resistance a la traction
k plus proches voisins,"{'n_neighbors': 15, 'p': 1, 'preparation__n_axes': None, 'weights': 'distance'}",54.208009773119066,36.07724895165485,0.6294244592914737,2.0084382053376335,6.154925587897651,0.1960306167602539,resistance a la traction
k plus proches voisins,"{'n_neighbors': 10, 'p': 2, 'preparation__n_axes': None, 'weights': 'distance'}",54.32241322516368,36.06239188782331,0.6263047024467935,2.0084382053623764,6.684048682211315,0.17151498794555664,resistance a la traction
k plus proches voisins,"{'n_neighbors': 5, 'p': 2, 'preparation__n_axes': 8, 'weights': 'distance'}",54.48048083424584,35.15460492438176,0.6223732208929704,2.0084382053526086,7.68409291677873,0.17208242416381836,resistance a la traction
k plus proches voisins,"{'n_neighbors': 7, 'p': 2, 'preparation__n_axes': 14, 'weights': 'distance'}",54.51239763179309,34.88408858656852,0.6221187396545517,2.008438205372136,6.423747674442094,0.17037248611450195,resistance a la traction
k plus proches voisins,"{'n_neighbors': 2, 'p': 2, 'preparation__n_axes': 8, 'weights': 'uniform'}",54.542149797385704,35.712276561787505,0.6204861330728771,25.18514608970033,8.172842516117889,0.1715531349182129,resistance a la traction
k plus proches voisins,"{'n_neighbors': 3, 'p': 1, 'preparation__n_axes': 14, 'weights': 'uniform'}",54.72240901128998,35.8172528499772,0.618631705629412,33.76476535671972,7.397477912077106,0.18968892097473145,resistance a la traction
k plus proches voisins,"{'n_neighbors': 7, 'p': 1, 'preparation__n_axes': 14, 'weights': 'distance'}",54.76663683977322,35.24382513362279,0.6188797381438157,2.0084382053376335,6.53425656192724,0.1729288101196289,resistance a la traction
k plus proches voisins,"{'n_neighbors': 3, 'p': 2, 'preparation__n_axes': 14, 'weights': 'uniform'}",54.855540460908614,35.77410784313726,0.6150301971971309,32.46770780003872,7.73338749203776,0.18598294258117676,resistance a la traction
k plus proches voisins,"{'n_neighbors': 2, 'p': 1, 'preparation__n_axes': 8, 'weights': 'distance'}",54.94888040096165,35.39953774253151,0.6184861678486866,2.110222551809433,7.555829893666688,0.16756534576416016,resistance a la traction
k plus proches voisins,"{'n_neighbors': 1, 'p': 1, 'preparation__n_axes': 8, 'weights': 'distance'}",54.984515348569815,37.251998176014595,0.6154575043669892,2.7821533302319033,6.211452018519962,0.18511414527893066,resistance a la traction
k plus proches voisins,"{'n_neighbors': 1, 'p': 1, 'preparation__n_axes': 8, 'weights': 'uniform'}",54.984515348569815,37.251998176014595,0.6154575043669892,2.7821533302319033,6.211452018519962,0.17412710189819336,resistance a la traction
k plus proches voisins,"{'n_neighbors': 5, 'p': 2, 'preparation__n_axes': None, 'weights': 'uniform'}",55.02466437720718,36.23144870041039,0.6167482591374434,39.898362126576714,7.864533500862869,0.17420411109924316,resistance a la traction
k plus proches voisins,"{'n_neighbors': 2, 'p': 2, 'preparation__n_axes': 14, 'weights': 'uniform'}",55.09118395484164,36.348105905152764,0.6094475612111017,24.931426362093465,5.620313568165531,0.18992304801940918,resistance a la traction
k plus proches voisins,"{'n_neighbors': 7, 'p': 1, 'preparation__n_axes': None, 'weights': 'uniform'}",55.1147022249389,36.86730392156863,0.6149178811707984,43.59079712128882,6.728079815191463,0.17733097076416016,resistance a la traction
k plus proches voisins,"{'n_neighbors': 7, 'p': 2, 'preparation__n_axes': 8, 'weights': 'distance'}",55.13884329266241,35.580701944985925,0.6148678501596858,2.0084382053636203,7.445198574262772,0.16926026344299316,resistance a la traction
k plus proches voisins,"{'n_neighbors': 10, 'p': 2, 'preparation__n_axes': 14, 'weights': 'distance'}",55.1688236547504,35.77894181397971,0.6140076189066374,2.00843820539414,6.033409875606784,0.16324734687805176,resistance a la traction
k plus proches voisins,"{'n_neighbors': 5, 'p': 1, 'preparation__n_axes': 8, 'weights': 'distance'}",55.214305774184446,35.446089906042005,0.6132508589166332,2.0084382053376335,8.107051449252737,0.17226719856262207,resistance a la traction
k plus proches voisins,"{'n_neighbors': 1, 'p': 2, 'preparation__n_axes': 14, 'weights': 'distance'}",55.26849490429886,37.00654673962608,0.6101540825519531,2.7821533302319033,5.066512053010918,0.17917251586914062,resistance a la traction
k plus proches voisins,"{'n_neighbors': 1, 'p': 2, 'preparation__n_axes': 14, 'weights': 'uniform'}",55.26849490429886,37.00654673962608,0.6101540825519532,2.7821533302319033,5.066512053010919,0.16622447967529297,resistance a la traction
k plus proches voisins,"{'n_neighbors': 1, 'p': 1, 'preparation__n_axes': 14, 'weights': 'distance'}",55.387730115968495,36.783362745098046,0.6080024731250223,2.7821533302319033,5.588318336086779,0.18352532386779785,resistance a la traction
k plus proches voisins,"{'n_neighbors': 1, 'p': 1, 'preparation__n_axes': 14, 'weights': 'uniform'}",55.387730115968495,36.783362745098046,0.6080024731250223,2.7821533302319033,5.588318336086781,0.20968174934387207,resistance a la traction
k plus proches voisins,"{'n_neighbors': 1, 'p': 2, 'preparation__n_axes': 8, 'weights': 'uniform'}",55.41753316162614,36.847545371637025,0.6082921884477586,2.7821533302319033,6.131219013984164,0.19217991828918457,resistance a la traction
k plus proches voisins,"{'n_neighbors': 1, 'p': 2, 'preparation__n_axes': 8, 'weights': 'distance'}",55.41753316162614,36.847545371637025,0.6082921884477586,2.7821533302319033,6.131219013984163,0.15518784523010254,resistance a la traction
k plus proches voisins,"{'n_neighbors': 2, 'p': 1, 'preparation__n_axes': 14, 'weights': 'uniform'}",55.53395390504613,36.712874715002286,0.6043147302988096,25.977714525795534,5.816199621900611,0.16914701461791992,resistance a la traction
k plus proches voisins,"{'n_neighbors': 7, 'p': 1, 'preparation__n_axes': 8, 'weights': 'distance'}",55.64420857631984,35.72838705341096,0.6084232070984872,2.0084382053376335,8.422782706959827,0.1893024444580078,resistance a la traction
k plus proches voisins,"{'n_neighbors': 10, 'p': 1, 'preparation__n_axes': 14, 'weights': 'distance'}",55.81382751803276,36.028241563344615,0.6054850027354184,2.0084382053376335,6.7645501533412995,0.17825055122375488,resistance a la traction
k plus proches voisins,"{'n_neighbors': 3, 'p': 2, 'preparation__n_axes': 8, 'weights': 'uniform'}",55.86301582320757,37.320071591427265,0.6032300892192703,32.956008590439225,8.39485925280888,0.21296095848083496,resistance a la traction
k plus proches voisins,"{'n_neighbors': 20, 'p': 1, 'preparation__n_axes': None, 'weights': 'distance'}",56.219898099771356,37.89646172087797,0.6014207959184599,2.0084382053376335,5.675020742915821,0.19636940956115723,resistance a la traction
k plus proches voisins,"{'n_neighbors': 10, 'p': 1, 'preparation__n_axes': 8, 'weights': 'distance'}",56.51409020558778,36.18089566160138,0.5970360100359986,2.0084382053376335,7.684993835692603,0.20423221588134766,resistance a la traction
k plus proches voisins,"{'n_neighbors': 5, 'p': 2, 'preparation__n_axes': 14, 'weights': 'uniform'}",56.53654965093839,36.80315800273598,0.5936570626359113,41.175437398473356,7.3768544659836985,0.20714354515075684,resistance a la traction
k plus proches voisins,"{'n_neighbors': 3, 'p': 1, 'preparation__n_axes': 8, 'weights': 'uniform'}",56.72051773301278,37.756944824441405,0.5905007895988088,33.33284828128417,9.43585643559899,0.1717541217803955,resistance a la traction
k plus proches voisins,"{'n_neighbors': 15, 'p': 2, 'preparation__n_axes': None, 'weights': 'distance'}",56.76445074319681,38.59965390400828,0.5925205532229685,2.0084382053843077,5.496290991900712,0.17940735816955566,resistance a la traction
k plus proches voisins,"{'n_neighbors': 2, 'p': 1, 'preparation__n_axes': 8, 'weights': 'uniform'}",56.80399248570649,37.046283401732786,0.5919165718782802,25.73571757879165,8.283084926024543,0.153853178024292,resistance a la traction
k plus proches voisins,"{'n_neighbors': 7, 'p': 2, 'preparation__n_axes': None, 'weights': 'uniform'}",56.85936668216793,38.00252602436323,0.5912312987174057,45.40070731656412,6.8764189273119145,0.14372777938842773,resistance a la traction
k plus proches voisins,"{'n_neighbors': 10, 'p': 2, 'preparation__n_axes': 8, 'weights': 'distance'}",56.8806777938893,36.43581845702574,0.5903052594216701,2.0084382053841954,7.674867144792123,0.2028331756591797,resistance a la traction
k plus proches voisins,"{'n_neighbors': 15, 'p': 2, 'preparation__n_axes': 14, 'weights': 'distance'}",56.92019997984138,37.85022960064989,0.5896686604175487,2.008438205439398,5.331047772965522,0.16755151748657227,resistance a la traction
k plus proches voisins,"{'n_neighbors': 15, 'p': 1, 'preparation__n_axes': 14, 'weights': 'distance'}",57.00362994792873,37.88652586473354,0.5888603766954221,2.0084382053376335,5.862315027183469,0.2044847011566162,resistance a la traction
k plus proches voisins,"{'n_neighbors': 10, 'p': 1, 'preparation__n_axes': None, 'weights': 'uniform'}",57.289037727788255,39.286820816233465,0.5849524640467664,48.111674909175164,6.405293799893191,0.17145895957946777,resistance a la traction
k plus proches voisins,"{'n_neighbors': 5, 'p': 1, 'preparation__n_axes': 14, 'weights': 'uniform'}",57.501070116299935,37.904404787961695,0.5804283971489531,42.54853460813039,7.295767360102884,0.1981956958770752,resistance a la traction
k plus proches voisins,"{'n_neighbors': 5, 'p': 2, 'preparation__n_axes': 8, 'weights': 'uniform'}",57.77201908897497,38.107386502507985,0.5761833337156663,41.89744330422191,7.82718061934575,0.18792510032653809,resistance a la traction
k plus proches voisins,"{'n_neighbors': 7, 'p': 2, 'preparation__n_axes': 14, 'weights': 'uniform'}",58.39537465088265,38.53852110611687,0.5680524385790904,46.5347917068586,6.3809959677553865,0.16643023490905762,resistance a la traction
k plus proches voisins,"{'n_neighbors': 15, 'p': 1, 'preparation__n_axes': 8, 'weights': 'distance'}",58.625238115292724,38.60570480214518,0.5665308865756907,2.0084382053376335,6.858212371433654,0.21474242210388184,resistance a la traction
k plus proches voisins,"{'n_neighbors': 5, 'p': 1, 'preparation__n_axes': 8, 'weights': 'uniform'}",58.699948001657255,38.61214053807569,0.5632809916600595,41.55736833777494,8.347643935558953,0.17931628227233887,resistance a la traction
k plus proches voisins,"{'n_neighbors': 20, 'p': 2, 'preparation__n_axes': 14, 'weights': 'distance'}",58.70111982824424,40.09223310725162,0.563976286283186,2.0084382054951897,4.644170579912742,0.1928408145904541,resistance a la traction
k plus proches voisins,"{'n_neighbors': 15, 'p': 2, 'preparation__n_axes': 8, 'weights': 'distance'}",58.707745475788826,38.56580765656723,0.5641699941953255,2.0084382054317507,7.294599244645216,0.17797470092773438,resistance a la traction
k plus proches voisins,"{'n_neighbors': 7, 'p': 2, 'preparation__n_axes': 8, 'weights': 'uniform'}",58.78029312481468,38.95531730831867,0.5633180033345695,46.76657868779356,7.514744784786254,0.17107486724853516,resistance a la traction
k plus proches voisins,"{'n_neighbors': 20, 'p': 1, 'preparation__n_axes': 14, 'weights': 'distance'}",58.820420452540034,39.974654181551884,0.5618681765695708,2.0084382053376335,5.273020803557038,0.21136975288391113,resistance a la traction
k plus proches voisins,"{'n_neighbors': 20, 'p': 2, 'preparation__n_axes': None, 'weights': 'distance'}",58.898864798045295,40.91719311233156,0.5612856776044577,2.008438205414489,5.274120782072341,0.17866206169128418,resistance a la traction
k plus proches voisins,"{'n_neighbors': 7, 'p': 1, 'preparation__n_axes': 14, 'weights': 'uniform'}",59.020250535688945,39.074925737736955,0.5586908959903115,47.145490780303945,6.449658984552874,0.1783595085144043,resistance a la traction
k plus proches voisins,"{'n_neighbors': 7, 'p': 1, 'preparation__n_axes': 8, 'weights': 'uniform'}",59.27236556308672,38.958170542635656,0.5564284249402902,46.40340883031008,8.837476345694665,0.1688380241394043,resistance a la traction
k plus proches voisins,"{'n_neighbors': 10, 'p': 2, 'preparation__n_axes': None, 'weights': 'uniform'}",59.56402087364413,41.057580392156865,0.5515931040797174,50.338870315268636,6.642974436095292,0.1641690731048584,resistance a la traction
k plus proches voisins,"{'n_neighbors': 10, 'p': 2, 'preparation__n_axes': 14, 'weights': 'uniform'}",59.73641972867417,40.000357660738715,0.548448506678467,50.71229166209231,5.794258380973925,0.16555309295654297,resistance a la traction
k plus proches voisins,"{'n_neighbors': 15, 'p': 1, 'preparation__n_axes': None, 'weights': 'uniform'}",60.25532644610321,41.75212634138927,0.5422884660902959,53.92701036605282,5.765435687800291,0.18102478981018066,resistance a la traction
k plus proches voisins,"{'n_neighbors': 10, 'p': 1, 'preparation__n_axes': 14, 'weights': 'uniform'}",60.504818027214434,40.26858404012768,0.536998646299344,51.367790763869266,6.628431648672161,0.19357585906982422,resistance a la traction
k plus proches voisins,"{'n_neighbors': 30, 'p': 1, 'preparation__n_axes': None, 'weights': 'distance'}",60.561302813094485,41.732859806479766,0.5374819246545988,2.0084382053376335,5.574242134875251,0.17859148979187012,resistance a la traction
k plus proches voisins,"{'n_neighbors': 10, 'p': 1, 'preparation__n_axes': 8, 'weights': 'uniform'}",60.576301449690405,39.97952571819425,0.5377880536702031,50.985030576621526,7.896905128744849,0.1716597080230713,resistance a la traction
k plus proches voisins,"{'n_neighbors': 20, 'p': 1, 'preparation__n_axes': 8, 'weights': 'distance'}",60.588990293288624,40.550339942211544,0.5370126263163583,2.0084382053376335,6.407954632013081,0.22099876403808594,resistance a la traction
k plus proches voisins,"{'n_neighbors': 20, 'p': 2, 'preparation__n_axes': 8, 'weights': 'distance'}",60.81165287605743,40.83697420930497,0.5326149991644094,2.00843820549185,6.52031832721681,0.17942523956298828,resistance a la traction
k plus proches voisins,"{'n_neighbors': 10, 'p': 2, 'preparation__n_axes': 8, 'weights': 'uniform'}",60.938449390817915,40.29602895576835,0.5305518092465704,50.79794950954691,8.048522234524935,0.2108442783355713,resistance a la traction
k plus proches voisins,"{'n_neighbors': 30, 'p': 2, 'preparation__n_axes': 14, 'weights': 'distance'}",61.87731036561621,43.22510170857506,0.5159757787823094,2.008438205636988,4.848183185105846,0.17174649238586426,resistance a la traction
k plus proches voisins,"{'n_neighbors': 15, 'p': 2, 'preparation__n_axes': 14, 'weights': 'uniform'}",62.2674460057867,43.547201504787964,0.5095679747090874,55.89267815370721,4.802498907784315,0.17857718467712402,resistance a la traction
k plus proches voisins,"{'n_neighbors': 15, 'p': 1, 'preparation__n_axes': 14, 'weights': 'uniform'}",62.418420489222584,43.2735758625931,0.5073681377636861,56.06458218661603,5.248248688008817,0.2259993553161621,resistance a la traction
k plus proches voisins,"{'n_neighbors': 30, 'p': 1, 'preparation__n_axes': 14, 'weights': 'distance'}",62.44980499824423,43.35361540875605,0.5072871994128695,2.0084382053376335,5.05773761822214,0.20699453353881836,resistance a la traction
k plus proches voisins,"{'n_neighbors': 15, 'p': 2, 'preparation__n_axes': None, 'weights': 'uniform'}",62.56788609254481,44.44675307797538,0.505201229228805,55.77692104740531,4.962606229723688,0.1828327178955078,resistance a la traction
k plus proches voisins,"{'n_neighbors': 30, 'p': 2, 'preparation__n_axes': None, 'weights': 'distance'}",62.84523492623115,44.256524049115434,0.5015878606785754,2.0084382054930217,5.590171179408078,0.16930890083312988,resistance a la traction
k plus proches voisins,"{'n_neighbors': 20, 'p': 1, 'preparation__n_axes': None, 'weights': 'uniform'}",63.65249948912121,45.20854114227086,0.4886194022471372,58.90821205978693,5.433628263833306,0.1943354606628418,resistance a la traction
k plus proches voisins,"{'n_neighbors': 30, 'p': 2, 'preparation__n_axes': 8, 'weights': 'distance'}",63.82685868606038,43.6858021998612,0.4852386114265671,2.0084382056316645,6.113141792523192,0.1745319366455078,resistance a la traction
k plus proches voisins,"{'n_neighbors': 30, 'p': 1, 'preparation__n_axes': 8, 'weights': 'distance'}",63.858754975618865,43.70992715358743,0.48532862667470517,2.0084382053376335,5.706422470111478,0.19089913368225098,resistance a la traction
k plus proches voisins,"{'n_neighbors': 15, 'p': 1, 'preparation__n_axes': 8, 'weights': 'uniform'}",64.21591391631829,44.15683500531996,0.4801888590352224,56.63182439674606,6.727100830366858,0.1873607635498047,resistance a la traction
k plus proches voisins,"{'n_neighbors': 15, 'p': 2, 'preparation__n_axes': 8, 'weights': 'uniform'}",64.34120232445234,44.199220930232556,0.4770104922896369,56.53915821325357,7.4044074450494834,0.22059011459350586,resistance a la traction
k plus proches voisins,"{'n_neighbors': 20, 'p': 1, 'preparation__n_axes': 14, 'weights': 'uniform'}",64.75003655883259,45.93929638622891,0.4689182706224665,59.65045368938421,4.7161734288677515,0.1969907283782959,resistance a la traction
k plus proches voisins,"{'n_neighbors': 20, 'p': 2, 'preparation__n_axes': 14, 'weights': 'uniform'}",64.91530571668508,46.73067332421341,0.46639733302800035,59.37431865012336,4.300880874181316,0.19141364097595215,resistance a la traction
k plus proches voisins,"{'n_neighbors': 20, 'p': 2, 'preparation__n_axes': None, 'weights': 'uniform'}",65.04732418683943,47.32399733242134,0.4649307673958389,59.6932205156643,5.050955965135768,0.17720723152160645,resistance a la traction
k plus proches voisins,"{'n_neighbors': 50, 'p': 1, 'preparation__n_axes': None, 'weights': 'distance'}",66.41494030774987,46.626669537522595,0.44380933676774736,2.0084382053376335,6.062337010114824,0.19037461280822754,resistance a la traction
k plus proches voisins,"{'n_neighbors': 50, 'p': 2, 'preparation__n_axes': 14, 'weights': 'distance'}",66.58806293469426,46.79219684344157,0.4402725156506893,2.008438206050791,5.297171830679317,0.17628931999206543,resistance a la traction
k plus proches voisins,"{'n_neighbors': 20, 'p': 1, 'preparation__n_axes': 8, 'weights': 'uniform'}",66.99877668065353,46.81986395348837,0.43375883017341155,60.630865800804145,6.454241353624921,0.2047724723815918,resistance a la traction
k plus proches voisins,"{'n_neighbors': 20, 'p': 2, 'preparation__n_axes': 8, 'weights': 'uniform'}",67.25194983997805,47.083818342453256,0.42841664359326004,59.97276425883091,6.4123437687668075,0.18915081024169922,resistance a la traction
k plus proches voisins,"{'n_neighbors': 50, 'p': 2, 'preparation__n_axes': 8, 'weights': 'distance'}",67.32926152414693,46.604566584738976,0.4272251168924951,2.0084382060231762,5.611719986399295,0.17963624000549316,resistance a la traction
k plus proches voisins,"{'n_neighbors': 50, 'p': 1, 'preparation__n_axes': 14, 'weights': 'distance'}",67.4002522702873,47.64802638936192,0.42573717062604455,2.0084382053376335,4.793930995429985,0.1811237335205078,resistance a la traction
k plus proches voisins,"{'n_neighbors': 50, 'p': 2, 'preparation__n_axes': None, 'weights': 'distance'}",67.94444751644939,48.13664551387522,0.41705056020135445,2.0084382057337775,5.268010856070631,0.17430424690246582,resistance a la traction
k plus proches voisins,"{'n_neighbors': 30, 'p': 2, 'preparation__n_axes': 14, 'weights': 'uniform'}",68.17603300248138,49.52686972184223,0.4122488942530499,64.2721521763353,4.9084022792069675,0.1894669532775879,resistance a la traction
k plus proches voisins,"{'n_neighbors': 50, 'p': 1, 'preparation__n_axes': 8, 'weights': 'distance'}",68.87027834322903,47.93083872094088,0.4009402586166848,2.0084382053376335,5.662788568561416,0.20141983032226562,resistance a la traction
k plus proches voisins,"{'n_neighbors': 30, 'p': 1, 'preparation__n_axes': 14, 'weights': 'uniform'}",69.12754451981743,49.99265658914729,0.39578330560599345,65.10227506218018,4.879078529614152,0.21946239471435547,resistance a la traction
k plus proches voisins,"{'n_neighbors': 30, 'p': 2, 'preparation__n_axes': None, 'weights': 'uniform'}",69.1323609973904,50.36565736434109,0.3969351212469461,65.4245646494073,5.664072724314896,0.1609494686126709,resistance a la traction
k plus proches voisins,"{'n_neighbors': 30, 'p': 1, 'preparation__n_axes': None, 'weights': 'uniform'}",69.61288592561347,50.2907921112631,0.3884092992581363,66.1377366503409,6.294335339463721,0.20937657356262207,resistance a la traction
k plus proches voisins,"{'n_neighbors': 30, 'p': 2, 'preparation__n_axes': 8, 'weights': 'uniform'}",70.54988371732607,49.87305202918377,0.37092956080026235,64.87327135249012,6.089919313566329,0.16859698295593262,resistance a la traction
k plus proches voisins,"{'n_neighbors': 30, 'p': 1, 'preparation__n_axes': 8, 'weights': 'uniform'}",70.98850869200058,50.572075072199425,0.363186371732796,66.14671799526124,5.742435704906872,0.16685700416564941,resistance a la traction
k plus proches voisins,"{'n_neighbors': 50, 'p': 2, 'preparation__n_axes': 14, 'weights': 'uniform'}",72.73081111914914,52.45422128590972,0.3318549744972207,70.56665443774291,5.580735957063519,0.17350220680236816,resistance a la traction
k plus proches voisins,"{'n_neighbors': 50, 'p': 2, 'preparation__n_axes': None, 'weights': 'uniform'}",73.77938334845018,53.544481723666216,0.312286893988332,71.68614722664508,5.398714945981804,0.1672365665435791,resistance a la traction
k plus proches voisins,"{'n_neighbors': 50, 'p': 2, 'preparation__n_axes': 8, 'weights': 'uniform'}",73.8877118274145,52.552687222982215,0.30989721118224434,70.76834391048146,5.834027757453004,0.1894519329071045,resistance a la traction
k plus proches voisins,"{'n_neighbors': 50, 'p': 1, 'preparation__n_axes': 14, 'weights': 'uniform'}",74.13215952462261,53.90677718194254,0.30457743180754077,72.80536635986735,4.845685328110024,0.2047128677368164,resistance a la traction
k plus proches voisins,"{'n_neighbors': 50, 'p': 1, 'preparation__n_axes': None, 'weights': 'uniform'}",76.23854412564397,55.094801012311905,0.26674197441485026,74.13984882630483,6.968258974655708,0.18172287940979004,resistance a la traction
k plus proches voisins,"{'n_neighbors': 50, 'p': 1, 'preparation__n_axes': 8, 'weights': 'uniform'}",76.68369720664869,54.915166385772906,0.256815949793102,73.07136358541959,5.843174085964924,0.18772172927856445,resistance a la traction
Bagging,"{'estimator__min_samples_leaf': 1, 'max_samples': 1.0, 'n_estimators': 50}",44.042372089257526,29.783903925621935,0.7528176304256142,14.354289725140777,4.9754203930110705,0.777888298034668,resistance a la traction
Bagging,"{'estimator__min_samples_leaf': 1, 'max_samples': 1.0, 'n_estimators': 100}",44.619676210616596,30.054795409871964,0.746498364184528,14.098213765228289,5.133621392927243,1.2769129276275635,resistance a la traction
Bagging,"{'estimator__min_samples_leaf': 1, 'max_samples': 1.0, 'n_estimators': 250}",44.995684762771624,30.15882344128853,0.742055119079495,13.779657719414677,4.981674651723616,2.4963364601135254,resistance a la traction
Bagging,"{'estimator__min_samples_leaf': 1, 'max_samples': 1.0, 'n_estimators': 500}",45.1449928529711,30.18231138408283,0.740273911937761,13.78430962442587,4.958937531310071,4.646881341934204,resistance a la traction
Bagging,"{'estimator__min_samples_leaf': 1, 'max_samples': 0.8, 'n_estimators': 500}",45.17187192017161,30.44732950402797,0.7403018952985263,17.061192494010946,4.679685202055729,4.59791374206543,resistance a la traction
Bagging,"{'estimator__min_samples_leaf': 1, 'max_samples': 0.8, 'n_estimators': 250}",45.345598849771854,30.65724647501792,0.7382936758698403,17.1129625856309,4.416879286069938,2.390490770339966,resistance a la traction
Bagging,"{'estimator__min_samples_leaf': 1, 'max_samples': 0.8, 'n_estimators': 50}",45.42202771005225,30.99290995500836,0.7377104264514024,17.80012532784951,4.352951963922717,1.0717885494232178,resistance a la traction
Bagging,"{'estimator__min_samples_leaf': 1, 'max_samples': 0.8, 'n_estimators': 100}",45.55106878943245,30.917846065077192,0.7364915348812573,17.525392735553513,4.356132916291378,1.251887321472168,resistance a la traction
Bagging,"{'estimator__min_samples_leaf': 2, 'max_samples': 1.0, 'n_estimators': 100}",45.90577478782844,30.875035232897876,0.7299017919029297,20.062182667064786,5.438052598718823,1.2363760471343994,resistance a la traction
Bagging,"{'estimator__min_samples_leaf': 1, 'max_samples': 0.65, 'n_estimators': 100}",45.94057989189743,31.45652630968666,0.7320045620627135,20.97425396745581,4.8136442575170415,1.1979413032531738,resistance a la traction
Bagging,"{'estimator__min_samples_leaf': 2, 'max_samples': 1.0, 'n_estimators': 500}",46.08076367428618,30.899922114881615,0.7274770852832937,19.8445260112565,5.373707581946537,3.983323812484741,resistance a la traction
Bagging,"{'estimator__min_samples_leaf': 2, 'max_samples': 1.0, 'n_estimators': 50}",46.10957740050523,31.17044930272069,0.7281030058174778,20.383173549393867,5.251982068876359,0.8466260433197021,resistance a la traction
Bagging,"{'estimator__min_samples_leaf': 2, 'max_samples': 1.0, 'n_estimators': 250}",46.11598183514663,30.900885790468966,0.7271866347253925,19.84909375777884,5.248616178513959,2.2950096130371094,resistance a la traction
Bagging,"{'estimator__min_samples_leaf': 1, 'max_samples': 0.5, 'n_estimators': 100}",46.604777770369594,32.00765618797907,0.7242041481806799,25.026758879624815,4.8801745152146205,1.2449285984039307,resistance a la traction
Bagging,"{'estimator__min_samples_leaf': 2, 'max_samples': 0.8, 'n_estimators': 100}",46.76381067213257,31.64593801353858,0.7197925568839129,22.792347606149907,4.743089659804705,1.1865668296813965,resistance a la traction
Bagging,"{'estimator__min_samples_leaf': 2, 'max_samples': 0.65, 'n_estimators': 100}",46.81626225197492,32.117122505160715,0.7198171012003172,25.58025272163037,5.272763197815354,1.07774019241333,resistance a la traction
Bagging,"{'estimator__min_samples_leaf': 2, 'max_samples': 0.5, 'n_estimators': 100}",47.51097625204406,33.077931693462155,0.7129963240743091,29.426768077789,4.700710907918291,1.077263355255127,resistance a la traction
Bagging,"{'estimator__min_samples_leaf': 5, 'max_samples': 1.0, 'n_estimators': 100}",49.964508862276624,33.96223763029644,0.682789796949482,31.557282390757667,5.331240685290226,1.1213171482086182,resistance a la traction
Bagging,"{'estimator__min_samples_leaf': 5, 'max_samples': 0.8, 'n_estimators': 100}",51.13351573469984,34.96585123818905,0.6683551371444023,33.90339492232476,4.955420191556531,0.9682803153991699,resistance a la traction
Bagging,"{'estimator__min_samples_leaf': 5, 'max_samples': 0.65, 'n_estimators': 100}",52.102862047927246,36.09516106771217,0.655495233759963,36.56723740766526,4.839607562646897,1.0635051727294922,resistance a la traction
Bagging,"{'estimator__min_samples_leaf': 5, 'max_samples': 0.5, 'n_estimators': 100}",53.35867142664669,37.49071082174891,0.6384609381751496,39.998784343083955,4.55347670027718,0.9799013137817383,resistance a la traction
Bagging,"{'estimator__min_samples_leaf': 10, 'max_samples': 1.0, 'n_estimators': 100}",56.07258528021326,39.58097290211031,0.5996480035581138,42.634732702405884,4.151997252787512,0.9545109272003174,resistance a la traction
Bagging,"{'estimator__min_samples_leaf': 10, 'max_samples': 0.8, 'n_estimators': 100}",56.93788548540332,40.46704738268365,0.5880914593135824,44.82561363692702,4.259539897021831,0.9358205795288086,resistance a la traction
Bagging,"{'estimator__min_samples_leaf': 10, 'max_samples': 0.65, 'n_estimators': 100}",58.129157110099946,41.47794062093012,0.5702380070977306,46.84408822234373,4.038667471901144,0.9021449089050293,resistance a la traction
Bagging,"{'estimator__min_samples_leaf': 10, 'max_samples': 0.5, 'n_estimators': 100}",58.84650329601548,42.56078144228026,0.561031576183343,49.992135334790724,4.493558566310641,0.8900284767150879,resistance a la traction
Forêt aleatoire,"{'max_depth': None, 'max_features': 0.5, 'min_samples_leaf': 1, 'n_estimators': 250}",43.65496017276075,29.62969160029188,0.7587323600967697,13.736129012068053,6.275698170278989,1.963350772857666,resistance a la traction
Forêt aleatoire,"{'max_depth': None, 'max_features': 0.5, 'min_samples_leaf': 1, 'n_estimators': 500}",43.716725093053135,29.63597878473256,0.7580736241663384,13.806966502961988,6.333637414861935,3.640697956085205,resistance a la traction
Forêt aleatoire,"{'max_depth': 20, 'max_features': 0.25, 'min_samples_leaf': 1, 'n_estimators': 50}",43.77436167721807,29.518027481838697,0.7572668554300133,14.975226176790226,7.085314419078119,0.7311079502105713,resistance a la traction
Forêt aleatoire,"{'max_depth': None, 'max_features': 0.5, 'min_samples_leaf': 1, 'n_estimators': 100}",43.95905637161865,30.02280150478797,0.7552333131223703,14.118088004645845,6.020358504116414,1.0316331386566162,resistance a la traction
Forêt aleatoire,"{'max_depth': 20, 'max_features': 0.25, 'min_samples_leaf': 1, 'n_estimators': 500}",44.120734533278714,29.871624782087697,0.7535191076171062,14.239931759977017,6.5421011040933355,3.1343016624450684,resistance a la traction
Forêt aleatoire,"{'max_depth': 20, 'max_features': 0.25, 'min_samples_leaf': 1, 'n_estimators': 250}",44.12577740469749,29.935715810353702,0.7535753671648042,14.210499450852973,6.533553999615718,1.7946698665618896,resistance a la traction
Forêt aleatoire,"{'max_depth': 20, 'max_features': 0.25, 'min_samples_leaf': 1, 'n_estimators': 100}",44.16291162388091,29.91462325642517,0.7532115507263316,14.691652420411993,6.848073684536291,0.9039349555969238,resistance a la traction
Forêt aleatoire,"{'max_depth': None, 'max_features': 0.5, 'min_samples_leaf': 1, 'n_estimators': 50}",44.16730605079907,30.20320771448114,0.7527758833703804,14.388477184019024,5.867693279328261,0.7660107612609863,resistance a la traction
Forêt aleatoire,"{'max_depth': None, 'max_features': 0.75, 'min_samples_leaf': 1, 'n_estimators': 500}",44.26878827413659,29.708019374438386,0.7514905952345758,13.70543233178945,5.6602012261433154,3.5599138736724854,resistance a la traction
Forêt aleatoire,"{'max_depth': None, 'max_features': 0.75, 'min_samples_leaf': 1, 'n_estimators': 100}",44.297799070017014,29.76899620733302,0.751416211017474,14.10026614744513,5.219433149670869,1.0315968990325928,resistance a la traction
Forêt aleatoire,"{'max_depth': None, 'max_features': 0.75, 'min_samples_leaf': 1, 'n_estimators': 250}",44.33110190045426,29.71310285487582,0.7507881669932692,13.70368733579377,5.736766465859048,1.9943571090698242,resistance a la traction
Forêt aleatoire,"{'max_depth': None, 'max_features': 0.75, 'min_samples_leaf': 1, 'n_estimators': 50}",44.37641129647618,29.964574079430225,0.7500836631880548,14.467853442958141,5.373885414122865,0.7161743640899658,resistance a la traction
Forêt aleatoire,"{'max_depth': None, 'max_features': 0.25, 'min_samples_leaf': 1, 'n_estimators': 100}",44.44793316513538,30.081492738024252,0.7501561304269224,14.669467929881339,6.529767560587434,0.8974635601043701,resistance a la traction
Forêt aleatoire,"{'max_depth': 12, 'max_features': 0.5, 'min_samples_leaf': 1, 'n_estimators': 100}",44.5324311550405,30.908666443802645,0.7493376417622531,16.81491398487891,6.279010518898303,1.168823480606079,resistance a la traction
Forêt aleatoire,"{'max_depth': 20, 'max_features': 0.5, 'min_samples_leaf': 1, 'n_estimators': 100}",44.67113538273159,30.354377639601335,0.7472393983205847,14.19626502123666,6.211425871641879,0.946502685546875,resistance a la traction
Forêt aleatoire,"{'max_depth': 20, 'max_features': 0.75, 'min_samples_leaf': 1, 'n_estimators': 100}",44.712034941335766,30.070425312024405,0.7472389561337458,14.060145908044671,5.179344411703384,1.0630652904510498,resistance a la traction
Forêt aleatoire,"{'max_depth': 20, 'max_features': 0.5, 'min_samples_leaf': 2, 'n_estimators': 100}",44.73082846071817,30.664919289080796,0.74621905652036,21.15575838609171,6.478975762746203,0.8892223834991455,resistance a la traction
Forêt aleatoire,"{'max_depth': None, 'max_features': 1.0, 'min_samples_leaf': 1, 'n_estimators': 100}",44.743470276117975,29.992234871227346,0.7452539018052711,14.027731184587239,4.98354819459504,1.0768663883209229,resistance a la traction
Forêt aleatoire,"{'max_depth': None, 'max_features': 0.75, 'min_samples_leaf': 2, 'n_estimators': 100}",44.840462862061266,30.640608315594346,0.7440351168153579,20.240449179142807,5.386217560771639,0.9966733455657959,resistance a la traction
Forêt aleatoire,"{'max_depth': 20, 'max_features': 0.75, 'min_samples_leaf': 2, 'n_estimators': 100}",44.89071808238545,30.600833554710526,0.7433112329954726,20.280781502673026,5.419668041136515,1.059983491897583,resistance a la traction
Forêt aleatoire,"{'max_depth': None, 'max_features': 0.5, 'min_samples_leaf': 2, 'n_estimators': 100}",44.89552183674412,30.731174799336486,0.7442160977790687,21.184113165942623,6.463589109460344,0.935922384262085,resistance a la traction
Forêt aleatoire,"{'max_depth': 12, 'max_features': 0.75, 'min_samples_leaf': 1, 'n_estimators': 100}",45.03493939886148,30.960852025524797,0.743267133119809,16.30299286363401,5.303554366596037,1.4879286289215088,resistance a la traction
Forêt aleatoire,"{'max_depth': 20, 'max_features': 1.0, 'min_samples_leaf': 1, 'n_estimators': 100}",45.06307271148216,30.164832805952692,0.7413454761740853,14.056790325235454,5.098515410257929,1.0647087097167969,resistance a la traction
Forêt aleatoire,"{'max_depth': 12, 'max_features': 0.5, 'min_samples_leaf': 2, 'n_estimators': 100}",45.26011098229452,31.721608137504944,0.7401535480603667,22.527747271891617,6.670937037026892,1.0565052032470703,resistance a la traction
Forêt aleatoire,"{'max_depth': 12, 'max_features': 0.25, 'min_samples_leaf': 1, 'n_estimators': 100}",45.2889753959582,31.330134140087658,0.7407164840055106,17.871476571136192,6.393486305049546,1.0908074378967285,resistance a la traction
Forêt aleatoire,"{'max_depth': 12, 'max_features': 1.0, 'min_samples_leaf': 1, 'n_estimators': 100}",45.49912104018132,31.041798210974314,0.736283165117687,16.22286797121519,5.202251820269473,1.0750484466552734,resistance a la traction
Forêt aleatoire,"{'max_depth': 12, 'max_features': 0.75, 'min_samples_leaf': 2, 'n_estimators': 100}",45.55303308840199,31.277959862070286,0.7358429152441788,21.701559734485024,5.309680463082932,1.0087122917175293,resistance a la traction
Forêt aleatoire,"{'max_depth': 20, 'max_features': 1.0, 'min_samples_leaf': 2, 'n_estimators': 100}",45.691108628325495,30.835831098785413,0.7324302370859209,20.030203855694065,5.31025911102108,1.0950450897216797,resistance a la traction
Forêt aleatoire,"{'max_depth': None, 'max_features': 1.0, 'min_samples_leaf': 2, 'n_estimators': 100}",45.746131330939406,30.84680329314462,0.7316545469416088,20.005853972900695,5.363221263496091,1.0297260284423828,resistance a la traction
Forêt aleatoire,"{'max_depth': 12, 'max_features': 1.0, 'min_samples_leaf': 2, 'n_estimators': 100}",46.04456641551198,31.32185497255344,0.728300831140018,21.23238574266322,5.468563130743577,1.029137372970581,resistance a la traction
Forêt aleatoire,"{'max_depth': 20, 'max_features': 0.25, 'min_samples_leaf': 2, 'n_estimators': 100}",46.14340345971196,31.80475533463371,0.7304449942190987,23.41477766223206,7.199451889015556,0.886284351348877,resistance a la traction
Forêt aleatoire,"{'max_depth': None, 'max_features': 0.25, 'min_samples_leaf': 2, 'n_estimators': 100}",46.300470149688685,31.91694229069419,0.7286947383665955,23.49819979532481,7.167946334040204,0.8847124576568604,resistance a la traction
Forêt aleatoire,"{'max_depth': 12, 'max_features': 0.25, 'min_samples_leaf': 2, 'n_estimators': 100}",46.60505509350183,32.31682956888007,0.725493405687262,24.810536582110863,6.556664429769405,1.093592882156372,resistance a la traction
Forêt aleatoire,"{'max_depth': 8, 'max_features': 0.5, 'min_samples_leaf': 1, 'n_estimators': 100}",47.263276501216815,33.83521196948025,0.7172064605462153,24.687598402006802,5.7569022554159295,1.0771374702453613,resistance a la traction
Forêt aleatoire,"{'max_depth': 8, 'max_features': 0.5, 'min_samples_leaf': 2, 'n_estimators': 100}",47.29017425408847,33.91019110410663,0.7160695834261229,27.973047547605944,7.15311699682071,1.2789483070373535,resistance a la traction
Forêt aleatoire,"{'max_depth': 8, 'max_features': 0.75, 'min_samples_leaf': 1, 'n_estimators': 100}",47.34544006685194,33.74201366251814,0.7157154072138036,24.06094909090295,5.716707608623597,1.1272854804992676,resistance a la traction
Forêt aleatoire,"{'max_depth': 8, 'max_features': 0.75, 'min_samples_leaf': 2, 'n_estimators': 100}",47.55307418994014,33.81404478557118,0.7110928091958859,27.077803730208736,5.955558281121617,1.1775109767913818,resistance a la traction
Forêt aleatoire,"{'max_depth': 8, 'max_features': 1.0, 'min_samples_leaf': 1, 'n_estimators': 100}",47.97156517542814,34.019985791062524,0.7063250326480095,23.763188134018712,5.536018132101978,1.1712040901184082,resistance a la traction
Forêt aleatoire,"{'max_depth': 8, 'max_features': 0.25, 'min_samples_leaf': 1, 'n_estimators': 100}",48.055158983389994,34.2728070813695,0.7076064578762741,26.484296770465864,6.567530040657337,1.0967013835906982,resistance a la traction
Forêt aleatoire,"{'max_depth': 8, 'max_features': 1.0, 'min_samples_leaf': 2, 'n_estimators': 100}",48.11666493131937,33.843907563457044,0.7025708546567178,26.800002650336143,5.7734448627811386,1.2791216373443604,resistance a la traction
Forêt aleatoire,"{'max_depth': 8, 'max_features': 0.25, 'min_samples_leaf': 2, 'n_estimators': 100}",48.263737951499834,34.578479228193956,0.7051892117112716,30.584010364311286,6.77340513001804,1.0458440780639648,resistance a la traction
Forêt aleatoire,"{'max_depth': None, 'max_features': 0.75, 'min_samples_leaf': 5, 'n_estimators': 100}",48.81612134739645,33.788678265446656,0.6983717340184027,31.64618309899695,5.951766403352561,0.9372086524963379,resistance a la traction
Forêt aleatoire,"{'max_depth': 20, 'max_features': 0.75, 'min_samples_leaf': 5, 'n_estimators': 100}",48.816121347396454,33.78867826544666,0.6983717340184027,31.646183098996943,5.951766403352566,1.0113487243652344,resistance a la traction
Forêt aleatoire,"{'max_depth': 12, 'max_features': 0.75, 'min_samples_leaf': 5, 'n_estimators': 100}",49.002137089183336,33.908779233464266,0.696006550509616,31.86016529102117,5.621705559568572,0.980459451675415,resistance a la traction
Forêt aleatoire,"{'max_depth': 20, 'max_features': 0.5, 'min_samples_leaf': 5, 'n_estimators': 100}",49.21332928752686,33.99062553840446,0.6938518931216813,32.80139606421362,6.672183796482507,0.8549864292144775,resistance a la traction
Forêt aleatoire,"{'max_depth': None, 'max_features': 0.5, 'min_samples_leaf': 5, 'n_estimators': 100}",49.21332928752686,33.99062553840446,0.6938518931216813,32.80139606421362,6.67218379648251,0.9202883243560791,resistance a la traction
Forêt aleatoire,"{'max_depth': 12, 'max_features': 0.5, 'min_samples_leaf': 5, 'n_estimators': 100}",49.515734613558635,34.159501311266446,0.6897865201698996,32.93248730677864,6.62420927134634,1.0435445308685303,resistance a la traction
Forêt aleatoire,"{'max_depth': 20, 'max_features': 1.0, 'min_samples_leaf': 5, 'n_estimators': 100}",49.893368177141426,33.924759378328325,0.6838038523781166,31.54909912840713,5.32287888831015,1.0081617832183838,resistance a la traction
Forêt aleatoire,"{'max_depth': None, 'max_features': 1.0, 'min_samples_leaf': 5, 'n_estimators': 100}",49.893368177141426,33.924759378328325,0.6838038523781166,31.549099128407125,5.322878888310158,1.0120346546173096,resistance a la traction
Forêt aleatoire,"{'max_depth': 12, 'max_features': 0.25, 'min_samples_leaf': 5, 'n_estimators': 100}",49.9694282101338,35.22822555274122,0.6853630724578301,35.87552843763609,6.731712755196912,1.0954723358154297,resistance a la traction
Forêt aleatoire,"{'max_depth': 12, 'max_features': 1.0, 'min_samples_leaf': 5, 'n_estimators': 100}",49.980537054813226,33.99551647388476,0.6826751707783055,31.72192154249604,5.359778455953432,0.9532537460327148,resistance a la traction
Forêt aleatoire,"{'max_depth': 6, 'max_features': 0.75, 'min_samples_leaf': 2, 'n_estimators': 100}",50.097429198815384,36.93104990593956,0.6796199278832069,33.42406449023309,5.8669759554583045,1.0570886135101318,resistance a la traction
Forêt aleatoire,"{'max_depth': None, 'max_features': 0.25, 'min_samples_leaf': 5, 'n_estimators': 100}",50.1587456379538,35.232528771646265,0.682816010145699,35.590594622694745,6.522446694991581,0.8590972423553467,resistance a la traction
Forêt aleatoire,"{'max_depth': 20, 'max_features': 0.25, 'min_samples_leaf': 5, 'n_estimators': 100}",50.162408142325866,35.23368681207073,0.6827587912261748,35.574603195953436,6.522329651939567,0.8274409770965576,resistance a la traction
Forêt aleatoire,"{'max_depth': 6, 'max_features': 0.5, 'min_samples_leaf': 2, 'n_estimators': 100}",50.175527269360096,36.7368521568508,0.6803872979181487,34.193973182119436,6.492521502513823,1.079972743988037,resistance a la traction
Forêt aleatoire,"{'max_depth': 6, 'max_features': 0.5, 'min_samples_leaf': 1, 'n_estimators': 100}",50.27291524432494,36.928308019994894,0.6793350845967208,32.02698007595741,6.436882654593891,1.0560619831085205,resistance a la traction
Forêt aleatoire,"{'max_depth': 8, 'max_features': 0.75, 'min_samples_leaf': 5, 'n_estimators': 100}",50.29002704167921,35.38746518519096,0.6799617651759986,34.322854111077596,5.858208085421159,1.1377501487731934,resistance a la traction
Forêt aleatoire,"{'max_depth': 6, 'max_features': 0.75, 'min_samples_leaf': 1, 'n_estimators': 100}",50.293787685124194,37.10836887595154,0.6788043857649961,31.41133041401303,5.416291320621201,1.2487738132476807,resistance a la traction
Forêt aleatoire,"{'max_depth': 8, 'max_features': 0.5, 'min_samples_leaf': 5, 'n_estimators': 100}",50.32317731022392,35.69175739272159,0.6795072509146933,35.44803637349473,6.143526348910509,1.3068020343780518,resistance a la traction
Forêt aleatoire,"{'max_depth': 6, 'max_features': 1.0, 'min_samples_leaf': 1, 'n_estimators': 100}",50.66857519404568,37.15669249085538,0.6723751302563336,31.235217149081517,5.430164257712323,1.0652341842651367,resistance a la traction
Forêt aleatoire,"{'max_depth': 6, 'max_features': 1.0, 'min_samples_leaf': 2, 'n_estimators': 100}",50.74410699556719,36.93000639125829,0.6696716674041946,33.19976677055556,5.6661802012794436,1.0586881637573242,resistance a la traction
Forêt aleatoire,"{'max_depth': 8, 'max_features': 1.0, 'min_samples_leaf': 5, 'n_estimators': 100}",50.82516330897729,35.14079929375618,0.6716247492072646,34.00925388861778,5.293454249137882,1.1384990215301514,resistance a la traction
Forêt aleatoire,"{'max_depth': 8, 'max_features': 0.25, 'min_samples_leaf': 5, 'n_estimators': 100}",51.37446257891774,36.77874607064189,0.6668092093680714,38.20280940918471,6.693202183144938,1.0617005825042725,resistance a la traction
Forêt aleatoire,"{'max_depth': 6, 'max_features': 0.25, 'min_samples_leaf': 1, 'n_estimators': 100}",51.5232405841182,37.63957665913988,0.6646575716470816,34.44985353958087,5.999334464305128,1.274230718612671,resistance a la traction
Forêt aleatoire,"{'max_depth': 6, 'max_features': 0.25, 'min_samples_leaf': 2, 'n_estimators': 100}",51.76449047315,37.94779694132664,0.6612136122192983,37.04345839422813,6.05755541026663,1.2036774158477783,resistance a la traction
Forêt aleatoire,"{'max_depth': 6, 'max_features': 0.75, 'min_samples_leaf': 5, 'n_estimators': 100}",51.983726992926506,37.500483727730014,0.6572509522460844,38.1692012963982,5.750929639962357,1.083263635635376,resistance a la traction
Forêt aleatoire,"{'max_depth': 6, 'max_features': 0.5, 'min_samples_leaf': 5, 'n_estimators': 100}",52.57882110502588,38.15955809080715,0.6502296481799632,39.16045725916492,5.975480284231733,1.1089575290679932,resistance a la traction
Forêt aleatoire,"{'max_depth': 6, 'max_features': 1.0, 'min_samples_leaf': 5, 'n_estimators': 100}",52.77678240492094,37.67800163803269,0.6455987497778765,37.778854848477614,5.238125056148305,1.1368861198425293,resistance a la traction
Forêt aleatoire,"{'max_depth': 6, 'max_features': 0.25, 'min_samples_leaf': 5, 'n_estimators': 100}",53.33924185983758,38.788893020197605,0.6413155523985308,42.193298123313625,6.182798153383028,1.0570740699768066,resistance a la traction
Forêt aleatoire,"{'max_depth': 12, 'max_features': 0.5, 'min_samples_leaf': 10, 'n_estimators': 100}",54.68101698861766,39.17184778436858,0.6225963716463087,43.3302013843105,5.223025004218609,1.088404893875122,resistance a la traction
Forêt aleatoire,"{'max_depth': 20, 'max_features': 0.5, 'min_samples_leaf': 10, 'n_estimators': 100}",54.74129634636165,39.21132786305523,0.6217530709903928,43.34738578348515,5.17917894298677,0.8754158020019531,resistance a la traction
Forêt aleatoire,"{'max_depth': None, 'max_features': 0.5, 'min_samples_leaf': 10, 'n_estimators': 100}",54.74129634636165,39.211327863055224,0.6217530709903926,43.34738578348515,5.1791789429867725,0.8738720417022705,resistance a la traction
Forêt aleatoire,"{'max_depth': 20, 'max_features': 0.75, 'min_samples_leaf': 10, 'n_estimators': 100}",55.04481910650992,38.82106884241115,0.6161733909173975,42.631359453976614,4.768455404126091,1.1036312580108643,resistance a la traction
Forêt aleatoire,"{'max_depth': None, 'max_features': 0.75, 'min_samples_leaf': 10, 'n_estimators': 100}",55.044819106509934,38.82106884241116,0.6161733909173975,42.63135945397661,4.768455404126088,0.9332668781280518,resistance a la traction
Forêt aleatoire,"{'max_depth': 12, 'max_features': 0.75, 'min_samples_leaf': 10, 'n_estimators': 100}",55.05855200590143,38.84601039598905,0.6159841953497882,42.64288623919461,4.739583650757012,0.8850774765014648,resistance a la traction
Forêt aleatoire,"{'max_depth': 4, 'max_features': 0.5, 'min_samples_leaf': 2, 'n_estimators': 100}",55.24500452033654,41.778397011546346,0.6130733754026165,44.06345358836847,5.411993708846596,1.0771701335906982,resistance a la traction
Forêt aleatoire,"{'max_depth': 8, 'max_features': 0.5, 'min_samples_leaf': 10, 'n_estimators': 100}",55.338883161386526,39.59042004571966,0.613309250566108,43.90244466682408,5.373539373670693,1.0732543468475342,resistance a la traction
Forêt aleatoire,"{'max_depth': 8, 'max_features': 0.75, 'min_samples_leaf': 10, 'n_estimators': 100}",55.34520670269467,39.25680172494931,0.6121018309404549,43.14059800663791,4.797857046545131,1.1686103343963623,resistance a la traction
Forêt aleatoire,"{'max_depth': 4, 'max_features': 0.5, 'min_samples_leaf': 1, 'n_estimators': 100}",55.49885492926588,42.06843498745651,0.6102446545464911,43.146135068047144,5.488563112730476,1.0683319568634033,resistance a la traction
Forêt aleatoire,"{'max_depth': None, 'max_features': 0.25, 'min_samples_leaf': 10, 'n_estimators': 100}",55.60356113602315,39.92289428586116,0.6106228603242154,46.080343392740744,6.1358397975056285,0.8712172508239746,resistance a la traction
Forêt aleatoire,"{'max_depth': 20, 'max_features': 0.25, 'min_samples_leaf': 10, 'n_estimators': 100}",55.60356113602315,39.922894285861155,0.6106228603242154,46.08034339274076,6.135839797505634,0.8770811557769775,resistance a la traction
Forêt aleatoire,"{'max_depth': 12, 'max_features': 0.25, 'min_samples_leaf': 10, 'n_estimators': 100}",55.60828713951457,39.94965192482982,0.6105526128906252,46.114631485984646,6.12265175630116,1.1610450744628906,resistance a la traction
Forêt aleatoire,"{'max_depth': 4, 'max_features': 0.75, 'min_samples_leaf': 2, 'n_estimators': 100}",55.69226798059365,42.09786310390844,0.6050896011099194,43.174774392594074,4.5390583182935265,1.0744760036468506,resistance a la traction
Forêt aleatoire,"{'max_depth': 4, 'max_features': 0.75, 'min_samples_leaf': 1, 'n_estimators': 100}",55.738750115732884,42.25514413441983,0.60511999428792,42.304292720503476,4.273399107826067,1.0605683326721191,resistance a la traction
Forêt aleatoire,"{'max_depth': 6, 'max_features': 0.75, 'min_samples_leaf': 10, 'n_estimators': 100}",56.03144630004594,40.226249260939234,0.6027683734031657,44.61862253124671,4.843075510950966,1.0726256370544434,resistance a la traction
Forêt aleatoire,"{'max_depth': None, 'max_features': 1.0, 'min_samples_leaf': 10, 'n_estimators': 100}",56.0650841146459,39.57438449427408,0.5997349358555619,42.631208822223265,4.152100100101991,0.9983627796173096,resistance a la traction
Forêt aleatoire,"{'max_depth': 20, 'max_features': 1.0, 'min_samples_leaf': 10, 'n_estimators': 100}",56.06508411464591,39.57438449427408,0.5997349358555619,42.631208822223265,4.152100100101989,0.940772294998169,resistance a la traction
Forêt aleatoire,"{'max_depth': 12, 'max_features': 1.0, 'min_samples_leaf': 10, 'n_estimators': 100}",56.06995679211201,39.57939754599308,0.5996726833538306,42.63537526643448,4.154469463773284,0.9052751064300537,resistance a la traction
Forêt aleatoire,"{'max_depth': 8, 'max_features': 0.25, 'min_samples_leaf': 10, 'n_estimators': 100}",56.108246373223764,40.525365400544764,0.6035418469719085,46.68562129979979,6.015395758857876,1.063201904296875,resistance a la traction
Forêt aleatoire,"{'max_depth': 4, 'max_features': 1.0, 'min_samples_leaf': 2, 'n_estimators': 100}",56.14719796567645,42.444238627020134,0.5960789283007906,43.12588757141645,4.967216638877205,1.0606660842895508,resistance a la traction
Forêt aleatoire,"{'max_depth': 4, 'max_features': 1.0, 'min_samples_leaf': 1, 'n_estimators': 100}",56.221431078664764,42.713291485394784,0.5969244806543248,42.26281512977452,4.328661199803837,1.045747995376587,resistance a la traction
Forêt aleatoire,"{'max_depth': 6, 'max_features': 0.5, 'min_samples_leaf': 10, 'n_estimators': 100}",56.265087964590904,40.80840209732288,0.6001899184270926,45.76111262102391,5.290501090923753,1.1708354949951172,resistance a la traction
Forêt aleatoire,"{'max_depth': 8, 'max_features': 1.0, 'min_samples_leaf': 10, 'n_estimators': 100}",56.26771802796949,39.83017111200559,0.5969762902944791,43.02633348271425,4.132074991475756,1.1715328693389893,resistance a la traction
Forêt aleatoire,"{'max_depth': 4, 'max_features': 0.75, 'min_samples_leaf': 5, 'n_estimators': 100}",56.30417296558086,42.105196024903854,0.5986394282915383,45.58482768037429,5.258802877980823,1.1066560745239258,resistance a la traction
Forêt aleatoire,"{'max_depth': 4, 'max_features': 0.5, 'min_samples_leaf': 5, 'n_estimators': 100}",56.738666187729166,42.393983632502604,0.59280362245229,46.617016321995564,5.648736799287771,1.1390342712402344,resistance a la traction
Forêt aleatoire,"{'max_depth': 6, 'max_features': 0.25, 'min_samples_leaf': 10, 'n_estimators': 100}",56.91820754530829,41.412128744847976,0.5918547595182513,48.71228899055535,5.707754334640154,1.1224803924560547,resistance a la traction
Forêt aleatoire,"{'max_depth': 6, 'max_features': 1.0, 'min_samples_leaf': 10, 'n_estimators': 100}",56.990413230040836,40.870074119228526,0.586936148652995,44.48332293289842,4.095872251958728,1.0459933280944824,resistance a la traction
Forêt aleatoire,"{'max_depth': 4, 'max_features': 1.0, 'min_samples_leaf': 5, 'n_estimators': 100}",57.18394356581005,42.697260143227005,0.5837885459369565,45.537635766257324,5.077987331587802,1.3058130741119385,resistance a la traction
Forêt aleatoire,"{'max_depth': 4, 'max_features': 0.25, 'min_samples_leaf': 2, 'n_estimators': 100}",57.22126871361055,42.73453212627329,0.5865999018468098,47.10671538004748,5.632587932255303,1.047518014907837,resistance a la traction
Forêt aleatoire,"{'max_depth': 4, 'max_features': 0.25, 'min_samples_leaf': 1, 'n_estimators': 100}",57.321956516938556,42.80210760480742,0.5850615038782956,46.13150421606006,5.485251146501118,1.1052322387695312,resistance a la traction
Forêt aleatoire,"{'max_depth': 4, 'max_features': 0.75, 'min_samples_leaf': 10, 'n_estimators': 100}",58.19512784647647,43.00046980798561,0.5717933511794417,48.83365411879332,4.842990963088063,1.0317554473876953,resistance a la traction
Forêt aleatoire,"{'max_depth': 4, 'max_features': 0.25, 'min_samples_leaf': 5, 'n_estimators': 100}",58.42537660656772,43.320692285956774,0.5693008823525126,49.75840986519329,5.712761253678378,1.010694980621338,resistance a la traction
Forêt aleatoire,"{'max_depth': 4, 'max_features': 0.5, 'min_samples_leaf': 10, 'n_estimators': 100}",58.618443170903944,43.46846802670389,0.566127339566891,49.99963497822556,5.400510354323332,1.1078250408172607,resistance a la traction
Forêt aleatoire,"{'max_depth': 4, 'max_features': 1.0, 'min_samples_leaf': 10, 'n_estimators': 100}",59.072768922746754,43.534107562598535,0.5568522597587716,48.53128141619875,3.9714668388854086,1.3510208129882812,resistance a la traction
Forêt aleatoire,"{'max_depth': 4, 'max_features': 0.25, 'min_samples_leaf': 10, 'n_estimators': 100}",60.14271644109776,44.489322935661576,0.5438191214252694,53.109799850018305,5.554508136130821,1.0436725616455078,resistance a la traction
Moyenne constante,{},5.093315781174459,4.249566232638889,-0.01039670072869332,5.088987619946626,0.24544427402298055,0.09392070770263672,allongement
Arbre,"{'max_depth': 8, 'min_samples_leaf': 1, 'min_samples_split': 2}",3.516377020192567,2.6735297465820347,0.5097168106760422,1.7202981504199488,0.22001335743937558,0.11069655418395996,allongement
Arbre,"{'max_depth': 6, 'min_samples_leaf': 1, 'min_samples_split': 10}",3.5578410582458746,2.7333026575363464,0.501691753697436,2.483882047838261,0.19800548291351114,0.0932302474975586,allongement
Arbre,"{'max_depth': 6, 'min_samples_leaf': 2, 'min_samples_split': 5}",3.5812454347229874,2.7616580321938424,0.49447172771258696,2.4103530006071585,0.1469832400930362,0.12275552749633789,allongement
Arbre,"{'max_depth': 6, 'min_samples_leaf': 1, 'min_samples_split': 2}",3.588455834792159,2.7667856540386357,0.4920926599079576,2.3708577913517987,0.23191974373808288,0.11212515830993652,allongement
Arbre,"{'max_depth': 8, 'min_samples_leaf': 1, 'min_samples_split': 10}",3.5897150697865854,2.705944319753074,0.4906483039611252,1.9919843956353804,0.16783745248858659,0.10342192649841309,allongement
Arbre,"{'max_depth': 8, 'min_samples_leaf': 2, 'min_samples_split': 5}",3.5969731844181707,2.71891545916987,0.4867142502397373,1.8563010002572966,0.2573439573226388,0.10200262069702148,allongement
Arbre,"{'max_depth': 20, 'min_samples_leaf': 10, 'min_samples_split': 20}",3.5975245379906973,2.75246871643632,0.4883905972299261,2.4759814978303436,0.2020806421272553,0.10694336891174316,allongement
Arbre,"{'max_depth': 20, 'min_samples_leaf': 10, 'min_samples_split': 2}",3.5975245379906973,2.75246871643632,0.4883905972299261,2.4759814978303436,0.2020806421272553,0.11091184616088867,allongement
Arbre,"{'max_depth': 20, 'min_samples_leaf': 10, 'min_samples_split': 10}",3.5975245379906973,2.75246871643632,0.4883905972299261,2.4759814978303436,0.2020806421272553,0.10586810111999512,allongement
Arbre,"{'max_depth': None, 'min_samples_leaf': 10, 'min_samples_split': 2}",3.5975245379906973,2.75246871643632,0.4883905972299261,2.4759814978303436,0.2020806421272553,0.09846806526184082,allongement
Arbre,"{'max_depth': 20, 'min_samples_leaf': 10, 'min_samples_split': 5}",3.5975245379906973,2.75246871643632,0.4883905972299261,2.4759814978303436,0.2020806421272553,0.1159055233001709,allongement
Arbre,"{'max_depth': None, 'min_samples_leaf': 10, 'min_samples_split': 10}",3.5975245379906973,2.75246871643632,0.4883905972299261,2.4759814978303436,0.2020806421272553,0.10096192359924316,allongement
Arbre,"{'max_depth': None, 'min_samples_leaf': 10, 'min_samples_split': 20}",3.5975245379906973,2.75246871643632,0.4883905972299261,2.4759814978303436,0.2020806421272553,0.10334348678588867,allongement
Arbre,"{'max_depth': None, 'min_samples_leaf': 10, 'min_samples_split': 5}",3.5975245379906973,2.75246871643632,0.4883905972299261,2.4759814978303436,0.2020806421272553,0.0888831615447998,allongement
Arbre,"{'max_depth': 12, 'min_samples_leaf': 10, 'min_samples_split': 10}",3.598061982636626,2.7561250809051843,0.48824189191439266,2.4782485950244553,0.2020309594271606,0.1016392707824707,allongement
Arbre,"{'max_depth': 12, 'min_samples_leaf': 10, 'min_samples_split': 5}",3.598061982636626,2.7561250809051843,0.48824189191439266,2.4782485950244553,0.2020309594271606,0.09621167182922363,allongement
Arbre,"{'max_depth': 12, 'min_samples_leaf': 10, 'min_samples_split': 2}",3.598061982636626,2.7561250809051843,0.48824189191439266,2.4782485950244553,0.2020309594271606,0.08853960037231445,allongement
Arbre,"{'max_depth': 12, 'min_samples_leaf': 10, 'min_samples_split': 20}",3.598061982636626,2.7561250809051843,0.48824189191439266,2.4782485950244553,0.2020309594271606,0.09482502937316895,allongement
Arbre,"{'max_depth': 6, 'min_samples_leaf': 2, 'min_samples_split': 10}",3.6107170169597964,2.7437078337811447,0.4866694519850169,2.495101979143219,0.2387557427149745,0.1043541431427002,allongement
Arbre,"{'max_depth': 12, 'min_samples_leaf': 1, 'min_samples_split': 10}",3.6130732947085216,2.766097867407658,0.48044454639943857,1.5640578805597614,0.31414684735065934,0.1160736083984375,allongement
Arbre,"{'max_depth': 12, 'min_samples_leaf': 5, 'min_samples_split': 20}",3.615227158112133,2.7488756441229656,0.4839357008618682,2.279871147408504,0.18121933570495205,0.10328388214111328,allongement
Arbre,"{'max_depth': 8, 'min_samples_leaf': 2, 'min_samples_split': 10}",3.622889568200577,2.7188272647254257,0.4792245097212183,2.024345006476586,0.27804930284369384,0.10282254219055176,allongement
Arbre,"{'max_depth': 20, 'min_samples_leaf': 5, 'min_samples_split': 20}",3.627419105979071,2.7583436636034846,0.4801383959282102,2.268492695548807,0.18204364385317387,0.10120892524719238,allongement
Arbre,"{'max_depth': None, 'min_samples_leaf': 5, 'min_samples_split': 20}",3.627419105979071,2.7583436636034846,0.4801383959282102,2.268492695548807,0.18204364385317387,0.09317898750305176,allongement
Arbre,"{'max_depth': 6, 'min_samples_leaf': 1, 'min_samples_split': 20}",3.6310410092447363,2.8136640521398157,0.4827810389901025,2.642646242982751,0.19782831673222256,0.09695935249328613,allongement
Arbre,"{'max_depth': 8, 'min_samples_leaf': 1, 'min_samples_split': 20}",3.6317065758312266,2.7757020160073234,0.4820923675659369,2.3033507809901166,0.17861056195939704,0.10052943229675293,allongement
Arbre,"{'max_depth': 8, 'min_samples_leaf': 2, 'min_samples_split': 20}",3.6397915645605607,2.7498809132695987,0.479311509878208,2.344197342471312,0.20363594916094888,0.09917664527893066,allongement
Arbre,"{'max_depth': 12, 'min_samples_leaf': 15, 'min_samples_split': 2}",3.6425202365987643,2.8682201862736614,0.4777071907452024,2.763769990527405,0.19838103038968263,0.10817623138427734,allongement
Arbre,"{'max_depth': 12, 'min_samples_leaf': 15, 'min_samples_split': 5}",3.6425202365987643,2.8682201862736614,0.4777071907452024,2.763769990527405,0.19838103038968263,0.11754918098449707,allongement
Arbre,"{'max_depth': 12, 'min_samples_leaf': 15, 'min_samples_split': 20}",3.6425202365987643,2.8682201862736614,0.4777071907452024,2.763769990527405,0.19838103038968263,0.09998726844787598,allongement
Arbre,"{'max_depth': 12, 'min_samples_leaf': 15, 'min_samples_split': 10}",3.6425202365987643,2.8682201862736614,0.4777071907452024,2.763769990527405,0.19838103038968263,0.08964657783508301,allongement
Arbre,"{'max_depth': 20, 'min_samples_leaf': 15, 'min_samples_split': 10}",3.6425202365987643,2.8682201862736614,0.4777071907452024,2.763769990527405,0.19838103038968263,0.10666060447692871,allongement
Arbre,"{'max_depth': 20, 'min_samples_leaf': 15, 'min_samples_split': 5}",3.6425202365987643,2.8682201862736614,0.4777071907452024,2.763769990527405,0.19838103038968263,0.09916520118713379,allongement
Arbre,"{'max_depth': 20, 'min_samples_leaf': 15, 'min_samples_split': 20}",3.6425202365987643,2.8682201862736614,0.4777071907452024,2.763769990527405,0.19838103038968263,0.10277462005615234,allongement
Arbre,"{'max_depth': None, 'min_samples_leaf': 15, 'min_samples_split': 20}",3.6425202365987643,2.8682201862736614,0.4777071907452024,2.763769990527405,0.19838103038968263,0.10301685333251953,allongement
Arbre,"{'max_depth': None, 'min_samples_leaf': 15, 'min_samples_split': 10}",3.6425202365987643,2.8682201862736614,0.4777071907452024,2.763769990527405,0.19838103038968263,0.10342741012573242,allongement
Arbre,"{'max_depth': None, 'min_samples_leaf': 15, 'min_samples_split': 5}",3.6425202365987643,2.8682201862736614,0.4777071907452024,2.763769990527405,0.19838103038968263,0.11003947257995605,allongement
Arbre,"{'max_depth': None, 'min_samples_leaf': 15, 'min_samples_split': 2}",3.6425202365987643,2.8682201862736614,0.4777071907452024,2.763769990527405,0.19838103038968263,0.1001121997833252,allongement
Arbre,"{'max_depth': 20, 'min_samples_leaf': 15, 'min_samples_split': 2}",3.6425202365987643,2.8682201862736614,0.4777071907452024,2.763769990527405,0.19838103038968263,0.10305309295654297,allongement
Arbre,"{'max_depth': 6, 'min_samples_leaf': 2, 'min_samples_split': 20}",3.642793119701473,2.7959849809853154,0.47959474792902423,2.6594706684557594,0.18847722803432265,0.09680581092834473,allongement
Arbre,"{'max_depth': None, 'min_samples_leaf': 1, 'min_samples_split': 10}",3.64682312198006,2.7570053998778996,0.4685332444914706,1.4418701871589317,0.3473217888943346,0.10812163352966309,allongement
Arbre,"{'max_depth': 12, 'min_samples_leaf': 5, 'min_samples_split': 5}",3.6481256220558054,2.749587022005772,0.47297209944814506,1.933159553098997,0.22907027608078992,0.10910773277282715,allongement
Arbre,"{'max_depth': 12, 'min_samples_leaf': 5, 'min_samples_split': 2}",3.6481256220558054,2.749587022005772,0.47297209944814506,1.933159553098997,0.22907027608078992,0.11416292190551758,allongement
Arbre,"{'max_depth': 12, 'min_samples_leaf': 5, 'min_samples_split': 10}",3.6481256220558054,2.749587022005772,0.47297209944814506,1.933159553098997,0.22907027608078992,0.100341796875,allongement
Arbre,"{'max_depth': 6, 'min_samples_leaf': 15, 'min_samples_split': 10}",3.6489605325211016,2.869903506268444,0.47660324767548534,2.9547767758767924,0.1885529463559272,0.09733843803405762,allongement
Arbre,"{'max_depth': 6, 'min_samples_leaf': 15, 'min_samples_split': 20}",3.6489605325211016,2.869903506268444,0.47660324767548534,2.9547767758767924,0.1885529463559272,0.10645675659179688,allongement
Arbre,"{'max_depth': 6, 'min_samples_leaf': 15, 'min_samples_split': 5}",3.6489605325211016,2.869903506268444,0.47660324767548534,2.9547767758767924,0.1885529463559272,0.1019289493560791,allongement
Arbre,"{'max_depth': 6, 'min_samples_leaf': 15, 'min_samples_split': 2}",3.6489605325211016,2.869903506268444,0.47660324767548534,2.9547767758767924,0.1885529463559272,0.10724687576293945,allongement
Arbre,"{'max_depth': 8, 'min_samples_leaf': 10, 'min_samples_split': 5}",3.649762760340471,2.8057403464080344,0.4751787775168033,2.591410866518493,0.14765631808108606,0.10025191307067871,allongement
Arbre,"{'max_depth': 8, 'min_samples_leaf': 10, 'min_samples_split': 20}",3.649762760340471,2.8057403464080344,0.4751787775168033,2.591410866518493,0.14765631808108606,0.09700965881347656,allongement
Arbre,"{'max_depth': 8, 'min_samples_leaf': 10, 'min_samples_split': 10}",3.649762760340471,2.8057403464080344,0.4751787775168033,2.591410866518493,0.14765631808108606,0.09840154647827148,allongement
Arbre,"{'max_depth': 8, 'min_samples_leaf': 10, 'min_samples_split': 2}",3.649762760340471,2.8057403464080344,0.4751787775168033,2.591410866518493,0.14765631808108606,0.10157060623168945,allongement
Arbre,"{'max_depth': 12, 'min_samples_leaf': 1, 'min_samples_split': 20}",3.6514270253124317,2.800860743457118,0.47512825415108484,2.0449934483262164,0.19293997083042266,0.10693502426147461,allongement
Arbre,"{'max_depth': 20, 'min_samples_leaf': 1, 'min_samples_split': 10}",3.6569533364426157,2.760993167212904,0.46547911237285994,1.4449599727966502,0.35542630931882396,0.1129903793334961,allongement
Arbre,"{'max_depth': 6, 'min_samples_leaf': 1, 'min_samples_split': 5}",3.659640362525701,2.8220411946936332,0.47082002386129124,2.391409803822963,0.22920369150897413,0.10506653785705566,allongement
Arbre,"{'max_depth': None, 'min_samples_leaf': 2, 'min_samples_split': 20}",3.664233521320598,2.758370858461391,0.46980724051080636,2.0884631040135746,0.25016856963498796,0.1076192855834961,allongement
Arbre,"{'max_depth': 20, 'min_samples_leaf': 2, 'min_samples_split': 20}",3.664233521320598,2.758370858461391,0.46980724051080636,2.0884631040135746,0.25016856963498796,0.10630273818969727,allongement
Arbre,"{'max_depth': 6, 'min_samples_leaf': 2, 'min_samples_split': 2}",3.6648835974599536,2.8003882599371135,0.46920476839008585,2.404999279481955,0.23735085640598366,0.1096811294555664,allongement
Arbre,"{'max_depth': 8, 'min_samples_leaf': 15, 'min_samples_split': 2}",3.667498848623935,2.8707365336885537,0.47247911597432346,2.8057171136256494,0.17013358120108646,0.09590005874633789,allongement
Arbre,"{'max_depth': 8, 'min_samples_leaf': 15, 'min_samples_split': 5}",3.667498848623935,2.8707365336885537,0.47247911597432346,2.8057171136256494,0.17013358120108646,0.09826803207397461,allongement
Arbre,"{'max_depth': 8, 'min_samples_leaf': 15, 'min_samples_split': 10}",3.667498848623935,2.8707365336885537,0.47247911597432346,2.8057171136256494,0.17013358120108646,0.09929037094116211,allongement
Arbre,"{'max_depth': 8, 'min_samples_leaf': 15, 'min_samples_split': 20}",3.667498848623935,2.8707365336885537,0.47247911597432346,2.8057171136256494,0.17013358120108646,0.11360597610473633,allongement
Arbre,"{'max_depth': 12, 'min_samples_leaf': 2, 'min_samples_split': 20}",3.672081051795847,2.7707844488363955,0.4675018731680701,2.127010097728128,0.25243922090439985,0.10158705711364746,allongement
Arbre,"{'max_depth': None, 'min_samples_leaf': 1, 'min_samples_split': 20}",3.6785171887137835,2.8189361511077355,0.46626907542084295,1.9850277835463417,0.19878121625857822,0.10520720481872559,allongement
Arbre,"{'max_depth': 20, 'min_samples_leaf': 1, 'min_samples_split': 20}",3.6785171887137835,2.8189361511077355,0.46626907542084295,1.9850277835463417,0.19878121625857822,0.11324739456176758,allongement
Arbre,"{'max_depth': 8, 'min_samples_leaf': 5, 'min_samples_split': 2}",3.6835571481811042,2.812477919882747,0.46590980322189457,2.179270728669054,0.15867750511318365,0.10703778266906738,allongement
Arbre,"{'max_depth': 8, 'min_samples_leaf': 5, 'min_samples_split': 5}",3.6835571481811042,2.812477919882747,0.46590980322189457,2.179270728669054,0.15867750511318365,0.10183310508728027,allongement
Arbre,"{'max_depth': 8, 'min_samples_leaf': 5, 'min_samples_split': 10}",3.6835571481811042,2.812477919882747,0.46590980322189457,2.179270728669054,0.15867750511318365,0.10081076622009277,allongement
Arbre,"{'max_depth': 8, 'min_samples_leaf': 2, 'min_samples_split': 2}",3.6896070386302946,2.778360291420952,0.4588287799944067,1.8287329553980893,0.2914163361312104,0.10424423217773438,allongement
Arbre,"{'max_depth': None, 'min_samples_leaf': 5, 'min_samples_split': 5}",3.6929092413637834,2.785495752164502,0.46000012103967275,1.9045557675885714,0.2012996813037204,0.10963106155395508,allongement
Arbre,"{'max_depth': 20, 'min_samples_leaf': 5, 'min_samples_split': 10}",3.6929092413637834,2.785495752164502,0.46000012103967275,1.9045557675885714,0.2012996813037204,0.10267806053161621,allongement
Arbre,"{'max_depth': None, 'min_samples_leaf': 5, 'min_samples_split': 10}",3.6929092413637834,2.785495752164502,0.46000012103967275,1.9045557675885714,0.2012996813037204,0.09856820106506348,allongement
Arbre,"{'max_depth': 20, 'min_samples_leaf': 5, 'min_samples_split': 2}",3.6929092413637834,2.785495752164502,0.46000012103967275,1.9045557675885714,0.2012996813037204,0.10335063934326172,allongement
Arbre,"{'max_depth': 20, 'min_samples_leaf': 5, 'min_samples_split': 5}",3.6929092413637834,2.785495752164502,0.46000012103967275,1.9045557675885714,0.2012996813037204,0.09781479835510254,allongement
Arbre,"{'max_depth': None, 'min_samples_leaf': 5, 'min_samples_split': 2}",3.6929092413637834,2.785495752164502,0.46000012103967275,1.9045557675885714,0.2012996813037204,0.11628532409667969,allongement
Arbre,"{'max_depth': 6, 'min_samples_leaf': 10, 'min_samples_split': 10}",3.6940593541019053,2.8737656972726127,0.46189077951727076,2.7841758663453784,0.18394119894483998,0.1018376350402832,allongement
Arbre,"{'max_depth': 6, 'min_samples_leaf': 10, 'min_samples_split': 5}",3.6940593541019053,2.8737656972726127,0.46189077951727076,2.7841758663453784,0.18394119894483998,0.10036587715148926,allongement
Arbre,"{'max_depth': 6, 'min_samples_leaf': 10, 'min_samples_split': 2}",3.6940593541019053,2.8737656972726127,0.46189077951727076,2.7841758663453784,0.18394119894483998,0.09779477119445801,allongement
Arbre,"{'max_depth': 6, 'min_samples_leaf': 10, 'min_samples_split': 20}",3.6940593541019053,2.8737656972726127,0.46189077951727076,2.7841758663453784,0.18394119894483998,0.10635733604431152,allongement
Arbre,"{'max_depth': 20, 'min_samples_leaf': 2, 'min_samples_split': 10}",3.696768072582347,2.727184980991231,0.45027344804694536,1.5546563451379378,0.46556842449275837,0.10995817184448242,allongement
Arbre,"{'max_depth': None, 'min_samples_leaf': 2, 'min_samples_split': 10}",3.696768072582347,2.727184980991231,0.45027344804694536,1.5546563451379378,0.46556842449275837,0.10145926475524902,allongement
Arbre,"{'max_depth': 8, 'min_samples_leaf': 5, 'min_samples_split': 20}",3.6977468800794986,2.8234738441374434,0.4617808085583725,2.4415182343714448,0.1652271230089314,0.09701108932495117,allongement
Arbre,"{'max_depth': None, 'min_samples_leaf': 2, 'min_samples_split': 2}",3.7206543116869524,2.766835416666667,0.43855721847108076,0.9989745868636873,0.5119672466821367,0.10669517517089844,allongement
Arbre,"{'max_depth': 20, 'min_samples_leaf': 2, 'min_samples_split': 2}",3.7206543116869524,2.766835416666667,0.43855721847108076,0.9989745868636873,0.5119672466821367,0.11003994941711426,allongement
Arbre,"{'max_depth': 12, 'min_samples_leaf': 2, 'min_samples_split': 10}",3.7224614778518905,2.781370806133782,0.44393608713227123,1.642211509735683,0.4500521319238588,0.10553693771362305,allongement
Arbre,"{'max_depth': 6, 'min_samples_leaf': 5, 'min_samples_split': 5}",3.7355378296147763,2.8706434325605406,0.45066466183314063,2.542565925845545,0.10594441564499639,0.09630703926086426,allongement
Arbre,"{'max_depth': 6, 'min_samples_leaf': 5, 'min_samples_split': 10}",3.7355378296147763,2.8706434325605406,0.45066466183314063,2.542565925845545,0.10594441564499639,0.09758162498474121,allongement
Arbre,"{'max_depth': 6, 'min_samples_leaf': 5, 'min_samples_split': 2}",3.7355378296147763,2.8706434325605406,0.45066466183314063,2.542565925845545,0.10594441564499639,0.09945487976074219,allongement
Arbre,"{'max_depth': 6, 'min_samples_leaf': 20, 'min_samples_split': 10}",3.7368313691730903,2.9452444163366502,0.4481909749688091,3.150897789001133,0.1626543140314713,0.08932614326477051,allongement
Arbre,"{'max_depth': 6, 'min_samples_leaf': 20, 'min_samples_split': 5}",3.7368313691730903,2.9452444163366502,0.4481909749688091,3.150897789001133,0.1626543140314713,0.10609722137451172,allongement
Arbre,"{'max_depth': 6, 'min_samples_leaf': 20, 'min_samples_split': 2}",3.7368313691730903,2.9452444163366502,0.4481909749688091,3.150897789001133,0.1626543140314713,0.09152674674987793,allongement
Arbre,"{'max_depth': 6, 'min_samples_leaf': 20, 'min_samples_split': 20}",3.7368313691730903,2.9452444163366502,0.4481909749688091,3.150897789001133,0.1626543140314713,0.10333776473999023,allongement
Arbre,"{'max_depth': 8, 'min_samples_leaf': 1, 'min_samples_split': 5}",3.73715480895467,2.785841293959424,0.4479685160712771,1.8098198319227101,0.21460730982843473,0.1304764747619629,allongement
Arbre,"{'max_depth': 6, 'min_samples_leaf': 5, 'min_samples_split': 20}",3.740570642092205,2.8930799697072467,0.44894267449504766,2.6960609385431367,0.15505421269891453,0.09146261215209961,allongement
Arbre,"{'max_depth': 8, 'min_samples_leaf': 20, 'min_samples_split': 10}",3.7563460091695733,2.9431728209779946,0.44279805523500626,3.0745654785437666,0.16158622910100887,0.0974276065826416,allongement
Arbre,"{'max_depth': 8, 'min_samples_leaf': 20, 'min_samples_split': 2}",3.7563460091695733,2.9431728209779946,0.44279805523500626,3.0745654785437666,0.16158622910100887,0.10123014450073242,allongement
Arbre,"{'max_depth': 8, 'min_samples_leaf': 20, 'min_samples_split': 5}",3.7563460091695733,2.9431728209779946,0.44279805523500626,3.0745654785437666,0.16158622910100887,0.12318730354309082,allongement
Arbre,"{'max_depth': 8, 'min_samples_leaf': 20, 'min_samples_split': 20}",3.7563460091695733,2.9431728209779946,0.44279805523500626,3.0745654785437666,0.16158622910100887,0.09994649887084961,allongement
Arbre,"{'max_depth': 12, 'min_samples_leaf': 1, 'min_samples_split': 5}",3.765072426508433,2.8418977344850256,0.43393759663581316,1.114224881110859,0.37186241722151214,0.10423588752746582,allongement
Arbre,"{'max_depth': 12, 'min_samples_leaf': 20, 'min_samples_split': 10}",3.7739166162196938,2.948498146933202,0.43961009270562557,3.057901928274121,0.11298667477987481,0.09978652000427246,allongement
Arbre,"{'max_depth': 12, 'min_samples_leaf': 20, 'min_samples_split': 20}",3.7739166162196938,2.948498146933202,0.43961009270562557,3.057901928274121,0.11298667477987481,0.10332727432250977,allongement
Arbre,"{'max_depth': None, 'min_samples_leaf': 20, 'min_samples_split': 5}",3.7739166162196938,2.948498146933202,0.43961009270562557,3.057901928274121,0.11298667477987481,0.0998830795288086,allongement
Arbre,"{'max_depth': 20, 'min_samples_leaf': 20, 'min_samples_split': 10}",3.7739166162196938,2.948498146933202,0.43961009270562557,3.057901928274121,0.11298667477987481,0.10381889343261719,allongement
Arbre,"{'max_depth': 20, 'min_samples_leaf': 20, 'min_samples_split': 20}",3.7739166162196938,2.948498146933202,0.43961009270562557,3.057901928274121,0.11298667477987481,0.09427475929260254,allongement
Arbre,"{'max_depth': 20, 'min_samples_leaf': 20, 'min_samples_split': 2}",3.7739166162196938,2.948498146933202,0.43961009270562557,3.057901928274121,0.11298667477987481,0.09901809692382812,allongement
Arbre,"{'max_depth': 20, 'min_samples_leaf': 20, 'min_samples_split': 5}",3.7739166162196938,2.948498146933202,0.43961009270562557,3.057901928274121,0.11298667477987481,0.0926523208618164,allongement
Arbre,"{'max_depth': 12, 'min_samples_leaf': 20, 'min_samples_split': 2}",3.7739166162196938,2.948498146933202,0.43961009270562557,3.057901928274121,0.11298667477987481,0.10113930702209473,allongement
Arbre,"{'max_depth': None, 'min_samples_leaf': 20, 'min_samples_split': 2}",3.7739166162196938,2.948498146933202,0.43961009270562557,3.057901928274121,0.11298667477987481,0.09671497344970703,allongement
Arbre,"{'max_depth': 12, 'min_samples_leaf': 20, 'min_samples_split': 5}",3.7739166162196938,2.948498146933202,0.43961009270562557,3.057901928274121,0.11298667477987481,0.10365056991577148,allongement
Arbre,"{'max_depth': None, 'min_samples_leaf': 20, 'min_samples_split': 20}",3.7739166162196938,2.948498146933202,0.43961009270562557,3.057901928274121,0.11298667477987481,0.11231112480163574,allongement
Arbre,"{'max_depth': None, 'min_samples_leaf': 20, 'min_samples_split': 10}",3.7739166162196938,2.948498146933202,0.43961009270562557,3.057901928274121,0.11298667477987481,0.10129261016845703,allongement
Arbre,"{'max_depth': 4, 'min_samples_leaf': 20, 'min_samples_split': 20}",3.7788972692605527,2.994839855122232,0.4348066366586997,3.3056966702807182,0.15989028435692307,0.09916162490844727,allongement
Arbre,"{'max_depth': 4, 'min_samples_leaf': 20, 'min_samples_split': 10}",3.7788972692605527,2.994839855122232,0.4348066366586997,3.3056966702807182,0.15989028435692307,0.09605193138122559,allongement
Arbre,"{'max_depth': 4, 'min_samples_leaf': 20, 'min_samples_split': 5}",3.7788972692605527,2.994839855122232,0.4348066366586997,3.3056966702807182,0.15989028435692307,0.10052633285522461,allongement
Arbre,"{'max_depth': 4, 'min_samples_leaf': 20, 'min_samples_split': 2}",3.7788972692605527,2.994839855122232,0.4348066366586997,3.3056966702807182,0.15989028435692307,0.11049342155456543,allongement
Arbre,"{'max_depth': 4, 'min_samples_leaf': 10, 'min_samples_split': 2}",3.799560435748174,2.9415175237861027,0.42743678260656426,3.128946405780536,0.2866734660873139,0.10236144065856934,allongement
Arbre,"{'max_depth': 4, 'min_samples_leaf': 10, 'min_samples_split': 5}",3.799560435748174,2.9415175237861027,0.42743678260656426,3.128946405780536,0.2866734660873139,0.09886550903320312,allongement
Arbre,"{'max_depth': 4, 'min_samples_leaf': 10, 'min_samples_split': 20}",3.799560435748174,2.9415175237861027,0.42743678260656426,3.128946405780536,0.2866734660873139,0.10477089881896973,allongement
Arbre,"{'max_depth': 4, 'min_samples_leaf': 10, 'min_samples_split': 10}",3.799560435748174,2.9415175237861027,0.42743678260656426,3.128946405780536,0.2866734660873139,0.10336732864379883,allongement
Arbre,"{'max_depth': 20, 'min_samples_leaf': 2, 'min_samples_split': 5}",3.8044362625268704,2.8097842261904757,0.4223102933404297,1.094382139703787,0.4155860897526057,0.10340714454650879,allongement
Arbre,"{'max_depth': None, 'min_samples_leaf': 2, 'min_samples_split': 5}",3.8044362625268704,2.8097842261904757,0.4223102933404297,1.094382139703787,0.4155860897526057,0.11912202835083008,allongement
Arbre,"{'max_depth': 4, 'min_samples_leaf': 15, 'min_samples_split': 5}",3.8124819652468043,2.9847038780865622,0.4255546310282436,3.1821529318511415,0.2275436521142216,0.0854651927947998,allongement
Arbre,"{'max_depth': 4, 'min_samples_leaf': 15, 'min_samples_split': 10}",3.8124819652468043,2.9847038780865622,0.4255546310282436,3.1821529318511415,0.2275436521142216,0.10482382774353027,allongement
Arbre,"{'max_depth': 4, 'min_samples_leaf': 15, 'min_samples_split': 20}",3.8124819652468043,2.9847038780865622,0.4255546310282436,3.1821529318511415,0.2275436521142216,0.10474801063537598,allongement
Arbre,"{'max_depth': 4, 'min_samples_leaf': 15, 'min_samples_split': 2}",3.8124819652468043,2.9847038780865622,0.4255546310282436,3.1821529318511415,0.2275436521142216,0.1000514030456543,allongement
Arbre,"{'max_depth': None, 'min_samples_leaf': 1, 'min_samples_split': 2}",3.81751028982264,2.8474166666666667,0.41524145360959075,0.2697276139224079,0.43787909720027895,0.12046456336975098,allongement
Arbre,"{'max_depth': 4, 'min_samples_leaf': 1, 'min_samples_split': 2}",3.8333363492682944,2.9721562344261616,0.4181800631261824,3.02673063325729,0.28920171569232855,0.11411809921264648,allongement
Arbre,"{'max_depth': 4, 'min_samples_leaf': 1, 'min_samples_split': 5}",3.8333363492682944,2.9721562344261616,0.4181800631261824,3.0281426896335364,0.28920171569232855,0.09947037696838379,allongement
Arbre,"{'max_depth': 4, 'min_samples_leaf': 1, 'min_samples_split': 10}",3.834757186130092,2.9710556391880667,0.41758359409755813,3.039336982386992,0.29454950639686633,0.09817624092102051,allongement
Arbre,"{'max_depth': 4, 'min_samples_leaf': 2, 'min_samples_split': 5}",3.843466747308651,2.9727966405208304,0.41522831382582953,3.0309308089404317,0.29196175483898473,0.1141202449798584,allongement
Arbre,"{'max_depth': 4, 'min_samples_leaf': 2, 'min_samples_split': 2}",3.843466747308651,2.9727966405208304,0.41522831382582953,3.0309308089404317,0.29196175483898473,0.1077566146850586,allongement
Arbre,"{'max_depth': 12, 'min_samples_leaf': 2, 'min_samples_split': 2}",3.84848826726743,2.8885435060033564,0.40133878975123993,1.1819923249663524,0.5073911938678107,0.10953068733215332,allongement
Arbre,"{'max_depth': 4, 'min_samples_leaf': 5, 'min_samples_split': 2}",3.8497176084772873,2.984192717374193,0.41372536896989054,3.053448489356011,0.2830518432609763,0.11719942092895508,allongement
Arbre,"{'max_depth': 4, 'min_samples_leaf': 5, 'min_samples_split': 5}",3.8497176084772873,2.984192717374193,0.41372536896989054,3.053448489356011,0.2830518432609763,0.1132974624633789,allongement
Arbre,"{'max_depth': 4, 'min_samples_leaf': 5, 'min_samples_split': 10}",3.8497176084772873,2.984192717374193,0.41372536896989054,3.053448489356011,0.2830518432609763,0.10291576385498047,allongement
Arbre,"{'max_depth': 12, 'min_samples_leaf': 2, 'min_samples_split': 5}",3.8570205840027376,2.9137357679081184,0.4010683756846497,1.2573115673576631,0.47725951584307785,0.10433435440063477,allongement
Arbre,"{'max_depth': None, 'min_samples_leaf': 1, 'min_samples_split': 5}",3.864738241083566,2.9075562500000003,0.40143932987241193,0.8550907451657105,0.4199823760283815,0.10576152801513672,allongement
Arbre,"{'max_depth': 4, 'min_samples_leaf': 1, 'min_samples_split': 20}",3.867372661962622,3.005103329884716,0.4087383243747743,3.084186311834317,0.2718660134678748,0.10488700866699219,allongement
Arbre,"{'max_depth': 4, 'min_samples_leaf': 5, 'min_samples_split': 20}",3.8727859852861912,3.007759338446023,0.4077444963241425,3.099404221914204,0.2544397527980425,0.08903813362121582,allongement
Arbre,"{'max_depth': 12, 'min_samples_leaf': 1, 'min_samples_split': 2}",3.875333935788394,2.8919998178183586,0.3980444652021603,0.8079766429652431,0.4383984437457036,0.11179304122924805,allongement
Arbre,"{'max_depth': 4, 'min_samples_leaf': 2, 'min_samples_split': 10}",3.8797120864639387,2.98335914052083,0.4050851070345107,3.043582272926044,0.280099522672968,0.09705686569213867,allongement
Arbre,"{'max_depth': 4, 'min_samples_leaf': 2, 'min_samples_split': 20}",3.880463974984811,3.00247606198671,0.40565140961164303,3.0881698736535506,0.25578774115866487,0.10297679901123047,allongement
Arbre,"{'max_depth': 3, 'min_samples_leaf': 20, 'min_samples_split': 5}",3.8834640939669627,3.069795495634296,0.40487400091396547,3.4789785793234076,0.14181450794001027,0.09966850280761719,allongement
Arbre,"{'max_depth': 3, 'min_samples_leaf': 20, 'min_samples_split': 10}",3.8834640939669627,3.069795495634296,0.40487400091396547,3.4789785793234076,0.14181450794001027,0.09701657295227051,allongement
Arbre,"{'max_depth': 3, 'min_samples_leaf': 20, 'min_samples_split': 20}",3.8834640939669627,3.069795495634296,0.40487400091396547,3.4789785793234076,0.14181450794001027,0.11229157447814941,allongement
Arbre,"{'max_depth': 3, 'min_samples_leaf': 20, 'min_samples_split': 2}",3.8834640939669627,3.069795495634296,0.40487400091396547,3.4789785793234076,0.14181450794001027,0.09856653213500977,allongement
Arbre,"{'max_depth': 20, 'min_samples_leaf': 1, 'min_samples_split': 2}",3.896166793571907,2.88893828320802,0.3902170715778225,0.31241535192378744,0.4269020163639967,0.11257266998291016,allongement
Arbre,"{'max_depth': 3, 'min_samples_leaf': 1, 'min_samples_split': 2}",3.8978514580904204,3.0400610942607273,0.4001476475025272,3.4066409103085262,0.20910683174624378,0.09752416610717773,allongement
Arbre,"{'max_depth': 3, 'min_samples_leaf': 1, 'min_samples_split': 5}",3.8978514580904204,3.0400610942607273,0.4001476475025272,3.4066409103085262,0.20910683174624378,0.09621310234069824,allongement
Arbre,"{'max_depth': 3, 'min_samples_leaf': 1, 'min_samples_split': 10}",3.8978514580904204,3.0400610942607273,0.4001476475025272,3.4066409103085262,0.20910683174624378,0.09639763832092285,allongement
Arbre,"{'max_depth': 3, 'min_samples_leaf': 1, 'min_samples_split': 20}",3.8978514580904204,3.0400610942607273,0.4001476475025272,3.4066409103085262,0.20910683174624378,0.10499453544616699,allongement
Arbre,"{'max_depth': 20, 'min_samples_leaf': 1, 'min_samples_split': 5}",3.907331409200187,2.943345723684211,0.3876042758423382,0.8655623764033449,0.45272363742376387,0.10988450050354004,allongement
Arbre,"{'max_depth': 3, 'min_samples_leaf': 2, 'min_samples_split': 10}",3.9137526663980524,3.052698594260727,0.3963526194233511,3.407589615062517,0.18378869710270007,0.10002326965332031,allongement
Arbre,"{'max_depth': 3, 'min_samples_leaf': 2, 'min_samples_split': 2}",3.9137526663980524,3.052698594260727,0.3963526194233511,3.407589615062517,0.18378869710270007,0.1071772575378418,allongement
Arbre,"{'max_depth': 3, 'min_samples_leaf': 2, 'min_samples_split': 5}",3.9137526663980524,3.052698594260727,0.3963526194233511,3.407589615062517,0.18378869710270007,0.10074257850646973,allongement
Arbre,"{'max_depth': 3, 'min_samples_leaf': 2, 'min_samples_split': 20}",3.9137526663980524,3.052698594260727,0.3963526194233511,3.407589615062517,0.18378869710270007,0.09632110595703125,allongement
Arbre,"{'max_depth': 3, 'min_samples_leaf': 10, 'min_samples_split': 5}",3.915451829847341,3.0609421997775206,0.39465384224093186,3.424033865513857,0.20759698407136795,0.0990135669708252,allongement
Arbre,"{'max_depth': 3, 'min_samples_leaf': 10, 'min_samples_split': 2}",3.915451829847341,3.0609421997775206,0.39465384224093186,3.424033865513857,0.20759698407136795,0.1032247543334961,allongement
Arbre,"{'max_depth': 3, 'min_samples_leaf': 10, 'min_samples_split': 10}",3.915451829847341,3.0609421997775206,0.39465384224093186,3.424033865513857,0.20759698407136795,0.10979676246643066,allongement
Arbre,"{'max_depth': 3, 'min_samples_leaf': 10, 'min_samples_split': 20}",3.915451829847341,3.0609421997775206,0.39465384224093186,3.424033865513857,0.20759698407136795,0.10412168502807617,allongement
Arbre,"{'max_depth': 3, 'min_samples_leaf': 15, 'min_samples_split': 2}",3.9199651147976424,3.0799776187604087,0.39504536010614666,3.446176437190249,0.15757415900283694,0.09304618835449219,allongement
Arbre,"{'max_depth': 3, 'min_samples_leaf': 15, 'min_samples_split': 20}",3.9199651147976424,3.0799776187604087,0.39504536010614666,3.446176437190249,0.15757415900283694,0.10261321067810059,allongement
Arbre,"{'max_depth': 3, 'min_samples_leaf': 15, 'min_samples_split': 5}",3.9199651147976424,3.0799776187604087,0.39504536010614666,3.446176437190249,0.15757415900283694,0.09671640396118164,allongement
Arbre,"{'max_depth': 3, 'min_samples_leaf': 15, 'min_samples_split': 10}",3.9199651147976424,3.0799776187604087,0.39504536010614666,3.446176437190249,0.15757415900283694,0.09015798568725586,allongement
Arbre,"{'max_depth': 3, 'min_samples_leaf': 5, 'min_samples_split': 5}",3.930761269847136,3.060935877629533,0.39060850017123483,3.4137596643379013,0.19192887537416528,0.09858489036560059,allongement
Arbre,"{'max_depth': 3, 'min_samples_leaf': 5, 'min_samples_split': 10}",3.930761269847136,3.060935877629533,0.39060850017123483,3.4137596643379013,0.19192887537416528,0.09987735748291016,allongement
Arbre,"{'max_depth': 3, 'min_samples_leaf': 5, 'min_samples_split': 20}",3.930761269847136,3.060935877629533,0.39060850017123483,3.4137596643379013,0.19192887537416528,0.1127927303314209,allongement
Arbre,"{'max_depth': 3, 'min_samples_leaf': 5, 'min_samples_split': 2}",3.930761269847136,3.060935877629533,0.39060850017123483,3.4137596643379013,0.19192887537416528,0.09934306144714355,allongement
Arbre,"{'max_depth': 2, 'min_samples_leaf': 5, 'min_samples_split': 5}",4.010687477965275,3.205714533601937,0.36204585749949914,3.7136740186321164,0.18146342904700896,0.09761333465576172,allongement
Arbre,"{'max_depth': 2, 'min_samples_leaf': 5, 'min_samples_split': 2}",4.010687477965275,3.205714533601937,0.36204585749949914,3.7136740186321164,0.18146342904700896,0.09865188598632812,allongement
Arbre,"{'max_depth': 2, 'min_samples_leaf': 2, 'min_samples_split': 20}",4.010687477965275,3.205714533601937,0.36204585749949914,3.7136740186321164,0.18146342904700896,0.10234665870666504,allongement
Arbre,"{'max_depth': 2, 'min_samples_leaf': 2, 'min_samples_split': 2}",4.010687477965275,3.205714533601937,0.36204585749949914,3.7136740186321164,0.18146342904700896,0.09749293327331543,allongement
Arbre,"{'max_depth': 2, 'min_samples_leaf': 2, 'min_samples_split': 5}",4.010687477965275,3.205714533601937,0.36204585749949914,3.7136740186321164,0.18146342904700896,0.07929301261901855,allongement
Arbre,"{'max_depth': 2, 'min_samples_leaf': 5, 'min_samples_split': 10}",4.010687477965275,3.205714533601937,0.36204585749949914,3.7136740186321164,0.18146342904700896,0.09174299240112305,allongement
Arbre,"{'max_depth': 2, 'min_samples_leaf': 1, 'min_samples_split': 20}",4.010687477965275,3.205714533601937,0.36204585749949914,3.7136740186321164,0.18146342904700896,0.08919525146484375,allongement
Arbre,"{'max_depth': 2, 'min_samples_leaf': 1, 'min_samples_split': 10}",4.010687477965275,3.205714533601937,0.36204585749949914,3.7136740186321164,0.18146342904700896,0.08795666694641113,allongement
Arbre,"{'max_depth': 2, 'min_samples_leaf': 1, 'min_samples_split': 5}",4.010687477965275,3.205714533601937,0.36204585749949914,3.7136740186321164,0.18146342904700896,0.08344650268554688,allongement
Arbre,"{'max_depth': 2, 'min_samples_leaf': 2, 'min_samples_split': 10}",4.010687477965275,3.205714533601937,0.36204585749949914,3.7136740186321164,0.18146342904700896,0.0955665111541748,allongement
Arbre,"{'max_depth': 2, 'min_samples_leaf': 5, 'min_samples_split': 20}",4.010687477965275,3.205714533601937,0.36204585749949914,3.7136740186321164,0.18146342904700896,0.09550023078918457,allongement
Arbre,"{'max_depth': 2, 'min_samples_leaf': 15, 'min_samples_split': 2}",4.010687477965275,3.205714533601937,0.36204585749949914,3.7136740186321164,0.18146342904700896,0.0875997543334961,allongement
Arbre,"{'max_depth': 2, 'min_samples_leaf': 10, 'min_samples_split': 5}",4.010687477965275,3.205714533601937,0.36204585749949914,3.7136740186321164,0.18146342904700896,0.10362410545349121,allongement
Arbre,"{'max_depth': 2, 'min_samples_leaf': 10, 'min_samples_split': 10}",4.010687477965275,3.205714533601937,0.36204585749949914,3.7136740186321164,0.18146342904700896,0.10070013999938965,allongement
Arbre,"{'max_depth': 2, 'min_samples_leaf': 10, 'min_samples_split': 20}",4.010687477965275,3.205714533601937,0.36204585749949914,3.7136740186321164,0.18146342904700896,0.09770774841308594,allongement
Arbre,"{'max_depth': 2, 'min_samples_leaf': 15, 'min_samples_split': 5}",4.010687477965275,3.205714533601937,0.36204585749949914,3.7136740186321164,0.18146342904700896,0.10493254661560059,allongement
Arbre,"{'max_depth': 2, 'min_samples_leaf': 15, 'min_samples_split': 10}",4.010687477965275,3.205714533601937,0.36204585749949914,3.7136740186321164,0.18146342904700896,0.11123490333557129,allongement
Arbre,"{'max_depth': 2, 'min_samples_leaf': 15, 'min_samples_split': 20}",4.010687477965275,3.205714533601937,0.36204585749949914,3.7136740186321164,0.18146342904700896,0.09578514099121094,allongement
Arbre,"{'max_depth': 2, 'min_samples_leaf': 20, 'min_samples_split': 2}",4.010687477965275,3.205714533601937,0.36204585749949914,3.7136740186321164,0.18146342904700896,0.0945429801940918,allongement
Arbre,"{'max_depth': 2, 'min_samples_leaf': 20, 'min_samples_split': 5}",4.010687477965275,3.205714533601937,0.36204585749949914,3.7136740186321164,0.18146342904700896,0.10238075256347656,allongement
Arbre,"{'max_depth': 2, 'min_samples_leaf': 20, 'min_samples_split': 10}",4.010687477965275,3.205714533601937,0.36204585749949914,3.7136740186321164,0.18146342904700896,0.0922703742980957,allongement
Arbre,"{'max_depth': 2, 'min_samples_leaf': 20, 'min_samples_split': 20}",4.010687477965275,3.205714533601937,0.36204585749949914,3.7136740186321164,0.18146342904700896,0.09694385528564453,allongement
Arbre,"{'max_depth': 2, 'min_samples_leaf': 10, 'min_samples_split': 2}",4.010687477965275,3.205714533601937,0.36204585749949914,3.7136740186321164,0.18146342904700896,0.09793853759765625,allongement
Arbre,"{'max_depth': 2, 'min_samples_leaf': 1, 'min_samples_split': 2}",4.010687477965275,3.205714533601937,0.36204585749949914,3.7136740186321164,0.18146342904700896,0.08605146408081055,allongement
Boosting classique,"{'learning_rate': 0.05, 'max_depth': 3, 'min_samples_leaf': 5, 'n_estimators': 500, 'subsample': 0.8}",2.566262638580566,1.9267351794642056,0.7373214051081691,1.0786353629302554,0.26975206689512665,2.9856536388397217,allongement
Boosting classique,"{'learning_rate': 0.1, 'max_depth': 3, 'min_samples_leaf': 5, 'n_estimators': 500, 'subsample': 0.8}",2.5663290827120244,1.9383648145504098,0.7327180032515692,0.8270509593100274,0.38394062120063305,2.801525354385376,allongement
Boosting classique,"{'learning_rate': 0.1, 'max_depth': 3, 'min_samples_leaf': 5, 'n_estimators': 500, 'subsample': 1.0}",2.5824293627153274,1.9245349604885493,0.731655399701944,0.8023137903447017,0.30173618977019323,2.9676835536956787,allongement
Boosting classique,"{'learning_rate': 0.1, 'max_depth': 2, 'min_samples_leaf': 5, 'n_estimators': 500, 'subsample': 0.8}",2.614840063650754,1.962855320133087,0.7255081830765338,1.2183543635807195,0.3429746327361025,2.2316174507141113,allongement
Boosting classique,"{'learning_rate': 0.1, 'max_depth': 3, 'min_samples_leaf': 5, 'n_estimators': 200, 'subsample': 0.8}",2.637105876349367,2.003395572678926,0.7202510430359016,1.182166104485652,0.3331500037283303,1.2475616931915283,allongement
Boosting classique,"{'learning_rate': 0.05, 'max_depth': 2, 'min_samples_leaf': 5, 'n_estimators': 500, 'subsample': 0.8}",2.664547093578846,2.0200983709802065,0.7174477206274422,1.548029809655458,0.26010853709185916,2.281538963317871,allongement
Boosting classique,"{'learning_rate': 0.1, 'max_depth': 3, 'min_samples_leaf': 5, 'n_estimators': 200, 'subsample': 1.0}",2.672424323897438,2.005200922566389,0.7146279110733307,1.2306417709934985,0.266240252727511,1.2507517337799072,allongement
Boosting classique,"{'learning_rate': 0.1, 'max_depth': 2, 'min_samples_leaf': 5, 'n_estimators': 500, 'subsample': 1.0}",2.6724287815756766,2.0150170150260442,0.7149997441659185,1.2668412613962095,0.27756897382153695,2.2904069423675537,allongement
Boosting classique,"{'learning_rate': 0.05, 'max_depth': 3, 'min_samples_leaf': 5, 'n_estimators': 500, 'subsample': 1.0}",2.6810188265762944,1.9999273247137754,0.7127626289674925,1.139431340332796,0.28665560790237293,2.883298397064209,allongement
Boosting classique,"{'learning_rate': 0.05, 'max_depth': 3, 'min_samples_leaf': 5, 'n_estimators': 200, 'subsample': 0.8}",2.686237021612445,2.0286620177366332,0.7135841948634539,1.5614099667189678,0.23083849388029845,1.2949118614196777,allongement
Boosting classique,"{'learning_rate': 0.1, 'max_depth': 2, 'min_samples_leaf': 5, 'n_estimators': 200, 'subsample': 0.8}",2.753869053485937,2.0802199450665126,0.6967999062007765,1.6785275325468898,0.3121395232313608,0.9717774391174316,allongement
Boosting classique,"{'learning_rate': 0.05, 'max_depth': 2, 'min_samples_leaf': 5, 'n_estimators': 500, 'subsample': 1.0}",2.7665758608170146,2.0827918351144294,0.6944436054351927,1.6580408811572702,0.26244483015797715,2.4367620944976807,allongement
Boosting classique,"{'learning_rate': 0.1, 'max_depth': 2, 'min_samples_leaf': 5, 'n_estimators': 200, 'subsample': 1.0}",2.795318613357185,2.1021028025946022,0.6882415283275461,1.7827903938102772,0.27483738756454507,0.9890885353088379,allongement
Boosting classique,"{'learning_rate': 0.05, 'max_depth': 3, 'min_samples_leaf': 5, 'n_estimators': 200, 'subsample': 1.0}",2.8046833669283466,2.1280480256796306,0.6869026426560176,1.6618529665950934,0.24651052510563226,1.3369505405426025,allongement
Boosting classique,"{'learning_rate': 0.05, 'max_depth': 2, 'min_samples_leaf': 5, 'n_estimators': 200, 'subsample': 0.8}",2.8894739913193965,2.2281124153023333,0.6691393741739564,2.108547627061782,0.1999839979774476,0.9518723487854004,allongement
Boosting classique,"{'learning_rate': 0.05, 'max_depth': 2, 'min_samples_leaf': 5, 'n_estimators': 200, 'subsample': 1.0}",3.0008348600435,2.3198681254594495,0.6415361667795181,2.2194281140229117,0.2287624852154659,1.0055460929870605,allongement
Boosting histogramme,"{'l2_regularization': 0.0, 'learning_rate': 0.1, 'max_iter': 500, 'max_leaf_nodes': 7, 'min_samples_leaf': 5}",2.5572375281790864,1.8970341611122223,0.7358394967237987,0.6125524907545674,0.34375275706580954,1.6851725578308105,allongement
Boosting histogramme,"{'l2_regularization': 0.0, 'learning_rate': 0.1, 'max_iter': 200, 'max_leaf_nodes': 7, 'min_samples_leaf': 5}",2.5875882725603967,1.9140190096768648,0.7310334497112285,1.034981975276644,0.32361844139715035,0.791010856628418,allongement
Boosting histogramme,"{'l2_regularization': 1.0, 'learning_rate': 0.1, 'max_iter': 500, 'max_leaf_nodes': 7, 'min_samples_leaf': 5}",2.598351844278467,1.9155149632646278,0.7278464394442657,0.6706983022707302,0.33055183758621415,1.6619648933410645,allongement
Boosting histogramme,"{'l2_regularization': 0.0, 'learning_rate': 0.1, 'max_iter': 500, 'max_leaf_nodes': 15, 'min_samples_leaf': 5}",2.6093986647646865,1.945369710303342,0.7259993511462054,0.3205703020161639,0.3597059952849302,2.7743260860443115,allongement
Boosting histogramme,"{'l2_regularization': 1.0, 'learning_rate': 0.1, 'max_iter': 500, 'max_leaf_nodes': 15, 'min_samples_leaf': 5}",2.6124722530761684,1.9446712658152876,0.7269326785359518,0.34833201293665955,0.3135345632358277,2.8473753929138184,allongement
Boosting histogramme,"{'l2_regularization': 1.0, 'learning_rate': 0.1, 'max_iter': 200, 'max_leaf_nodes': 15, 'min_samples_leaf': 5}",2.6181139722290303,1.9448571590910273,0.7258614618986725,0.6135629722192559,0.3131808241390801,1.2618293762207031,allongement
Boosting histogramme,"{'l2_regularization': 0.0, 'learning_rate': 0.1, 'max_iter': 200, 'max_leaf_nodes': 15, 'min_samples_leaf': 5}",2.6206180058225463,1.952562661568716,0.7242985160000799,0.5617383296320496,0.35134834440961416,1.2623062133789062,allongement
Boosting histogramme,"{'l2_regularization': 1.0, 'learning_rate': 0.1, 'max_iter': 200, 'max_leaf_nodes': 7, 'min_samples_leaf': 5}",2.6341113652093138,1.9529595013566052,0.7210863256744066,1.1122562835098284,0.32430113486031314,0.7919273376464844,allongement
Boosting histogramme,"{'l2_regularization': 1.0, 'learning_rate': 0.3, 'max_iter': 200, 'max_leaf_nodes': 15, 'min_samples_leaf': 5}",2.6366679136513147,2.0042403278039282,0.7221260772776616,0.3127447280926573,0.2996037043912549,1.2815673351287842,allongement
Boosting histogramme,"{'l2_regularization': 1.0, 'learning_rate': 0.3, 'max_iter': 500, 'max_leaf_nodes': 15, 'min_samples_leaf': 5}",2.6379968533760456,1.9986854670246177,0.7217743081433138,0.2703341887552438,0.3018545979962038,2.8591480255126953,allongement
Boosting histogramme,"{'l2_regularization': 0.0, 'learning_rate': 0.3, 'max_iter': 500, 'max_leaf_nodes': 15, 'min_samples_leaf': 5}",2.6624091549875155,2.0055677770240363,0.7163104590993125,0.2698981396826693,0.3068483999593341,2.7735085487365723,allongement
Boosting histogramme,"{'l2_regularization': 0.0, 'learning_rate': 0.3, 'max_iter': 200, 'max_leaf_nodes': 15, 'min_samples_leaf': 5}",2.663072615209064,2.007575608568192,0.7161778970239301,0.2936648955283358,0.3066719612619886,1.2813873291015625,allongement
Boosting histogramme,"{'l2_regularization': 1.0, 'learning_rate': 0.3, 'max_iter': 200, 'max_leaf_nodes': 7, 'min_samples_leaf': 5}",2.6667117851245146,2.0025644377133007,0.7154395386529924,0.588078186459331,0.32147078429678383,0.8167264461517334,allongement
Boosting histogramme,"{'l2_regularization': 1.0, 'learning_rate': 0.3, 'max_iter': 500, 'max_leaf_nodes': 7, 'min_samples_leaf': 5}",2.685122818568546,2.011140637405818,0.7109144574387068,0.3403904436530202,0.33344708349011176,1.6554279327392578,allongement
Boosting histogramme,"{'l2_regularization': 0.0, 'learning_rate': 0.3, 'max_iter': 200, 'max_leaf_nodes': 7, 'min_samples_leaf': 5}",2.6853968753052624,1.9870492110028848,0.7113683981597301,0.5252754286659304,0.3092612956156924,0.7879011631011963,allongement
Boosting histogramme,"{'l2_regularization': 0.0, 'learning_rate': 0.3, 'max_iter': 500, 'max_leaf_nodes': 7, 'min_samples_leaf': 5}",2.699029606743547,2.0012794638742215,0.7075365728394643,0.31024163347642497,0.33384590167320133,1.6402556896209717,allongement
Regression lineaire,{'preparation__indicateurs': True},3.50753933390601,2.567544479873606,0.5096525377850807,2.790780509126425,0.2160480024105103,0.10892868041992188,allongement
Regression lineaire,{'preparation__indicateurs': False},3.8829936311441386,2.880239430018363,0.39371902203293024,3.267584202590011,0.37733109417665783,0.10826611518859863,allongement
Ridge,"{'alpha': 0.31622776601683794, 'preparation__indicateurs': True}",3.4730725492520875,2.5583617555286646,0.5170280130783148,2.810007553535386,0.2726748949351411,0.09663534164428711,allongement
Ridge,"{'alpha': 0.1, 'preparation__indicateurs': True}",3.476501912079235,2.554064751519922,0.5171397952204133,2.794740763158381,0.24286347745877154,0.11417412757873535,allongement
Ridge,"{'alpha': 0.03162277660168379, 'preparation__indicateurs': True}",3.4920814852295727,2.5597829267578978,0.5135170055362204,2.7913713566595972,0.22525236478188998,0.1018223762512207,allongement
Ridge,"{'alpha': 0.01, 'preparation__indicateurs': True}",3.501713154780647,2.5647282707455625,0.5111277102024141,2.790851141962915,0.21891557330965683,0.10243344306945801,allongement
Ridge,"{'alpha': 1.0, 'preparation__indicateurs': True}",3.5044324641407014,2.585172101236308,0.5079418458030194,2.8511332792199036,0.2890223229260875,0.1001133918762207,allongement
Ridge,"{'alpha': 0.0031622776601683794, 'preparation__indicateurs': True}",3.5055818984109637,2.5666170383087006,0.5101502896048279,2.7907880501403413,0.216940962410755,0.10112881660461426,allongement
Ridge,"{'alpha': 0.001, 'preparation__indicateurs': True}",3.5069079862896997,2.567247265200289,0.5098133057718288,2.7907812798531864,0.21632856611867202,0.09450221061706543,allongement
Ridge,"{'alpha': 31.622776601683793, 'preparation__indicateurs': True}",3.519636623875401,2.718722786712619,0.5112956284894018,3.080688210959713,0.12658444651593745,0.09914731979370117,allongement
Ridge,"{'alpha': 10.0, 'preparation__indicateurs': True}",3.532367021890951,2.6724936836291544,0.5046427207394597,2.9853881353184613,0.20626419444086175,0.10545539855957031,allongement
Ridge,"{'alpha': 3.1622776601683795, 'preparation__indicateurs': True}",3.536438352521303,2.6275510817283227,0.5005149575873038,2.9138201098542122,0.2657418634116357,0.09229707717895508,allongement
Ridge,"{'alpha': 100.0, 'preparation__indicateurs': True}",3.57754293125999,2.841710577781642,0.49810866913194973,3.2704809340578342,0.04238021369318121,0.09488511085510254,allongement
Ridge,"{'alpha': 316.22776601683796, 'preparation__indicateurs': True}",3.7881866795336365,3.077170638438241,0.43901917810459334,3.6092374796478586,0.09119871872740432,0.0891871452331543,allongement
Ridge,"{'alpha': 31.622776601683793, 'preparation__indicateurs': False}",3.791043857668877,2.9477733925641396,0.4338062562646325,3.464038711008591,0.12132552133573206,0.08620166778564453,allongement
Ridge,"{'alpha': 10.0, 'preparation__indicateurs': False}",3.8000578831251084,2.904321942998602,0.42839583728064146,3.383225447925566,0.18287195872662,0.09387040138244629,allongement
Ridge,"{'alpha': 3.1622776601683795, 'preparation__indicateurs': False}",3.811755226989823,2.878783036967513,0.4215643549242782,3.322054602842036,0.25824157995559693,0.09513998031616211,allongement
Ridge,"{'alpha': 1.0, 'preparation__indicateurs': False}",3.824512110562216,2.8610269425488974,0.41475099216082817,3.28428312822144,0.31543798930106254,0.08845186233520508,allongement
Ridge,"{'alpha': 100.0, 'preparation__indicateurs': False}",3.8439256881881376,3.0530396737048933,0.42031822945275465,3.6201297940400132,0.11534721735379999,0.09087157249450684,allongement
Ridge,"{'alpha': 0.31622776601683794, 'preparation__indicateurs': False}",3.8453087667361876,2.8643332248957343,0.4065829753055842,3.271295873804232,0.3492903629897049,0.08464622497558594,allongement
Ridge,"{'alpha': 0.1, 'preparation__indicateurs': False}",3.8646887441626276,2.8712295211459904,0.3998271322756202,3.268241811804882,0.3657248494257885,0.08346867561340332,allongement
Ridge,"{'alpha': 0.03162277660168379, 'preparation__indicateurs': False}",3.875914836407078,2.8768078882242314,0.3960631863456342,3.2676734466645327,0.37304350821516585,0.08571290969848633,allongement
Ridge,"{'alpha': 0.01, 'preparation__indicateurs': False}",3.8805782513294402,2.879097694677736,0.3945170279164688,3.2675942761381807,0.3758844134514718,0.09224605560302734,allongement
Ridge,"{'alpha': 0.0031622776601683794, 'preparation__indicateurs': False}",3.8822099571085715,2.879872121736528,0.39397775219789916,3.2675852526522453,0.3768631144070624,0.09077668190002441,allongement
Ridge,"{'alpha': 0.001, 'preparation__indicateurs': False}",3.882743746720643,2.880122629563342,0.39380150311062845,3.267584309021718,0.37718200362009147,0.1033620834350586,allongement
Ridge,"{'alpha': 316.22776601683796, 'preparation__indicateurs': False}",4.0139317995301935,3.2440983278043882,0.37011250753069774,3.8951361889689537,0.14117132735489007,0.08299016952514648,allongement
Ridge,"{'alpha': 1000.0, 'preparation__indicateurs': True}",4.122096819664523,3.398418864418525,0.33641943622353077,4.02894165013586,0.12647098213948205,0.09555387496948242,allongement
Ridge,"{'alpha': 1000.0, 'preparation__indicateurs': False}",4.299758046509686,3.520832593801098,0.2782842236421956,4.246419289459197,0.16059169767015175,0.09147763252258301,allongement
Lasso,"{'alpha': 0.046415888336127774, 'preparation__indicateurs': True}",3.459118399234309,2.679221529676911,0.5311130943618892,3.051722871240394,0.1342985004418881,0.09263300895690918,allongement
Lasso,"{'alpha': 0.1, 'preparation__indicateurs': True}",3.4602958714329377,2.715122048168619,0.5326063001430164,3.1644541328516596,0.13675224211658926,0.09897899627685547,allongement
Lasso,"{'alpha': 0.01, 'preparation__indicateurs': True}",3.465882990288397,2.5953541931009867,0.5230091647861909,2.8657715590761157,0.21548813805322986,0.10177969932556152,allongement
Lasso,"{'alpha': 0.004641588833612777, 'preparation__indicateurs': True}",3.4763141464853007,2.5725359936201415,0.5179247055123614,2.8141266726947913,0.23710600366732212,0.1061868667602539,allongement
Lasso,"{'alpha': 0.002154434690031882, 'preparation__indicateurs': True}",3.486300594637725,2.5655378645289035,0.5151702012199214,2.796391523667605,0.22781654439853394,0.11484265327453613,allongement
Lasso,"{'alpha': 0.021544346900318822, 'preparation__indicateurs': True}",3.4899085967712677,2.648803272943636,0.5194270750134911,2.9577644501224962,0.16300040960194812,0.0896754264831543,allongement
Lasso,"{'alpha': 0.001, 'preparation__indicateurs': True}",3.4941041704860867,2.5639836184143645,0.513183925940979,2.792025548308438,0.2215200866535982,0.10584521293640137,allongement
Lasso,"{'alpha': 0.00046415888336127773, 'preparation__indicateurs': True}",3.4993998278026397,2.565298664459535,0.5118075814882289,2.791059423156022,0.21882293396479593,0.12999486923217773,allongement
Lasso,"{'alpha': 0.00021544346900318823, 'preparation__indicateurs': True}",3.502352928723545,2.566181528742392,0.5110359370866284,2.7908419594612157,0.21756805563842785,0.13445687294006348,allongement
Lasso,"{'alpha': 0.0001, 'preparation__indicateurs': True}",3.5036397750402806,2.5664395400001916,0.5106909080561286,2.7907937663850633,0.21724957376891485,0.17560815811157227,allongement
Lasso,"{'alpha': 4.641588833612782e-05, 'preparation__indicateurs': True}",3.504254712828802,2.566559251766532,0.5105257243677636,2.79078336592042,0.2171100483121058,0.21282362937927246,allongement
Lasso,"{'alpha': 2.1544346900318823e-05, 'preparation__indicateurs': True}",3.504543944406091,2.5666140292454385,0.5104480514697691,2.790781124613229,0.21704516288124373,0.34628820419311523,allongement
Lasso,"{'alpha': 1e-05, 'preparation__indicateurs': True}",3.504679306545775,2.566639629367785,0.5104117190540165,2.790780641717436,0.2170146232140995,0.6484742164611816,allongement
Lasso,"{'alpha': 0.1, 'preparation__indicateurs': False}",3.7403516724995014,2.929983473420788,0.45368787529816307,3.5067937202996817,0.1423422671744067,0.08361291885375977,allongement
Lasso,"{'alpha': 0.046415888336127774, 'preparation__indicateurs': False}",3.7753650313215545,2.9243288291690077,0.44127648000381015,3.407375224680402,0.06199708450153099,0.09182310104370117,allongement
Lasso,"{'alpha': 0.021544346900318822, 'preparation__indicateurs': False}",3.7919051791916516,2.889767401509272,0.4314116677822747,3.336361097191824,0.17596027675704812,0.09456181526184082,allongement
Lasso,"{'alpha': 0.01, 'preparation__indicateurs': False}",3.8014824260584135,2.864631903494807,0.42460760795205277,3.2914084455440706,0.25925692696813996,0.08810663223266602,allongement
Lasso,"{'alpha': 0.004641588833612777, 'preparation__indicateurs': False}",3.8255846314600177,2.865154576069499,0.41453981229131254,3.275291281054881,0.3133053634124174,0.10572361946105957,allongement
Lasso,"{'alpha': 0.002154434690031882, 'preparation__indicateurs': False}",3.8470756824870826,2.8670045823560484,0.40629003698871574,3.270146072477418,0.34464710582957025,0.09200263023376465,allongement
Lasso,"{'alpha': 0.001, 'preparation__indicateurs': False}",3.8647173135287964,2.8723944508046166,0.40007970835706974,3.2681834568309496,0.361657603597941,0.09725403785705566,allongement
Lasso,"{'alpha': 0.00046415888336127773, 'preparation__indicateurs': False}",3.8732693571395655,2.8765042732801716,0.39709507170093206,3.267749269473839,0.36860285492315037,0.10078001022338867,allongement
Lasso,"{'alpha': 0.00021544346900318823, 'preparation__indicateurs': False}",3.8788486750372266,2.879103781964252,0.3951991824636819,3.2676203244703195,0.37260963262405417,0.11192107200622559,allongement
Lasso,"{'alpha': 0.0001, 'preparation__indicateurs': False}",3.88140398584225,2.8802543171155244,0.39432893438743727,3.267592748059171,0.3744760493325838,0.14105892181396484,allongement
Lasso,"{'alpha': 4.641588833612782e-05, 'preparation__indicateurs': False}",3.88272182739437,2.880876104213523,0.3938820040639846,3.2675860748520877,0.3753688734063277,0.13949108123779297,allongement
Lasso,"{'alpha': 2.1544346900318823e-05, 'preparation__indicateurs': False}",3.883354206528753,2.8811668082886692,0.3936663052824754,3.2675846058645925,0.37581135050546316,0.214768648147583,allongement
Lasso,"{'alpha': 1e-05, 'preparation__indicateurs': False}",3.8836482162241515,2.881301710437644,0.3935660169280298,3.2675842894660163,0.37601693368891137,0.37794017791748047,allongement
Lineaire apres ACP,{'preparation__n_axes': 20},3.7119981426223987,2.8337450841522016,0.4569237198350657,3.298714680376883,0.26660799206566826,0.09668684005737305,allongement
Lineaire apres ACP,{'preparation__n_axes': 22},3.8829936311441364,2.8802394300183636,0.3937190220329308,3.267584202590011,0.37733109417665656,0.0955970287322998,allongement
Lineaire apres ACP,{'preparation__n_axes': 6},4.10493490723891,3.2545216750191974,0.3371844338293459,3.8342427347021166,0.15301857120392995,0.10108375549316406,allongement
Lineaire apres ACP,{'preparation__n_axes': 10},4.1092745605154875,3.3077135556252832,0.3361067367279618,3.7949426830923243,0.18620628304869385,0.09225749969482422,allongement
Lineaire apres ACP,{'preparation__n_axes': 18},4.123982151252074,3.005836944426294,0.2983172108528761,3.3762333870593357,0.63002485139281,0.09468793869018555,allongement
Lineaire apres ACP,{'preparation__n_axes': 8},4.133129481495333,3.2764286738720516,0.3278681617991523,3.8203964580561602,0.14971722754937977,0.11712217330932617,allongement
Lineaire apres ACP,{'preparation__n_axes': 4},4.140428527257826,3.3571890869204166,0.3264807192137959,3.920415877701707,0.23769486760140496,0.11480879783630371,allongement
Lineaire apres ACP,{'preparation__n_axes': 11},4.1483177480186155,3.3108427927187294,0.32321214039302587,3.7689264881611786,0.19771765285857773,0.09035682678222656,allongement
Lineaire apres ACP,{'preparation__n_axes': 12},4.176809194646957,3.2762246485671276,0.30842879140840945,3.747479687972062,0.26668435666431867,0.0908958911895752,allongement
Lineaire apres ACP,{'preparation__n_axes': 3},4.179042794540973,3.397141901730971,0.31227589730750693,3.9422651975647964,0.18479330549494385,0.11515069007873535,allongement
Lineaire apres ACP,{'preparation__n_axes': 2},4.18672390682754,3.3749260373858205,0.30963062471473546,3.9552786357822507,0.17866601141916974,0.11280107498168945,allongement
Lineaire apres ACP,{'preparation__n_axes': 16},4.251806438699021,3.1360609344584636,0.25177965914032774,3.544523007308414,0.6671880273739622,0.09719514846801758,allongement
Lineaire apres ACP,{'preparation__n_axes': 14},4.403313761902218,3.2775973502985627,0.20482906336585013,3.67571800507534,0.6382254691275009,0.10178995132446289,allongement
Lineaire apres ACP,{'preparation__n_axes': 1},4.7573738283428115,3.9182419841665466,0.1142235653729061,4.546287942422817,0.16635764784640578,0.10478925704956055,allongement
k plus proches voisins,"{'n_neighbors': 3, 'p': 1, 'preparation__n_axes': None, 'weights': 'distance'}",2.8060545899329195,2.084679825125143,0.6841901715650368,0.2697276139224079,0.3988042138488522,0.15491127967834473,allongement
k plus proches voisins,"{'n_neighbors': 2, 'p': 1, 'preparation__n_axes': None, 'weights': 'distance'}",2.867810092735297,2.110383169248853,0.6684247916738458,0.27826034945068884,0.42553810627534183,0.15364432334899902,allongement
k plus proches voisins,"{'n_neighbors': 5, 'p': 1, 'preparation__n_axes': None, 'weights': 'distance'}",2.899247252272104,2.1584147648257894,0.6642340055274503,0.2697276139224079,0.3847922292892261,0.16631340980529785,allongement
k plus proches voisins,"{'n_neighbors': 3, 'p': 1, 'preparation__n_axes': None, 'weights': 'uniform'}",2.9638456728667393,2.2196805555555557,0.6499392753327524,1.9996217734448094,0.38121799637797654,0.15217280387878418,allongement
k plus proches voisins,"{'n_neighbors': 3, 'p': 2, 'preparation__n_axes': None, 'weights': 'distance'}",2.968930016873871,2.1589809742482977,0.6492997947505973,0.2697276139225254,0.31803324232410773,0.1351003646850586,allongement
k plus proches voisins,"{'n_neighbors': 2, 'p': 2, 'preparation__n_axes': None, 'weights': 'distance'}",2.9725058434361733,2.1288462815895373,0.6477778201983313,0.27826034945074174,0.33067851486807603,0.13636183738708496,allongement
k plus proches voisins,"{'n_neighbors': 7, 'p': 1, 'preparation__n_axes': None, 'weights': 'distance'}",2.977038630462597,2.2660690361997204,0.647175273516544,0.2697276139224079,0.3496120453612539,0.1838829517364502,allongement
k plus proches voisins,"{'n_neighbors': 2, 'p': 1, 'preparation__n_axes': None, 'weights': 'uniform'}",2.9808671209404487,2.2189583333333336,0.6431778164399775,1.6574831466448834,0.41391544905073374,0.12871050834655762,allongement
k plus proches voisins,"{'n_neighbors': 3, 'p': 2, 'preparation__n_axes': 14, 'weights': 'distance'}",3.0352758143078504,2.2005505619030052,0.6316251913567832,0.2697276139226197,0.4269057403048773,0.15152859687805176,allongement
k plus proches voisins,"{'n_neighbors': 5, 'p': 2, 'preparation__n_axes': None, 'weights': 'distance'}",3.0386238087785324,2.2479489889493864,0.6316194401741609,0.26972761392270306,0.36385944275085996,0.15293073654174805,allongement
k plus proches voisins,"{'n_neighbors': 2, 'p': 2, 'preparation__n_axes': None, 'weights': 'uniform'}",3.0393387407584807,2.2133020833333332,0.6322170676584647,1.7792510252573925,0.3291904814713187,0.13775300979614258,allongement
k plus proches voisins,"{'n_neighbors': 10, 'p': 1, 'preparation__n_axes': None, 'weights': 'distance'}",3.089401664914085,2.378685047746223,0.6216118799181236,0.2697276139224079,0.29271087313806676,0.16400766372680664,allongement
k plus proches voisins,"{'n_neighbors': 2, 'p': 2, 'preparation__n_axes': 14, 'weights': 'distance'}",3.105507480580571,2.2361774324449244,0.6149245865061743,0.2782603494507837,0.4066883884469743,0.1555023193359375,allongement
k plus proches voisins,"{'n_neighbors': 1, 'p': 1, 'preparation__n_axes': None, 'weights': 'uniform'}",3.1201638520534276,2.25375,0.6129139515537416,0.3634992455728102,0.37081334433797475,0.1365964412689209,allongement
k plus proches voisins,"{'n_neighbors': 1, 'p': 1, 'preparation__n_axes': None, 'weights': 'distance'}",3.1201638520534276,2.2537499999999997,0.6129139515537416,0.3634992455728102,0.37081334433797475,0.14959168434143066,allongement
k plus proches voisins,"{'n_neighbors': 5, 'p': 2, 'preparation__n_axes': 14, 'weights': 'distance'}",3.1223419166855395,2.3139519191986535,0.6136047832768731,0.26972761392293243,0.3320177889970938,0.14841628074645996,allongement
k plus proches voisins,"{'n_neighbors': 5, 'p': 1, 'preparation__n_axes': 14, 'weights': 'distance'}",3.12383012274588,2.2983404958373326,0.6140032927285775,0.2697276139224079,0.2960066373447781,0.1724870204925537,allongement
k plus proches voisins,"{'n_neighbors': 5, 'p': 2, 'preparation__n_axes': 8, 'weights': 'distance'}",3.124090634042578,2.3404877297958215,0.6123456232652736,0.26972761392301486,0.3399289269609256,0.16773033142089844,allongement
k plus proches voisins,"{'n_neighbors': 3, 'p': 1, 'preparation__n_axes': 14, 'weights': 'distance'}",3.1270646839893885,2.250927504195139,0.6128075383725647,0.2697276139224079,0.3664621133779876,0.15862703323364258,allongement
k plus proches voisins,"{'n_neighbors': 5, 'p': 1, 'preparation__n_axes': 8, 'weights': 'distance'}",3.1397510151887253,2.310689584985441,0.6095532301561557,0.2697276139224079,0.30275338593007756,0.15064430236816406,allongement
k plus proches voisins,"{'n_neighbors': 5, 'p': 1, 'preparation__n_axes': None, 'weights': 'uniform'}",3.141278570887017,2.370858333333333,0.6084563823026129,2.4426409456732463,0.3630667157507283,0.14628314971923828,allongement
k plus proches voisins,"{'n_neighbors': 3, 'p': 2, 'preparation__n_axes': 8, 'weights': 'distance'}",3.141936127925611,2.3206176008467123,0.6061400969952173,0.26972761392267974,0.38861789732570756,0.15076446533203125,allongement
k plus proches voisins,"{'n_neighbors': 7, 'p': 2, 'preparation__n_axes': None, 'weights': 'distance'}",3.1424506870484765,2.3681746632505623,0.6069541234499267,0.26972761392292743,0.33053419886049534,0.15703868865966797,allongement
k plus proches voisins,"{'n_neighbors': 3, 'p': 2, 'preparation__n_axes': None, 'weights': 'uniform'}",3.1478689778375144,2.323638888888889,0.6081322444250906,2.0994203444058366,0.25739357786035744,0.13830780982971191,allongement
k plus proches voisins,"{'n_neighbors': 2, 'p': 1, 'preparation__n_axes': 14, 'weights': 'distance'}",3.1563791336851295,2.250969087543601,0.6048261124408532,0.27826034945068884,0.3886512246407566,0.16070032119750977,allongement
k plus proches voisins,"{'n_neighbors': 7, 'p': 2, 'preparation__n_axes': 8, 'weights': 'distance'}",3.1618697144345314,2.3885141523812488,0.6049664079648368,0.26972761392346484,0.3099235953133217,0.1678485870361328,allongement
k plus proches voisins,"{'n_neighbors': 3, 'p': 1, 'preparation__n_axes': 8, 'weights': 'distance'}",3.1658902419342416,2.3115110196980533,0.6020359575807356,0.2697276139224079,0.37754654194934295,0.14605379104614258,allongement
k plus proches voisins,"{'n_neighbors': 7, 'p': 1, 'preparation__n_axes': 8, 'weights': 'distance'}",3.1829479626246147,2.380556347911213,0.5984858473606834,0.2697276139224079,0.3076222106949263,0.1789226531982422,allongement
k plus proches voisins,"{'n_neighbors': 2, 'p': 2, 'preparation__n_axes': 14, 'weights': 'uniform'}",3.1880040472315345,2.3205833333333334,0.595393766677895,1.725745001651577,0.39797532775540523,0.15032625198364258,allongement
k plus proches voisins,"{'n_neighbors': 7, 'p': 1, 'preparation__n_axes': 14, 'weights': 'distance'}",3.1887227733838914,2.3864862075305426,0.5987615742784057,0.2697276139224079,0.26100852251616036,0.16931414604187012,allongement
k plus proches voisins,"{'n_neighbors': 3, 'p': 2, 'preparation__n_axes': 14, 'weights': 'uniform'}",3.189718950950604,2.3522638888888894,0.5956544097033036,2.1448778989144985,0.38281481242663656,0.1572401523590088,allongement
k plus proches voisins,"{'n_neighbors': 7, 'p': 2, 'preparation__n_axes': 14, 'weights': 'distance'}",3.2111328991072683,2.4187074623582907,0.591779039133105,0.26972761392328914,0.3143075651873251,0.15157771110534668,allongement
k plus proches voisins,"{'n_neighbors': 15, 'p': 1, 'preparation__n_axes': None, 'weights': 'distance'}",3.2156321893860067,2.5110327551505627,0.5920131453161359,0.2697276139224079,0.20092778629812588,0.16367030143737793,allongement
k plus proches voisins,"{'n_neighbors': 2, 'p': 1, 'preparation__n_axes': 8, 'weights': 'distance'}",3.2256884624862154,2.330728980863823,0.5880900003096403,0.27826034945068884,0.38818890317957044,0.15876364707946777,allongement
k plus proches voisins,"{'n_neighbors': 2, 'p': 2, 'preparation__n_axes': 8, 'weights': 'distance'}",3.229657172981107,2.33396248668467,0.5805388967586733,0.2782603494508159,0.4105214125026347,0.152055025100708,allongement
k plus proches voisins,"{'n_neighbors': 1, 'p': 2, 'preparation__n_axes': 14, 'weights': 'uniform'}",3.229743722482156,2.327125,0.5861731146855289,0.3634992455728102,0.36587974402405055,0.14790058135986328,allongement
k plus proches voisins,"{'n_neighbors': 1, 'p': 2, 'preparation__n_axes': 14, 'weights': 'distance'}",3.2297437224821564,2.3271249999999997,0.5861731146855289,0.3634992455728102,0.36587974402405055,0.13934063911437988,allongement
k plus proches voisins,"{'n_neighbors': 10, 'p': 2, 'preparation__n_axes': 8, 'weights': 'distance'}",3.2370456668757557,2.4768000023394365,0.5860802874489636,0.26972761392415234,0.2680369659683659,0.1587374210357666,allongement
k plus proches voisins,"{'n_neighbors': 2, 'p': 1, 'preparation__n_axes': 14, 'weights': 'uniform'}",3.251019734675458,2.3470208333333336,0.5821356976341067,1.7820989835971428,0.35940468335482606,0.13967323303222656,allongement
k plus proches voisins,"{'n_neighbors': 10, 'p': 2, 'preparation__n_axes': None, 'weights': 'distance'}",3.2518553220904165,2.496824021414312,0.5817032617057141,0.26972761392328937,0.24967110669559733,0.16002702713012695,allongement
k plus proches voisins,"{'n_neighbors': 5, 'p': 2, 'preparation__n_axes': None, 'weights': 'uniform'}",3.2549658199377554,2.446058333333334,0.5799492331130199,2.5973910306498533,0.34047590864886007,0.13834095001220703,allongement
k plus proches voisins,"{'n_neighbors': 3, 'p': 2, 'preparation__n_axes': 8, 'weights': 'uniform'}",3.2640580592679322,2.442222222222222,0.577646033465259,2.133693534391304,0.3624913595219379,0.1412336826324463,allongement
k plus proches voisins,"{'n_neighbors': 5, 'p': 2, 'preparation__n_axes': 8, 'weights': 'uniform'}",3.267166754593918,2.4929333333333332,0.5781253947380326,2.5939737732265917,0.3148275681643006,0.1672215461730957,allongement
k plus proches voisins,"{'n_neighbors': 10, 'p': 1, 'preparation__n_axes': 8, 'weights': 'distance'}",3.2693971109140114,2.4767909579636584,0.5775267088092726,0.2697276139224079,0.2629829387637719,0.17171883583068848,allongement
k plus proches voisins,"{'n_neighbors': 10, 'p': 1, 'preparation__n_axes': 14, 'weights': 'distance'}",3.2713739585363606,2.4966635913183888,0.5786530081904395,0.2697276139224079,0.1956995692135939,0.17277002334594727,allongement
k plus proches voisins,"{'n_neighbors': 2, 'p': 1, 'preparation__n_axes': 8, 'weights': 'uniform'}",3.273545803500496,2.393479166666667,0.5765942608961875,1.780320904512612,0.3888484032597104,0.13612794876098633,allongement
k plus proches voisins,"{'n_neighbors': 3, 'p': 1, 'preparation__n_axes': 8, 'weights': 'uniform'}",3.274170600726296,2.4443472222222224,0.5763183189134645,2.1602059197360086,0.34990663771552344,0.14108848571777344,allongement
k plus proches voisins,"{'n_neighbors': 10, 'p': 2, 'preparation__n_axes': 14, 'weights': 'distance'}",3.275408930005439,2.4869023164649926,0.5771685332185109,0.2697276139238851,0.21762185607357504,0.15361857414245605,allongement
k plus proches voisins,"{'n_neighbors': 5, 'p': 1, 'preparation__n_axes': 8, 'weights': 'uniform'}",3.2825485532925356,2.4650333333333334,0.5751741198578856,2.5924456526389377,0.25705737740255646,0.13756871223449707,allongement
k plus proches voisins,"{'n_neighbors': 7, 'p': 1, 'preparation__n_axes': None, 'weights': 'uniform'}",3.2908063441157567,2.551127976190476,0.5721169862116138,2.674947760007594,0.29103151946722766,0.15807652473449707,allongement
k plus proches voisins,"{'n_neighbors': 3, 'p': 1, 'preparation__n_axes': 14, 'weights': 'uniform'}",3.2914014029978063,2.419118055555556,0.5733550573763853,2.2062473145718657,0.32192088211868786,0.14424872398376465,allongement
k plus proches voisins,"{'n_neighbors': 2, 'p': 2, 'preparation__n_axes': 8, 'weights': 'uniform'}",3.314279592647734,2.4190416666666668,0.5596806438050471,1.7477309761176745,0.3974957422314138,0.1394977569580078,allongement
k plus proches voisins,"{'n_neighbors': 5, 'p': 1, 'preparation__n_axes': 14, 'weights': 'uniform'}",3.3225178472567776,2.4879791666666664,0.564913021314559,2.5845973425482294,0.2591815412541037,0.14924097061157227,allongement
k plus proches voisins,"{'n_neighbors': 5, 'p': 2, 'preparation__n_axes': 14, 'weights': 'uniform'}",3.331165995138574,2.5164583333333335,0.5624111687081217,2.584960352265563,0.3005336023904245,0.14489269256591797,allongement
k plus proches voisins,"{'n_neighbors': 15, 'p': 1, 'preparation__n_axes': 14, 'weights': 'distance'}",3.341755717795388,2.590748502700006,0.5611187848284684,0.2697276139224079,0.18693336585241227,0.17778372764587402,allongement
k plus proches voisins,"{'n_neighbors': 15, 'p': 2, 'preparation__n_axes': 8, 'weights': 'distance'}",3.3465764897825614,2.5668803316049846,0.55887385707685,0.2697276139253533,0.215505060787333,0.14926815032958984,allongement
k plus proches voisins,"{'n_neighbors': 20, 'p': 1, 'preparation__n_axes': None, 'weights': 'distance'}",3.3518729579147446,2.635073286466368,0.5564772073421795,0.2697276139224079,0.1838721573219631,0.1590111255645752,allongement
k plus proches voisins,"{'n_neighbors': 7, 'p': 2, 'preparation__n_axes': 8, 'weights': 'uniform'}",3.358937086775788,2.5885059523809524,0.55661718805573,2.8462940291212613,0.2900040712953825,0.14780354499816895,allongement
k plus proches voisins,"{'n_neighbors': 15, 'p': 2, 'preparation__n_axes': 14, 'weights': 'distance'}",3.36915481226695,2.600317773739035,0.5529703251276603,0.2697276139251026,0.1750536881386804,0.15499138832092285,allongement
k plus proches voisins,"{'n_neighbors': 15, 'p': 1, 'preparation__n_axes': 8, 'weights': 'distance'}",3.3785725326544354,2.5951674406743495,0.5494897373793426,0.2697276139224079,0.2242058283094488,0.15346527099609375,allongement
k plus proches voisins,"{'n_neighbors': 1, 'p': 2, 'preparation__n_axes': None, 'weights': 'uniform'}",3.387198630029844,2.3575,0.5408920665892614,0.3634992455728102,0.30176222547553366,0.1382431983947754,allongement
k plus proches voisins,"{'n_neighbors': 1, 'p': 2, 'preparation__n_axes': None, 'weights': 'distance'}",3.3871986300298444,2.3575,0.5408920665892614,0.3634992455728102,0.3017622254755337,0.13753795623779297,allongement
k plus proches voisins,"{'n_neighbors': 7, 'p': 1, 'preparation__n_axes': 8, 'weights': 'uniform'}",3.3872068420743453,2.5761041666666666,0.5477681782704169,2.8313884595277816,0.2492130563195152,0.15627098083496094,allongement
k plus proches voisins,"{'n_neighbors': 20, 'p': 2, 'preparation__n_axes': 8, 'weights': 'distance'}",3.4119251512006192,2.649711590851695,0.5411298000266856,0.2697276139268099,0.17961007237937265,0.14873600006103516,allongement
k plus proches voisins,"{'n_neighbors': 15, 'p': 2, 'preparation__n_axes': None, 'weights': 'distance'}",3.412436435135504,2.6601209109580997,0.540567099236941,0.2697276139240408,0.1698195908735937,0.1401374340057373,allongement
k plus proches voisins,"{'n_neighbors': 7, 'p': 2, 'preparation__n_axes': None, 'weights': 'uniform'}",3.4133680529131722,2.6110357142857143,0.5406487934153061,2.8570107096386708,0.25840924533155446,0.14789962768554688,allongement
k plus proches voisins,"{'n_neighbors': 1, 'p': 2, 'preparation__n_axes': 8, 'weights': 'distance'}",3.4268909322085106,2.476375,0.5283723986670454,0.3634992455728102,0.4016396047209727,0.1505887508392334,allongement
k plus proches voisins,"{'n_neighbors': 1, 'p': 2, 'preparation__n_axes': 8, 'weights': 'uniform'}",3.4268909322085106,2.476375,0.5283723986670454,0.3634992455728102,0.40163960472097276,0.15196871757507324,allongement
k plus proches voisins,"{'n_neighbors': 7, 'p': 1, 'preparation__n_axes': 14, 'weights': 'uniform'}",3.4389493335949672,2.6234732142857147,0.5359217241042546,2.814378350865023,0.1892061099837019,0.15938425064086914,allongement
k plus proches voisins,"{'n_neighbors': 7, 'p': 2, 'preparation__n_axes': 14, 'weights': 'uniform'}",3.445006290427402,2.6495982142857137,0.5331851728188075,2.851846706356288,0.2670877535554667,0.16391515731811523,allongement
k plus proches voisins,"{'n_neighbors': 10, 'p': 1, 'preparation__n_axes': None, 'weights': 'uniform'}",3.44702745562372,2.6976375,0.5318486129531887,2.9523030011699776,0.22211542459479997,0.15654587745666504,allongement
k plus proches voisins,"{'n_neighbors': 1, 'p': 1, 'preparation__n_axes': 14, 'weights': 'uniform'}",3.457179668776752,2.4262083333333337,0.5298584459536324,0.3634992455728102,0.4108177671384998,0.14563989639282227,allongement
k plus proches voisins,"{'n_neighbors': 1, 'p': 1, 'preparation__n_axes': 14, 'weights': 'distance'}",3.457179668776752,2.4262083333333337,0.5298584459536324,0.3634992455728102,0.4108177671384997,0.1485135555267334,allongement
k plus proches voisins,"{'n_neighbors': 20, 'p': 1, 'preparation__n_axes': 14, 'weights': 'distance'}",3.4614348987088173,2.703305614839517,0.5292465419732316,0.2697276139224079,0.12652255855706843,0.15035772323608398,allongement
k plus proches voisins,"{'n_neighbors': 10, 'p': 2, 'preparation__n_axes': 8, 'weights': 'uniform'}",3.4739939531477355,2.707833333333333,0.5252015013457287,3.0466531212948427,0.23858291045176494,0.14815855026245117,allongement
k plus proches voisins,"{'n_neighbors': 20, 'p': 2, 'preparation__n_axes': 14, 'weights': 'distance'}",3.4744650861027657,2.702768668418198,0.5254432988869429,0.26972761392655353,0.12162671856892518,0.15142464637756348,allongement
k plus proches voisins,"{'n_neighbors': 20, 'p': 1, 'preparation__n_axes': 8, 'weights': 'distance'}",3.4843569452003265,2.708387634739111,0.5208890744027588,0.2697276139224079,0.1974038905218807,0.14799261093139648,allongement
k plus proches voisins,"{'n_neighbors': 20, 'p': 2, 'preparation__n_axes': None, 'weights': 'distance'}",3.5087892720974656,2.751225735815725,0.514564706182073,0.2697276139249572,0.15218564062663287,0.15971660614013672,allongement
k plus proches voisins,"{'n_neighbors': 10, 'p': 1, 'preparation__n_axes': 8, 'weights': 'uniform'}",3.509863297054789,2.6996333333333333,0.5148572834213294,3.076774794237947,0.20163304785596114,0.1539158821105957,allongement
k plus proches voisins,"{'n_neighbors': 10, 'p': 1, 'preparation__n_axes': 14, 'weights': 'uniform'}",3.573116293804682,2.7682375,0.4993991142263735,3.076145814624295,0.15156967907257063,0.1643996238708496,allongement
k plus proches voisins,"{'n_neighbors': 30, 'p': 2, 'preparation__n_axes': 8, 'weights': 'distance'}",3.5835117873417808,2.814021952307719,0.49334693057039053,0.2697276139301764,0.14895492954568662,0.1622607707977295,allongement
k plus proches voisins,"{'n_neighbors': 30, 'p': 1, 'preparation__n_axes': None, 'weights': 'distance'}",3.585203475629521,2.8532391355808473,0.49299009421637247,0.2697276139224079,0.16835306660199428,0.17351031303405762,allongement
k plus proches voisins,"{'n_neighbors': 10, 'p': 2, 'preparation__n_axes': 14, 'weights': 'uniform'}",3.585875503871113,2.747529166666666,0.4958532839162527,3.130518938161865,0.1696233447094536,0.15243172645568848,allongement
k plus proches voisins,"{'n_neighbors': 10, 'p': 2, 'preparation__n_axes': None, 'weights': 'uniform'}",3.5863593876229674,2.7820624999999994,0.49485429174770285,3.159643460371621,0.21804435972666633,0.14462637901306152,allongement
k plus proches voisins,"{'n_neighbors': 30, 'p': 2, 'preparation__n_axes': 14, 'weights': 'distance'}",3.613345943229708,2.852442703412738,0.4865926461302946,0.2697276139303536,0.09873716821746115,0.1516869068145752,allongement
k plus proches voisins,"{'n_neighbors': 15, 'p': 2, 'preparation__n_axes': 8, 'weights': 'uniform'}",3.615461477410544,2.795101388888889,0.4862479775680345,3.305878570194435,0.2052754242592453,0.1488802433013916,allongement
k plus proches voisins,"{'n_neighbors': 15, 'p': 1, 'preparation__n_axes': None, 'weights': 'uniform'}",3.6332109910496007,2.8881916666666663,0.4806150404747285,3.278976251910831,0.17116351851937694,0.15016603469848633,allongement
k plus proches voisins,"{'n_neighbors': 1, 'p': 1, 'preparation__n_axes': 8, 'weights': 'distance'}",3.6587987229697205,2.6065,0.4688447438341745,0.3634992455728102,0.3373429088160529,0.15016412734985352,allongement
k plus proches voisins,"{'n_neighbors': 1, 'p': 1, 'preparation__n_axes': 8, 'weights': 'uniform'}",3.6587987229697205,2.6065,0.4688447438341746,0.3634992455728102,0.3373429088160527,0.13773131370544434,allongement
k plus proches voisins,"{'n_neighbors': 30, 'p': 1, 'preparation__n_axes': 8, 'weights': 'distance'}",3.6645550345441285,2.8764722426387506,0.47157128542594007,0.2697276139224079,0.1490053222646427,0.20375514030456543,allongement
k plus proches voisins,"{'n_neighbors': 30, 'p': 2, 'preparation__n_axes': None, 'weights': 'distance'}",3.6655104162443477,2.8948057283225777,0.4712846958556556,0.2697276139272297,0.11962179755928924,0.14862728118896484,allongement
k plus proches voisins,"{'n_neighbors': 15, 'p': 1, 'preparation__n_axes': 8, 'weights': 'uniform'}",3.676297934897633,2.858838888888889,0.46797617810507147,3.3232017736120887,0.19423509375283915,0.14377427101135254,allongement
k plus proches voisins,"{'n_neighbors': 15, 'p': 1, 'preparation__n_axes': 14, 'weights': 'uniform'}",3.6786360559218623,2.87795,0.4696892072273318,3.3917517173822986,0.18886985896961708,0.15109610557556152,allongement
k plus proches voisins,"{'n_neighbors': 20, 'p': 2, 'preparation__n_axes': 8, 'weights': 'uniform'}",3.70210437833502,2.8923510416666667,0.46046966342196544,3.4779199727095267,0.17346805672615306,0.16238117218017578,allongement
k plus proches voisins,"{'n_neighbors': 30, 'p': 1, 'preparation__n_axes': 14, 'weights': 'distance'}",3.7031031299603034,2.9160518649497478,0.4616853074602033,0.2697276139224079,0.09011188422081964,0.15750765800476074,allongement
k plus proches voisins,"{'n_neighbors': 15, 'p': 2, 'preparation__n_axes': 14, 'weights': 'uniform'}",3.726491608436432,2.9004291666666666,0.45529139084622533,3.4212005557434844,0.1511211362067041,0.1467115879058838,allongement
k plus proches voisins,"{'n_neighbors': 15, 'p': 2, 'preparation__n_axes': None, 'weights': 'uniform'}",3.77037409740349,2.9645749999999995,0.441764731693396,3.446479741258306,0.12795767123866145,0.1396651268005371,allongement
k plus proches voisins,"{'n_neighbors': 20, 'p': 1, 'preparation__n_axes': None, 'weights': 'uniform'}",3.7973325154606625,3.02966875,0.431726147491123,3.5090083889679233,0.1812144112881897,0.14845824241638184,allongement
k plus proches voisins,"{'n_neighbors': 50, 'p': 2, 'preparation__n_axes': 8, 'weights': 'distance'}",3.805314589914471,2.9892596239762304,0.42972855696724377,0.2697276139390147,0.15259808046937545,0.16864991188049316,allongement
k plus proches voisins,"{'n_neighbors': 20, 'p': 1, 'preparation__n_axes': 8, 'weights': 'uniform'}",3.8253518891234415,3.001663541666667,0.4233899027541936,3.530626308114928,0.18169890502711578,0.14699316024780273,allongement
k plus proches voisins,"{'n_neighbors': 20, 'p': 1, 'preparation__n_axes': 14, 'weights': 'uniform'}",3.8281916079224345,3.0096968749999995,0.4256102130358955,3.6000095741725024,0.10636889186807592,0.14444708824157715,allongement
k plus proches voisins,"{'n_neighbors': 20, 'p': 2, 'preparation__n_axes': 14, 'weights': 'uniform'}",3.8355994206471613,3.001747916666666,0.42309515575626044,3.5682067522513834,0.13609777795574918,0.14418292045593262,allongement
k plus proches voisins,"{'n_neighbors': 20, 'p': 2, 'preparation__n_axes': None, 'weights': 'uniform'}",3.8501625801555845,3.0447187500000004,0.4176812771741115,3.6181576362764707,0.12081072539180765,0.13318490982055664,allongement
k plus proches voisins,"{'n_neighbors': 50, 'p': 2, 'preparation__n_axes': 14, 'weights': 'distance'}",3.8978059555974243,3.088341318936512,0.4032033954717587,0.26972761394103884,0.11485364967605738,0.15673542022705078,allongement
k plus proches voisins,"{'n_neighbors': 50, 'p': 1, 'preparation__n_axes': None, 'weights': 'distance'}",3.9047512503502624,3.1073133435284537,0.3995612977041487,0.2697276139224079,0.176313568415011,0.17118453979492188,allongement
k plus proches voisins,"{'n_neighbors': 30, 'p': 2, 'preparation__n_axes': 8, 'weights': 'uniform'}",3.916589729834685,3.098925,0.39540389704828216,3.6964759285066693,0.15131217487229523,0.14761686325073242,allongement
k plus proches voisins,"{'n_neighbors': 50, 'p': 1, 'preparation__n_axes': 8, 'weights': 'distance'}",3.9292224505194255,3.107836363721991,0.39322181279489826,0.2697276139224079,0.1618775269769568,0.15694451332092285,allongement
k plus proches voisins,"{'n_neighbors': 30, 'p': 2, 'preparation__n_axes': 14, 'weights': 'uniform'}",3.964157367372033,3.151584027777778,0.38320840041293136,3.774711132260473,0.10420991789560857,0.1513054370880127,allongement
k plus proches voisins,"{'n_neighbors': 30, 'p': 2, 'preparation__n_axes': None, 'weights': 'uniform'}",3.9970114163094115,3.1892416666666668,0.37299373337731867,3.855297318689864,0.09298858414408755,0.13994193077087402,allongement
k plus proches voisins,"{'n_neighbors': 50, 'p': 2, 'preparation__n_axes': None, 'weights': 'distance'}",4.0061844712363675,3.1721095305072766,0.3690635365845979,0.26972761393479255,0.1309420660285158,0.14965248107910156,allongement
k plus proches voisins,"{'n_neighbors': 50, 'p': 1, 'preparation__n_axes': 14, 'weights': 'distance'}",4.049968842760156,3.2199823371970844,0.3569818210093171,0.2697276139224079,0.1081342308294605,0.1602029800415039,allongement
k plus proches voisins,"{'n_neighbors': 30, 'p': 1, 'preparation__n_axes': 8, 'weights': 'uniform'}",4.072502714543604,3.215025,0.34884778316526444,3.855633023287807,0.13344849623015903,0.15807676315307617,allongement
k plus proches voisins,"{'n_neighbors': 30, 'p': 1, 'preparation__n_axes': None, 'weights': 'uniform'}",4.101970735760643,3.2970000000000006,0.33800509826593717,3.8770070526346423,0.16540329389091135,0.15424609184265137,allongement
k plus proches voisins,"{'n_neighbors': 30, 'p': 1, 'preparation__n_axes': 14, 'weights': 'uniform'}",4.131546630896744,3.2912666666666666,0.3315057273892328,3.9403712712629955,0.07356312899807295,0.16097044944763184,allongement
k plus proches voisins,"{'n_neighbors': 50, 'p': 2, 'preparation__n_axes': 8, 'weights': 'uniform'}",4.1899770908487435,3.3067162499999996,0.3098699932259648,4.076881815947081,0.1589080782382145,0.15512824058532715,allongement
k plus proches voisins,"{'n_neighbors': 50, 'p': 2, 'preparation__n_axes': 14, 'weights': 'uniform'}",4.28400132752929,3.41393625,0.28049937613938675,4.160900271352243,0.12749506484806977,0.16530680656433105,allongement
k plus proches voisins,"{'n_neighbors': 50, 'p': 2, 'preparation__n_axes': None, 'weights': 'uniform'}",4.358491041093684,3.47126625,0.2548475885486992,4.252299856051984,0.1315544457861564,0.20938348770141602,allongement
k plus proches voisins,"{'n_neighbors': 50, 'p': 1, 'preparation__n_axes': 8, 'weights': 'uniform'}",4.388934085226576,3.4932674999999995,0.24505231726811863,4.269143817420835,0.14657627890064295,0.16050505638122559,allongement
k plus proches voisins,"{'n_neighbors': 50, 'p': 1, 'preparation__n_axes': None, 'weights': 'uniform'}",4.447768222965134,3.5584675,0.2237804667168719,4.330737552267205,0.1698202719983095,0.1510920524597168,allongement
k plus proches voisins,"{'n_neighbors': 50, 'p': 1, 'preparation__n_axes': 14, 'weights': 'uniform'}",4.515725173127266,3.6178262499999994,0.20277192299592822,4.401380833376736,0.13463932666471926,0.1632843017578125,allongement
Bagging,"{'estimator__min_samples_leaf': 1, 'max_samples': 1.0, 'n_estimators': 250}",2.733810825661286,2.0583389537698413,0.7026797990817546,1.0203072079586244,0.25544305110367954,2.0581109523773193,allongement
Bagging,"{'estimator__min_samples_leaf': 1, 'max_samples': 1.0, 'n_estimators': 50}",2.7385042256345877,2.069462140873016,0.7022789770929008,1.066740136837622,0.2504763884106888,0.7443704605102539,allongement
Bagging,"{'estimator__min_samples_leaf': 1, 'max_samples': 1.0, 'n_estimators': 500}",2.7418001753643138,2.067640465575397,0.7004377338278415,1.0138104206241627,0.2712560808167435,4.119719505310059,allongement
Bagging,"{'estimator__min_samples_leaf': 1, 'max_samples': 1.0, 'n_estimators': 100}",2.756248252825718,2.073518628472222,0.6980067368065108,1.0411539604304945,0.25982396165564164,1.0391392707824707,allongement
Bagging,"{'estimator__min_samples_leaf': 1, 'max_samples': 0.8, 'n_estimators': 500}",2.7647934233727063,2.0902594730158732,0.6957327141602643,1.2295490835319485,0.25577889592269193,3.938922643661499,allongement
Bagging,"{'estimator__min_samples_leaf': 1, 'max_samples': 0.8, 'n_estimators': 250}",2.7679558454922266,2.095513338492064,0.69507264586766,1.2381072449491186,0.2539169007197994,1.9044599533081055,allongement
Bagging,"{'estimator__min_samples_leaf': 1, 'max_samples': 0.8, 'n_estimators': 100}",2.7710704574118443,2.10682814484127,0.6942709147757087,1.2641790026334196,0.2771485165077793,0.93556809425354,allongement
Bagging,"{'estimator__min_samples_leaf': 1, 'max_samples': 0.8, 'n_estimators': 50}",2.774956408045578,2.1178351865079366,0.6924271954779841,1.2871263294045616,0.3093874942537889,0.640789270401001,allongement
Bagging,"{'estimator__min_samples_leaf': 1, 'max_samples': 0.65, 'n_estimators': 500}",2.8084255029594716,2.1337520636904763,0.686023309094376,1.4296070098336264,0.2551606937367283,3.361041307449341,allongement
Bagging,"{'estimator__min_samples_leaf': 1, 'max_samples': 0.65, 'n_estimators': 250}",2.8102990971811272,2.1290881539682536,0.6856676666154355,1.4296329831362784,0.24924799775158443,1.9190900325775146,allongement
Bagging,"{'estimator__min_samples_leaf': 1, 'max_samples': 0.65, 'n_estimators': 100}",2.8112965259842606,2.137247284722222,0.6851058792682732,1.460232996334767,0.27318819229716934,0.9041857719421387,allongement
Bagging,"{'estimator__min_samples_leaf': 2, 'max_samples': 1.0, 'n_estimators': 100}",2.8141331803128704,2.1273962063096143,0.6859745399001742,1.3403980749276931,0.2534111957046915,0.872244119644165,allongement
Bagging,"{'estimator__min_samples_leaf': 1, 'max_samples': 0.65, 'n_estimators': 50}",2.8245320974515638,2.1473083749999997,0.6809150215494019,1.4806420454866183,0.30281327980646644,0.693993330001831,allongement
Bagging,"{'estimator__min_samples_leaf': 2, 'max_samples': 0.8, 'n_estimators': 100}",2.8356985298078192,2.1538088882297717,0.6808255872551203,1.5186706902381868,0.26030868858699785,0.8917181491851807,allongement
Bagging,"{'estimator__min_samples_leaf': 2, 'max_samples': 0.65, 'n_estimators': 100}",2.874001742765893,2.190174316287667,0.6707908821446296,1.680509819604057,0.27865040660996454,0.9015271663665771,allongement
Bagging,"{'estimator__min_samples_leaf': 1, 'max_samples': 0.5, 'n_estimators': 100}",2.8871234707373836,2.2079441805555557,0.6684192055192009,1.7145685701424849,0.2655420053386414,0.8982386589050293,allongement
Bagging,"{'estimator__min_samples_leaf': 5, 'max_samples': 1.0, 'n_estimators': 100}",2.947492015722074,2.2654587683264635,0.6542404815112521,1.9037577458166013,0.26736449376192806,0.8395414352416992,allongement
Bagging,"{'estimator__min_samples_leaf': 2, 'max_samples': 0.5, 'n_estimators': 100}",2.962305292280483,2.2739186777875795,0.6513903458279907,1.8991712456193788,0.2534117789690086,0.7628633975982666,allongement
Bagging,"{'estimator__min_samples_leaf': 5, 'max_samples': 0.8, 'n_estimators': 100}",2.9819272707121036,2.298165653631967,0.6458033972274898,2.039290691695796,0.26713224545594555,0.8225851058959961,allongement
Bagging,"{'estimator__min_samples_leaf': 5, 'max_samples': 0.65, 'n_estimators': 100}",3.0506481638497567,2.345467679698131,0.6302223541980174,2.174150552979272,0.254678777174167,0.788754940032959,allongement
Bagging,"{'estimator__min_samples_leaf': 5, 'max_samples': 0.5, 'n_estimators': 100}",3.114590654094235,2.4231874746782363,0.615485003943421,2.359737060943323,0.22933210686123812,0.7156922817230225,allongement
Bagging,"{'estimator__min_samples_leaf': 10, 'max_samples': 1.0, 'n_estimators': 100}",3.168875445553838,2.4605490559253385,0.6016505480517359,2.4442596268366596,0.21218212370131537,0.7464406490325928,allongement
Bagging,"{'estimator__min_samples_leaf': 10, 'max_samples': 0.8, 'n_estimators': 100}",3.2109878337728377,2.504847210901864,0.5909220902303125,2.5654514785916165,0.19870423067530046,0.762650728225708,allongement
Bagging,"{'estimator__min_samples_leaf': 10, 'max_samples': 0.65, 'n_estimators': 100}",3.261821762358571,2.5440994416641813,0.5779086091780713,2.6813278682556976,0.20050147712650604,0.7316007614135742,allongement
Bagging,"{'estimator__min_samples_leaf': 10, 'max_samples': 0.5, 'n_estimators': 100}",3.3507792186071725,2.610110380418072,0.5544549043556477,2.8296638900539755,0.1950738765522708,0.7957422733306885,allongement
Forêt aleatoire,"{'max_depth': 20, 'max_features': 0.5, 'min_samples_leaf': 1, 'n_estimators': 500}",2.7040001612599593,2.0421304895473007,0.7088867747664338,1.0000894340825655,0.2599101247022443,4.681657314300537,allongement
Forêt aleatoire,"{'max_depth': 20, 'max_features': 0.25, 'min_samples_leaf': 1, 'n_estimators': 500}",2.7044790656801516,2.061096695959306,0.7094240844955282,1.0033056477905555,0.26960469814328153,4.1756203174591064,allongement
Forêt aleatoire,"{'max_depth': 20, 'max_features': 0.25, 'min_samples_leaf': 1, 'n_estimators': 250}",2.7053160104780667,2.060571257012303,0.7093582722850413,1.0103069208649633,0.26982543338027004,2.256235122680664,allongement
Forêt aleatoire,"{'max_depth': None, 'max_features': 0.75, 'min_samples_leaf': 1, 'n_estimators': 500}",2.711966836916133,2.044278988789685,0.7067450582346184,1.003368991513129,0.2667096936405747,4.458290100097656,allongement
Forêt aleatoire,"{'max_depth': 20, 'max_features': 0.25, 'min_samples_leaf': 1, 'n_estimators': 50}",2.712606564073346,2.0575732427484277,0.7068018340520157,1.0564319743073973,0.3295484862031879,0.8373923301696777,allongement
Forêt aleatoire,"{'max_depth': 20, 'max_features': 0.25, 'min_samples_leaf': 1, 'n_estimators': 100}",2.713147792234017,2.064009147554914,0.7076349596255531,1.0308228334790506,0.2893185691733906,1.2738873958587646,allongement
Forêt aleatoire,"{'max_depth': 20, 'max_features': 0.5, 'min_samples_leaf': 1, 'n_estimators': 250}",2.715868277698987,2.0535048309503106,0.7062380221319039,1.0092777784860056,0.26211359470064427,2.3041152954101562,allongement
Forêt aleatoire,"{'max_depth': None, 'max_features': 0.75, 'min_samples_leaf': 1, 'n_estimators': 250}",2.7162266917383238,2.050251726388888,0.7061110115928639,1.0100388613536322,0.25665728924431247,2.5194919109344482,allongement
Forêt aleatoire,"{'max_depth': 20, 'max_features': 0.5, 'min_samples_leaf': 1, 'n_estimators': 100}",2.7186621569964706,2.056569790049675,0.7051300668242202,1.0277409690420822,0.29567149224094325,1.1538336277008057,allongement
Forêt aleatoire,"{'max_depth': None, 'max_features': 0.75, 'min_samples_leaf': 1, 'n_estimators': 100}",2.721435238568433,2.062120504464285,0.7048026420523141,1.018455942441791,0.27682648305319585,1.2006556987762451,allongement
Forêt aleatoire,"{'max_depth': None, 'max_features': 0.25, 'min_samples_leaf': 1, 'n_estimators': 100}",2.72334227911774,2.0776789880952378,0.7054283645873393,1.0296303280412045,0.2751739235137115,1.0926713943481445,allongement
Forêt aleatoire,"{'max_depth': 20, 'max_features': 0.75, 'min_samples_leaf': 1, 'n_estimators': 100}",2.7282879700864155,2.063776326787063,0.7037897716296858,1.025645065171171,0.27562833990642627,1.3605051040649414,allongement
Forêt aleatoire,"{'max_depth': None, 'max_features': 0.5, 'min_samples_leaf': 1, 'n_estimators': 100}",2.732612438377004,2.0600093308531746,0.7018511584022089,1.0309265717101657,0.28965412584660566,1.3335576057434082,allongement
Forêt aleatoire,"{'max_depth': 20, 'max_features': 0.5, 'min_samples_leaf': 2, 'n_estimators': 100}",2.7489108509457667,2.0776114498784084,0.699421001665511,1.3828406310585757,0.27216387295070865,1.142042636871338,allongement
Forêt aleatoire,"{'max_depth': 20, 'max_features': 0.5, 'min_samples_leaf': 1, 'n_estimators': 50}",2.7495523144678438,2.0641429270267184,0.6965035455103286,1.0533526968635507,0.3368283166214577,0.7608044147491455,allongement
Forêt aleatoire,"{'max_depth': None, 'max_features': 0.75, 'min_samples_leaf': 1, 'n_estimators': 50}",2.752200280900214,2.0868922261904763,0.6981868887157476,1.0543613202391895,0.27291979523600507,0.7811789512634277,allongement
Forêt aleatoire,"{'max_depth': None, 'max_features': 0.5, 'min_samples_leaf': 2, 'n_estimators': 100}",2.754933213899789,2.0856430693866264,0.6978400057738188,1.381905231231595,0.2817527615114255,1.415419578552246,allongement
Forêt aleatoire,"{'max_depth': 20, 'max_features': 1.0, 'min_samples_leaf': 1, 'n_estimators': 100}",2.7552238057449494,2.0782412053217327,0.6981857159107138,1.039491244918666,0.26738200022471875,1.372121810913086,allongement
Forêt aleatoire,"{'max_depth': None, 'max_features': 1.0, 'min_samples_leaf': 1, 'n_estimators': 100}",2.7576320532838934,2.0766855322420628,0.6979871805381075,1.0404804930325835,0.2604883926082764,1.3815641403198242,allongement
Forêt aleatoire,"{'max_depth': 12, 'max_features': 0.25, 'min_samples_leaf': 1, 'n_estimators': 100}",2.763541746452677,2.125473691981724,0.6968588270481701,1.2690826221608007,0.27216709013720475,0.9034879207611084,allongement
Forêt aleatoire,"{'max_depth': 12, 'max_features': 0.75, 'min_samples_leaf': 1, 'n_estimators': 100}",2.770004356336874,2.1020531604315926,0.6941872819600683,1.1733199782972021,0.27278637399489225,1.2664577960968018,allongement
Forêt aleatoire,"{'max_depth': 12, 'max_features': 0.5, 'min_samples_leaf': 1, 'n_estimators': 100}",2.7723620622375162,2.098604659378663,0.6941704456034415,1.1945553121405088,0.27071477854192305,0.9855701923370361,allongement
Forêt aleatoire,"{'max_depth': 12, 'max_features': 1.0, 'min_samples_leaf': 1, 'n_estimators': 100}",2.7745674990823153,2.1026018265103135,0.6944209983700913,1.1689675196017455,0.25006668412748484,1.6033790111541748,allongement
Forêt aleatoire,"{'max_depth': 20, 'max_features': 0.25, 'min_samples_leaf': 2, 'n_estimators': 100}",2.7794483553828324,2.131950658621372,0.6940671967788923,1.498729929151121,0.2598342762772076,1.1570219993591309,allongement
Forêt aleatoire,"{'max_depth': None, 'max_features': 0.25, 'min_samples_leaf': 2, 'n_estimators': 100}",2.78026789414233,2.1294777746879596,0.6937805358497537,1.4963412677958357,0.26385264296959365,1.2637519836425781,allongement
Forêt aleatoire,"{'max_depth': 20, 'max_features': 0.75, 'min_samples_leaf': 2, 'n_estimators': 100}",2.7820347046119918,2.119793598387291,0.6912655495332766,1.3400156984708418,0.2902666326701321,1.156550645828247,allongement
Forêt aleatoire,"{'max_depth': 12, 'max_features': 0.5, 'min_samples_leaf': 2, 'n_estimators': 100}",2.789527291951001,2.124259047595178,0.6913484424233018,1.4632070559259933,0.24619010072688316,0.9856827259063721,allongement
Forêt aleatoire,"{'max_depth': None, 'max_features': 0.75, 'min_samples_leaf': 2, 'n_estimators': 100}",2.790799681145103,2.1274184920326578,0.6893116458194706,1.3409282890218364,0.2880004148896301,1.1406104564666748,allongement
Forêt aleatoire,"{'max_depth': None, 'max_features': 1.0, 'min_samples_leaf': 2, 'n_estimators': 100}",2.804982634428763,2.1184032308761287,0.6878077514575911,1.339345603198381,0.26846022931286534,1.330061674118042,allongement
Forêt aleatoire,"{'max_depth': 20, 'max_features': 1.0, 'min_samples_leaf': 2, 'n_estimators': 100}",2.8062318013194987,2.1194991957754232,0.6874896508773842,1.339611366630256,0.2685503740161743,1.183520793914795,allongement
Forêt aleatoire,"{'max_depth': 12, 'max_features': 0.75, 'min_samples_leaf': 2, 'n_estimators': 100}",2.815584447230782,2.1392238913366017,0.6850142569267076,1.4287332859905488,0.2636970179889236,1.1369097232818604,allongement
Forêt aleatoire,"{'max_depth': 12, 'max_features': 0.25, 'min_samples_leaf': 2, 'n_estimators': 100}",2.821084379207547,2.1653707446189405,0.6847560666810072,1.602039993040505,0.25825824424294397,1.0053775310516357,allongement
Forêt aleatoire,"{'max_depth': 12, 'max_features': 1.0, 'min_samples_leaf': 2, 'n_estimators': 100}",2.827288583147159,2.1423546774405997,0.6829546755327263,1.4079887819518828,0.2625945504283216,1.329955816268921,allongement
Forêt aleatoire,"{'max_depth': 8, 'max_features': 0.5, 'min_samples_leaf': 1, 'n_estimators': 100}",2.8752955390599704,2.200679289058776,0.6726969294761392,1.6731626013008778,0.22375441218957146,0.9636752605438232,allongement
Forêt aleatoire,"{'max_depth': 8, 'max_features': 0.75, 'min_samples_leaf': 1, 'n_estimators': 100}",2.89151888862084,2.2087015085048067,0.6670507599509421,1.616481984482902,0.2646135562318333,0.9823987483978271,allongement
Forêt aleatoire,"{'max_depth': 8, 'max_features': 1.0, 'min_samples_leaf': 1, 'n_estimators': 100}",2.8937435133560205,2.197212120100711,0.6685039153029,1.592630932109962,0.2297631693856887,1.0357882976531982,allongement
Forêt aleatoire,"{'max_depth': 8, 'max_features': 0.5, 'min_samples_leaf': 2, 'n_estimators': 100}",2.908539863350803,2.2286960724110494,0.6639572709217832,1.8110302672327383,0.24202551551037896,0.9841651916503906,allongement
Forêt aleatoire,"{'max_depth': 8, 'max_features': 0.75, 'min_samples_leaf': 2, 'n_estimators': 100}",2.9172960455671824,2.2302837428393607,0.6620319597990671,1.752488285814645,0.2441640291197219,0.9856655597686768,allongement
Forêt aleatoire,"{'max_depth': 8, 'max_features': 0.25, 'min_samples_leaf': 1, 'n_estimators': 100}",2.926374887829523,2.2654870781332512,0.6616011495672048,1.8056748729736587,0.2176254862184882,0.8425326347351074,allongement
Forêt aleatoire,"{'max_depth': None, 'max_features': 0.5, 'min_samples_leaf': 5, 'n_estimators': 100}",2.935854661001734,2.260731406722507,0.6578520945653914,1.98130748080568,0.23879202041666292,1.2907037734985352,allongement
Forêt aleatoire,"{'max_depth': 20, 'max_features': 0.5, 'min_samples_leaf': 5, 'n_estimators': 100}",2.9363424527473883,2.261285454649825,0.657730898609465,1.981159284898713,0.23908252779220815,1.116365671157837,allongement
Forêt aleatoire,"{'max_depth': 8, 'max_features': 1.0, 'min_samples_leaf': 2, 'n_estimators': 100}",2.937901790668885,2.232065745469964,0.6582983466368041,1.7146393820017707,0.24652306190034098,1.032560110092163,allongement
Forêt aleatoire,"{'max_depth': 12, 'max_features': 0.5, 'min_samples_leaf': 5, 'n_estimators': 100}",2.941618216405409,2.264467251165027,0.6567078162925387,1.9975182489058956,0.23761729057602315,0.9543416500091553,allongement
Forêt aleatoire,"{'max_depth': 20, 'max_features': 1.0, 'min_samples_leaf': 5, 'n_estimators': 100}",2.9456667033711,2.263630257806683,0.6547966636366404,1.9038317064370105,0.26507361560859616,1.3232414722442627,allongement
Forêt aleatoire,"{'max_depth': None, 'max_features': 1.0, 'min_samples_leaf': 5, 'n_estimators': 100}",2.9456667033711006,2.263630257806683,0.6547966636366404,1.90383170643701,0.26507361560859616,1.0918161869049072,allongement
Forêt aleatoire,"{'max_depth': 12, 'max_features': 0.75, 'min_samples_leaf': 5, 'n_estimators': 100}",2.949174304664481,2.2619828917754212,0.6539276112909659,1.9445982125558015,0.24959029259602306,1.38582181930542,allongement
Forêt aleatoire,"{'max_depth': 20, 'max_features': 0.75, 'min_samples_leaf': 5, 'n_estimators': 100}",2.951718519771598,2.2616741470881783,0.653269378365301,1.937758132739664,0.25237388703207847,1.1759405136108398,allongement
Forêt aleatoire,"{'max_depth': None, 'max_features': 0.75, 'min_samples_leaf': 5, 'n_estimators': 100}",2.9517185197715987,2.2616741470881787,0.653269378365301,1.9377581327396638,0.2523738870320784,1.122612476348877,allongement
Forêt aleatoire,"{'max_depth': 12, 'max_features': 1.0, 'min_samples_leaf': 5, 'n_estimators': 100}",2.9525309105831976,2.2701247962794944,0.6532136760447689,1.9169081401971801,0.2635580166982831,1.246809482574463,allongement
Forêt aleatoire,"{'max_depth': None, 'max_features': 0.25, 'min_samples_leaf': 5, 'n_estimators': 100}",2.9785073163853726,2.3176955222033095,0.6499348163713426,2.1456380334936123,0.19270384936083731,1.0584945678710938,allongement
Forêt aleatoire,"{'max_depth': 20, 'max_features': 0.25, 'min_samples_leaf': 5, 'n_estimators': 100}",2.9785073163853726,2.3176955222033095,0.6499348163713425,2.1456380334936123,0.1927038493608371,1.0800604820251465,allongement
Forêt aleatoire,"{'max_depth': 8, 'max_features': 0.25, 'min_samples_leaf': 2, 'n_estimators': 100}",2.985705718906064,2.3068877442853974,0.6485142818126846,1.9786930916164238,0.1939986086823706,0.8137803077697754,allongement
Forêt aleatoire,"{'max_depth': 12, 'max_features': 0.25, 'min_samples_leaf': 5, 'n_estimators': 100}",2.9959604605726717,2.3340749763566735,0.6456876319902622,2.1694917002683765,0.2017601052551499,0.9215207099914551,allongement
Forêt aleatoire,"{'max_depth': 8, 'max_features': 1.0, 'min_samples_leaf': 5, 'n_estimators': 100}",3.00330709411499,2.319991705344163,0.6418885756780288,2.0582529220041925,0.24145371420434672,0.9892091751098633,allongement
Forêt aleatoire,"{'max_depth': 8, 'max_features': 0.5, 'min_samples_leaf': 5, 'n_estimators': 100}",3.005224601648468,2.319057362626702,0.6422007936991269,2.1552191537999756,0.2137228983572867,0.9815559387207031,allongement
Forêt aleatoire,"{'max_depth': 8, 'max_features': 0.75, 'min_samples_leaf': 5, 'n_estimators': 100}",3.006280112314555,2.321994495695832,0.6407318148137012,2.097636347992046,0.23992078727103142,0.9841713905334473,allongement
Forêt aleatoire,"{'max_depth': 6, 'max_features': 1.0, 'min_samples_leaf': 1, 'n_estimators': 100}",3.0475310382740437,2.3526017556771874,0.6327085218862558,2.0399665973246135,0.2057276808279055,0.9504318237304688,allongement
Forêt aleatoire,"{'max_depth': 6, 'max_features': 0.75, 'min_samples_leaf': 1, 'n_estimators': 100}",3.0634792014762047,2.359784369908058,0.6273341703850777,2.0897239708670976,0.22626997573774676,1.0267596244812012,allongement
Forêt aleatoire,"{'max_depth': 6, 'max_features': 0.5, 'min_samples_leaf': 2, 'n_estimators': 100}",3.065367864135503,2.368582614970298,0.6275414417356089,2.202215219500116,0.21772406654783286,0.8696820735931396,allongement
Forêt aleatoire,"{'max_depth': 6, 'max_features': 1.0, 'min_samples_leaf': 2, 'n_estimators': 100}",3.0671371599549255,2.3617000329445874,0.6278190845380184,2.0973127291703824,0.21519615417776636,1.0001392364501953,allongement
Forêt aleatoire,"{'max_depth': 6, 'max_features': 0.5, 'min_samples_leaf': 1, 'n_estimators': 100}",3.0727254106946975,2.3728738479722677,0.6261431350036588,2.1418885282554117,0.19289343643390283,0.8546442985534668,allongement
Forêt aleatoire,"{'max_depth': 6, 'max_features': 0.75, 'min_samples_leaf': 2, 'n_estimators': 100}",3.074382524804616,2.3768746930054414,0.6255390252682631,2.146181880451995,0.21552370821510797,1.0291056632995605,allongement
Forêt aleatoire,"{'max_depth': 8, 'max_features': 0.25, 'min_samples_leaf': 5, 'n_estimators': 100}",3.0803084660011057,2.4134368461716846,0.626085538391775,2.337667276436129,0.17947234187642538,0.8890032768249512,allongement
Forêt aleatoire,"{'max_depth': 6, 'max_features': 1.0, 'min_samples_leaf': 5, 'n_estimators': 100}",3.111534726021751,2.4124419133019868,0.6159893497494447,2.2907689329192413,0.22654915639729142,0.9333751201629639,allongement
Forêt aleatoire,"{'max_depth': 6, 'max_features': 0.25, 'min_samples_leaf': 1, 'n_estimators': 100}",3.1164710703781657,2.4411767431486298,0.6172295411128681,2.30055034098701,0.1869365142450916,0.8749830722808838,allongement
Forêt aleatoire,"{'max_depth': 6, 'max_features': 0.75, 'min_samples_leaf': 5, 'n_estimators': 100}",3.123972072752342,2.4360150285418998,0.6123625720509722,2.3379603098326074,0.21103913422862472,0.9946630001068115,allongement
Forêt aleatoire,"{'max_depth': 6, 'max_features': 0.25, 'min_samples_leaf': 2, 'n_estimators': 100}",3.1247478224048093,2.455487136502987,0.6152327696123207,2.375828977444308,0.17948458623704033,0.8759689331054688,allongement
Forêt aleatoire,"{'max_depth': 6, 'max_features': 0.5, 'min_samples_leaf': 5, 'n_estimators': 100}",3.1298534130673934,2.4343411472615712,0.6127702418280816,2.3944296804652856,0.18358852660878472,0.8886754512786865,allongement
Forêt aleatoire,"{'max_depth': 12, 'max_features': 0.75, 'min_samples_leaf': 10, 'n_estimators': 100}",3.163220346154402,2.450461527041239,0.6030422883292532,2.4735387898932264,0.20534655878308908,1.5613267421722412,allongement
Forêt aleatoire,"{'max_depth': None, 'max_features': 0.75, 'min_samples_leaf': 10, 'n_estimators': 100}",3.164372631712593,2.4516125103103334,0.6027703341947614,2.4720153742179884,0.2047538858436804,1.0540423393249512,allongement
Forêt aleatoire,"{'max_depth': 20, 'max_features': 0.75, 'min_samples_leaf': 10, 'n_estimators': 100}",3.1643726317125935,2.4516125103103334,0.6027703341947614,2.4720153742179884,0.2047538858436805,1.1436817646026611,allongement
Forêt aleatoire,"{'max_depth': None, 'max_features': 0.5, 'min_samples_leaf': 10, 'n_estimators': 100}",3.170078281190932,2.456700697137567,0.6024306254165878,2.5131114456026014,0.1778993800948473,1.1579856872558594,allongement
Forêt aleatoire,"{'max_depth': 20, 'max_features': 0.5, 'min_samples_leaf': 10, 'n_estimators': 100}",3.170078281190932,2.4567006971375664,0.6024306254165877,2.5131114456026014,0.17789938009484704,1.1533904075622559,allongement
Forêt aleatoire,"{'max_depth': None, 'max_features': 1.0, 'min_samples_leaf': 10, 'n_estimators': 100}",3.170147520390283,2.46189077324993,0.6013536609014116,2.444142281690648,0.2115935576149855,1.2130284309387207,allongement
Forêt aleatoire,"{'max_depth': 20, 'max_features': 1.0, 'min_samples_leaf': 10, 'n_estimators': 100}",3.1701475203902834,2.461890773249931,0.6013536609014115,2.4441422816906484,0.21159355761498536,1.1657960414886475,allongement
Forêt aleatoire,"{'max_depth': 12, 'max_features': 1.0, 'min_samples_leaf': 10, 'n_estimators': 100}",3.170314859364081,2.462097343585319,0.6013212758661307,2.4446019505335803,0.21121894043310938,1.4194037914276123,allongement
Forêt aleatoire,"{'max_depth': 12, 'max_features': 0.5, 'min_samples_leaf': 10, 'n_estimators': 100}",3.170591237349048,2.4560147276421023,0.6022997335276361,2.512486768931063,0.17866085569588633,0.9367423057556152,allongement
Forêt aleatoire,"{'max_depth': 8, 'max_features': 0.5, 'min_samples_leaf': 10, 'n_estimators': 100}",3.1826794106596807,2.488526702800738,0.5994742067115391,2.5627906596091465,0.16796480045718928,0.968336820602417,allongement
Forêt aleatoire,"{'max_depth': 8, 'max_features': 0.75, 'min_samples_leaf': 10, 'n_estimators': 100}",3.184494829178019,2.4731463789710277,0.597498611632928,2.520161996107388,0.20641639569113798,0.980283260345459,allongement
Forêt aleatoire,"{'max_depth': 8, 'max_features': 1.0, 'min_samples_leaf': 10, 'n_estimators': 100}",3.1871527511307223,2.478789656224609,0.5972076232640843,2.4845800056030547,0.2062724523052949,1.000762939453125,allongement
Forêt aleatoire,"{'max_depth': 6, 'max_features': 0.25, 'min_samples_leaf': 5, 'n_estimators': 100}",3.198773954357839,2.533124288363358,0.5968296941908054,2.5851835614835847,0.1511358946674879,0.8576183319091797,allongement
Forêt aleatoire,"{'max_depth': None, 'max_features': 0.25, 'min_samples_leaf': 10, 'n_estimators': 100}",3.2214184989338426,2.5304726562001396,0.5914840644076206,2.675555958238328,0.12757352613895287,1.2106890678405762,allongement
Forêt aleatoire,"{'max_depth': 20, 'max_features': 0.25, 'min_samples_leaf': 10, 'n_estimators': 100}",3.2214184989338435,2.5304726562001396,0.5914840644076206,2.675555958238328,0.12757352613895276,1.0896954536437988,allongement
Forêt aleatoire,"{'max_depth': 12, 'max_features': 0.25, 'min_samples_leaf': 10, 'n_estimators': 100}",3.2245287130440756,2.532767453967021,0.5907549996629671,2.6774337749827284,0.12686031013241122,0.9868354797363281,allongement
Forêt aleatoire,"{'max_depth': 6, 'max_features': 1.0, 'min_samples_leaf': 10, 'n_estimators': 100}",3.2495324741097114,2.5404045847605747,0.5813381680167169,2.605903117488671,0.19766190583123427,0.8856222629547119,allongement
Forêt aleatoire,"{'max_depth': 6, 'max_features': 0.75, 'min_samples_leaf': 10, 'n_estimators': 100}",3.252626028622108,2.540575379344078,0.5803307769781447,2.646575671304221,0.2049039280504094,1.0195531845092773,allongement
Forêt aleatoire,"{'max_depth': 8, 'max_features': 0.25, 'min_samples_leaf': 10, 'n_estimators': 100}",3.2557253026338606,2.5604129174535655,0.5833052214178107,2.7376584865765223,0.10818091754807799,0.9204275608062744,allongement
Forêt aleatoire,"{'max_depth': 6, 'max_features': 0.5, 'min_samples_leaf': 10, 'n_estimators': 100}",3.257953155397222,2.5549503791164585,0.5804039412132023,2.6987044059270784,0.15259001990694207,0.9321916103363037,allongement
Forêt aleatoire,"{'max_depth': 6, 'max_features': 0.25, 'min_samples_leaf': 10, 'n_estimators': 100}",3.3176324194318587,2.625335900198299,0.5675691729512258,2.8707839834475215,0.08494611319529159,0.8288896083831787,allongement
Forêt aleatoire,"{'max_depth': 4, 'max_features': 1.0, 'min_samples_leaf': 1, 'n_estimators': 100}",3.3228481665560907,2.6082853429765946,0.5630363246831049,2.697125724157524,0.192464685687613,0.8730294704437256,allongement
Forêt aleatoire,"{'max_depth': 4, 'max_features': 1.0, 'min_samples_leaf': 2, 'n_estimators': 100}",3.33202498365604,2.60888439527307,0.5605849226994662,2.707409002021991,0.2003948979944851,0.90120530128479,allongement
Forêt aleatoire,"{'max_depth': 4, 'max_features': 0.75, 'min_samples_leaf': 1, 'n_estimators': 100}",3.3449873470822538,2.6302742343312646,0.5572171876372867,2.748834711773678,0.17978111835443011,0.8750782012939453,allongement
Forêt aleatoire,"{'max_depth': 4, 'max_features': 1.0, 'min_samples_leaf': 5, 'n_estimators': 100}",3.35080598282011,2.6315572494080848,0.5546831337426262,2.763353897485539,0.22403575260265163,0.8554158210754395,allongement
Forêt aleatoire,"{'max_depth': 4, 'max_features': 0.75, 'min_samples_leaf': 2, 'n_estimators': 100}",3.3573035155048494,2.6369904643617645,0.5540889996784394,2.761987605120938,0.17381827676408482,0.8696906566619873,allongement
Forêt aleatoire,"{'max_depth': 4, 'max_features': 0.5, 'min_samples_leaf': 1, 'n_estimators': 100}",3.3599416991877114,2.6445484929370244,0.5539432545684712,2.7971599273519576,0.16540036751862616,0.9127919673919678,allongement
Forêt aleatoire,"{'max_depth': 4, 'max_features': 0.5, 'min_samples_leaf': 2, 'n_estimators': 100}",3.363310497409869,2.6455358297282032,0.5530408642701972,2.8109056235283476,0.1643240479460432,0.8516359329223633,allongement
Forêt aleatoire,"{'max_depth': 4, 'max_features': 0.75, 'min_samples_leaf': 5, 'n_estimators': 100}",3.380128146067006,2.6679279688925055,0.5472872221663488,2.8233227402728525,0.18698788299437585,0.8756184577941895,allongement
Forêt aleatoire,"{'max_depth': 4, 'max_features': 0.5, 'min_samples_leaf': 5, 'n_estimators': 100}",3.3879435583400266,2.6801831091271873,0.5467314037663975,2.879684652953498,0.14190083183472893,0.9052112102508545,allongement
Forêt aleatoire,"{'max_depth': 4, 'max_features': 1.0, 'min_samples_leaf': 10, 'n_estimators': 100}",3.408476195819071,2.6881681876831003,0.5395029956365638,2.9043624942142636,0.1918057222006566,0.9349439144134521,allongement
Forêt aleatoire,"{'max_depth': 4, 'max_features': 0.25, 'min_samples_leaf': 1, 'n_estimators': 100}",3.4123509254637225,2.719613207171516,0.5426976071420648,2.965311756006319,0.07655083096474619,0.8529713153839111,allongement
Forêt aleatoire,"{'max_depth': 4, 'max_features': 0.75, 'min_samples_leaf': 10, 'n_estimators': 100}",3.414550970625389,2.7002331908583828,0.5384146737132915,2.9636015174050034,0.15901472103903994,0.8568463325500488,allongement
Forêt aleatoire,"{'max_depth': 4, 'max_features': 0.25, 'min_samples_leaf': 2, 'n_estimators': 100}",3.4362322143716257,2.734659296730316,0.5365337757363114,2.9768387640060685,0.08465704652056215,0.82391357421875,allongement
Forêt aleatoire,"{'max_depth': 4, 'max_features': 0.5, 'min_samples_leaf': 10, 'n_estimators': 100}",3.4431346025594594,2.7341393820810085,0.531682822547292,3.0130542990811486,0.13036011537070985,0.8565413951873779,allongement
Forêt aleatoire,"{'max_depth': 4, 'max_features': 0.25, 'min_samples_leaf': 5, 'n_estimators': 100}",3.4447887050846404,2.7543481259039204,0.5336391365633308,3.0443678483616083,0.08853549891445606,0.8581125736236572,allongement
Forêt aleatoire,"{'max_depth': 4, 'max_features': 0.25, 'min_samples_leaf': 10, 'n_estimators': 100}",3.5101393015136706,2.8091703562633215,0.5163495717694601,3.1738726049336767,0.058443526844214846,0.8138976097106934,allongement
Moyenne constante,{},9.586318869585117,7.223071357600477,-0.005201875873201489,9.624323042583347,0.9764271138916902,0.11818361282348633,striction
Arbre,"{'max_depth': 20, 'min_samples_leaf': 1, 'min_samples_split': 20}",6.394017018361335,3.948727051072629,0.5526958876771849,3.685232361463774,1.6037398662238547,0.12317728996276855,striction
Arbre,"{'max_depth': None, 'min_samples_leaf': 1, 'min_samples_split': 20}",6.4168995057300835,3.970551034812467,0.5497433974657319,3.6844541386543077,1.591654445320928,0.13669633865356445,striction
Arbre,"{'max_depth': 20, 'min_samples_leaf': 1, 'min_samples_split': 10}",6.461125987996203,3.812154770091677,0.5359405212710507,2.8529348386665787,1.607052036673965,0.1413426399230957,striction
Arbre,"{'max_depth': None, 'min_samples_leaf': 2, 'min_samples_split': 20}",6.465663527699972,3.9456391309391288,0.5405566977849796,4.353742231485424,1.7540689588650054,0.12514829635620117,striction
Arbre,"{'max_depth': 20, 'min_samples_leaf': 2, 'min_samples_split': 20}",6.469590967669812,3.952084761020429,0.5400710026528917,4.354403852070251,1.7515211187075954,0.15874052047729492,striction
Arbre,"{'max_depth': 12, 'min_samples_leaf': 1, 'min_samples_split': 20}",6.485365645237995,4.0325607628488855,0.5405327207144538,3.7308420684831596,1.5682424832712618,0.13210296630859375,striction
Arbre,"{'max_depth': 20, 'min_samples_leaf': 2, 'min_samples_split': 10}",6.5039196887571835,3.863716740346709,0.5281077746010212,3.659553162331547,1.7968916005115485,0.16690516471862793,striction
Arbre,"{'max_depth': 12, 'min_samples_leaf': 1, 'min_samples_split': 10}",6.505241144886523,3.82994667505812,0.531086677549838,2.985142565438228,1.5409466950040767,0.13089632987976074,striction
Arbre,"{'max_depth': None, 'min_samples_leaf': 2, 'min_samples_split': 10}",6.521893666944346,3.8823244639239447,0.5258703273635098,3.6583734810413753,1.7853609154711805,0.1126706600189209,striction
Arbre,"{'max_depth': None, 'min_samples_leaf': 1, 'min_samples_split': 10}",6.528420607424889,3.8513465635998387,0.5274890446707586,2.8545330210902833,1.5467228571057556,0.1303701400756836,striction
Arbre,"{'max_depth': 8, 'min_samples_leaf': 5, 'min_samples_split': 10}",6.534115851517565,3.7281202636793127,0.5308910810626023,4.360376790544299,1.392039221461759,0.13608551025390625,striction
Arbre,"{'max_depth': 8, 'min_samples_leaf': 5, 'min_samples_split': 5}",6.534115851517565,3.7281202636793127,0.5308910810626023,4.360376790544299,1.392039221461759,0.14184808731079102,striction
Arbre,"{'max_depth': 8, 'min_samples_leaf': 5, 'min_samples_split': 2}",6.534115851517565,3.7281202636793127,0.5308910810626023,4.360376790544299,1.392039221461759,0.14422202110290527,striction
Arbre,"{'max_depth': 12, 'min_samples_leaf': 2, 'min_samples_split': 20}",6.537579115576655,4.009929573868569,0.5302390925631764,4.42336985399899,1.830814048886265,0.12369751930236816,striction
Arbre,"{'max_depth': 12, 'min_samples_leaf': 2, 'min_samples_split': 10}",6.5983910959099905,3.948612621144618,0.5160781934157367,3.7674416709430716,1.8239235202075386,0.1217343807220459,striction
Arbre,"{'max_depth': 12, 'min_samples_leaf': 5, 'min_samples_split': 5}",6.6082865623770335,3.884259189916483,0.5206557373138415,4.080072004683344,1.3526531677966915,0.12461376190185547,striction
Arbre,"{'max_depth': 12, 'min_samples_leaf': 5, 'min_samples_split': 10}",6.6082865623770335,3.884259189916483,0.5206557373138415,4.080072004683344,1.3526531677966915,0.15080475807189941,striction
Arbre,"{'max_depth': 12, 'min_samples_leaf': 5, 'min_samples_split': 2}",6.6082865623770335,3.884259189916483,0.5206557373138415,4.080072004683344,1.3526531677966915,0.12923288345336914,striction
Arbre,"{'max_depth': None, 'min_samples_leaf': 5, 'min_samples_split': 5}",6.608490560867669,3.8834992035340954,0.5207926268510195,4.064869014900247,1.3529593780599474,0.13074827194213867,striction
Arbre,"{'max_depth': None, 'min_samples_leaf': 5, 'min_samples_split': 10}",6.608490560867669,3.8834992035340954,0.5207926268510195,4.064869014900247,1.3529593780599474,0.13265538215637207,striction
Arbre,"{'max_depth': 20, 'min_samples_leaf': 5, 'min_samples_split': 10}",6.608490560867669,3.8834992035340954,0.5207926268510195,4.064869014900247,1.3529593780599474,0.13803553581237793,striction
Arbre,"{'max_depth': 20, 'min_samples_leaf': 5, 'min_samples_split': 5}",6.608490560867669,3.8834992035340954,0.5207926268510195,4.064869014900247,1.3529593780599474,0.13857269287109375,striction
Arbre,"{'max_depth': 20, 'min_samples_leaf': 5, 'min_samples_split': 2}",6.608490560867669,3.8834992035340954,0.5207926268510195,4.064869014900247,1.3529593780599474,0.14874053001403809,striction
Arbre,"{'max_depth': None, 'min_samples_leaf': 5, 'min_samples_split': 2}",6.608490560867669,3.8834992035340954,0.5207926268510195,4.064869014900247,1.3529593780599474,0.12626957893371582,striction
Arbre,"{'max_depth': 8, 'min_samples_leaf': 5, 'min_samples_split': 20}",6.620204017385245,3.9212931789176935,0.5232132839180121,4.806872879092149,1.3895784974884118,0.12813735008239746,striction
Arbre,"{'max_depth': 6, 'min_samples_leaf': 5, 'min_samples_split': 10}",6.641428443962548,3.949304122747556,0.5197784968065425,4.838526282651317,1.5406495279182537,0.13687562942504883,striction
Arbre,"{'max_depth': 6, 'min_samples_leaf': 5, 'min_samples_split': 5}",6.641428443962548,3.949304122747556,0.5197784968065425,4.838526282651317,1.5406495279182537,0.12207317352294922,striction
Arbre,"{'max_depth': 6, 'min_samples_leaf': 5, 'min_samples_split': 2}",6.641428443962548,3.949304122747556,0.5197784968065425,4.838526282651317,1.5406495279182537,0.15905547142028809,striction
Arbre,"{'max_depth': 8, 'min_samples_leaf': 2, 'min_samples_split': 20}",6.6775952410603825,4.022623132153273,0.5140395128684435,4.70601707651874,1.448963880285678,0.13344669342041016,striction
Arbre,"{'max_depth': None, 'min_samples_leaf': 20, 'min_samples_split': 10}",6.685816004038571,4.1328383488843645,0.5127104168795112,5.845275557727825,1.0233197098684397,0.13828158378601074,striction
Arbre,"{'max_depth': None, 'min_samples_leaf': 20, 'min_samples_split': 20}",6.685816004038571,4.1328383488843645,0.5127104168795112,5.845275557727825,1.0233197098684397,0.13022589683532715,striction
Arbre,"{'max_depth': 12, 'min_samples_leaf': 20, 'min_samples_split': 5}",6.685816004038571,4.1328383488843645,0.5127104168795112,5.845275557727825,1.0233197098684397,0.1612844467163086,striction
Arbre,"{'max_depth': None, 'min_samples_leaf': 20, 'min_samples_split': 5}",6.685816004038571,4.1328383488843645,0.5127104168795112,5.845275557727825,1.0233197098684397,0.1183938980102539,striction
Arbre,"{'max_depth': None, 'min_samples_leaf': 20, 'min_samples_split': 2}",6.685816004038571,4.1328383488843645,0.5127104168795112,5.845275557727825,1.0233197098684397,0.14331555366516113,striction
Arbre,"{'max_depth': 20, 'min_samples_leaf': 20, 'min_samples_split': 20}",6.685816004038571,4.1328383488843645,0.5127104168795112,5.845275557727825,1.0233197098684397,0.15576386451721191,striction
Arbre,"{'max_depth': 12, 'min_samples_leaf': 20, 'min_samples_split': 2}",6.685816004038571,4.1328383488843645,0.5127104168795112,5.845275557727825,1.0233197098684397,0.11825394630432129,striction
Arbre,"{'max_depth': 20, 'min_samples_leaf': 20, 'min_samples_split': 5}",6.685816004038571,4.1328383488843645,0.5127104168795112,5.845275557727825,1.0233197098684397,0.14235901832580566,striction
Arbre,"{'max_depth': 20, 'min_samples_leaf': 20, 'min_samples_split': 2}",6.685816004038571,4.1328383488843645,0.5127104168795112,5.845275557727825,1.0233197098684397,0.11034941673278809,striction
Arbre,"{'max_depth': 20, 'min_samples_leaf': 20, 'min_samples_split': 10}",6.685816004038571,4.1328383488843645,0.5127104168795112,5.845275557727825,1.0233197098684397,0.12210416793823242,striction
Arbre,"{'max_depth': 12, 'min_samples_leaf': 20, 'min_samples_split': 20}",6.685816004038571,4.1328383488843645,0.5127104168795112,5.845275557727825,1.0233197098684397,0.1413426399230957,striction
Arbre,"{'max_depth': 12, 'min_samples_leaf': 20, 'min_samples_split': 10}",6.685816004038571,4.1328383488843645,0.5127104168795112,5.845275557727825,1.0233197098684397,0.134918212890625,striction
Arbre,"{'max_depth': 8, 'min_samples_leaf': 20, 'min_samples_split': 5}",6.692350574833699,4.146755127806346,0.5117965979737799,5.847630047400473,1.0187078978677517,0.16001510620117188,striction
Arbre,"{'max_depth': 8, 'min_samples_leaf': 20, 'min_samples_split': 10}",6.692350574833699,4.146755127806346,0.5117965979737799,5.847630047400473,1.0187078978677517,0.1110067367553711,striction
Arbre,"{'max_depth': 8, 'min_samples_leaf': 20, 'min_samples_split': 20}",6.692350574833699,4.146755127806346,0.5117965979737799,5.847630047400473,1.0187078978677517,0.11754918098449707,striction
Arbre,"{'max_depth': 8, 'min_samples_leaf': 20, 'min_samples_split': 2}",6.692350574833699,4.146755127806346,0.5117965979737799,5.847630047400473,1.0187078978677517,0.13639140129089355,striction
Arbre,"{'max_depth': None, 'min_samples_leaf': 5, 'min_samples_split': 20}",6.694046153712494,3.9931109250271133,0.5130148689001021,4.64176092890399,1.375738102250008,0.1390669345855713,striction
Arbre,"{'max_depth': 20, 'min_samples_leaf': 5, 'min_samples_split': 20}",6.694046153712494,3.9931109250271133,0.5130148689001021,4.64176092890399,1.375738102250008,0.1260509490966797,striction
Arbre,"{'max_depth': 6, 'min_samples_leaf': 20, 'min_samples_split': 10}",6.698603608286166,4.156296499640512,0.5109768399041418,5.864334108386996,1.0198398218406641,0.12462139129638672,striction
Arbre,"{'max_depth': 6, 'min_samples_leaf': 20, 'min_samples_split': 5}",6.698603608286166,4.156296499640512,0.5109768399041418,5.864334108386996,1.0198398218406641,0.11808061599731445,striction
Arbre,"{'max_depth': 6, 'min_samples_leaf': 20, 'min_samples_split': 2}",6.698603608286166,4.156296499640512,0.5109768399041418,5.864334108386996,1.0198398218406641,0.13956785202026367,striction
Arbre,"{'max_depth': 6, 'min_samples_leaf': 20, 'min_samples_split': 20}",6.698603608286166,4.156296499640512,0.5109768399041418,5.864334108386996,1.0198398218406641,0.1428241729736328,striction
Arbre,"{'max_depth': 12, 'min_samples_leaf': 5, 'min_samples_split': 20}",6.699739708541624,4.010113762556147,0.5121584088599893,4.650516641708939,1.3731824771853214,0.12231278419494629,striction
Arbre,"{'max_depth': 4, 'min_samples_leaf': 20, 'min_samples_split': 20}",6.741833529819165,4.23630343194386,0.5050098540330831,6.0963015996138115,0.9854541087359602,0.11904335021972656,striction
Arbre,"{'max_depth': 4, 'min_samples_leaf': 20, 'min_samples_split': 10}",6.741833529819165,4.23630343194386,0.5050098540330831,6.0963015996138115,0.9854541087359602,0.11700844764709473,striction
Arbre,"{'max_depth': 4, 'min_samples_leaf': 20, 'min_samples_split': 5}",6.741833529819165,4.23630343194386,0.5050098540330831,6.0963015996138115,0.9854541087359602,0.1475996971130371,striction
Arbre,"{'max_depth': 4, 'min_samples_leaf': 20, 'min_samples_split': 2}",6.741833529819165,4.23630343194386,0.5050098540330831,6.0963015996138115,0.9854541087359602,0.13399171829223633,striction
Arbre,"{'max_depth': None, 'min_samples_leaf': 2, 'min_samples_split': 2}",6.745337482576405,4.064209475057713,0.49587424315054207,2.6952189122040204,1.5947848365645785,0.15394115447998047,striction
Arbre,"{'max_depth': 12, 'min_samples_leaf': 2, 'min_samples_split': 5}",6.766031420326615,4.039951111121636,0.4933652605640294,3.085866697888486,1.591533928770009,0.14865422248840332,striction
Arbre,"{'max_depth': None, 'min_samples_leaf': 2, 'min_samples_split': 5}",6.783891211383119,4.046035653345951,0.48993375388206745,2.894708227171783,1.6752053811999645,0.12526988983154297,striction
Arbre,"{'max_depth': 6, 'min_samples_leaf': 5, 'min_samples_split': 20}",6.787648943772425,4.136437697659732,0.4989424884245922,5.129447798859733,1.4800631337559205,0.15886807441711426,striction
Arbre,"{'max_depth': 8, 'min_samples_leaf': 1, 'min_samples_split': 5}",6.7962349435496305,3.94227909128949,0.49269224385765237,2.8967874409667,1.7036526644919718,0.1511058807373047,striction
Arbre,"{'max_depth': 6, 'min_samples_leaf': 2, 'min_samples_split': 20}",6.8086886753781055,4.224925821634412,0.49408783388725414,5.113027620560992,1.5615775608901747,0.15004920959472656,striction
Arbre,"{'max_depth': 20, 'min_samples_leaf': 2, 'min_samples_split': 2}",6.812557883400467,4.0068665383346955,0.48296695480679813,2.697410588856949,1.5611557010145072,0.14124250411987305,striction
Arbre,"{'max_depth': 4, 'min_samples_leaf': 2, 'min_samples_split': 20}",6.819314258878071,4.283865787958297,0.49402726944524256,5.786297008789208,1.2648859995659425,0.12296175956726074,striction
Arbre,"{'max_depth': 8, 'min_samples_leaf': 2, 'min_samples_split': 10}",6.830536573885898,3.968947607605199,0.48793437333109874,4.146227473566882,1.5823925504709073,0.13394737243652344,striction
Arbre,"{'max_depth': 6, 'min_samples_leaf': 2, 'min_samples_split': 10}",6.867700182762187,4.064600039071243,0.4801112655226646,4.681942742092136,1.5585762097089624,0.15085911750793457,striction
Arbre,"{'max_depth': 20, 'min_samples_leaf': 2, 'min_samples_split': 5}",6.872130845399504,4.076336233349106,0.47059887668973993,2.8971459885418005,1.720043919645815,0.1163177490234375,striction
Arbre,"{'max_depth': 4, 'min_samples_leaf': 10, 'min_samples_split': 20}",6.87414346601683,4.212417689213217,0.48574938541377205,5.903360383986852,1.2006157326432063,0.15001320838928223,striction
Arbre,"{'max_depth': 4, 'min_samples_leaf': 10, 'min_samples_split': 10}",6.87414346601683,4.212417689213217,0.48574938541377205,5.903360383986852,1.2006157326432063,0.12665390968322754,striction
Arbre,"{'max_depth': 4, 'min_samples_leaf': 10, 'min_samples_split': 5}",6.87414346601683,4.212417689213217,0.48574938541377205,5.903360383986852,1.2006157326432063,0.1419522762298584,striction
Arbre,"{'max_depth': 4, 'min_samples_leaf': 10, 'min_samples_split': 2}",6.87414346601683,4.212417689213217,0.48574938541377205,5.903360383986852,1.2006157326432063,0.12351179122924805,striction
Arbre,"{'max_depth': 4, 'min_samples_leaf': 2, 'min_samples_split': 10}",6.881575820187019,4.134615669855158,0.4800683829671216,5.454975660659828,1.2386454153964466,0.15760588645935059,striction
Arbre,"{'max_depth': None, 'min_samples_leaf': 15, 'min_samples_split': 20}",6.893560440374233,4.151559267327968,0.4807943003558151,5.3677736814067405,1.267004799054659,0.14806151390075684,striction
Arbre,"{'max_depth': 12, 'min_samples_leaf': 15, 'min_samples_split': 5}",6.893560440374233,4.151559267327968,0.4807943003558151,5.3677736814067405,1.267004799054659,0.12003660202026367,striction
Arbre,"{'max_depth': 12, 'min_samples_leaf': 15, 'min_samples_split': 10}",6.893560440374233,4.151559267327968,0.4807943003558151,5.3677736814067405,1.267004799054659,0.1421046257019043,striction
Arbre,"{'max_depth': 12, 'min_samples_leaf': 15, 'min_samples_split': 20}",6.893560440374233,4.151559267327968,0.4807943003558151,5.3677736814067405,1.267004799054659,0.1246187686920166,striction
Arbre,"{'max_depth': 20, 'min_samples_leaf': 15, 'min_samples_split': 20}",6.893560440374233,4.151559267327968,0.4807943003558151,5.3677736814067405,1.267004799054659,0.11862516403198242,striction
Arbre,"{'max_depth': 20, 'min_samples_leaf': 15, 'min_samples_split': 2}",6.893560440374233,4.151559267327968,0.4807943003558151,5.3677736814067405,1.267004799054659,0.13014793395996094,striction
Arbre,"{'max_depth': 20, 'min_samples_leaf': 15, 'min_samples_split': 5}",6.893560440374233,4.151559267327968,0.4807943003558151,5.3677736814067405,1.267004799054659,0.12313556671142578,striction
Arbre,"{'max_depth': None, 'min_samples_leaf': 15, 'min_samples_split': 2}",6.893560440374233,4.151559267327968,0.4807943003558151,5.3677736814067405,1.267004799054659,0.1309037208557129,striction
Arbre,"{'max_depth': None, 'min_samples_leaf': 15, 'min_samples_split': 5}",6.893560440374233,4.151559267327968,0.4807943003558151,5.3677736814067405,1.267004799054659,0.10751104354858398,striction
Arbre,"{'max_depth': None, 'min_samples_leaf': 15, 'min_samples_split': 10}",6.893560440374233,4.151559267327968,0.4807943003558151,5.3677736814067405,1.267004799054659,0.11937808990478516,striction
Arbre,"{'max_depth': 12, 'min_samples_leaf': 15, 'min_samples_split': 2}",6.893560440374233,4.151559267327968,0.4807943003558151,5.3677736814067405,1.267004799054659,0.13963890075683594,striction
Arbre,"{'max_depth': 20, 'min_samples_leaf': 15, 'min_samples_split': 10}",6.893560440374233,4.151559267327968,0.4807943003558151,5.3677736814067405,1.267004799054659,0.16164159774780273,striction
Arbre,"{'max_depth': 4, 'min_samples_leaf': 15, 'min_samples_split': 2}",6.894791775566771,4.356398749791985,0.4819625376339179,5.941746575987823,1.1628998023340338,0.12254023551940918,striction
Arbre,"{'max_depth': 4, 'min_samples_leaf': 15, 'min_samples_split': 20}",6.894791775566771,4.356398749791985,0.4819625376339179,5.941746575987823,1.1628998023340338,0.13372087478637695,striction
Arbre,"{'max_depth': 4, 'min_samples_leaf': 15, 'min_samples_split': 10}",6.894791775566771,4.356398749791985,0.4819625376339179,5.941746575987823,1.1628998023340338,0.13196158409118652,striction
Arbre,"{'max_depth': 4, 'min_samples_leaf': 15, 'min_samples_split': 5}",6.894791775566771,4.356398749791985,0.4819625376339179,5.941746575987823,1.1628998023340338,0.12984895706176758,striction
Arbre,"{'max_depth': 8, 'min_samples_leaf': 15, 'min_samples_split': 2}",6.898047777128893,4.155781508843555,0.4800180821474476,5.3786180999954185,1.2654057701132062,0.1263284683227539,striction
Arbre,"{'max_depth': 8, 'min_samples_leaf': 15, 'min_samples_split': 5}",6.898047777128893,4.155781508843555,0.4800180821474476,5.3786180999954185,1.2654057701132062,0.1355738639831543,striction
Arbre,"{'max_depth': 8, 'min_samples_leaf': 15, 'min_samples_split': 10}",6.898047777128893,4.155781508843555,0.4800180821474476,5.3786180999954185,1.2654057701132062,0.14217877388000488,striction
Arbre,"{'max_depth': 8, 'min_samples_leaf': 15, 'min_samples_split': 20}",6.898047777128893,4.155781508843555,0.4800180821474476,5.3786180999954185,1.2654057701132062,0.1250934600830078,striction
Arbre,"{'max_depth': 6, 'min_samples_leaf': 1, 'min_samples_split': 20}",6.901924275915403,4.263333611913614,0.4806195951462319,4.729195619548101,1.3686852737147117,0.14946508407592773,striction
Arbre,"{'max_depth': 4, 'min_samples_leaf': 5, 'min_samples_split': 5}",6.906762183330149,4.24641866520863,0.4819385960774157,5.624107170071593,1.2106093848064854,0.13415217399597168,striction
Arbre,"{'max_depth': 4, 'min_samples_leaf': 5, 'min_samples_split': 2}",6.906762183330149,4.24641866520863,0.4819385960774157,5.624107170071593,1.2106093848064854,0.1311805248260498,striction
Arbre,"{'max_depth': 4, 'min_samples_leaf': 5, 'min_samples_split': 10}",6.906762183330149,4.24641866520863,0.4819385960774157,5.624107170071593,1.2106093848064854,0.1351616382598877,striction
Arbre,"{'max_depth': 12, 'min_samples_leaf': 2, 'min_samples_split': 2}",6.914261738444227,4.132656586054212,0.4709169385253872,2.9094619394849044,1.6765582880554128,0.13760972023010254,striction
Arbre,"{'max_depth': 6, 'min_samples_leaf': 1, 'min_samples_split': 5}",6.916807924047937,4.0265967183588245,0.4733623779505696,3.9419082107808046,1.462771531531467,0.13640236854553223,striction
Arbre,"{'max_depth': 3, 'min_samples_leaf': 5, 'min_samples_split': 10}",6.9394381048123135,4.343733044052621,0.475499287344104,6.0627647525950925,0.9172406319657657,0.14886188507080078,striction
Arbre,"{'max_depth': 3, 'min_samples_leaf': 5, 'min_samples_split': 5}",6.9394381048123135,4.343733044052621,0.475499287344104,6.0627647525950925,0.9172406319657657,0.14049363136291504,striction
Arbre,"{'max_depth': 3, 'min_samples_leaf': 5, 'min_samples_split': 2}",6.9394381048123135,4.343733044052621,0.475499287344104,6.0627647525950925,0.9172406319657657,0.11727213859558105,striction
Arbre,"{'max_depth': 3, 'min_samples_leaf': 10, 'min_samples_split': 10}",6.940589573629839,4.379099673198256,0.47380041588948163,6.267964250604479,0.8286937464179559,0.12494993209838867,striction
Arbre,"{'max_depth': 3, 'min_samples_leaf': 10, 'min_samples_split': 20}",6.940589573629839,4.379099673198256,0.47380041588948163,6.267964250604479,0.8286937464179559,0.11771655082702637,striction
Arbre,"{'max_depth': 3, 'min_samples_leaf': 10, 'min_samples_split': 5}",6.940589573629839,4.379099673198256,0.47380041588948163,6.267964250604479,0.8286937464179559,0.12449121475219727,striction
Arbre,"{'max_depth': 3, 'min_samples_leaf': 10, 'min_samples_split': 2}",6.940589573629839,4.379099673198256,0.47380041588948163,6.267964250604479,0.8286937464179559,0.14188838005065918,striction
Arbre,"{'max_depth': 3, 'min_samples_leaf': 15, 'min_samples_split': 5}",6.948072616670181,4.468273414102457,0.4722095416128019,6.3129334903938545,0.7908541408187132,0.1336214542388916,striction
Arbre,"{'max_depth': 3, 'min_samples_leaf': 15, 'min_samples_split': 2}",6.948072616670181,4.468273414102457,0.4722095416128019,6.3129334903938545,0.7908541408187132,0.1391305923461914,striction
Arbre,"{'max_depth': 3, 'min_samples_leaf': 15, 'min_samples_split': 10}",6.948072616670181,4.468273414102457,0.4722095416128019,6.3129334903938545,0.7908541408187132,0.13713693618774414,striction
Arbre,"{'max_depth': 3, 'min_samples_leaf': 15, 'min_samples_split': 20}",6.948072616670181,4.468273414102457,0.4722095416128019,6.3129334903938545,0.7908541408187132,0.13136982917785645,striction
Arbre,"{'max_depth': 4, 'min_samples_leaf': 5, 'min_samples_split': 20}",6.982730220716716,4.372254256977754,0.4701753961821774,5.845340576123685,1.1554547734952725,0.1173853874206543,striction
Arbre,"{'max_depth': 3, 'min_samples_leaf': 5, 'min_samples_split': 20}",6.986149703997678,4.420223266559368,0.4671604479775418,6.207033562155112,0.8655627474845503,0.14574718475341797,striction
Arbre,"{'max_depth': 3, 'min_samples_leaf': 2, 'min_samples_split': 20}",7.025164208545914,4.464016644739543,0.46021705192866075,6.172376539826539,0.8381454208923372,0.1250286102294922,striction
Arbre,"{'max_depth': 3, 'min_samples_leaf': 1, 'min_samples_split': 20}",7.028258253187479,4.416944272277168,0.46078393686003566,5.967035243599827,0.849404539369903,0.13034439086914062,striction
Arbre,"{'max_depth': 3, 'min_samples_leaf': 20, 'min_samples_split': 2}",7.0341839666783175,4.438996223093183,0.4609116390906826,6.355499662474937,0.9314196885268401,0.12513113021850586,striction
Arbre,"{'max_depth': 3, 'min_samples_leaf': 20, 'min_samples_split': 5}",7.0341839666783175,4.438996223093183,0.4609116390906826,6.355499662474937,0.9314196885268401,0.1304175853729248,striction
Arbre,"{'max_depth': 3, 'min_samples_leaf': 20, 'min_samples_split': 10}",7.0341839666783175,4.438996223093183,0.4609116390906826,6.355499662474937,0.9314196885268401,0.1152181625366211,striction
Arbre,"{'max_depth': 3, 'min_samples_leaf': 20, 'min_samples_split': 20}",7.0341839666783175,4.438996223093183,0.4609116390906826,6.355499662474937,0.9314196885268401,0.11585187911987305,striction
Arbre,"{'max_depth': 6, 'min_samples_leaf': 10, 'min_samples_split': 20}",7.047982130381828,4.219576080306473,0.45381184979656375,5.22587766285541,1.537964079325709,0.12378191947937012,striction
Arbre,"{'max_depth': 6, 'min_samples_leaf': 10, 'min_samples_split': 10}",7.047982130381828,4.219576080306473,0.45381184979656375,5.22587766285541,1.537964079325709,0.13053631782531738,striction
Arbre,"{'max_depth': 6, 'min_samples_leaf': 10, 'min_samples_split': 5}",7.047982130381828,4.219576080306473,0.45381184979656375,5.22587766285541,1.537964079325709,0.12419915199279785,striction
Arbre,"{'max_depth': 6, 'min_samples_leaf': 10, 'min_samples_split': 2}",7.047982130381828,4.219576080306473,0.45381184979656375,5.22587766285541,1.537964079325709,0.14788269996643066,striction
Arbre,"{'max_depth': 6, 'min_samples_leaf': 15, 'min_samples_split': 20}",7.049537284687487,4.2923620271521665,0.4582582976045698,5.4393024249563435,1.3073165370022937,0.13257956504821777,striction
Arbre,"{'max_depth': 6, 'min_samples_leaf': 15, 'min_samples_split': 10}",7.049537284687487,4.2923620271521665,0.4582582976045698,5.4393024249563435,1.3073165370022937,0.12923860549926758,striction
Arbre,"{'max_depth': 6, 'min_samples_leaf': 15, 'min_samples_split': 5}",7.049537284687487,4.2923620271521665,0.4582582976045698,5.4393024249563435,1.3073165370022937,0.12665891647338867,striction
Arbre,"{'max_depth': 6, 'min_samples_leaf': 15, 'min_samples_split': 2}",7.049537284687487,4.2923620271521665,0.4582582976045698,5.4393024249563435,1.3073165370022937,0.12163710594177246,striction
Arbre,"{'max_depth': 6, 'min_samples_leaf': 2, 'min_samples_split': 2}",7.054341066533553,4.1166945901005265,0.4531527194305226,4.189281072802677,1.4909061348002428,0.1531236171722412,striction
Arbre,"{'max_depth': 8, 'min_samples_leaf': 2, 'min_samples_split': 2}",7.056843514720517,4.053257912877564,0.4543318552061141,3.51111415821468,1.610673571782095,0.12748122215270996,striction
Arbre,"{'max_depth': 4, 'min_samples_leaf': 1, 'min_samples_split': 20}",7.065428119606944,4.3758761590663,0.456549123082494,5.503614812545453,1.1033363770999642,0.13091588020324707,striction
Arbre,"{'max_depth': 6, 'min_samples_leaf': 1, 'min_samples_split': 10}",7.076826179298695,4.17126207900273,0.4478583577049566,4.342965041084088,1.3329302638550857,0.12598133087158203,striction
Arbre,"{'max_depth': 20, 'min_samples_leaf': 1, 'min_samples_split': 5}",7.082473724121217,3.9902413705625377,0.43299037973296944,1.6937103982633606,1.8363055776137724,0.1673750877380371,striction
Arbre,"{'max_depth': 2, 'min_samples_leaf': 10, 'min_samples_split': 20}",7.096169141320118,4.496323048423212,0.44996870703332004,6.71534176416137,0.8224407812336771,0.11762404441833496,striction
Arbre,"{'max_depth': 2, 'min_samples_leaf': 10, 'min_samples_split': 2}",7.096169141320118,4.496323048423212,0.44996870703332004,6.71534176416137,0.8224407812336771,0.13857722282409668,striction
Arbre,"{'max_depth': 2, 'min_samples_leaf': 10, 'min_samples_split': 5}",7.096169141320118,4.496323048423212,0.44996870703332004,6.71534176416137,0.8224407812336771,0.12475204467773438,striction
Arbre,"{'max_depth': 2, 'min_samples_leaf': 10, 'min_samples_split': 10}",7.096169141320118,4.496323048423212,0.44996870703332004,6.71534176416137,0.8224407812336771,0.13686394691467285,striction
Arbre,"{'max_depth': 4, 'min_samples_leaf': 2, 'min_samples_split': 2}",7.108849037244873,4.2152761612925245,0.4458183049505832,5.3176036857328075,1.2165585706309103,0.12817859649658203,striction
Arbre,"{'max_depth': 4, 'min_samples_leaf': 2, 'min_samples_split': 5}",7.130394679329669,4.225769988453019,0.4425695686085698,5.3319111023707535,1.2036129236856008,0.10955142974853516,striction
Arbre,"{'max_depth': 2, 'min_samples_leaf': 5, 'min_samples_split': 5}",7.134975073851433,4.530931525877167,0.44457698898953496,6.6783260666312625,0.8885866102548089,0.11886405944824219,striction
Arbre,"{'max_depth': 2, 'min_samples_leaf': 5, 'min_samples_split': 20}",7.134975073851433,4.530931525877167,0.44457698898953496,6.6783260666312625,0.8885866102548089,0.12186646461486816,striction
Arbre,"{'max_depth': 2, 'min_samples_leaf': 5, 'min_samples_split': 10}",7.134975073851433,4.530931525877167,0.44457698898953496,6.6783260666312625,0.8885866102548089,0.12279605865478516,striction
Arbre,"{'max_depth': 2, 'min_samples_leaf': 5, 'min_samples_split': 2}",7.134975073851433,4.530931525877167,0.44457698898953496,6.6783260666312625,0.8885866102548089,0.12794923782348633,striction
Arbre,"{'max_depth': 8, 'min_samples_leaf': 10, 'min_samples_split': 2}",7.138726336571442,4.226153964362911,0.43926900209878444,5.054837103376987,1.349430201294248,0.20329928398132324,striction
Arbre,"{'max_depth': 8, 'min_samples_leaf': 10, 'min_samples_split': 10}",7.138726336571442,4.226153964362911,0.43926900209878444,5.054837103376987,1.349430201294248,0.12268519401550293,striction
Arbre,"{'max_depth': 8, 'min_samples_leaf': 10, 'min_samples_split': 20}",7.138726336571442,4.226153964362911,0.43926900209878444,5.054837103376987,1.349430201294248,0.12734413146972656,striction
Arbre,"{'max_depth': 8, 'min_samples_leaf': 10, 'min_samples_split': 5}",7.138726336571442,4.226153964362911,0.43926900209878444,5.054837103376987,1.349430201294248,0.13672494888305664,striction
Arbre,"{'max_depth': 2, 'min_samples_leaf': 15, 'min_samples_split': 2}",7.155018102723401,4.5480487119815844,0.4406039011518354,6.760142339631047,0.7990189317362923,0.12056326866149902,striction
Arbre,"{'max_depth': 2, 'min_samples_leaf': 15, 'min_samples_split': 5}",7.155018102723401,4.5480487119815844,0.4406039011518354,6.760142339631047,0.7990189317362923,0.13362908363342285,striction
Arbre,"{'max_depth': 2, 'min_samples_leaf': 15, 'min_samples_split': 20}",7.155018102723401,4.5480487119815844,0.4406039011518354,6.760142339631047,0.7990189317362923,0.12261056900024414,striction
Arbre,"{'max_depth': 2, 'min_samples_leaf': 15, 'min_samples_split': 10}",7.155018102723401,4.5480487119815844,0.4406039011518354,6.760142339631047,0.7990189317362923,0.1328296661376953,striction
Arbre,"{'max_depth': 2, 'min_samples_leaf': 2, 'min_samples_split': 10}",7.156329961153425,4.5718495963327985,0.4407464446119014,6.678284461997864,0.871818761879226,0.1235504150390625,striction
Arbre,"{'max_depth': 2, 'min_samples_leaf': 2, 'min_samples_split': 5}",7.156329961153425,4.5718495963327985,0.4407464446119014,6.678284461997864,0.871818761879226,0.11424136161804199,striction
Arbre,"{'max_depth': 2, 'min_samples_leaf': 2, 'min_samples_split': 2}",7.156329961153425,4.5718495963327985,0.4407464446119014,6.678284461997864,0.871818761879226,0.16416239738464355,striction
Arbre,"{'max_depth': 2, 'min_samples_leaf': 2, 'min_samples_split': 20}",7.156329961153425,4.5718495963327985,0.4407464446119014,6.678284461997864,0.871818761879226,0.1169583797454834,striction
Arbre,"{'max_depth': 12, 'min_samples_leaf': 1, 'min_samples_split': 5}",7.171708863268324,4.00288746636086,0.4360920097160614,1.9967567938901332,1.979568822817053,0.11706089973449707,striction
Arbre,"{'max_depth': 20, 'min_samples_leaf': 1, 'min_samples_split': 2}",7.176434095420724,3.957166486348087,0.41278574707518045,0.3911663841897187,1.92570566176105,0.15225625038146973,striction
Arbre,"{'max_depth': 6, 'min_samples_leaf': 2, 'min_samples_split': 5}",7.179434267775131,4.174158456405856,0.4341196638214651,4.28072834540073,1.401015758025533,0.13311481475830078,striction
Arbre,"{'max_depth': 12, 'min_samples_leaf': 10, 'min_samples_split': 2}",7.192221477722837,4.25750380042693,0.4312648636479734,4.994299437173456,1.3337888420281854,0.1293787956237793,striction
Arbre,"{'max_depth': 12, 'min_samples_leaf': 10, 'min_samples_split': 20}",7.192221477722837,4.25750380042693,0.4312648636479734,4.994299437173456,1.3337888420281854,0.13219881057739258,striction
Arbre,"{'max_depth': 12, 'min_samples_leaf': 10, 'min_samples_split': 10}",7.192221477722837,4.25750380042693,0.4312648636479734,4.994299437173456,1.3337888420281854,0.121246337890625,striction
Arbre,"{'max_depth': 12, 'min_samples_leaf': 10, 'min_samples_split': 5}",7.192221477722837,4.25750380042693,0.4312648636479734,4.994299437173456,1.3337888420281854,0.12645411491394043,striction
Arbre,"{'max_depth': None, 'min_samples_leaf': 10, 'min_samples_split': 20}",7.193493110738046,4.260364039681537,0.4310234814584522,4.993868839249343,1.3347315740096624,0.1377241611480713,striction
Arbre,"{'max_depth': None, 'min_samples_leaf': 10, 'min_samples_split': 2}",7.193493110738046,4.260364039681537,0.4310234814584522,4.993868839249343,1.3347315740096624,0.1283884048461914,striction
Arbre,"{'max_depth': 20, 'min_samples_leaf': 10, 'min_samples_split': 2}",7.193493110738046,4.260364039681537,0.4310234814584522,4.993868839249343,1.3347315740096624,0.13590621948242188,striction
Arbre,"{'max_depth': 20, 'min_samples_leaf': 10, 'min_samples_split': 5}",7.193493110738046,4.260364039681537,0.4310234814584522,4.993868839249343,1.3347315740096624,0.11361503601074219,striction
Arbre,"{'max_depth': 20, 'min_samples_leaf': 10, 'min_samples_split': 10}",7.193493110738046,4.260364039681537,0.4310234814584522,4.993868839249343,1.3347315740096624,0.13149666786193848,striction
Arbre,"{'max_depth': 20, 'min_samples_leaf': 10, 'min_samples_split': 20}",7.193493110738046,4.260364039681537,0.4310234814584522,4.993868839249343,1.3347315740096624,0.1535649299621582,striction
Arbre,"{'max_depth': None, 'min_samples_leaf': 10, 'min_samples_split': 5}",7.193493110738046,4.260364039681537,0.4310234814584522,4.993868839249343,1.3347315740096624,0.13602352142333984,striction
Arbre,"{'max_depth': None, 'min_samples_leaf': 10, 'min_samples_split': 10}",7.193493110738046,4.260364039681537,0.4310234814584522,4.993868839249343,1.3347315740096624,0.13151788711547852,striction
Arbre,"{'max_depth': 4, 'min_samples_leaf': 1, 'min_samples_split': 10}",7.234250459682514,4.322032254994037,0.4250462683883375,5.258058729617572,1.0461774945796711,0.11766839027404785,striction
Arbre,"{'max_depth': 4, 'min_samples_leaf': 1, 'min_samples_split': 5}",7.25265943776062,4.340401052879547,0.421938684272894,5.180431127393092,0.9830486459650984,0.12346220016479492,striction
Arbre,"{'max_depth': 8, 'min_samples_leaf': 2, 'min_samples_split': 5}",7.258131681286365,4.147693389525777,0.41985733622942795,3.628767644082399,1.6882077252025298,0.15732336044311523,striction
Arbre,"{'max_depth': 2, 'min_samples_leaf': 1, 'min_samples_split': 10}",7.26743228058548,4.631826349389018,0.42295484162673846,6.665987658049046,0.869138014188615,0.13449549674987793,striction
Arbre,"{'max_depth': 2, 'min_samples_leaf': 1, 'min_samples_split': 5}",7.26743228058548,4.631826349389018,0.42295484162673846,6.665987658049046,0.869138014188615,0.11626052856445312,striction
Arbre,"{'max_depth': 2, 'min_samples_leaf': 1, 'min_samples_split': 20}",7.26743228058548,4.631826349389018,0.42295484162673846,6.665987658049046,0.869138014188615,0.11859369277954102,striction
Arbre,"{'max_depth': 2, 'min_samples_leaf': 1, 'min_samples_split': 2}",7.26743228058548,4.631826349389018,0.42295484162673846,6.665987658049046,0.869138014188615,0.09932065010070801,striction
Arbre,"{'max_depth': 2, 'min_samples_leaf': 20, 'min_samples_split': 5}",7.274951311981977,4.586655530397748,0.42409681912201913,6.828552427383203,1.00585064655519,0.1240377426147461,striction
Arbre,"{'max_depth': 2, 'min_samples_leaf': 20, 'min_samples_split': 2}",7.274951311981977,4.586655530397748,0.42409681912201913,6.828552427383203,1.00585064655519,0.1323845386505127,striction
Arbre,"{'max_depth': 2, 'min_samples_leaf': 20, 'min_samples_split': 10}",7.274951311981977,4.586655530397748,0.42409681912201913,6.828552427383203,1.00585064655519,0.10309267044067383,striction
Arbre,"{'max_depth': 2, 'min_samples_leaf': 20, 'min_samples_split': 20}",7.274951311981977,4.586655530397748,0.42409681912201913,6.828552427383203,1.00585064655519,0.12943267822265625,striction
Arbre,"{'max_depth': 3, 'min_samples_leaf': 1, 'min_samples_split': 10}",7.2880496804539,4.4711246563649585,0.41074609799461576,5.8966734177409545,0.7767134466973054,0.13211369514465332,striction
Arbre,"{'max_depth': 3, 'min_samples_leaf': 2, 'min_samples_split': 10}",7.293457912698713,4.479927460837537,0.4078385978956548,6.028064345640477,0.8198473666502503,0.13981270790100098,striction
Arbre,"{'max_depth': 8, 'min_samples_leaf': 1, 'min_samples_split': 10}",7.309590945786712,4.184736969602307,0.4042075093273759,3.5781081836383195,1.559655981470984,0.14049720764160156,striction
Arbre,"{'max_depth': 3, 'min_samples_leaf': 2, 'min_samples_split': 5}",7.332674334511395,4.514556421324672,0.40192103319959827,5.973251137965294,0.8080874261709627,0.14742207527160645,striction
Arbre,"{'max_depth': 3, 'min_samples_leaf': 2, 'min_samples_split': 2}",7.332674334511395,4.514556421324672,0.40192103319959827,5.971020974748908,0.8080874261709627,0.13831067085266113,striction
Arbre,"{'max_depth': 8, 'min_samples_leaf': 1, 'min_samples_split': 20}",7.353631932253757,4.392619578711576,0.39778010690594456,4.112583394233722,1.5841362365874598,0.13276386260986328,striction
Arbre,"{'max_depth': 12, 'min_samples_leaf': 1, 'min_samples_split': 2}",7.356698012229357,4.041136212059311,0.3883919037394582,1.2735978683612523,2.2563351122635065,0.13455533981323242,striction
Arbre,"{'max_depth': 8, 'min_samples_leaf': 1, 'min_samples_split': 2}",7.363275299054865,4.145153371001773,0.38698731354714494,2.578160415249357,1.909950144635863,0.1251816749572754,striction
Arbre,"{'max_depth': 3, 'min_samples_leaf': 1, 'min_samples_split': 5}",7.367209945004177,4.523175219639551,0.39916078620980827,5.838311901654253,0.85276112800585,0.11567831039428711,striction
Arbre,"{'max_depth': 3, 'min_samples_leaf': 1, 'min_samples_split': 2}",7.367209945004177,4.523175219639551,0.39916078620980827,5.832832145060588,0.85276112800585,0.13176584243774414,striction
Arbre,"{'max_depth': 6, 'min_samples_leaf': 1, 'min_samples_split': 2}",7.372448417195616,4.13379836444936,0.4061414561026441,3.8075124834396568,1.2403428002001713,0.13315057754516602,striction
Arbre,"{'max_depth': None, 'min_samples_leaf': 1, 'min_samples_split': 5}",7.375728380887675,4.105820908791099,0.40503570295811536,1.6873332967055052,1.976101356757704,0.14933419227600098,striction
Arbre,"{'max_depth': 4, 'min_samples_leaf': 1, 'min_samples_split': 2}",7.415746441755859,4.406902106778975,0.3935621380449795,5.137127958134178,0.9948477814476181,0.1181182861328125,striction
Arbre,"{'max_depth': None, 'min_samples_leaf': 1, 'min_samples_split': 2}",7.604758360336659,4.013800060222825,0.365610531285566,0.3558245438226197,1.7867092644957578,0.14080357551574707,striction
Boosting classique,"{'learning_rate': 0.05, 'max_depth': 3, 'min_samples_leaf': 5, 'n_estimators': 500, 'subsample': 0.8}",5.586851904762017,3.1009766153520535,0.658115260372608,1.7956592389538195,1.3995600398416996,3.5457937717437744,striction
Boosting classique,"{'learning_rate': 0.1, 'max_depth': 2, 'min_samples_leaf': 5, 'n_estimators': 500, 'subsample': 0.8}",5.618170956396086,3.181399538579144,0.652178057278463,2.026647806084283,1.4526957394493787,2.9817488193511963,striction
Boosting classique,"{'learning_rate': 0.05, 'max_depth': 2, 'min_samples_leaf': 5, 'n_estimators': 500, 'subsample': 0.8}",5.619666818925158,3.2218566099700174,0.6551382423601709,2.607743714167501,1.3841233977506437,3.241288900375366,striction
Boosting classique,"{'learning_rate': 0.05, 'max_depth': 3, 'min_samples_leaf': 5, 'n_estimators': 500, 'subsample': 1.0}",5.630776061033153,3.0986739098973803,0.6531382149213959,1.775744861371822,1.497405312489825,3.781592845916748,striction
Boosting classique,"{'learning_rate': 0.05, 'max_depth': 3, 'min_samples_leaf': 5, 'n_estimators': 200, 'subsample': 0.8}",5.672866571627683,3.2387036895541406,0.648469786621267,2.6202081345897845,1.3309200884993442,1.5642237663269043,striction
Boosting classique,"{'learning_rate': 0.05, 'max_depth': 3, 'min_samples_leaf': 5, 'n_estimators': 200, 'subsample': 1.0}",5.7006256172122844,3.230696287392808,0.6456144931705197,2.771802634683414,1.4363172566934437,1.528625249862671,striction
Boosting classique,"{'learning_rate': 0.1, 'max_depth': 3, 'min_samples_leaf': 5, 'n_estimators': 200, 'subsample': 0.8}",5.7089212302194845,3.134179629188106,0.643331792867861,1.9843326942506678,1.3466606220561654,1.4462764263153076,striction
Boosting classique,"{'learning_rate': 0.1, 'max_depth': 3, 'min_samples_leaf': 5, 'n_estimators': 500, 'subsample': 0.8}",5.717890444501611,3.154645137729786,0.6414002299212662,1.3589261907782917,1.3986570563437677,3.591193914413452,striction
Boosting classique,"{'learning_rate': 0.1, 'max_depth': 2, 'min_samples_leaf': 5, 'n_estimators': 200, 'subsample': 0.8}",5.7258227393148955,3.3112520619503103,0.6414679683494554,2.830657988773589,1.3854663758027135,1.1707429885864258,striction
Boosting classique,"{'learning_rate': 0.1, 'max_depth': 3, 'min_samples_leaf': 5, 'n_estimators': 200, 'subsample': 1.0}",5.763105860605201,3.137900684991152,0.6382933482498304,1.9382488445198736,1.418826737549351,1.5907583236694336,striction
Boosting classique,"{'learning_rate': 0.1, 'max_depth': 3, 'min_samples_leaf': 5, 'n_estimators': 500, 'subsample': 1.0}",5.768078591443809,3.1659437874849976,0.6366537204887784,1.1826430647250166,1.4620194506863466,3.5640690326690674,striction
Boosting classique,"{'learning_rate': 0.05, 'max_depth': 2, 'min_samples_leaf': 5, 'n_estimators': 200, 'subsample': 0.8}",5.790345123202329,3.4749979392552235,0.6347894569516065,3.5792351129512254,1.3181387587570745,1.2578599452972412,striction
Boosting classique,"{'learning_rate': 0.1, 'max_depth': 2, 'min_samples_leaf': 5, 'n_estimators': 200, 'subsample': 1.0}",5.837319005235012,3.3241543351492533,0.628963799247829,2.933967964339161,1.40967505388929,1.335404634475708,striction
Boosting classique,"{'learning_rate': 0.05, 'max_depth': 2, 'min_samples_leaf': 5, 'n_estimators': 200, 'subsample': 1.0}",5.857998630438223,3.447839933627363,0.6267765111557824,3.753174774604168,1.3573013972516061,1.7602367401123047,striction
Boosting classique,"{'learning_rate': 0.05, 'max_depth': 2, 'min_samples_leaf': 5, 'n_estimators': 500, 'subsample': 1.0}",5.896135495345725,3.320155593422162,0.6207972286559906,2.703481918532673,1.4018805132792935,2.935007095336914,striction
Boosting classique,"{'learning_rate': 0.1, 'max_depth': 2, 'min_samples_leaf': 5, 'n_estimators': 500, 'subsample': 1.0}",5.898856616912958,3.214301583466154,0.6191093720882681,1.9779515329123654,1.414239054367341,3.010985851287842,striction
Boosting histogramme,"{'l2_regularization': 1.0, 'learning_rate': 0.1, 'max_iter': 200, 'max_leaf_nodes': 7, 'min_samples_leaf': 5}",5.696063813014989,3.1428361717579656,0.6446859257121091,1.7383869504000138,1.1792964599195344,0.9505739212036133,striction
Boosting histogramme,"{'l2_regularization': 1.0, 'learning_rate': 0.3, 'max_iter': 200, 'max_leaf_nodes': 7, 'min_samples_leaf': 5}",5.718282136774709,3.242518173686014,0.640985254230442,0.8690485595487587,1.4033628377929377,0.8851528167724609,striction
Boosting histogramme,"{'l2_regularization': 1.0, 'learning_rate': 0.3, 'max_iter': 500, 'max_leaf_nodes': 7, 'min_samples_leaf': 5}",5.763079191958863,3.254880867124348,0.6351428479068748,0.4401857810622084,1.3823564339685155,1.939239501953125,striction
Boosting histogramme,"{'l2_regularization': 1.0, 'learning_rate': 0.1, 'max_iter': 500, 'max_leaf_nodes': 7, 'min_samples_leaf': 5}",5.764866622792892,3.1763531979916455,0.6349998425998269,1.0313025909421714,1.2453478870325743,1.9729127883911133,striction
Boosting histogramme,"{'l2_regularization': 0.0, 'learning_rate': 0.1, 'max_iter': 200, 'max_leaf_nodes': 7, 'min_samples_leaf': 5}",5.7983112069346445,3.211627545013811,0.6321646882384637,1.6178344676822687,1.272103103211355,0.8808276653289795,striction
Boosting histogramme,"{'l2_regularization': 0.0, 'learning_rate': 0.1, 'max_iter': 500, 'max_leaf_nodes': 7, 'min_samples_leaf': 5}",5.821131655579309,3.2399566187705466,0.6290832208501149,0.9253714877781889,1.2852533632494585,1.8675200939178467,striction
Boosting histogramme,"{'l2_regularization': 0.0, 'learning_rate': 0.3, 'max_iter': 200, 'max_leaf_nodes': 7, 'min_samples_leaf': 5}",6.032366862553189,3.2955572106694673,0.5995188385135953,0.7663793198079616,1.2232144892395689,0.9301877021789551,striction
Boosting histogramme,"{'l2_regularization': 0.0, 'learning_rate': 0.3, 'max_iter': 500, 'max_leaf_nodes': 7, 'min_samples_leaf': 5}",6.042634552564155,3.299338064272201,0.597945261962999,0.41096098134654263,1.2097318523588696,1.934067726135254,striction
Boosting histogramme,"{'l2_regularization': 1.0, 'learning_rate': 0.3, 'max_iter': 200, 'max_leaf_nodes': 15, 'min_samples_leaf': 5}",6.076107799984544,3.2925454456678978,0.5961182624221513,0.4233087397086649,1.3762149805709036,1.3949997425079346,striction
Boosting histogramme,"{'l2_regularization': 1.0, 'learning_rate': 0.3, 'max_iter': 500, 'max_leaf_nodes': 15, 'min_samples_leaf': 5}",6.081296226912605,3.2942857147093583,0.5954379663448757,0.3538571836833553,1.3700232966576795,3.3203043937683105,striction
Boosting histogramme,"{'l2_regularization': 1.0, 'learning_rate': 0.1, 'max_iter': 200, 'max_leaf_nodes': 15, 'min_samples_leaf': 5}",6.1182278001466885,3.272932588915011,0.5884342105813098,0.9933702263189081,1.2844093830615653,1.3875651359558105,striction
Boosting histogramme,"{'l2_regularization': 1.0, 'learning_rate': 0.1, 'max_iter': 500, 'max_leaf_nodes': 15, 'min_samples_leaf': 5}",6.150501862087618,3.29001678682011,0.5838782287338281,0.4897836157979313,1.2876736659980912,3.2679054737091064,striction
Boosting histogramme,"{'l2_regularization': 0.0, 'learning_rate': 0.1, 'max_iter': 200, 'max_leaf_nodes': 15, 'min_samples_leaf': 5}",6.185913780478677,3.309352647338584,0.5750861588026618,0.9011079479931727,1.2210249340571422,1.4636995792388916,striction
Boosting histogramme,"{'l2_regularization': 0.0, 'learning_rate': 0.3, 'max_iter': 200, 'max_leaf_nodes': 15, 'min_samples_leaf': 5}",6.202464806439223,3.3541228585715244,0.5781882076746714,0.3904741661559178,1.241485883213263,1.4109559059143066,striction
Boosting histogramme,"{'l2_regularization': 0.0, 'learning_rate': 0.3, 'max_iter': 500, 'max_leaf_nodes': 15, 'min_samples_leaf': 5}",6.202808083458867,3.34983156877142,0.5782450671411473,0.3534143400848807,1.2373605777964698,3.2358615398406982,striction
Boosting histogramme,"{'l2_regularization': 0.0, 'learning_rate': 0.1, 'max_iter': 500, 'max_leaf_nodes': 15, 'min_samples_leaf': 5}",6.206422199275201,3.3062575862854557,0.5728552571255939,0.4408630586616053,1.2153365382232584,3.3641958236694336,striction
Regression lineaire,{'preparation__indicateurs': True},5.510967851981631,3.568630584241041,0.6651134703617215,4.654731092344408,1.4811375574009746,0.15497589111328125,striction
Regression lineaire,{'preparation__indicateurs': False},6.1087288909099176,3.9126926342112283,0.5886889926230268,5.1752890304003945,1.2428917947351954,0.13961243629455566,striction
Ridge,"{'alpha': 1.0, 'preparation__indicateurs': True}",5.307831755246864,3.47180825418232,0.690080313802867,4.7585432920716375,1.420113125164589,0.12352943420410156,striction
Ridge,"{'alpha': 0.31622776601683794, 'preparation__indicateurs': True}",5.310324519180393,3.4779775143351266,0.6898703353635577,4.697461215150534,1.4385452594834225,0.11023879051208496,striction
Ridge,"{'alpha': 0.1, 'preparation__indicateurs': True}",5.367061343873488,3.5137516461615066,0.6832725651775272,4.6676346972957345,1.4510023592470642,0.10712552070617676,striction
Ridge,"{'alpha': 3.1622776601683795, 'preparation__indicateurs': True}",5.3703797503471105,3.506348499570909,0.683089860778649,4.866006953512784,1.390821682990702,0.1426074504852295,striction
Ridge,"{'alpha': 0.03162277660168379, 'preparation__indicateurs': True}",5.439557855462065,3.5417537366968594,0.6743411260151169,4.657112803499825,1.464029472367822,0.12603092193603516,striction
Ridge,"{'alpha': 10.0, 'preparation__indicateurs': True}",5.452587067095467,3.5696896410551373,0.673996642754948,5.005181210882666,1.3601409320354814,0.11930346488952637,striction
Ridge,"{'alpha': 0.01, 'preparation__indicateurs': True}",5.483803174569943,3.5581632581239746,0.6686694734649213,4.655037247152256,1.474073836793736,0.12867355346679688,striction
Ridge,"{'alpha': 0.0031622776601683794, 'preparation__indicateurs': True}",5.501806130930952,3.5650960812717756,0.6663188121068878,4.654764508060689,1.4786795920545073,0.12681937217712402,striction
Ridge,"{'alpha': 0.001, 'preparation__indicateurs': True}",5.508009037540715,3.567486631917017,0.6655034004515009,4.654734530866221,1.480335404930334,0.12537717819213867,striction
Ridge,"{'alpha': 31.622776601683793, 'preparation__indicateurs': True}",5.508376113771528,3.60746748919912,0.6678747568340474,5.164246200559068,1.3442017334747753,0.11609053611755371,striction
Ridge,"{'alpha': 100.0, 'preparation__indicateurs': True}",5.58968459179704,3.6350898067739026,0.6586396990301697,5.3701755570342895,1.3331943789179,0.12478375434875488,striction
Ridge,"{'alpha': 316.22776601683796, 'preparation__indicateurs': True}",5.838767363886298,3.7504377299027296,0.6281840499148238,5.736984991797751,1.319222739450122,0.11319780349731445,striction
Ridge,"{'alpha': 100.0, 'preparation__indicateurs': False}",5.882170480374261,3.8849804158579753,0.6221253860530493,5.6358347270776665,1.2363023898648344,0.1124272346496582,striction
Ridge,"{'alpha': 31.622776601683793, 'preparation__indicateurs': False}",5.888843609824491,3.9071255706773655,0.6208138390253108,5.502255780891157,1.1894593868518697,0.10855388641357422,striction
Ridge,"{'alpha': 10.0, 'preparation__indicateurs': False}",5.910023522084235,3.9094299116454607,0.6178706340482215,5.422910375207335,1.166471015156445,0.1295011043548584,striction
Ridge,"{'alpha': 3.1622776601683795, 'preparation__indicateurs': False}",5.911706800438668,3.868932331262463,0.6177021468344057,5.339824722004994,1.161845504795996,0.11572265625,striction
Ridge,"{'alpha': 1.0, 'preparation__indicateurs': False}",5.9134523142443625,3.845604682609481,0.6174254913937287,5.261230727603385,1.1736066597904664,0.13151168823242188,striction
Ridge,"{'alpha': 0.31622776601683794, 'preparation__indicateurs': False}",5.946092314190627,3.857077367992183,0.6128171741215486,5.206021367734246,1.187563956722213,0.16294074058532715,striction
Ridge,"{'alpha': 0.1, 'preparation__indicateurs': False}",6.0148704715887105,3.882983604491673,0.6029112486568389,5.181813934695969,1.2046258098505591,0.10622644424438477,striction
Ridge,"{'alpha': 0.03162277660168379, 'preparation__indicateurs': False}",6.0699520713190065,3.9005289019894045,0.5946636407306471,5.17619610127435,1.2247327493986804,0.1031339168548584,striction
Ridge,"{'alpha': 316.22776601683796, 'preparation__indicateurs': False}",6.083311457202764,3.997140913841431,0.5961037496556377,6.003610312025235,1.2944977057890754,0.12978029251098633,striction
Ridge,"{'alpha': 0.01, 'preparation__indicateurs': False}",6.095221672756823,3.9084932380668578,0.5907857719082195,5.175391172102664,1.2361976872106037,0.12791728973388672,striction
Ridge,"{'alpha': 0.0031622776601683794, 'preparation__indicateurs': False}",6.104318518211107,3.9113343162002123,0.5893754580701,5.175299653881497,1.2406633138370478,0.13333845138549805,striction
Ridge,"{'alpha': 0.001, 'preparation__indicateurs': False}",6.107319794444545,3.9122599663997577,0.5889085076714251,5.17529010623038,1.2421753259946415,0.17551398277282715,striction
Ridge,"{'alpha': 1000.0, 'preparation__indicateurs': True}",6.501429428209894,4.2772313486670965,0.5398543571417793,6.492033662236504,1.2658115988384944,0.11444616317749023,striction
Ridge,"{'alpha': 1000.0, 'preparation__indicateurs': False}",6.838795253808264,4.6759009800544025,0.4904731355774327,6.869265432100727,1.2611164411051858,0.1239314079284668,striction
Lasso,"{'alpha': 0.01, 'preparation__indicateurs': True}",5.3543293613078475,3.5084720884828515,0.6842347877374774,4.730705060814099,1.4431174148067156,0.14161968231201172,striction
Lasso,"{'alpha': 0.021544346900318822, 'preparation__indicateurs': True}",5.379557236404276,3.5269430611612607,0.6818746410241598,4.825810850343598,1.3890096239507883,0.15156126022338867,striction
Lasso,"{'alpha': 0.004641588833612777, 'preparation__indicateurs': True}",5.391680287491008,3.5242646220446714,0.679895557645019,4.677694680894313,1.465328012873897,0.15495610237121582,striction
Lasso,"{'alpha': 0.002154434690031882, 'preparation__indicateurs': True}",5.47370448143164,3.5636685672607156,0.6700639050456088,4.660130281752531,1.4676226040676643,0.1338338851928711,striction
Lasso,"{'alpha': 0.046415888336127774, 'preparation__indicateurs': True}",5.497472763636741,3.6053243977098335,0.6685484893457823,5.028024046176414,1.3716236125653078,0.12869787216186523,striction
Lasso,"{'alpha': 0.001, 'preparation__indicateurs': True}",5.52437800435655,3.5861360554372395,0.6636933750196328,4.6559054626386756,1.4731342525911462,0.16370797157287598,striction
Lasso,"{'alpha': 0.0001, 'preparation__indicateurs': True}",5.525894087109722,3.5830094148643936,0.6633730817172907,4.654743362669799,1.401929765568473,0.16401338577270508,striction
Lasso,"{'alpha': 4.641588833612782e-05, 'preparation__indicateurs': True}",5.528027441522658,3.5838691630483437,0.6630893789753974,4.654733735131512,1.4013136406954125,0.17384982109069824,striction
Lasso,"{'alpha': 2.1544346900318823e-05, 'preparation__indicateurs': True}",5.529035197569991,3.5842761845896285,0.6629552695509269,4.654731661620728,1.401054386008466,0.18147993087768555,striction
Lasso,"{'alpha': 1e-05, 'preparation__indicateurs': True}",5.529498377776825,3.584460811311948,0.6628935432541111,4.654731214979946,1.4009249755585995,0.16854572296142578,striction
Lasso,"{'alpha': 0.00021544346900318823, 'preparation__indicateurs': True}",5.534306829585072,3.5892145894929066,0.6623497781858052,4.6547880572689095,1.4266337169577692,0.1656782627105713,striction
Lasso,"{'alpha': 0.00046415888336127773, 'preparation__indicateurs': True}",5.550688827068581,3.5974181693670495,0.6603075302638218,4.65498924732255,1.4771468189319787,0.1790485382080078,striction
Lasso,"{'alpha': 0.1, 'preparation__indicateurs': True}",5.554552751217355,3.606980459363392,0.6623384638196135,5.190821388650919,1.352339563179473,0.11424064636230469,striction
Lasso,"{'alpha': 0.021544346900318822, 'preparation__indicateurs': False}",5.885006951826415,3.848498267529036,0.6212120845317062,5.308216885501684,1.2024167688904104,0.12430858612060547,striction
Lasso,"{'alpha': 0.01, 'preparation__indicateurs': False}",5.949088995113966,3.8657964285326676,0.6124973408253169,5.220789811852713,1.2049303966725409,0.1443161964416504,striction
Lasso,"{'alpha': 0.1, 'preparation__indicateurs': False}",5.962259669563183,3.9659074535468775,0.6107744315014646,5.512579050014018,1.1648436443330727,0.12084007263183594,striction
Lasso,"{'alpha': 0.046415888336127774, 'preparation__indicateurs': False}",5.971430741871639,3.944318145211919,0.6097600786262434,5.427341329199625,1.156809180845241,0.1219635009765625,striction
Lasso,"{'alpha': 0.004641588833612777, 'preparation__indicateurs': False}",5.996819931553283,3.8797401190297953,0.605481191609095,5.186857245922072,1.2207124044425515,0.15793418884277344,striction
Lasso,"{'alpha': 0.002154434690031882, 'preparation__indicateurs': False}",6.0571560864268905,3.899660970640414,0.5967050805790513,5.177804750025277,1.2345663606088086,0.12345075607299805,striction
Lasso,"{'alpha': 0.001, 'preparation__indicateurs': False}",6.088752161594149,3.909390280278152,0.5919737152502769,5.175833220629945,1.2457874708974976,0.13244295120239258,striction
Lasso,"{'alpha': 2.1544346900318823e-05, 'preparation__indicateurs': False}",6.09650530665822,3.902593524666672,0.5902439518795857,5.175289300944803,1.2239148817215546,0.1144552230834961,striction
Lasso,"{'alpha': 1e-05, 'preparation__indicateurs': False}",6.0967918296186605,3.902647605584579,0.5901982277085889,5.17528908868905,1.2239816483740826,0.13335347175598145,striction
Lasso,"{'alpha': 0.00046415888336127773, 'preparation__indicateurs': False}",6.104297110914649,3.91429456332256,0.5896155238087267,5.175406881352004,1.2521342377676867,0.1602766513824463,striction
Lasso,"{'alpha': 0.00021544346900318823, 'preparation__indicateurs': False}",6.1116832304410265,3.916670772940305,0.588488095527153,5.175315037752827,1.2553316920039375,0.15390515327453613,striction
Lasso,"{'alpha': 0.0001, 'preparation__indicateurs': False}",6.115150325757181,3.917775038873516,0.5879573546258111,5.175294867094834,1.2568714556758684,0.23338842391967773,striction
Lasso,"{'alpha': 4.641588833612782e-05, 'preparation__indicateurs': False}",6.116767695824533,3.918285163458477,0.5877094329859883,5.175290287895084,1.2575983405664726,0.33132195472717285,striction
Lineaire apres ACP,{'preparation__n_axes': 18},6.088577634685956,3.9469909164692654,0.5947240505288954,5.309138838090826,1.0606269030632394,0.12700510025024414,striction
Lineaire apres ACP,{'preparation__n_axes': 16},6.091959715197658,3.975913576661771,0.5961106931639322,5.399104275033713,1.1540200723724305,0.14053678512573242,striction
Lineaire apres ACP,{'preparation__n_axes': 22},6.108728890909917,3.912692634211229,0.5886889926230268,5.1752890304003945,1.2428917947351963,0.13138103485107422,striction
Lineaire apres ACP,{'preparation__n_axes': 12},6.1266111025534915,3.995063214392104,0.5920666001550272,5.5159601924268475,1.1160103157678631,0.13260793685913086,striction
Lineaire apres ACP,{'preparation__n_axes': 10},6.131138320299847,3.984415188080279,0.5918354696378836,5.61261005933279,1.1183446062850613,0.12740707397460938,striction
Lineaire apres ACP,{'preparation__n_axes': 11},6.153696416601839,4.0096136387624774,0.5888218125528264,5.56721301400456,1.1273711943491127,0.13345050811767578,striction
Lineaire apres ACP,{'preparation__n_axes': 14},6.158356451530773,4.04509917617729,0.5870667527257926,5.479813702314232,1.1201707699258856,0.12885713577270508,striction
Lineaire apres ACP,{'preparation__n_axes': 20},6.158720583176165,3.9853861794717345,0.584298816696981,5.2843204251637745,1.048198494498901,0.14076447486877441,striction
Lineaire apres ACP,{'preparation__n_axes': 8},6.175294768151945,4.065207949158536,0.5857322044154953,5.646944358402955,1.0841950197891712,0.14684820175170898,striction
Lineaire apres ACP,{'preparation__n_axes': 6},6.233355904574125,4.070049281912217,0.5773596525738375,5.695889082847597,1.1002396141722537,0.11087489128112793,striction
Lineaire apres ACP,{'preparation__n_axes': 4},6.647861300652728,4.282902043292991,0.518058509645192,6.15264013751771,1.0863780925246382,0.12358427047729492,striction
Lineaire apres ACP,{'preparation__n_axes': 2},6.802452152344332,4.28502478143155,0.49509630300049584,6.407876545713549,1.1513185101471395,0.1076669692993164,striction
Lineaire apres ACP,{'preparation__n_axes': 3},6.80499653855455,4.308131266454178,0.4944673099969224,6.393354892764951,1.1384754086205893,0.09334874153137207,striction
Lineaire apres ACP,{'preparation__n_axes': 1},7.788916288717809,5.513958413227242,0.33142384323007956,7.661326073771332,0.8668086043961895,0.13039112091064453,striction
k plus proches voisins,"{'n_neighbors': 7, 'p': 1, 'preparation__n_axes': None, 'weights': 'distance'}",5.353025538127266,3.0991160035404057,0.6834238029788728,0.3532134254817134,1.5470183818760064,0.21805787086486816,striction
k plus proches voisins,"{'n_neighbors': 5, 'p': 1, 'preparation__n_axes': None, 'weights': 'distance'}",5.429839394707409,3.1213504392712297,0.6753767125166038,0.3532134254817134,1.6113614537094119,0.17210102081298828,striction
k plus proches voisins,"{'n_neighbors': 5, 'p': 1, 'preparation__n_axes': 14, 'weights': 'distance'}",5.441686526879553,3.1238522146948027,0.6734095699352836,0.3532134254817134,1.4417263070110722,0.17373871803283691,striction
k plus proches voisins,"{'n_neighbors': 10, 'p': 1, 'preparation__n_axes': None, 'weights': 'distance'}",5.464278003548683,3.1550957472629593,0.672324339439341,0.3532134254817134,1.3942824637120506,0.17140698432922363,striction
k plus proches voisins,"{'n_neighbors': 5, 'p': 2, 'preparation__n_axes': 8, 'weights': 'distance'}",5.490535533669077,3.195584173416209,0.6658561157862323,0.3532134254840875,1.6137160602098075,0.18046808242797852,striction
k plus proches voisins,"{'n_neighbors': 5, 'p': 1, 'preparation__n_axes': 14, 'weights': 'uniform'}",5.504733014750608,3.2455759811301816,0.6681328617778021,4.697622832581243,1.336068041607166,0.18155169486999512,striction
k plus proches voisins,"{'n_neighbors': 5, 'p': 2, 'preparation__n_axes': 14, 'weights': 'distance'}",5.5094445085000086,3.138227556131965,0.6651162685479473,0.3532134254841592,1.4931437825528024,0.1694931983947754,striction
k plus proches voisins,"{'n_neighbors': 5, 'p': 2, 'preparation__n_axes': None, 'weights': 'distance'}",5.520114642060632,3.13615500653878,0.6641575575953114,0.35321342548229506,1.4863691308109117,0.16545367240905762,striction
k plus proches voisins,"{'n_neighbors': 7, 'p': 2, 'preparation__n_axes': 14, 'weights': 'distance'}",5.523351792723018,3.1990303296878917,0.6653313239364149,0.3532134254863115,1.3770673184325437,0.16351985931396484,striction
k plus proches voisins,"{'n_neighbors': 7, 'p': 2, 'preparation__n_axes': None, 'weights': 'distance'}",5.528284211118086,3.218844934057902,0.6646448499230534,0.3532134254827729,1.363775836830181,0.1652839183807373,striction
k plus proches voisins,"{'n_neighbors': 7, 'p': 1, 'preparation__n_axes': None, 'weights': 'uniform'}",5.5337910186622326,3.302128446681292,0.6606471413231931,4.937603021082463,1.521290549949135,0.18279337882995605,striction
k plus proches voisins,"{'n_neighbors': 7, 'p': 1, 'preparation__n_axes': 8, 'weights': 'distance'}",5.556926393650741,3.294203255232266,0.660709711774474,0.3532134254817134,1.4393911667842234,0.18164324760437012,striction
k plus proches voisins,"{'n_neighbors': 7, 'p': 1, 'preparation__n_axes': 14, 'weights': 'distance'}",5.557608484932778,3.227942781896135,0.661913707821042,0.3532134254817134,1.3057106278583408,0.17729949951171875,striction
k plus proches voisins,"{'n_neighbors': 3, 'p': 2, 'preparation__n_axes': 8, 'weights': 'distance'}",5.56028007308325,3.2043859683119535,0.6542885187618893,0.35321342548261414,1.6164878723183942,0.16266298294067383,striction
k plus proches voisins,"{'n_neighbors': 7, 'p': 2, 'preparation__n_axes': 8, 'weights': 'distance'}",5.5611237788338,3.256241480341121,0.6588275528107882,0.35321342548604046,1.5812226964188432,0.16406655311584473,striction
k plus proches voisins,"{'n_neighbors': 5, 'p': 1, 'preparation__n_axes': 8, 'weights': 'distance'}",5.583176917073061,3.252297840875939,0.6561586887725802,0.3532134254817134,1.4754922033273492,0.15886878967285156,striction
k plus proches voisins,"{'n_neighbors': 5, 'p': 1, 'preparation__n_axes': None, 'weights': 'uniform'}",5.585420019669385,3.2671200441634047,0.6566826533787904,4.64548068110225,1.6007115889844779,0.1657419204711914,striction
k plus proches voisins,"{'n_neighbors': 3, 'p': 2, 'preparation__n_axes': 14, 'weights': 'distance'}",5.592156034464546,3.220814884386524,0.6512047178318777,0.3532134254825756,1.5395398395562236,0.1628580093383789,striction
k plus proches voisins,"{'n_neighbors': 15, 'p': 1, 'preparation__n_axes': None, 'weights': 'distance'}",5.603662418834196,3.2247081085451206,0.6560497320642605,0.3532134254817134,1.3021176021811338,0.1869490146636963,striction
k plus proches voisins,"{'n_neighbors': 10, 'p': 1, 'preparation__n_axes': 8, 'weights': 'distance'}",5.606616665630464,3.324053894093262,0.6559689676539724,0.3532134254817134,1.3157462250856984,0.17364192008972168,striction
k plus proches voisins,"{'n_neighbors': 3, 'p': 1, 'preparation__n_axes': None, 'weights': 'distance'}",5.61494373468596,3.1796620694888516,0.6515623687018347,0.3532134254817134,1.514749198990335,0.17296791076660156,striction
k plus proches voisins,"{'n_neighbors': 10, 'p': 2, 'preparation__n_axes': 14, 'weights': 'distance'}",5.625338588199856,3.261656170553617,0.6541005162927623,0.35321342548969303,1.2860780934144591,0.18912196159362793,striction
k plus proches voisins,"{'n_neighbors': 5, 'p': 2, 'preparation__n_axes': 14, 'weights': 'uniform'}",5.636790108159239,3.295946803171735,0.6517665384575084,4.6552403549906485,1.4349358801918108,0.19427132606506348,striction
k plus proches voisins,"{'n_neighbors': 10, 'p': 2, 'preparation__n_axes': 8, 'weights': 'distance'}",5.637374831557144,3.289995492417565,0.651108449920663,0.3532134254887186,1.311145514902636,0.20479607582092285,striction
k plus proches voisins,"{'n_neighbors': 5, 'p': 2, 'preparation__n_axes': 8, 'weights': 'uniform'}",5.668151630409631,3.369094600020074,0.6461797390809625,4.714514438693201,1.5760242155652546,0.1958773136138916,striction
k plus proches voisins,"{'n_neighbors': 3, 'p': 2, 'preparation__n_axes': 8, 'weights': 'uniform'}",5.6775204225920515,3.316763692328281,0.6420715509487935,4.186677801008523,1.5542523412002338,0.17447876930236816,striction
k plus proches voisins,"{'n_neighbors': 3, 'p': 1, 'preparation__n_axes': None, 'weights': 'uniform'}",5.680813251942101,3.278406102579544,0.643456358444104,4.121036391242464,1.5190324151736545,0.1885523796081543,striction
k plus proches voisins,"{'n_neighbors': 5, 'p': 2, 'preparation__n_axes': None, 'weights': 'uniform'}",5.682743986238556,3.310697279935762,0.6453782935049901,4.71644963207487,1.442462425159037,0.17325234413146973,striction
k plus proches voisins,"{'n_neighbors': 2, 'p': 2, 'preparation__n_axes': 8, 'weights': 'uniform'}",5.683191963572982,3.314590735722171,0.6342787940323307,3.446801472839124,1.6658795340876393,0.16673612594604492,striction
k plus proches voisins,"{'n_neighbors': 10, 'p': 2, 'preparation__n_axes': None, 'weights': 'distance'}",5.685481973505195,3.3108428502315967,0.6467698987502184,0.3532134254837107,1.2070019386328021,0.1648547649383545,striction
k plus proches voisins,"{'n_neighbors': 3, 'p': 2, 'preparation__n_axes': 14, 'weights': 'uniform'}",5.6963895006294205,3.313236140386094,0.6409937360962316,4.143428888381703,1.466845869202245,0.18065524101257324,striction
k plus proches voisins,"{'n_neighbors': 10, 'p': 1, 'preparation__n_axes': 14, 'weights': 'distance'}",5.697658857275951,3.290936381233945,0.6458491586378123,0.3532134254817134,1.2221789576169697,0.18425774574279785,striction
k plus proches voisins,"{'n_neighbors': 2, 'p': 2, 'preparation__n_axes': 14, 'weights': 'distance'}",5.706036406708964,3.2481492156217344,0.6255388871344593,0.3757141896221469,1.7538833462391412,0.16124844551086426,striction
k plus proches voisins,"{'n_neighbors': 5, 'p': 1, 'preparation__n_axes': 8, 'weights': 'uniform'}",5.708689868329242,3.4026857874134295,0.6424172130209229,4.750479768931045,1.4426130876324865,0.16574478149414062,striction
k plus proches voisins,"{'n_neighbors': 3, 'p': 1, 'preparation__n_axes': 14, 'weights': 'distance'}",5.719401184208242,3.2552716048017105,0.6341518171053153,0.3532134254817134,1.5395785765056007,0.17858123779296875,striction
k plus proches voisins,"{'n_neighbors': 7, 'p': 2, 'preparation__n_axes': 14, 'weights': 'uniform'}",5.723162395319248,3.408197043346095,0.6422934441045892,5.021974615116994,1.2710796924548151,0.19187545776367188,striction
k plus proches voisins,"{'n_neighbors': 2, 'p': 2, 'preparation__n_axes': 8, 'weights': 'distance'}",5.7323285142418925,3.268785123855264,0.6249812174964672,0.3757141896221308,1.676034225295363,0.15663957595825195,striction
k plus proches voisins,"{'n_neighbors': 7, 'p': 1, 'preparation__n_axes': 14, 'weights': 'uniform'}",5.743374929963818,3.4375162386544504,0.640285255929645,4.961611376793238,1.1752657040169427,0.18006658554077148,striction
k plus proches voisins,"{'n_neighbors': 7, 'p': 1, 'preparation__n_axes': 8, 'weights': 'uniform'}",5.745433370646323,3.495779312025924,0.6392691758267592,5.026216333277495,1.3423719863487689,0.23397231101989746,striction
k plus proches voisins,"{'n_neighbors': 2, 'p': 2, 'preparation__n_axes': 14, 'weights': 'uniform'}",5.75872283911861,3.3022510789922705,0.6240334939150544,3.465179453348371,1.6805595572958072,0.17467713356018066,striction
k plus proches voisins,"{'n_neighbors': 7, 'p': 2, 'preparation__n_axes': None, 'weights': 'uniform'}",5.759573591402339,3.4586829124905,0.6373126703727896,5.024845883005206,1.253078437549943,0.1575922966003418,striction
k plus proches voisins,"{'n_neighbors': 10, 'p': 1, 'preparation__n_axes': None, 'weights': 'uniform'}",5.7619158782277795,3.4096537187594094,0.6361645546162327,5.2332036175871055,1.2476752054718643,0.15336990356445312,striction
k plus proches voisins,"{'n_neighbors': 15, 'p': 1, 'preparation__n_axes': 8, 'weights': 'distance'}",5.782132699421065,3.3819272426179103,0.6344488214432131,0.3532134254817134,1.2114464231793503,0.1825389862060547,striction
k plus proches voisins,"{'n_neighbors': 20, 'p': 1, 'preparation__n_axes': None, 'weights': 'distance'}",5.7902696589561815,3.337809024409868,0.6333430729784528,0.3532134254817134,1.2465594691670394,0.18877434730529785,striction
k plus proches voisins,"{'n_neighbors': 3, 'p': 1, 'preparation__n_axes': 14, 'weights': 'uniform'}",5.800450483978973,3.3498680116430783,0.6262051766669581,4.155120786627527,1.4818844986256126,0.16814517974853516,striction
k plus proches voisins,"{'n_neighbors': 3, 'p': 2, 'preparation__n_axes': None, 'weights': 'distance'}",5.800776853281509,3.2756596884120674,0.626188565951016,0.3532134254819682,1.4865447808777796,0.16112041473388672,striction
k plus proches voisins,"{'n_neighbors': 15, 'p': 2, 'preparation__n_axes': 8, 'weights': 'distance'}",5.802503956059944,3.363511773423487,0.6312217454247824,0.3532134254926181,1.2289741906008602,0.1705024242401123,striction
k plus proches voisins,"{'n_neighbors': 7, 'p': 2, 'preparation__n_axes': 8, 'weights': 'uniform'}",5.8047177922026165,3.484911924119241,0.6302393956811898,5.005848631434217,1.5099821312132782,0.21715068817138672,striction
k plus proches voisins,"{'n_neighbors': 15, 'p': 2, 'preparation__n_axes': 14, 'weights': 'distance'}",5.815252016990749,3.379938006954203,0.6306237675317814,0.3532134254942081,1.165622354479449,0.1687774658203125,striction
k plus proches voisins,"{'n_neighbors': 3, 'p': 1, 'preparation__n_axes': 8, 'weights': 'distance'}",5.877651512973968,3.3657917775960584,0.612680106045242,0.3532134254817134,1.5418302074880752,0.1786661148071289,striction
k plus proches voisins,"{'n_neighbors': 20, 'p': 1, 'preparation__n_axes': 8, 'weights': 'distance'}",5.889998391356021,3.4687723861210187,0.6209320158490839,0.3532134254817134,1.1790780233299456,0.17555880546569824,striction
k plus proches voisins,"{'n_neighbors': 2, 'p': 1, 'preparation__n_axes': 8, 'weights': 'distance'}",5.897932467796866,3.3799685482247233,0.6048269507092427,0.37571418962185466,1.6437291796457387,0.1775074005126953,striction
k plus proches voisins,"{'n_neighbors': 15, 'p': 1, 'preparation__n_axes': 14, 'weights': 'distance'}",5.900283195389639,3.374209666287773,0.6206669256663426,0.3532134254817134,1.1513025330681137,0.18601655960083008,striction
k plus proches voisins,"{'n_neighbors': 15, 'p': 2, 'preparation__n_axes': None, 'weights': 'distance'}",5.907374848906722,3.4499277414949177,0.6198154197962416,0.3532134254853454,1.1007136697085413,0.17558646202087402,striction
k plus proches voisins,"{'n_neighbors': 10, 'p': 1, 'preparation__n_axes': 8, 'weights': 'uniform'}",5.9161545062647445,3.585943014152363,0.6184541926216833,5.364367071319323,1.1581206326015736,0.16565775871276855,striction
k plus proches voisins,"{'n_neighbors': 10, 'p': 2, 'preparation__n_axes': 14, 'weights': 'uniform'}",5.922785856415066,3.5462822443039244,0.6172071698904422,5.411221599261563,1.148728008451764,0.19684386253356934,striction
k plus proches voisins,"{'n_neighbors': 3, 'p': 2, 'preparation__n_axes': None, 'weights': 'uniform'}",5.92988446019332,3.381229298404095,0.6116291680661801,4.134452487552335,1.430078412818646,0.16905546188354492,striction
k plus proches voisins,"{'n_neighbors': 2, 'p': 1, 'preparation__n_axes': 8, 'weights': 'uniform'}",5.931669931546226,3.4705610759811294,0.6036161545077636,3.4741296398470523,1.628906793407324,0.16738128662109375,striction
k plus proches voisins,"{'n_neighbors': 10, 'p': 2, 'preparation__n_axes': 8, 'weights': 'uniform'}",5.945439080043433,3.5523191558767437,0.6127810461757877,5.360268379471288,1.1565310193415295,0.16406464576721191,striction
k plus proches voisins,"{'n_neighbors': 20, 'p': 2, 'preparation__n_axes': 8, 'weights': 'distance'}",5.954588952490532,3.475569204191724,0.6122807006439991,0.35321342549738827,1.1688591457964863,0.17058777809143066,striction
k plus proches voisins,"{'n_neighbors': 2, 'p': 2, 'preparation__n_axes': None, 'weights': 'distance'}",5.9728577734995,3.269424763265394,0.5937847473639364,0.375714189621974,1.5639421563718447,0.16118931770324707,striction
k plus proches voisins,"{'n_neighbors': 2, 'p': 1, 'preparation__n_axes': 14, 'weights': 'distance'}",5.973058690116249,3.3501171180241074,0.5974253416938481,0.37571418962185466,1.5577709092890974,0.16863536834716797,striction
k plus proches voisins,"{'n_neighbors': 2, 'p': 2, 'preparation__n_axes': None, 'weights': 'uniform'}",5.979600899697566,3.3020668975208265,0.5942921828960431,3.60939026056676,1.5513308185168602,0.17894506454467773,striction
k plus proches voisins,"{'n_neighbors': 20, 'p': 2, 'preparation__n_axes': 14, 'weights': 'distance'}",5.98231268930449,3.521427493271949,0.6091234568074173,0.3532134254991764,1.0781116510274948,0.17093205451965332,striction
k plus proches voisins,"{'n_neighbors': 10, 'p': 1, 'preparation__n_axes': 14, 'weights': 'uniform'}",5.9960772725062075,3.5779827863093443,0.6083395241482654,5.341030010135721,1.0782990948894235,0.18999361991882324,striction
k plus proches voisins,"{'n_neighbors': 10, 'p': 2, 'preparation__n_axes': None, 'weights': 'uniform'}",6.003255710042053,3.595159188999297,0.6066386795589295,5.433028210210443,1.0408304541658218,0.15498805046081543,striction
k plus proches voisins,"{'n_neighbors': 15, 'p': 1, 'preparation__n_axes': None, 'weights': 'uniform'}",6.0082047373979774,3.544471745458195,0.6054069233674124,5.64219496117021,1.0966796493942124,0.21962571144104004,striction
k plus proches voisins,"{'n_neighbors': 30, 'p': 1, 'preparation__n_axes': None, 'weights': 'distance'}",6.015768238593699,3.486704703345434,0.6056589113763027,0.3532134254817134,1.2122931976030218,0.18414950370788574,striction
k plus proches voisins,"{'n_neighbors': 20, 'p': 1, 'preparation__n_axes': 14, 'weights': 'distance'}",6.024043054867594,3.4446700145714892,0.6045710656091742,0.3532134254817134,1.094936180590783,0.17596006393432617,striction
k plus proches voisins,"{'n_neighbors': 2, 'p': 1, 'preparation__n_axes': 14, 'weights': 'uniform'}",6.02814553164619,3.4255339757101275,0.5933753262637756,3.515298491750374,1.5261929587167096,0.16786861419677734,striction
k plus proches voisins,"{'n_neighbors': 3, 'p': 1, 'preparation__n_axes': 8, 'weights': 'uniform'}",6.0428525816416805,3.4985457860751445,0.592972429520645,4.228719421546546,1.4740419491138137,0.15557861328125,striction
k plus proches voisins,"{'n_neighbors': 20, 'p': 2, 'preparation__n_axes': None, 'weights': 'distance'}",6.047718966630933,3.5477927536899045,0.6009995848577294,0.3532134254873915,1.0472375121335065,0.1850905418395996,striction
k plus proches voisins,"{'n_neighbors': 2, 'p': 1, 'preparation__n_axes': None, 'weights': 'uniform'}",6.067019619104206,3.389432901736425,0.5879216289101047,3.910328052628389,1.44247393787507,0.2044813632965088,striction
k plus proches voisins,"{'n_neighbors': 2, 'p': 1, 'preparation__n_axes': None, 'weights': 'distance'}",6.089520108176755,3.3397262470509745,0.584263660896338,0.37571418962185466,1.4303433568071275,0.17812895774841309,striction
k plus proches voisins,"{'n_neighbors': 30, 'p': 1, 'preparation__n_axes': 8, 'weights': 'distance'}",6.160280894441745,3.5971620975410707,0.5857528436729025,0.3532134254817134,1.2158879935139777,0.17824673652648926,striction
k plus proches voisins,"{'n_neighbors': 15, 'p': 1, 'preparation__n_axes': 8, 'weights': 'uniform'}",6.171275813137223,3.6989671785606753,0.5842197735897277,5.710864295808574,1.067136080882923,0.18412566184997559,striction
k plus proches voisins,"{'n_neighbors': 30, 'p': 2, 'preparation__n_axes': 8, 'weights': 'distance'}",6.197285395823094,3.6576342188897697,0.5801498053802187,0.3532134255074144,1.0969722749222925,0.1841144561767578,striction
k plus proches voisins,"{'n_neighbors': 15, 'p': 2, 'preparation__n_axes': 14, 'weights': 'uniform'}",6.2028932539280675,3.7227201813376154,0.5798220600177977,5.717820823089488,1.0285058326945993,0.1733245849609375,striction
k plus proches voisins,"{'n_neighbors': 30, 'p': 2, 'preparation__n_axes': 14, 'weights': 'distance'}",6.2150419985702126,3.6595088721792166,0.5784705093210009,0.35321342551063883,1.0325339704734044,0.19419264793395996,striction
k plus proches voisins,"{'n_neighbors': 15, 'p': 2, 'preparation__n_axes': 8, 'weights': 'uniform'}",6.220941821516116,3.690303071364047,0.5768112242759581,5.719147096722361,1.0819271664072905,0.19869446754455566,striction
k plus proches voisins,"{'n_neighbors': 30, 'p': 1, 'preparation__n_axes': 14, 'weights': 'distance'}",6.2552398009353825,3.605026472122595,0.5737917021551413,0.3532134254817134,1.1629324061175814,0.19165992736816406,striction
k plus proches voisins,"{'n_neighbors': 30, 'p': 2, 'preparation__n_axes': None, 'weights': 'distance'}",6.260526629812761,3.657200542905651,0.5732177640178,0.35321342549302737,1.0343631705121985,0.19560480117797852,striction
k plus proches voisins,"{'n_neighbors': 15, 'p': 1, 'preparation__n_axes': 14, 'weights': 'uniform'}",6.269409320677926,3.701113620395463,0.5720892240428428,5.712260258439384,1.0403536155090605,0.1732339859008789,striction
k plus proches voisins,"{'n_neighbors': 20, 'p': 1, 'preparation__n_axes': None, 'weights': 'uniform'}",6.300126010797251,3.732306935661949,0.5661925784066548,5.896667096186147,1.06188730715623,0.1815185546875,striction
k plus proches voisins,"{'n_neighbors': 15, 'p': 2, 'preparation__n_axes': None, 'weights': 'uniform'}",6.303293912590718,3.7991060590852817,0.5669043681739524,5.774120185418295,0.9640996545891803,0.15256357192993164,striction
k plus proches voisins,"{'n_neighbors': 20, 'p': 1, 'preparation__n_axes': 8, 'weights': 'uniform'}",6.340689138747356,3.841300336244103,0.560831847106493,5.948678514634314,1.0447070386641908,0.1831831932067871,striction
k plus proches voisins,"{'n_neighbors': 20, 'p': 2, 'preparation__n_axes': 14, 'weights': 'uniform'}",6.417195236259234,3.9176699914684336,0.5498603296725058,6.001983474753084,0.9620955104295499,0.1694197654724121,striction
k plus proches voisins,"{'n_neighbors': 20, 'p': 2, 'preparation__n_axes': 8, 'weights': 'uniform'}",6.419000897765476,3.856148361437318,0.5496974075978776,6.021372213310412,1.0616131428815938,0.21500682830810547,striction
k plus proches voisins,"{'n_neighbors': 20, 'p': 1, 'preparation__n_axes': 14, 'weights': 'uniform'}",6.442719979456449,3.7907331877948414,0.5475682820827059,6.015354087541763,0.9834243822787221,0.19622182846069336,striction
k plus proches voisins,"{'n_neighbors': 20, 'p': 2, 'preparation__n_axes': None, 'weights': 'uniform'}",6.447505715334705,3.8959559996988857,0.5459906659646784,6.019640606897433,0.9206230913318502,0.16949868202209473,striction
k plus proches voisins,"{'n_neighbors': 50, 'p': 1, 'preparation__n_axes': 8, 'weights': 'distance'}",6.49091846884501,3.857210226907339,0.5411592645227078,0.3532134254817134,1.2756942482579758,0.20710110664367676,striction
k plus proches voisins,"{'n_neighbors': 50, 'p': 1, 'preparation__n_axes': None, 'weights': 'distance'}",6.4945602202928,3.77918019097186,0.5413449434133986,0.3532134254817134,1.225075244500798,0.18994736671447754,striction
k plus proches voisins,"{'n_neighbors': 50, 'p': 2, 'preparation__n_axes': 8, 'weights': 'distance'}",6.507419433770582,3.800716991643531,0.5384528618763306,0.3532134255334367,1.1581370396470394,0.19740891456604004,striction
k plus proches voisins,"{'n_neighbors': 50, 'p': 2, 'preparation__n_axes': 14, 'weights': 'distance'}",6.537636672283531,3.7976810112727484,0.5350535298701161,0.35321342554201285,1.185654419210049,0.2034897804260254,striction
k plus proches voisins,"{'n_neighbors': 50, 'p': 1, 'preparation__n_axes': 14, 'weights': 'distance'}",6.61664035677109,3.8682830775939876,0.5237082537427049,0.3532134254817134,1.2225659500595711,0.21505403518676758,striction
k plus proches voisins,"{'n_neighbors': 30, 'p': 2, 'preparation__n_axes': 14, 'weights': 'uniform'}",6.636818323085128,4.018471235237044,0.5186170406774817,6.347749529959275,0.9577618271670313,0.2084958553314209,striction
k plus proches voisins,"{'n_neighbors': 30, 'p': 2, 'preparation__n_axes': None, 'weights': 'uniform'}",6.641587411825299,3.9792376794138304,0.519207725855572,6.388212469430794,0.9661490906427675,0.18161273002624512,striction
k plus proches voisins,"{'n_neighbors': 30, 'p': 1, 'preparation__n_axes': None, 'weights': 'uniform'}",6.647690707963401,3.971367083207869,0.518647827757406,6.405814451830523,1.1147119949961775,0.1869492530822754,striction
k plus proches voisins,"{'n_neighbors': 50, 'p': 2, 'preparation__n_axes': None, 'weights': 'distance'}",6.656404529963984,3.867118314187718,0.5181464282410978,0.3532134255107938,1.150214365772792,0.1837606430053711,striction
k plus proches voisins,"{'n_neighbors': 30, 'p': 2, 'preparation__n_axes': 8, 'weights': 'uniform'}",6.689333713853754,4.068273905115594,0.5103428363563104,6.423872430183231,0.9910108788890757,0.1971449851989746,striction
k plus proches voisins,"{'n_neighbors': 30, 'p': 1, 'preparation__n_axes': 8, 'weights': 'uniform'}",6.710419661571981,4.032521253638462,0.5079673112580521,6.384294648120624,1.1431444244481412,0.18488001823425293,striction
k plus proches voisins,"{'n_neighbors': 30, 'p': 1, 'preparation__n_axes': 14, 'weights': 'uniform'}",6.730414602677598,4.016497741644083,0.5058711929148673,6.4095776575445225,1.1124452028878877,0.1809396743774414,striction
k plus proches voisins,"{'n_neighbors': 50, 'p': 2, 'preparation__n_axes': 14, 'weights': 'uniform'}",6.965151609948384,4.1388437518819625,0.47181015028530676,6.8769030701741345,1.1915841162753191,0.19223976135253906,striction
k plus proches voisins,"{'n_neighbors': 50, 'p': 2, 'preparation__n_axes': 8, 'weights': 'uniform'}",6.9742952313574476,4.170906920606243,0.4694525767422452,6.87040326935571,1.1426792082114363,0.19352936744689941,striction
k plus proches voisins,"{'n_neighbors': 1, 'p': 2, 'preparation__n_axes': 14, 'weights': 'distance'}",7.045385788162276,3.7207256850346275,0.3792555186900299,0.5422205428537057,2.1641834150008825,0.20208144187927246,striction
k plus proches voisins,"{'n_neighbors': 1, 'p': 2, 'preparation__n_axes': 14, 'weights': 'uniform'}",7.045385788162276,3.7207256850346275,0.3792555186900299,0.5422205428537057,2.1641834150008825,0.18248820304870605,striction
k plus proches voisins,"{'n_neighbors': 50, 'p': 2, 'preparation__n_axes': None, 'weights': 'uniform'}",7.079495209196648,4.195950923416642,0.4543485235963435,7.018606042635398,1.138079584288112,0.20095300674438477,striction
k plus proches voisins,"{'n_neighbors': 1, 'p': 1, 'preparation__n_axes': 14, 'weights': 'distance'}",7.087334193644762,3.736739937769748,0.36832777441743014,0.5422205428537057,2.267646151905447,0.17006874084472656,striction
k plus proches voisins,"{'n_neighbors': 1, 'p': 1, 'preparation__n_axes': 14, 'weights': 'uniform'}",7.087334193644762,3.736739937769747,0.36832777441743014,0.5422205428537057,2.2676461519054474,0.15973925590515137,striction
k plus proches voisins,"{'n_neighbors': 50, 'p': 1, 'preparation__n_axes': 8, 'weights': 'uniform'}",7.0925403437270065,4.377675890795945,0.4515149611460714,6.9593788063544695,1.249402324031434,0.17914032936096191,striction
k plus proches voisins,"{'n_neighbors': 1, 'p': 2, 'preparation__n_axes': None, 'weights': 'distance'}",7.135576168274615,3.712475158084915,0.3679090846664778,0.5422205428537057,2.075438688775602,0.16331768035888672,striction
k plus proches voisins,"{'n_neighbors': 1, 'p': 2, 'preparation__n_axes': None, 'weights': 'uniform'}",7.135576168274615,3.712475158084915,0.3679090846664778,0.5422205428537057,2.0754386887756024,0.16555094718933105,striction
k plus proches voisins,"{'n_neighbors': 50, 'p': 1, 'preparation__n_axes': 14, 'weights': 'uniform'}",7.15288428287743,4.37255731707317,0.44235649296401364,7.0104091150420285,1.2019418800382005,0.20657968521118164,striction
k plus proches voisins,"{'n_neighbors': 1, 'p': 2, 'preparation__n_axes': 8, 'weights': 'uniform'}",7.21280522480463,3.763087423466827,0.358148347399035,0.5422205428537057,2.0589046566406646,0.16457080841064453,striction
k plus proches voisins,"{'n_neighbors': 1, 'p': 2, 'preparation__n_axes': 8, 'weights': 'distance'}",7.21280522480463,3.763087423466827,0.35814834739903495,0.5422205428537057,2.0589046566406646,0.1594533920288086,striction
k plus proches voisins,"{'n_neighbors': 1, 'p': 1, 'preparation__n_axes': 8, 'weights': 'distance'}",7.230683374783365,3.773504466526147,0.3541813580620196,0.5422205428537057,2.108856300079797,0.15758180618286133,striction
k plus proches voisins,"{'n_neighbors': 1, 'p': 1, 'preparation__n_axes': 8, 'weights': 'uniform'}",7.230683374783365,3.773504466526147,0.3541813580620196,0.5422205428537057,2.108856300079797,0.17354607582092285,striction
k plus proches voisins,"{'n_neighbors': 50, 'p': 1, 'preparation__n_axes': None, 'weights': 'uniform'}",7.237083467940299,4.351544253738834,0.42953913343200145,7.15877525985433,1.2021387764882838,0.1988968849182129,striction
k plus proches voisins,"{'n_neighbors': 1, 'p': 1, 'preparation__n_axes': None, 'weights': 'distance'}",7.750302769352213,3.8142652815417035,0.30479771459927274,0.5422205428537057,1.5008791118989373,0.1839916706085205,striction
k plus proches voisins,"{'n_neighbors': 1, 'p': 1, 'preparation__n_axes': None, 'weights': 'uniform'}",7.750302769352213,3.8142652815417035,0.30479771459927274,0.5422205428537057,1.5008791118989373,0.15308570861816406,striction
Bagging,"{'estimator__min_samples_leaf': 1, 'max_samples': 0.8, 'n_estimators': 100}",5.355262228942023,3.048959015201484,0.6868465526931138,2.496409659748287,1.594532634535956,1.238612413406372,striction
Bagging,"{'estimator__min_samples_leaf': 1, 'max_samples': 0.8, 'n_estimators': 500}",5.395820618717428,3.055887755610983,0.6827164663255108,2.4359876563237064,1.5683933959494352,3.952604293823242,striction
Bagging,"{'estimator__min_samples_leaf': 1, 'max_samples': 0.8, 'n_estimators': 250}",5.3974836586106205,3.0537019240247365,0.6823594360483753,2.4540798788112768,1.5799556812636513,2.2482872009277344,striction
Bagging,"{'estimator__min_samples_leaf': 1, 'max_samples': 0.5, 'n_estimators': 500}",5.432408739732716,3.1409441945256957,0.6787568971030208,3.262577391008392,1.5085546791028321,3.321423292160034,striction
Bagging,"{'estimator__min_samples_leaf': 1, 'max_samples': 1.0, 'n_estimators': 100}",5.436814859784347,3.0515885028175673,0.6779810991612673,2.1103331961601794,1.569933567394292,1.3254120349884033,striction
Bagging,"{'estimator__min_samples_leaf': 1, 'max_samples': 0.8, 'n_estimators': 50}",5.436817302797868,3.1005258771741153,0.6778807424434433,2.5962566751706206,1.5591495525238646,0.9010086059570312,striction
Bagging,"{'estimator__min_samples_leaf': 1, 'max_samples': 1.0, 'n_estimators': 250}",5.442349842308506,3.0299456955616733,0.6773278833862939,2.0481693024180077,1.5729330461052595,2.424752712249756,striction
Bagging,"{'estimator__min_samples_leaf': 1, 'max_samples': 0.5, 'n_estimators': 250}",5.442390570567595,3.1303459917647674,0.6776274123484729,3.267478660612215,1.5048137846385614,2.2096519470214844,striction
Bagging,"{'estimator__min_samples_leaf': 1, 'max_samples': 1.0, 'n_estimators': 500}",5.447305884240509,3.042581147222898,0.6767198573061561,2.026501027292666,1.5747705413466135,4.34845495223999,striction
Bagging,"{'estimator__min_samples_leaf': 1, 'max_samples': 0.5, 'n_estimators': 100}",5.453983559445064,3.128809969386731,0.6761605977946917,3.266998014923061,1.5076987749854993,1.1563494205474854,striction
Bagging,"{'estimator__min_samples_leaf': 1, 'max_samples': 0.5, 'n_estimators': 50}",5.455395310027809,3.122616153099802,0.6756801398916874,3.3595048887667125,1.5318814336834539,0.8649630546569824,striction
Bagging,"{'estimator__min_samples_leaf': 1, 'max_samples': 0.65, 'n_estimators': 100}",5.456507760076833,3.103222111395497,0.6760459599561955,2.8389598548886132,1.5193692887658146,1.1862778663635254,striction
Bagging,"{'estimator__min_samples_leaf': 1, 'max_samples': 1.0, 'n_estimators': 50}",5.480363289002517,3.0682938649192493,0.6727687596645879,2.225358687598287,1.5743224721840896,0.8382248878479004,striction
Bagging,"{'estimator__min_samples_leaf': 2, 'max_samples': 1.0, 'n_estimators': 100}",5.529738635746429,3.1595611335987117,0.6674599272885304,3.0944171515686127,1.4843520884987202,1.095231056213379,striction
Bagging,"{'estimator__min_samples_leaf': 2, 'max_samples': 0.8, 'n_estimators': 100}",5.5606655302399535,3.1901194160321165,0.6636167959305947,3.351314958669252,1.4935355898507396,1.0899388790130615,striction
Bagging,"{'estimator__min_samples_leaf': 2, 'max_samples': 0.65, 'n_estimators': 100}",5.5608997657689,3.1911857535662254,0.6638318220885294,3.606897211502043,1.4535384845121604,1.075138807296753,striction
Bagging,"{'estimator__min_samples_leaf': 2, 'max_samples': 0.5, 'n_estimators': 100}",5.609475308903659,3.272598998367878,0.6580265508411367,3.895053703513743,1.4410085423992545,1.055612325668335,striction
Bagging,"{'estimator__min_samples_leaf': 5, 'max_samples': 1.0, 'n_estimators': 100}",5.7005051323659215,3.306605109523359,0.6467139455765543,4.088587238282039,1.4202062322254747,1.0569119453430176,striction
Bagging,"{'estimator__min_samples_leaf': 5, 'max_samples': 0.8, 'n_estimators': 100}",5.742948501516343,3.3434682623823755,0.6418529132634978,4.287211308163355,1.3538216818374578,1.0449752807617188,striction
Bagging,"{'estimator__min_samples_leaf': 5, 'max_samples': 0.65, 'n_estimators': 100}",5.759871161500042,3.3772014417410574,0.639905228954832,4.472829373342377,1.2882278207598399,0.9991819858551025,striction
Bagging,"{'estimator__min_samples_leaf': 5, 'max_samples': 0.5, 'n_estimators': 100}",5.7648725097799165,3.4152092810954633,0.6395720891519124,4.705837946529169,1.2696755356953093,0.9622116088867188,striction
Bagging,"{'estimator__min_samples_leaf': 10, 'max_samples': 1.0, 'n_estimators': 100}",5.946109756199478,3.526993849720771,0.6165759027071259,4.900415496851133,1.2205114751619783,0.9011876583099365,striction
Bagging,"{'estimator__min_samples_leaf': 10, 'max_samples': 0.8, 'n_estimators': 100}",5.989117523098878,3.57454385576147,0.6110313663839596,5.058391588522314,1.1664563865483015,0.9318852424621582,striction
Bagging,"{'estimator__min_samples_leaf': 10, 'max_samples': 0.65, 'n_estimators': 100}",6.049694038320863,3.623321546637942,0.6030994637808318,5.228519319081028,1.1276353688343965,0.8879966735839844,striction
Bagging,"{'estimator__min_samples_leaf': 10, 'max_samples': 0.5, 'n_estimators': 100}",6.219547844072349,3.8089846775096134,0.5803649599651748,5.479772313468102,1.1159545415235939,0.9272112846374512,striction
Forêt aleatoire,"{'max_depth': 20, 'max_features': 0.5, 'min_samples_leaf': 1, 'n_estimators': 50}",5.2378383124566925,2.999690523217008,0.6996521885969094,2.222972143068161,1.648972899974407,0.7749459743499756,striction
Forêt aleatoire,"{'max_depth': None, 'max_features': 0.25, 'min_samples_leaf': 1, 'n_estimators': 250}",5.253642828407335,2.935783820337636,0.698670742807014,2.024087747786176,1.5732699804337664,2.212202310562134,striction
Forêt aleatoire,"{'max_depth': 20, 'max_features': 0.5, 'min_samples_leaf': 1, 'n_estimators': 100}",5.254079254824164,3.0091330863546646,0.6975462423149701,2.119906447842843,1.6841893691313352,1.1570279598236084,striction
Forêt aleatoire,"{'max_depth': 12, 'max_features': 0.25, 'min_samples_leaf': 1, 'n_estimators': 500}",5.256515066915265,2.992913710023916,0.6981892312038764,2.126593266228231,1.586659880581294,4.107676267623901,striction
Forêt aleatoire,"{'max_depth': 12, 'max_features': 0.25, 'min_samples_leaf': 1, 'n_estimators': 250}",5.260350645689698,2.994693087758965,0.6977994628050619,2.150870338648569,1.5812551756062398,2.2087225914001465,striction
Forêt aleatoire,"{'max_depth': None, 'max_features': 0.25, 'min_samples_leaf': 1, 'n_estimators': 500}",5.267847898002104,2.944566746584992,0.6972546079574244,1.996823281408562,1.559083008142599,4.029350519180298,striction
Forêt aleatoire,"{'max_depth': None, 'max_features': 0.25, 'min_samples_leaf': 1, 'n_estimators': 100}",5.2679751652551206,2.948698467484451,0.6969168923560158,2.104375821308664,1.571271972544736,1.1007616519927979,striction
Forêt aleatoire,"{'max_depth': 20, 'max_features': 0.5, 'min_samples_leaf': 1, 'n_estimators': 250}",5.26880491198914,2.9722859370000765,0.6963090984683419,2.041895108071885,1.6531153463604022,2.3914663791656494,striction
Forêt aleatoire,"{'max_depth': 12, 'max_features': 0.25, 'min_samples_leaf': 1, 'n_estimators': 50}",5.2799768779912535,2.9818712372894045,0.6955911691282407,2.3293508903700144,1.583893210315196,0.8112401962280273,striction
Forêt aleatoire,"{'max_depth': 20, 'max_features': 0.5, 'min_samples_leaf': 1, 'n_estimators': 500}",5.282609711228128,2.976199855112718,0.695121557486071,2.010215597701332,1.622282121015923,4.31111216545105,striction
Forêt aleatoire,"{'max_depth': 12, 'max_features': 0.25, 'min_samples_leaf': 1, 'n_estimators': 100}",5.28272423686804,2.991537211218803,0.6954427227287441,2.2294687150382075,1.579048100158157,0.8399214744567871,striction
Forêt aleatoire,"{'max_depth': 20, 'max_features': 0.25, 'min_samples_leaf': 1, 'n_estimators': 100}",5.31099972786356,2.976064429579232,0.6921331883704043,2.088011608203218,1.5912059867117712,0.8773980140686035,striction
Forêt aleatoire,"{'max_depth': 12, 'max_features': 0.5, 'min_samples_leaf': 1, 'n_estimators': 100}",5.313150704662912,3.0209205141870115,0.69180715333928,2.2241957982222966,1.6073931354733584,0.9779033660888672,striction
Forêt aleatoire,"{'max_depth': None, 'max_features': 0.5, 'min_samples_leaf': 1, 'n_estimators': 100}",5.315380934581949,3.0285307910399393,0.6912487847720408,2.1066458524731724,1.6374741314521086,1.1390893459320068,striction
Forêt aleatoire,"{'max_depth': 12, 'max_features': 0.25, 'min_samples_leaf': 2, 'n_estimators': 100}",5.31899412896324,3.0915123834207057,0.6915917446551261,3.353676092488802,1.4739660946013913,0.841109037399292,striction
Forêt aleatoire,"{'max_depth': None, 'max_features': 0.25, 'min_samples_leaf': 2, 'n_estimators': 100}",5.344600044947112,3.0674114994561568,0.6885926049718165,3.2967990927048354,1.4850369720190304,1.092254400253296,striction
Forêt aleatoire,"{'max_depth': None, 'max_features': 0.5, 'min_samples_leaf': 2, 'n_estimators': 100}",5.3513192741229,3.110043437014231,0.687474270666071,3.1485559176982987,1.5360964239801727,1.0624089241027832,striction
Forêt aleatoire,"{'max_depth': None, 'max_features': 0.25, 'min_samples_leaf': 1, 'n_estimators': 50}",5.35202948234058,2.9906944005917118,0.6874965914699158,2.1911591201350142,1.5494759169435233,0.7765097618103027,striction
Forêt aleatoire,"{'max_depth': 20, 'max_features': 0.75, 'min_samples_leaf': 1, 'n_estimators': 100}",5.354917130542747,3.021760790344593,0.6873235653693983,2.1096344960855746,1.574742761651435,1.204087495803833,striction
Forêt aleatoire,"{'max_depth': 20, 'max_features': 0.25, 'min_samples_leaf': 2, 'n_estimators': 100}",5.355882865867658,3.072068335864469,0.6872677321558799,3.294914870995497,1.4880248318123481,0.8400518894195557,striction
Forêt aleatoire,"{'max_depth': 20, 'max_features': 0.5, 'min_samples_leaf': 2, 'n_estimators': 100}",5.356136548765935,3.1075092946394998,0.687102975234172,3.1591750452478107,1.5266220458414326,1.041215419769287,striction
Forêt aleatoire,"{'max_depth': None, 'max_features': 0.75, 'min_samples_leaf': 1, 'n_estimators': 100}",5.366609040662126,3.0295941321281554,0.685899279233384,2.1119948149943557,1.5923071870816734,1.2869696617126465,striction
Forêt aleatoire,"{'max_depth': 20, 'max_features': 1.0, 'min_samples_leaf': 1, 'n_estimators': 100}",5.372960009129706,3.0123165826167653,0.6850541727224508,2.112462707281155,1.6057108307622434,1.2328150272369385,striction
Forêt aleatoire,"{'max_depth': 8, 'max_features': 0.25, 'min_samples_leaf': 1, 'n_estimators': 100}",5.388580671884339,3.1796497204544223,0.6836107239976739,2.730017111864968,1.5302252606281455,0.8370621204376221,striction
Forêt aleatoire,"{'max_depth': 12, 'max_features': 0.75, 'min_samples_leaf': 1, 'n_estimators': 100}",5.390815655623944,3.0411751319408085,0.6830536203308176,2.224205471923449,1.597113873409194,0.9553701877593994,striction
Forêt aleatoire,"{'max_depth': None, 'max_features': 1.0, 'min_samples_leaf': 1, 'n_estimators': 100}",5.404423603542396,3.014060892982603,0.6814378116480431,2.1054280762401225,1.606038819053843,1.2770187854766846,striction
Forêt aleatoire,"{'max_depth': 12, 'max_features': 1.0, 'min_samples_leaf': 1, 'n_estimators': 100}",5.429993185479898,3.0681231968204115,0.6788077973364766,2.2292308680141746,1.5672021217904195,1.0395269393920898,striction
Forêt aleatoire,"{'max_depth': 12, 'max_features': 0.5, 'min_samples_leaf': 2, 'n_estimators': 100}",5.439122872997999,3.132250064756227,0.677983603538831,3.202300838711404,1.4839441990814262,0.8595559597015381,striction
Forêt aleatoire,"{'max_depth': 8, 'max_features': 0.5, 'min_samples_leaf': 1, 'n_estimators': 100}",5.44734841564831,3.175973470790024,0.6763626216247276,2.68679718546847,1.5662965351978952,0.858168363571167,striction
Forêt aleatoire,"{'max_depth': 8, 'max_features': 0.25, 'min_samples_leaf': 2, 'n_estimators': 100}",5.45541891638535,3.2126210101321595,0.6760444410099649,3.5593869244657896,1.459233533237521,0.8474857807159424,striction
Forêt aleatoire,"{'max_depth': 8, 'max_features': 0.5, 'min_samples_leaf': 2, 'n_estimators': 100}",5.489090517289974,3.216392906587153,0.6722640688516236,3.43906067111437,1.4900772967035087,0.8900644779205322,striction
Forêt aleatoire,"{'max_depth': None, 'max_features': 0.75, 'min_samples_leaf': 2, 'n_estimators': 100}",5.5062858977091675,3.142917470340692,0.6700924768288269,3.116418469360937,1.5138208895683796,1.0746641159057617,striction
Forêt aleatoire,"{'max_depth': 20, 'max_features': 0.75, 'min_samples_leaf': 2, 'n_estimators': 100}",5.515603665655491,3.1331279212917833,0.668890383001729,3.1096641812886903,1.5081799123890498,1.059614658355713,striction
Forêt aleatoire,"{'max_depth': None, 'max_features': 1.0, 'min_samples_leaf': 2, 'n_estimators': 100}",5.525376575338816,3.1604749237916727,0.6678363761208559,3.0898674608187173,1.4981835459481665,1.1213698387145996,striction
Forêt aleatoire,"{'max_depth': 12, 'max_features': 1.0, 'min_samples_leaf': 2, 'n_estimators': 100}",5.531718880590697,3.1670213183454927,0.6672892534290054,3.132516071808337,1.4779887164569898,1.0226154327392578,striction
Forêt aleatoire,"{'max_depth': 20, 'max_features': 1.0, 'min_samples_leaf': 2, 'n_estimators': 100}",5.535269424955299,3.1661395315465217,0.6666517160053269,3.0952923270026376,1.5006957472730376,1.1552209854125977,striction
Forêt aleatoire,"{'max_depth': 20, 'max_features': 0.25, 'min_samples_leaf': 5, 'n_estimators': 100}",5.543020601140328,3.2802522248532036,0.6656116422951879,4.384717910782451,1.3770099677086534,1.072112798690796,striction
Forêt aleatoire,"{'max_depth': None, 'max_features': 0.25, 'min_samples_leaf': 5, 'n_estimators': 100}",5.543020601140329,3.2802522248532044,0.6656116422951879,4.384717910782451,1.3770099677086531,1.1735460758209229,striction
Forêt aleatoire,"{'max_depth': 12, 'max_features': 0.75, 'min_samples_leaf': 2, 'n_estimators': 100}",5.546908606511442,3.1781710682759816,0.6651853718492718,3.137344013809966,1.5076172740611533,0.9508166313171387,striction
Forêt aleatoire,"{'max_depth': None, 'max_features': 0.5, 'min_samples_leaf': 5, 'n_estimators': 100}",5.563442696742966,3.2608828214033885,0.6628344440904108,4.213272931394617,1.4024283965122901,1.1986689567565918,striction
Forêt aleatoire,"{'max_depth': 20, 'max_features': 0.5, 'min_samples_leaf': 5, 'n_estimators': 100}",5.565921766184681,3.2601638455190765,0.6625780279813256,4.212108144363455,1.4008009918209094,1.0913126468658447,striction
Forêt aleatoire,"{'max_depth': 12, 'max_features': 0.5, 'min_samples_leaf': 5, 'n_estimators': 100}",5.566840957686891,3.2742563036295698,0.662427026161682,4.207070182695004,1.3924821019190663,0.860938549041748,striction
Forêt aleatoire,"{'max_depth': 12, 'max_features': 0.25, 'min_samples_leaf': 5, 'n_estimators': 100}",5.5700215585559905,3.2845731661824713,0.662165493512074,4.387020934829077,1.36455820992879,0.8378818035125732,striction
Forêt aleatoire,"{'max_depth': 8, 'max_features': 0.25, 'min_samples_leaf': 5, 'n_estimators': 100}",5.575846267200475,3.302624757489311,0.6612740904539277,4.4614269610812425,1.396010078461461,0.8299655914306641,striction
Forêt aleatoire,"{'max_depth': 6, 'max_features': 0.25, 'min_samples_leaf': 2, 'n_estimators': 100}",5.5864310138927395,3.3513394397016065,0.6608365352843815,3.972881252637471,1.3993624219461152,1.0313024520874023,striction
Forêt aleatoire,"{'max_depth': 8, 'max_features': 0.5, 'min_samples_leaf': 5, 'n_estimators': 100}",5.587079125751396,3.324997662852001,0.660132957971685,4.275187969685029,1.3844588334859216,0.9561047554016113,striction
Forêt aleatoire,"{'max_depth': 6, 'max_features': 0.25, 'min_samples_leaf': 1, 'n_estimators': 100}",5.591344713057555,3.3722555497759927,0.6601240801761545,3.427347037744524,1.4461319098993999,1.0610992908477783,striction
Forêt aleatoire,"{'max_depth': 8, 'max_features': 1.0, 'min_samples_leaf': 1, 'n_estimators': 100}",5.595351794630186,3.219739750502393,0.6593260895111186,2.7077095653910206,1.553658086712579,0.9362187385559082,striction
Forêt aleatoire,"{'max_depth': 8, 'max_features': 0.75, 'min_samples_leaf': 1, 'n_estimators': 100}",5.602685931894817,3.237032707966359,0.6586385599688456,2.67993795543589,1.5326455243670754,0.9008183479309082,striction
Forêt aleatoire,"{'max_depth': 12, 'max_features': 0.75, 'min_samples_leaf': 5, 'n_estimators': 100}",5.626933689327804,3.2982201616727593,0.6555902026263082,4.1478436916115555,1.4214937472592735,1.0104148387908936,striction
Forêt aleatoire,"{'max_depth': 20, 'max_features': 0.75, 'min_samples_leaf': 5, 'n_estimators': 100}",5.631592496393817,3.2852330165488555,0.65492946040799,4.143915622361883,1.4179073950392498,1.0754806995391846,striction
Forêt aleatoire,"{'max_depth': None, 'max_features': 0.75, 'min_samples_leaf': 5, 'n_estimators': 100}",5.631592496393817,3.2852330165488546,0.65492946040799,4.143915622361883,1.41790739503925,1.078019380569458,striction
Forêt aleatoire,"{'max_depth': 8, 'max_features': 1.0, 'min_samples_leaf': 2, 'n_estimators': 100}",5.643877565978761,3.303684666578614,0.6536911225574242,3.396918993829255,1.4881987276274455,0.9547059535980225,striction
Forêt aleatoire,"{'max_depth': 6, 'max_features': 0.25, 'min_samples_leaf': 5, 'n_estimators': 100}",5.662712427023713,3.4219931707944666,0.6509979155202035,4.629416677720801,1.3772766944755888,1.0172080993652344,striction
Forêt aleatoire,"{'max_depth': 8, 'max_features': 0.75, 'min_samples_leaf': 2, 'n_estimators': 100}",5.665523540495924,3.293569206800767,0.6512590480072532,3.393957467654237,1.4521260214152,0.903416633605957,striction
Forêt aleatoire,"{'max_depth': 6, 'max_features': 0.5, 'min_samples_leaf': 5, 'n_estimators': 100}",5.666981765886531,3.3989699872403785,0.6504308813979387,4.458436579421495,1.3979090654009267,1.0987226963043213,striction
Forêt aleatoire,"{'max_depth': 6, 'max_features': 0.5, 'min_samples_leaf': 2, 'n_estimators': 100}",5.680813698689242,3.429319090014895,0.6490846332639529,3.8553254507024137,1.458510677746581,1.1240687370300293,striction
Forêt aleatoire,"{'max_depth': 8, 'max_features': 0.75, 'min_samples_leaf': 5, 'n_estimators': 100}",5.686618345771491,3.345061223633369,0.6481359526057389,4.229589892096218,1.4320974947659733,0.8581361770629883,striction
Forêt aleatoire,"{'max_depth': 12, 'max_features': 1.0, 'min_samples_leaf': 5, 'n_estimators': 100}",5.688131561902429,3.3003432961905714,0.6482131817766266,4.0905103655082,1.4197624283925214,0.9884123802185059,striction
Forêt aleatoire,"{'max_depth': None, 'max_features': 1.0, 'min_samples_leaf': 5, 'n_estimators': 100}",5.693834155060321,3.3035550982652095,0.647521472961814,4.086009459483885,1.4204010529350752,1.0600149631500244,striction
Forêt aleatoire,"{'max_depth': 20, 'max_features': 1.0, 'min_samples_leaf': 5, 'n_estimators': 100}",5.693834155060321,3.303555098265209,0.6475214729618142,4.086009459483885,1.4204010529350743,1.0618343353271484,striction
Forêt aleatoire,"{'max_depth': 6, 'max_features': 0.5, 'min_samples_leaf': 1, 'n_estimators': 100}",5.698637614468135,3.3875205388496754,0.6471242565941319,3.3156098839561876,1.4689666245082087,1.0600130558013916,striction
Forêt aleatoire,"{'max_depth': 8, 'max_features': 1.0, 'min_samples_leaf': 5, 'n_estimators': 100}",5.745750906849212,3.359791603745399,0.6412011927014685,4.166188380944769,1.4119512805061167,0.8983330726623535,striction
Forêt aleatoire,"{'max_depth': 6, 'max_features': 0.75, 'min_samples_leaf': 1, 'n_estimators': 100}",5.777316905460626,3.419388200255996,0.6374038786580323,3.3071447137603207,1.4599294295391716,1.0278983116149902,striction
Forêt aleatoire,"{'max_depth': 6, 'max_features': 0.75, 'min_samples_leaf': 5, 'n_estimators': 100}",5.7870105197114645,3.469893100145689,0.6358557097505094,4.429010912911984,1.3710662377630953,0.9177064895629883,striction
Forêt aleatoire,"{'max_depth': 6, 'max_features': 0.75, 'min_samples_leaf': 2, 'n_estimators': 100}",5.8133225662516175,3.463777519896624,0.6331422181406753,3.8533772403236752,1.3883651917542046,1.0239102840423584,striction
Forêt aleatoire,"{'max_depth': 6, 'max_features': 1.0, 'min_samples_leaf': 5, 'n_estimators': 100}",5.833820010941172,3.4783814559931323,0.6301783640548807,4.4101238981616175,1.3817041896235986,0.8782439231872559,striction
Forêt aleatoire,"{'max_depth': 20, 'max_features': 0.5, 'min_samples_leaf': 10, 'n_estimators': 100}",5.835975212631321,3.4975456961265237,0.6305095413279493,4.9895948267735974,1.2218137644728135,1.0767524242401123,striction
Forêt aleatoire,"{'max_depth': None, 'max_features': 0.5, 'min_samples_leaf': 10, 'n_estimators': 100}",5.835975212631322,3.4975456961265237,0.6305095413279493,4.9895948267735974,1.2218137644728138,1.295536756515503,striction
Forêt aleatoire,"{'max_depth': 12, 'max_features': 0.5, 'min_samples_leaf': 10, 'n_estimators': 100}",5.838868856958943,3.502992774757421,0.630135878557819,4.98965148257072,1.2193170191198857,0.8545956611633301,striction
Forêt aleatoire,"{'max_depth': 6, 'max_features': 1.0, 'min_samples_leaf': 1, 'n_estimators': 100}",5.843915077997437,3.4407708269035915,0.6292922936432769,3.3622961901666124,1.4169240209153322,0.9027068614959717,striction
Forêt aleatoire,"{'max_depth': 6, 'max_features': 0.5, 'min_samples_leaf': 10, 'n_estimators': 100}",5.874726499636063,3.5436633570456935,0.6256325725457581,5.046750476573467,1.2159616443841503,1.1229281425476074,striction
Forêt aleatoire,"{'max_depth': 6, 'max_features': 1.0, 'min_samples_leaf': 2, 'n_estimators': 100}",5.880027406391576,3.50787812076684,0.6247125545899513,3.8490803282160835,1.3914052612600762,0.885685920715332,striction
Forêt aleatoire,"{'max_depth': 8, 'max_features': 0.5, 'min_samples_leaf': 10, 'n_estimators': 100}",5.885934464051877,3.5427957497315594,0.6241659134584738,5.00435410293627,1.2409353963388083,0.8534677028656006,striction
Forêt aleatoire,"{'max_depth': None, 'max_features': 0.25, 'min_samples_leaf': 10, 'n_estimators': 100}",5.899683044278176,3.5655848286666214,0.6222479990134508,5.192031567176872,1.2049679993760878,1.028761386871338,striction
Forêt aleatoire,"{'max_depth': 20, 'max_features': 0.25, 'min_samples_leaf': 10, 'n_estimators': 100}",5.899683044278176,3.5655848286666214,0.6222479990134508,5.192031567176871,1.2049679993760876,1.043809413909912,striction
Forêt aleatoire,"{'max_depth': 8, 'max_features': 0.25, 'min_samples_leaf': 10, 'n_estimators': 100}",5.908412750337746,3.580884147307367,0.6210461833249243,5.1985931317426965,1.2059699392478573,0.8433859348297119,striction
Forêt aleatoire,"{'max_depth': 12, 'max_features': 0.25, 'min_samples_leaf': 10, 'n_estimators': 100}",5.90951899015907,3.569018319714226,0.6210609003934238,5.19544832271288,1.191980646419457,0.8278689384460449,striction
Forêt aleatoire,"{'max_depth': 12, 'max_features': 0.75, 'min_samples_leaf': 10, 'n_estimators': 100}",5.909994281811981,3.5022274026077818,0.6210566322623036,4.92373114470152,1.2162651100856143,0.9621095657348633,striction
Forêt aleatoire,"{'max_depth': 20, 'max_features': 0.75, 'min_samples_leaf': 10, 'n_estimators': 100}",5.910394650047998,3.505834735913337,0.6210219794744484,4.923869103492904,1.2188891805062294,1.0407228469848633,striction
Forêt aleatoire,"{'max_depth': None, 'max_features': 0.75, 'min_samples_leaf': 10, 'n_estimators': 100}",5.910394650047998,3.505834735913338,0.6210219794744484,4.923869103492905,1.21888918050623,1.0709304809570312,striction
Forêt aleatoire,"{'max_depth': 4, 'max_features': 0.25, 'min_samples_leaf': 5, 'n_estimators': 100}",5.9154688850667805,3.6743995414936954,0.6195027561999078,5.148867689080123,1.2383293498977441,1.0893032550811768,striction
Forêt aleatoire,"{'max_depth': 6, 'max_features': 0.75, 'min_samples_leaf': 10, 'n_estimators': 100}",5.92201895140831,3.5299232725432335,0.6195470853964732,4.982117303487489,1.2241503120367359,0.8753170967102051,striction
Forêt aleatoire,"{'max_depth': 8, 'max_features': 0.75, 'min_samples_leaf': 10, 'n_estimators': 100}",5.9244250984004525,3.5303367194462347,0.619185853280989,4.930198657494734,1.2331496775738722,0.8711702823638916,striction
Forêt aleatoire,"{'max_depth': 6, 'max_features': 0.25, 'min_samples_leaf': 10, 'n_estimators': 100}",5.928356520361699,3.6146596583474446,0.6186001567865677,5.249404639339448,1.1984416529774138,1.0312111377716064,striction
Forêt aleatoire,"{'max_depth': None, 'max_features': 1.0, 'min_samples_leaf': 10, 'n_estimators': 100}",5.945331246738212,3.5248349097165006,0.6166907385842475,4.901297213432219,1.2206402936682583,1.0320382118225098,striction
Forêt aleatoire,"{'max_depth': 20, 'max_features': 1.0, 'min_samples_leaf': 10, 'n_estimators': 100}",5.945331246738212,3.524834909716501,0.6166907385842474,4.90129721343222,1.220640293668258,1.087589979171753,striction
Forêt aleatoire,"{'max_depth': 12, 'max_features': 1.0, 'min_samples_leaf': 10, 'n_estimators': 100}",5.945619531534357,3.5249864311279935,0.6166554147855112,4.901199862698626,1.2205096422807418,0.9144196510314941,striction
Forêt aleatoire,"{'max_depth': 8, 'max_features': 1.0, 'min_samples_leaf': 10, 'n_estimators': 100}",5.953082762569917,3.5321123141507713,0.6157004543990675,4.911838486857555,1.2219721846607567,0.8756921291351318,striction
Forêt aleatoire,"{'max_depth': 4, 'max_features': 0.5, 'min_samples_leaf': 5, 'n_estimators': 100}",5.959939691503753,3.6985181863769965,0.6138722898228061,5.04856039967615,1.2644680673774504,1.1369762420654297,striction
Forêt aleatoire,"{'max_depth': 4, 'max_features': 0.25, 'min_samples_leaf': 2, 'n_estimators': 100}",5.9608234876505115,3.7412246704353693,0.6142417228296588,4.838521105811997,1.202666923887748,1.0597741603851318,striction
Forêt aleatoire,"{'max_depth': 6, 'max_features': 1.0, 'min_samples_leaf': 10, 'n_estimators': 100}",5.978621592627206,3.567936233358753,0.6124024894396201,4.96031612325025,1.2150561334852992,0.9060330390930176,striction
Forêt aleatoire,"{'max_depth': 4, 'max_features': 0.5, 'min_samples_leaf': 10, 'n_estimators': 100}",6.004467886619482,3.693475670887665,0.6087122281837806,5.320463621872798,1.179183558298554,1.02964448928833,striction
Forêt aleatoire,"{'max_depth': 4, 'max_features': 0.5, 'min_samples_leaf': 2, 'n_estimators': 100}",6.0335221881103465,3.777867216723608,0.6050672817460643,4.713244746708855,1.2571578064248359,1.1246633529663086,striction
Forêt aleatoire,"{'max_depth': 4, 'max_features': 0.25, 'min_samples_leaf': 1, 'n_estimators': 100}",6.041172130070301,3.7825886401643016,0.603944496565438,4.556653978895051,1.2024837641952368,1.1038954257965088,striction
Forêt aleatoire,"{'max_depth': 4, 'max_features': 0.75, 'min_samples_leaf': 10, 'n_estimators': 100}",6.059346972512342,3.7035263195706123,0.6017491948318913,5.269432261846825,1.1466370481487511,1.0450336933135986,striction
Forêt aleatoire,"{'max_depth': 4, 'max_features': 0.5, 'min_samples_leaf': 1, 'n_estimators': 100}",6.068267950639401,3.7582797552631675,0.6005159203372549,4.388502339627384,1.2404286860647855,1.0897059440612793,striction
Forêt aleatoire,"{'max_depth': 4, 'max_features': 0.75, 'min_samples_leaf': 5, 'n_estimators': 100}",6.070784078815296,3.7487303469677373,0.599881552426396,5.035640547827369,1.2296850978757334,1.0300960540771484,striction
Forêt aleatoire,"{'max_depth': 4, 'max_features': 0.25, 'min_samples_leaf': 10, 'n_estimators': 100}",6.0816515399786315,3.7739026938199367,0.5983067888167268,5.460327906355687,1.1288579065899964,1.0627155303955078,striction
Forêt aleatoire,"{'max_depth': 4, 'max_features': 1.0, 'min_samples_leaf': 5, 'n_estimators': 100}",6.149992431172838,3.7682230968475494,0.5894422232835475,5.046943260061734,1.2309698986779332,1.0645606517791748,striction
Forêt aleatoire,"{'max_depth': 4, 'max_features': 1.0, 'min_samples_leaf': 10, 'n_estimators': 100}",6.156318827519209,3.75516430106712,0.5888523274730757,5.288394803072239,1.126593041163735,1.0746324062347412,striction
Forêt aleatoire,"{'max_depth': 4, 'max_features': 0.75, 'min_samples_leaf': 2, 'n_estimators': 100}",6.191331419145977,3.825051298907603,0.5841614715130747,4.712334453213115,1.205468287533164,1.1386585235595703,striction
Forêt aleatoire,"{'max_depth': 4, 'max_features': 0.75, 'min_samples_leaf': 1, 'n_estimators': 100}",6.2242987851672185,3.8107874571496665,0.579699025551825,4.408953459042139,1.224127535244728,1.0727195739746094,striction
Forêt aleatoire,"{'max_depth': 4, 'max_features': 1.0, 'min_samples_leaf': 2, 'n_estimators': 100}",6.245868188506705,3.842845804687432,0.5767492119968791,4.767180439418349,1.1675888947855206,1.0624463558197021,striction
Forêt aleatoire,"{'max_depth': 4, 'max_features': 1.0, 'min_samples_leaf': 1, 'n_estimators': 100}",6.291599584764333,3.8368109708606624,0.5702257361975246,4.475989258763767,1.151749852729484,1.090390920639038,striction
Boosting classique,"{'learning_rate': 0.05, 'max_depth': 3, 'min_samples_leaf': 5, 'n_estimators': 500, 'subsample': 0.8}",0.08296867215859206,0.06256241449121638,0.5847734559817762,0.031630584105834955,0.009045102362058896,3.093515396118164,score y3
Boosting classique,"{'learning_rate': 0.1, 'max_depth': 3, 'min_samples_leaf': 5, 'n_estimators': 500, 'subsample': 0.8}",0.08327996324049783,0.06324703664547969,0.5823437894135125,0.022259878592723638,0.008464453757714615,2.5391030311584473,score y3
Boosting classique,"{'learning_rate': 0.1, 'max_depth': 3, 'min_samples_leaf': 5, 'n_estimators': 200, 'subsample': 0.8}",0.08376743518719956,0.06309394087713285,0.578448329389252,0.03637860382167031,0.009155957542263778,1.0995309352874756,score y3
Boosting classique,"{'learning_rate': 0.05, 'max_depth': 3, 'min_samples_leaf': 5, 'n_estimators': 500, 'subsample': 1.0}",0.08381477874444644,0.0640536065564995,0.5801499349023989,0.033118731048901284,0.010192892614426253,3.4477462768554688,score y3
Boosting classique,"{'learning_rate': 0.1, 'max_depth': 3, 'min_samples_leaf': 5, 'n_estimators': 200, 'subsample': 1.0}",0.08382210394398767,0.06359908110721758,0.580337695437055,0.036862634839646156,0.01062501011346138,1.220435380935669,score y3
Boosting classique,"{'learning_rate': 0.1, 'max_depth': 2, 'min_samples_leaf': 5, 'n_estimators': 500, 'subsample': 0.8}",0.0840077277906502,0.06358368655050707,0.5760600455749488,0.0363636550733501,0.010053959884788457,2.083484649658203,score y3
Boosting classique,"{'learning_rate': 0.1, 'max_depth': 2, 'min_samples_leaf': 5, 'n_estimators': 500, 'subsample': 1.0}",0.08417483236357674,0.06390091568992025,0.57731162872533,0.037340784512989826,0.009896247218383917,2.0858237743377686,score y3
Boosting classique,"{'learning_rate': 0.1, 'max_depth': 3, 'min_samples_leaf': 5, 'n_estimators': 500, 'subsample': 1.0}",0.08446520878977262,0.06318114393543406,0.574010619307799,0.022160167310889135,0.008425186571114468,2.6288275718688965,score y3
Boosting classique,"{'learning_rate': 0.05, 'max_depth': 2, 'min_samples_leaf': 5, 'n_estimators': 500, 'subsample': 0.8}",0.08481710186256405,0.06496803918719038,0.5691152201852236,0.04794381712325942,0.010283697208079597,2.7993674278259277,score y3
Boosting classique,"{'learning_rate': 0.05, 'max_depth': 3, 'min_samples_leaf': 5, 'n_estimators': 200, 'subsample': 0.8}",0.08486481040886071,0.06480460007125603,0.567817834729673,0.04925178572512328,0.009315052753679186,1.451157569885254,score y3
Boosting classique,"{'learning_rate': 0.05, 'max_depth': 2, 'min_samples_leaf': 5, 'n_estimators': 500, 'subsample': 1.0}",0.08506327309850864,0.0647586435915499,0.5667288505281991,0.050426059857034064,0.011590653643123384,2.560002088546753,score y3
Boosting classique,"{'learning_rate': 0.1, 'max_depth': 2, 'min_samples_leaf': 5, 'n_estimators': 200, 'subsample': 0.8}",0.08514509566671746,0.06516723942950467,0.5652861472207207,0.052231655165453826,0.010461870595919147,0.8707668781280518,score y3
Boosting classique,"{'learning_rate': 0.1, 'max_depth': 2, 'min_samples_leaf': 5, 'n_estimators': 200, 'subsample': 1.0}",0.0855694413105743,0.0654320314193283,0.5627135630039973,0.05413165585386739,0.011100894631314459,0.8876471519470215,score y3
Boosting classique,"{'learning_rate': 0.05, 'max_depth': 3, 'min_samples_leaf': 5, 'n_estimators': 200, 'subsample': 1.0}",0.08557705742621037,0.06551423471001758,0.5626404447146698,0.050990202309724286,0.010266448348587415,1.432100772857666,score y3
Boosting classique,"{'learning_rate': 0.05, 'max_depth': 2, 'min_samples_leaf': 5, 'n_estimators': 200, 'subsample': 0.8}",0.08827570536792365,0.06829794208757725,0.5346992695955572,0.06503289831331602,0.010104892480356127,1.1108307838439941,score y3
Boosting classique,"{'learning_rate': 0.05, 'max_depth': 2, 'min_samples_leaf': 5, 'n_estimators': 200, 'subsample': 1.0}",0.08973820309283545,0.06919157388628806,0.5203971159020229,0.06907928055031781,0.010168346322083206,1.1405322551727295,score y3
Boosting histogramme,"{'l2_regularization': 0.0, 'learning_rate': 0.1, 'max_iter': 500, 'max_leaf_nodes': 15, 'min_samples_leaf': 5}",0.08011819939932698,0.060698191430710625,0.6121401794499518,0.008715166314965935,0.00783875173919131,2.7235097885131836,score y3
Boosting histogramme,"{'l2_regularization': 0.0, 'learning_rate': 0.1, 'max_iter': 200, 'max_leaf_nodes': 15, 'min_samples_leaf': 5}",0.08028511397906166,0.06117086406087513,0.6110869567133894,0.01528991335223597,0.007746552763406406,1.2023568153381348,score y3
Boosting histogramme,"{'l2_regularization': 1.0, 'learning_rate': 0.1, 'max_iter': 500, 'max_leaf_nodes': 15, 'min_samples_leaf': 5}",0.08174359637320158,0.06114916221964868,0.5961533389277275,0.009302645943287708,0.008616425599026926,3.564321279525757,score y3
Boosting histogramme,"{'l2_regularization': 1.0, 'learning_rate': 0.1, 'max_iter': 200, 'max_leaf_nodes': 15, 'min_samples_leaf': 5}",0.08216267228602869,0.0617377404557954,0.5925819846103437,0.01658646999063852,0.00870780047087603,1.287759780883789,score y3
Boosting histogramme,"{'l2_regularization': 1.0, 'learning_rate': 0.3, 'max_iter': 200, 'max_leaf_nodes': 15, 'min_samples_leaf': 5}",0.08318272298398535,0.06304960301159111,0.5820046055036114,0.00840051293753786,0.006999314658260052,1.4454259872436523,score y3
Boosting histogramme,"{'l2_regularization': 1.0, 'learning_rate': 0.3, 'max_iter': 500, 'max_leaf_nodes': 15, 'min_samples_leaf': 5}",0.08318326198673331,0.06290928158804096,0.582044019380947,0.007600483354372559,0.006983234895516175,3.591834545135498,score y3
Boosting histogramme,"{'l2_regularization': 0.0, 'learning_rate': 0.1, 'max_iter': 200, 'max_leaf_nodes': 7, 'min_samples_leaf': 5}",0.08329676626533467,0.06310136706845797,0.5829953665547484,0.031147661007493638,0.009803834213280837,0.7697453498840332,score y3
Boosting histogramme,"{'l2_regularization': 1.0, 'learning_rate': 0.1, 'max_iter': 200, 'max_leaf_nodes': 7, 'min_samples_leaf': 5}",0.08343261637580097,0.062201908413770414,0.5807646781828738,0.03372472948148389,0.01001538755434194,0.9007399082183838,score y3
Boosting histogramme,"{'l2_regularization': 1.0, 'learning_rate': 0.1, 'max_iter': 500, 'max_leaf_nodes': 7, 'min_samples_leaf': 5}",0.0836668808546063,0.06231829415252854,0.577165352449504,0.01900914662799149,0.009354217932492222,2.432263135910034,score y3
Boosting histogramme,"{'l2_regularization': 0.0, 'learning_rate': 0.1, 'max_iter': 500, 'max_leaf_nodes': 7, 'min_samples_leaf': 5}",0.083711057591167,0.06287434883742951,0.5770975841953438,0.017065454812965158,0.009483065524380179,1.6202359199523926,score y3
Boosting histogramme,"{'l2_regularization': 0.0, 'learning_rate': 0.3, 'max_iter': 500, 'max_leaf_nodes': 15, 'min_samples_leaf': 5}",0.0851962571354064,0.06430747087885015,0.5590702532465712,0.007596200707124902,0.009350981447289122,2.744276523590088,score y3
Boosting histogramme,"{'l2_regularization': 0.0, 'learning_rate': 0.3, 'max_iter': 200, 'max_leaf_nodes': 15, 'min_samples_leaf': 5}",0.08526272055154477,0.06441009973772906,0.5585610278055784,0.00803324591278161,0.009253971433414167,1.170353889465332,score y3
Boosting histogramme,"{'l2_regularization': 1.0, 'learning_rate': 0.3, 'max_iter': 200, 'max_leaf_nodes': 7, 'min_samples_leaf': 5}",0.08568963824594573,0.06420959517249533,0.5560694863964463,0.01636528936197157,0.00982554669460949,0.9233522415161133,score y3
Boosting histogramme,"{'l2_regularization': 1.0, 'learning_rate': 0.3, 'max_iter': 500, 'max_leaf_nodes': 7, 'min_samples_leaf': 5}",0.0864412009718845,0.06429419674835886,0.5480023271599914,0.009083452756325652,0.010020602978517817,1.887688398361206,score y3
Boosting histogramme,"{'l2_regularization': 0.0, 'learning_rate': 0.3, 'max_iter': 500, 'max_leaf_nodes': 7, 'min_samples_leaf': 5}",0.08666933499052194,0.06450681625295798,0.5473496617736029,0.00839350534238171,0.011672179948540399,1.7060813903808594,score y3
Boosting histogramme,"{'l2_regularization': 0.0, 'learning_rate': 0.3, 'max_iter': 200, 'max_leaf_nodes': 7, 'min_samples_leaf': 5}",0.08708177170991822,0.06535880827424428,0.5440041255665621,0.014461342590508153,0.011507662412232137,0.7984023094177246,score y3
