row_id,groupe,partition,WeldID,UTS_MPa,Elongation_pct,score_compromis,C,Si,Mn,S,P,Ni,Cr,Mo,V,Cu,Co,W,O_ppm,Ti_ppm,N_ppm,Al_ppm,B_ppm,Nb_ppm,Sn_ppm,As_ppm,Sb_ppm,Current_A,Voltage_V,AC_DC,Electrode_pol,HeatInput_kJmm,InterpassT_C,WeldType,PWHT_T_C,PWHT_time_h
0,11,developpement,Evans-Ni/CMn-1990/1991-0Aaw,466.0,31.9,0.17746707999021039,0.037,0.3,0.65,0.008,0.012,0.0,,,,,,,,,,,,,,,,170.0,21.0,DC,+,1.0,200.0,MMA,250.0,14.0
2,11,developpement,Evans-Ni/CMn-1990/1991-0Aht,456.0,35.2,0.12168907481735784,0.037,0.3,0.65,0.008,0.012,0.0,,,,,,,,,,,,,,,,170.0,21.0,DC,+,1.0,200.0,MMA,580.0,2.0
3,14,developpement,Evans-Ni/CMn-1990/1991-0Baw,498.0,31.2,0.32270198782126114,0.037,0.31,1.03,0.007,0.014,0.0,,,,,,,,,,,,,,,,170.0,21.0,DC,+,1.0,200.0,MMA,250.0,14.0
5,14,developpement,Evans-Ni/CMn-1990/1991-0Bht,490.0,31.0,0.25641869262119765,0.037,0.31,1.03,0.007,0.014,0.0,,,,,,,,,,,,,,,,170.0,21.0,DC,+,1.0,200.0,MMA,580.0,2.0
6,49,test,Evans-Ni/CMn-1990/1991-0Caw,551.0,29.4,0.5175228449252567,0.044,0.35,1.43,0.007,0.014,0.0,,,,,,,,,,,,,,,,170.0,21.0,DC,+,1.0,200.0,MMA,250.0,14.0
8,49,test,Evans-Ni/CMn-1990/1991-0Cht,529.0,31.6,0.4592613304483432,0.044,0.35,1.43,0.007,0.014,0.0,,,,,,,,,,,,,,,,170.0,21.0,DC,+,1.0,200.0,MMA,580.0,2.0
9,56,test,Evans-Ni/CMn-1990/1991-0Daw,588.0,28.0,0.584104603318232,0.045,0.33,1.85,0.007,0.016,0.0,,,,,,,,,,,,,,,,170.0,21.0,DC,+,1.0,200.0,MMA,250.0,14.0
11,56,test,Evans-Ni/CMn-1990/1991-0Dht,576.0,27.4,0.5306817633069858,0.045,0.33,1.85,0.007,0.016,0.0,,,,,,,,,,,,,,,,170.0,21.0,DC,+,1.0,200.0,MMA,580.0,2.0
12,22,developpement,Evans-Ni/CMn-1990/1991-0.5Aaw,484.0,32.6,0.2460334609792761,0.039,0.32,0.66,0.006,0.011,0.53,,,,,,,,,,,,,,,,170.0,21.0,DC,+,1.0,200.0,MMA,250.0,14.0
13,22,developpement,Evans-Ni/CMn-1990/1991-0.5Aht,475.0,34.2,0.20556427991526963,0.039,0.32,0.66,0.006,0.011,0.53,,,,,,,,,,,,,,,,170.0,21.0,DC,+,1.0,200.0,MMA,580.0,2.0
14,30,test,Evans-Ni/CMn-1990/1991-0.5Baw,522.0,29.6,0.3858068741911905,0.041,0.33,1.01,0.006,0.011,0.49,,,,,,,,,,,,,,,,170.0,21.0,DC,+,1.0,200.0,MMA,250.0,14.0
16,30,test,Evans-Ni/CMn-1990/1991-0.5Bht,506.0,31.6,0.3704581545183368,0.041,0.33,1.01,0.006,0.011,0.49,,,,,,,,,,,,,,,,170.0,21.0,DC,+,1.0,200.0,MMA,580.0,2.0
17,105,developpement,Evans-Ni/CMn-1990/1991-0.5Caw,568.0,28.6,0.5477488161950553,0.051,0.32,1.4,0.007,0.014,0.47,,,,,,,,,,,,,,,,170.0,21.0,DC,+,1.0,200.0,MMA,250.0,14.0
18,105,developpement,Evans-Ni/CMn-1990/1991-0.5Cht,536.0,28.2,0.4112232250123634,0.051,0.32,1.4,0.007,0.014,0.47,,,,,,,,,,,,,,,,170.0,21.0,DC,+,1.0,200.0,MMA,580.0,2.0
19,83,developpement,Evans-Ni/CMn-1990/1991-0.5Daw,618.0,26.0,0.547588957457224,0.049,0.33,1.85,0.006,0.014,0.51,,,,,,,,,,,,,,,,170.0,21.0,DC,+,1.0,200.0,MMA,250.0,14.0
21,83,developpement,Evans-Ni/CMn-1990/1991-0.5Dht,612.0,26.8,0.5733577584412176,0.049,0.33,1.85,0.006,0.014,0.51,,,,,,,,,,,,,,,,170.0,21.0,DC,+,1.0,200.0,MMA,580.0,2.0
22,19,developpement,Evans-Ni/CMn-1990/1991-1Aaw,497.0,30.6,0.30198650342861055,0.038,0.31,0.63,0.007,0.012,1.09,,,,,,,,,,,,,,,,170.0,21.0,DC,+,1.0,200.0,MMA,250.0,14.0
24,19,developpement,Evans-Ni/CMn-1990/1991-1Aht,493.0,33.6,0.29933193844793776,0.038,0.31,0.63,0.007,0.012,1.09,,,,,,,,,,,,,,,,170.0,21.0,DC,+,1.0,200.0,MMA,580.0,2.0
25,43,developpement,Evans-Ni/CMn-1990/1991-1Baw,541.0,29.6,0.478124397183262,0.043,0.33,1.0,0.006,0.013,1.1,,,,,,,,,,,,,,,,170.0,21.0,DC,+,1.0,200.0,MMA,250.0,14.0
27,43,developpement,Evans-Ni/CMn-1990/1991-1Bht,521.0,31.8,0.4219463272393143,0.043,0.33,1.0,0.006,0.013,1.1,,,,,,,,,,,,,,,,170.0,21.0,DC,+,1.0,200.0,MMA,580.0,2.0
28,86,test,Evans-Ni/CMn-1990/1991-1Caw,569.0,28.4,0.5483658426085376,0.049,0.35,1.37,0.007,0.013,1.06,,,,,,,,,,,,,,,,170.0,21.0,DC,+,1.0,200.0,MMA,250.0,14.0
30,86,test,Evans-Ni/CMn-1990/1991-1Cht,557.0,30.2,0.5602745963284571,0.049,0.35,1.37,0.007,0.013,1.06,,,,,,,,,,,,,,,,170.0,21.0,DC,+,1.0,200.0,MMA,580.0,2.0
31,113,developpement,Evans-Ni/CMn-1990/1991-1Daw,641.0,26.4,0.5902948514176988,0.053,0.35,1.83,0.007,0.012,1.06,,,,,,,,,,,,,,,,170.0,21.0,DC,+,1.0,200.0,MMA,250.0,14.0
33,113,developpement,Evans-Ni/CMn-1990/1991-1Dht,612.0,26.0,0.5411168973745215,0.053,0.35,1.83,0.007,0.012,1.06,,,,,,,,,,,,,,,,170.0,21.0,DC,+,1.0,200.0,MMA,580.0,2.0
34,27,developpement,Evans-Ni/CMn-1990/1991-2.25Aaw,538.0,30.6,0.47828216739857204,0.041,0.3,0.62,0.007,0.01,2.38,,,,,,,,,,,,,,,,170.0,21.0,DC,+,1.0,200.0,MMA,250.0,14.0
36,27,developpement,Evans-Ni/CMn-1990/1991-2.25Aht,518.0,32.2,0.4136825513717757,0.041,0.3,0.62,0.007,0.01,2.38,,,,,,,,,,,,,,,,170.0,21.0,DC,+,1.0,200.0,MMA,580.0,2.0
37,46,developpement,Evans-Ni/CMn-1990/1991-2.25Baw,567.0,30.6,0.6064983405481614,0.044,0.31,0.96,0.006,0.013,2.38,,,,,,,,,,,,,,,,170.0,21.0,DC,+,1.0,200.0,MMA,250.0,14.0
39,46,developpement,Evans-Ni/CMn-1990/1991-2.25Bht,561.0,29.1,0.5399353528669961,0.044,0.31,0.96,0.006,0.013,2.38,,,,,,,,,,,,,,,,170.0,21.0,DC,+,1.0,200.0,MMA,580.0,2.0
40,82,test,Evans-Ni/CMn-1990/1991-2.25Caw,635.0,23.6,0.4657492202403713,0.049,0.32,1.41,0.007,0.014,2.32,,,,,,,,,,,,,,,,170.0,21.0,DC,+,1.0,200.0,MMA,250.0,14.0
42,82,test,Evans-Ni/CMn-1990/1991-2.25Cht,615.0,26.6,0.5686737054916994,0.049,0.32,1.41,0.007,0.014,2.32,,,,,,,,,,,,,,,,170.0,21.0,DC,+,1.0,200.0,MMA,580.0,2.0
43,64,developpement,Evans-Ni/CMn-1990/1991-2.25Daw,684.0,23.5,0.4968751819822634,0.046,0.32,1.81,0.007,0.015,2.33,,,,,,,,,,,,,,,,170.0,21.0,DC,+,1.0,200.0,MMA,250.0,14.0
45,64,developpement,Evans-Ni/CMn-1990/1991-2.25Dht,665.0,26.4,0.6107765592102166,0.046,0.32,1.81,0.007,0.015,2.33,,,,,,,,,,,,,,,,170.0,21.0,DC,+,1.0,200.0,MMA,580.0,2.0
46,13,developpement,Evans-Ni/CMn-1990/1991-3.5Aaw,561.0,30.4,0.5779559830592202,0.037,0.3,0.65,0.009,0.011,3.5,,,,,,,,,,,,,,,,170.0,21.0,DC,+,1.0,200.0,MMA,250.0,14.0
48,13,developpement,Evans-Ni/CMn-1990/1991-3.5Aht,560.0,31.4,0.6067044681607331,0.037,0.3,0.65,0.009,0.011,3.5,,,,,,,,,,,,,,,,170.0,21.0,DC,+,1.0,200.0,MMA,580.0,2.0
49,28,developpement,Evans-Ni/CMn-1990/1991-3.5Baw,605.0,27.6,0.5984230290845796,0.041,0.31,0.98,0.008,0.012,3.46,,,,,,,,,,,,,,,,170.0,21.0,DC,+,1.0,200.0,MMA,250.0,14.0
51,28,developpement,Evans-Ni/CMn-1990/1991-3.5Bht,599.0,28.4,0.6252169762259427,0.041,0.31,0.98,0.008,0.012,3.46,,,,,,,,,,,,,,,,170.0,21.0,DC,+,1.0,200.0,MMA,580.0,2.0
52,77,test,Evans-Ni/CMn-1990/1991-3.5Caw,682.0,25.4,0.5811100325241111,0.048,0.33,1.4,0.007,0.013,3.47,,,,,,,,,,,,,,,,170.0,21.0,DC,+,1.0,200.0,MMA,250.0,14.0
54,77,test,Evans-Ni/CMn-1990/1991-3.5Cht,677.0,26.6,0.6310920975735758,0.048,0.33,1.4,0.007,0.013,3.47,,,,,,,,,,,,,,,,170.0,21.0,DC,+,1.0,200.0,MMA,580.0,2.0
55,109,test,Evans-Ni/CMn-1990/1991-3.5Daw,753.0,22.2,0.4945753193403922,0.051,0.36,1.79,0.007,0.013,3.42,,,,,,,,,,,,,,,,170.0,21.0,DC,+,1.0,200.0,MMA,250.0,14.0
57,109,test,Evans-Ni/CMn-1990/1991-3.5Dht,745.0,24.0,0.5583459923333439,0.051,0.36,1.79,0.007,0.013,3.42,,,,,,,,,,,,,,,,170.0,21.0,DC,+,1.0,200.0,MMA,580.0,2.0
58,308,developpement,Es-Souni&-Cu/CMn-1990--aw***WELDINGPROCEDURE***EvansWeldingJVol59No3(1980)67,560.0,26.0,0.44252095963272187,0.074,0.36,1.51,0.008,0.011,,,,,0.02,,,400.0,40.0,,,,,,,,170.0,21.0,DC,+,1.0,150.0,MMA,0.0,0.0
59,308,developpement,Es-Souni&-Cu/CMn-1990--ht,563.0,31.2,0.6066178332226703,0.074,0.36,1.51,0.008,0.011,,,,,0.02,,,400.0,40.0,,,,,,,,170.0,21.0,DC,+,1.0,150.0,MMA,580.0,2.0
60,327,developpement,Es-Souni&-Cu/CMn-1990-0.2aw,578.0,27.6,0.5479314056721917,0.075,0.36,1.48,0.007,0.006,,,,,0.11,,,390.0,40.0,,,,,,,,170.0,21.0,DC,+,1.0,150.0,MMA,0.0,0.0
61,327,developpement,Es-Souni&-Cu/CMn-1990-0.2ht,548.0,29.8,0.5142075292506139,0.075,0.36,1.48,0.007,0.006,,,,,0.11,,,390.0,40.0,,,,,,,,170.0,21.0,DC,+,1.0,150.0,MMA,580.0,2.0
62,299,test,Es-Souni&-Cu/CMn-1990-0.4aw,566.0,28.2,0.5355323280654603,0.074,0.32,1.42,0.008,0.007,,,,,0.19,,,380.0,40.0,,,,,,,,170.0,21.0,DC,+,1.0,150.0,MMA,0.0,0.0
63,299,test,Es-Souni&-Cu/CMn-1990-0.4ht,549.0,31.2,0.5555472479305066,0.074,0.32,1.42,0.008,0.007,,,,,0.19,,,380.0,40.0,,,,,,,,170.0,21.0,DC,+,1.0,150.0,MMA,580.0,2.0
64,347,developpement,Es-Souni&-Cu/CMn-1990-0.8aw,586.0,27.6,0.5636835401904389,0.076,0.33,1.48,0.007,0.006,,,,,0.35,,,400.0,40.0,,,,,,,,170.0,21.0,DC,+,1.0,150.0,MMA,0.0,0.0
65,347,developpement,Es-Souni&-Cu/CMn-1990-0.8ht,572.0,28.2,0.555414478615345,0.076,0.33,1.48,0.007,0.006,,,,,0.35,,,400.0,40.0,,,,,,,,170.0,21.0,DC,+,1.0,150.0,MMA,580.0,2.0
66,208,test,Es-Souni&-Cu/CMn-1990-1.6aw,593.0,28.6,0.6107777543644974,0.068,0.32,1.49,0.006,0.006,,,,,0.66,,,390.0,40.0,,,,,,,,170.0,21.0,DC,+,1.0,150.0,MMA,0.0,0.0
67,208,test,Es-Souni&-Cu/CMn-1990-1.6ht,607.0,28.6,0.6373408262674541,0.068,0.32,1.49,0.006,0.006,,,,,0.66,,,390.0,40.0,,,,,,,,170.0,21.0,DC,+,1.0,150.0,MMA,580.0,2.0
68,351,developpement,Es-Souni&-Cu/CMn-1990-3.2aw,647.0,27.4,0.6338481617551425,0.076,0.36,1.49,0.006,0.006,,,,,1.4,,,410.0,40.0,,,,,,,,170.0,21.0,DC,+,1.0,150.0,MMA,0.0,0.0
69,351,developpement,Es-Souni&-Cu/CMn-1990-3.2ht,673.0,24.2,0.5256222436669428,0.076,0.36,1.49,0.006,0.006,,,,,1.4,,,410.0,40.0,,,,,,,,170.0,21.0,DC,+,1.0,150.0,MMA,580.0,2.0
70,297,developpement,Evans-AlTi-1994-5/6ht,527.0,29.6,0.41083566413512257,0.074,0.29,1.49,0.006,0.013,,,,,,,,471.0,5.0,72.0,6.0,,,,,,170.0,21.0,DC,+,1.0,200.0,MMA,250.0,14.0
74,423,developpement,Evans-AlTi-1994-5/60ht,542.0,27.6,0.4296368604419377,0.081,0.29,1.43,0.006,0.013,,,,,,,,461.0,5.0,54.0,60.0,,,,,,170.0,21.0,DC,+,1.0,200.0,MMA,250.0,14.0
78,349,test,Evans-AlTi-1994-5/150ht,527.0,24.6,0.29393648040671794,0.076,0.34,1.36,0.005,0.011,,,,,,,,476.0,5.0,57.0,150.0,,,,,,170.0,21.0,DC,+,1.0,200.0,MMA,250.0,14.0
82,398,developpement,Evans-AlTi-1994-5/250ht,538.0,25.2,0.34469915290451925,0.079,0.39,1.37,0.005,0.011,,,,,,,,446.0,5.0,47.0,250.0,,,,,,170.0,21.0,DC,+,1.0,200.0,MMA,250.0,14.0
86,392,developpement,Evans-AlTi-1994-5/420ht,545.0,24.4,0.35014705091767995,0.078,0.44,1.4,0.004,0.011,,,,,,,,436.0,5.0,44.0,420.0,,,,,,170.0,21.0,DC,+,1.0,200.0,MMA,250.0,14.0
90,426,developpement,Evans-AlTi-1994-5/660ht,551.0,26.2,0.42452376533772074,0.081,0.48,1.42,0.004,0.006,,,,,,,,444.0,4.0,46.0,660.0,,,,,,170.0,21.0,DC,+,1.0,200.0,MMA,250.0,14.0
94,218,test,Evans-AlTi-1994-40/5ht,529.0,32.6,0.474077258717472,0.069,0.3,1.36,0.007,0.009,,,,,,,,432.0,37.0,68.0,5.0,,,,,,170.0,21.0,DC,+,1.0,200.0,MMA,250.0,14.0
98,417,developpement,Evans-AlTi-1994-40/78ht,540.0,31.2,0.5057223611904785,0.08,0.33,1.41,0.006,0.009,,,,,,,,432.0,43.0,55.0,78.0,,,,,,170.0,21.0,DC,+,1.0,200.0,MMA,250.0,14.0
102,353,developpement,Evans-AlTi-1994-40/190ht,549.0,31.4,0.5618395283343441,0.076,0.37,1.36,0.005,0.009,,,,,,,,422.0,36.0,53.0,190.0,,,,,,170.0,21.0,DC,+,1.0,200.0,MMA,250.0,14.0
106,391,developpement,Evans-AlTi-1994-40/340ht,564.0,28.2,0.5268362022975335,0.078,0.44,1.31,0.005,0.008,,,,,,,,431.0,36.0,50.0,340.0,,,,,,170.0,21.0,DC,+,1.0,200.0,MMA,250.0,14.0
110,356,test,Evans-AlTi-1994-40/490ht,560.0,25.2,0.420126390227456,0.076,0.51,1.3,0.005,0.008,,,,,,,,423.0,43.0,48.0,490.0,,,,,,170.0,21.0,DC,+,1.0,200.0,MMA,250.0,14.0
114,400,developpement,Evans-AlTi-1994-40/610ht,570.0,29.2,0.5774523054706042,0.079,0.57,1.32,0.004,0.008,,,,,,,,422.0,38.0,52.0,610.0,,,,,,170.0,21.0,DC,+,1.0,200.0,MMA,250.0,14.0
118,300,test,Evans-AlTi-1994-80/8ht,547.0,29.4,0.5023899181739344,0.074,0.32,1.5,0.006,0.006,,,,,,,,375.0,99.0,89.0,8.0,,,,,,170.0,21.0,DC,+,1.0,200.0,MMA,250.0,14.0
121,294,developpement,Evans-AlTi-1994-80/47ht,514.0,32.2,0.39931416525289276,0.074,0.27,1.41,0.007,0.006,,,,,,,,407.0,88.0,70.0,47.0,,,,,,170.0,21.0,DC,+,1.0,200.0,MMA,250.0,14.0
124,253,developpement,Evans-AlTi-1994-80/160ht,545.0,30.6,0.5220810250659768,0.071,0.39,1.36,0.005,0.009,,,,,,,,381.0,92.0,52.0,160.0,,,,,,170.0,21.0,DC,+,1.0,200.0,MMA,250.0,14.0
127,222,developpement,Evans-AlTi-1994-80/280ht,540.0,28.0,0.4284418101812328,0.069,0.45,1.36,0.005,0.008,,,,,,,,374.0,63.0,44.0,280.0,,,,,,170.0,21.0,DC,+,1.0,200.0,MMA,250.0,14.0
130,224,developpement,Evans-AlTi-1994-80/480ht,533.0,27.2,0.3746356842758015,0.069,0.51,1.39,0.004,0.008,,,,,,,,379.0,69.0,41.0,480.0,,,,,,170.0,21.0,DC,+,1.0,200.0,MMA,250.0,14.0
133,268,developpement,Evans-AlTi-1994-80/640ht,555.0,26.6,0.44591997835688063,0.072,0.57,1.4,0.004,0.008,,,,,,,,360.0,80.0,38.0,640.0,,,,,,170.0,21.0,DC,+,1.0,200.0,MMA,250.0,14.0
136,425,developpement,Evans-AlTi-1994-220/3,555.0,26.6,0.44591997835688063,0.081,0.34,1.54,0.007,0.008,,,,,,,,312.0,180.0,80.0,3.0,,,,,,170.0,21.0,DC,+,1.0,200.0,MMA,250.0,14.0
140,260,test,Evans-AlTi-1994-220/47,535.0,30.7,0.4623771068897058,0.072,0.24,1.32,0.006,0.008,,,,,,,,397.0,180.0,68.0,47.0,,,,,,170.0,21.0,DC,+,1.0,200.0,MMA,250.0,14.0
144,263,developpement,Evans-AlTi-1994-220/150,522.0,29.2,0.37652616417879636,0.072,0.34,1.33,0.006,0.008,,,,,,,,427.0,190.0,57.0,150.0,,,,,,170.0,21.0,DC,+,1.0,200.0,MMA,250.0,14.0
148,310,test,Evans-AlTi-1994-220/320,570.0,23.6,0.3872703901993343,0.074,0.41,1.36,0.005,0.005,,,,,,,,418.0,260.0,49.0,320.0,,,,,,170.0,21.0,DC,+,1.0,200.0,MMA,250.0,14.0
152,194,developpement,Evans-AlTi-1994-220/440,580.0,24.0,0.42422080156894265,0.066,0.46,1.41,0.004,0.009,,,,,,,,407.0,240.0,49.0,440.0,,,,,,170.0,21.0,DC,+,1.0,200.0,MMA,250.0,14.0
156,193,developpement,Evans-AlTi-1994-220/680,591.0,23.8,0.42620660376371083,0.066,0.44,1.33,0.004,0.008,,,,,,,,454.0,240.0,49.0,680.0,,,,,,170.0,21.0,DC,+,1.0,200.0,MMA,250.0,14.0
160,221,developpement,Evans-AlTi-1994-450/1,594.0,26.0,0.5188664575847703,0.069,0.43,1.49,0.004,0.005,,,,,,,,294.0,460.0,77.0,1.0,,,,,,170.0,21.0,DC,+,1.0,200.0,MMA,250.0,14.0
164,251,developpement,Evans-AlTi-1994-450/67,583.0,22.0,0.3632886392866575,0.071,0.36,1.44,0.007,0.005,,,,,,,,373.0,460.0,94.0,67.0,,,,,,170.0,21.0,DC,+,1.0,200.0,MMA,250.0,14.0
168,256,test,Evans-AlTi-1994-450/150,587.0,25.2,0.4817445856682503,0.071,0.42,1.39,0.007,0.005,,,,,,,,446.0,420.0,65.0,150.0,,,,,,170.0,21.0,DC,+,1.0,200.0,MMA,250.0,14.0
172,257,test,Evans-AlTi-1994-450/300,604.0,23.2,0.4354840297891773,0.071,0.52,1.44,0.005,0.005,,,,,,,,466.0,460.0,67.0,300.0,,,,,,170.0,21.0,DC,+,1.0,200.0,MMA,250.0,14.0
176,227,test,Evans-AlTi-1994-450/420,622.0,26.0,0.5553087321984022,0.069,0.54,1.41,0.005,0.005,,,,,,,,439.0,460.0,58.0,420.0,,,,,,170.0,21.0,DC,+,1.0,200.0,MMA,250.0,14.0
180,203,test,Evans-AlTi-1994-450/500,616.0,22.6,0.41576944459943677,0.067,0.57,1.4,0.005,0.005,,,,,,,,451.0,450.0,60.0,500.0,,,,,,170.0,21.0,DC,+,1.0,200.0,MMA,250.0,14.0
184,469,developpement,Evans-B/9Cr1Mo-1994-CM57,697.0,18.8,0.2848580716042926,0.09,0.18,0.98,0.008,0.012,,8.9,1.0,0.22,,,,642.0,,460.0,,3.0,520.0,,,,180.0,34.0,DC,+,1.0,175.0,MMA,750.0,8.0
188,433,developpement,Evans-B/9Cr1Mo-1994-CM58,723.0,17.1,0.22134586892127156,0.088,0.17,1.03,0.007,0.013,,9.1,1.01,0.23,,,,604.0,,460.0,,17.0,530.0,,,,180.0,34.0,DC,+,1.0,175.0,MMA,750.0,8.0
192,476,developpement,Evans-B/9Cr1Mo-1994-CM59,778.0,16.8,0.17507271845270256,0.091,0.2,1.04,0.007,0.013,,9.02,1.01,0.24,,,,591.0,,480.0,,32.0,620.0,,,,180.0,34.0,DC,+,1.0,175.0,MMA,750.0,8.0
196,441,developpement,Evans-B/9Cr1Mo-1994-CM60,777.0,15.7,0.09723215203817076,0.089,0.22,1.05,0.007,0.013,,9.0,1.04,0.23,,,,592.0,,460.0,,64.0,700.0,,,,180.0,34.0,DC,+,1.0,175.0,MMA,750.0,8.0
200,482,developpement,Evans-B/9Cr1Mo-1994-CM61,705.0,20.8,0.38756177402994235,0.094,0.17,1.0,0.008,0.012,,8.99,1.03,0.21,,,,636.0,,160.0,,3.0,520.0,,,,180.0,34.0,DC,+,1.0,175.0,MMA,750.0,8.0
204,430,developpement,Evans-B/9Cr1Mo-1994-CM62,709.0,17.4,0.2266413720671487,0.086,0.2,1.01,0.007,0.012,,8.9,1.01,0.21,,,,596.0,,160.0,,19.0,510.0,,,,180.0,34.0,DC,+,1.0,175.0,MMA,750.0,8.0
208,431,developpement,Evans-B/9Cr1Mo-1994-CM63,743.0,16.9,0.18353717915378187,0.086,0.2,1.04,0.008,0.013,,8.98,1.01,0.22,,,,567.0,,160.0,,36.0,560.0,,,,180.0,34.0,DC,+,1.0,175.0,MMA,750.0,8.0
212,434,developpement,Evans-B/9Cr1Mo-1994-CM64,753.0,16.8,0.17330247359787807,0.088,0.24,1.06,0.007,0.013,,9.08,1.0,0.23,,,,538.0,,155.0,,69.0,560.0,,,,180.0,34.0,DC,+,1.0,175.0,MMA,750.0,8.0
216,12,developpement,Evans-Cr/CMn-1989-0A-aw,466.0,31.9,0.17746707999021039,0.037,0.3,0.65,0.008,0.012,,0.0,,,,,,,,,,,,,,,170.0,21.0,DC,+,1.0,200.0,MMA,250.0,14.0
217,12,developpement,Evans-Cr/CMn-1989-0A-ht,456.0,35.2,0.12168907481735784,0.037,0.3,0.65,0.008,0.012,,0.0,,,,,,,,,,,,,,,170.0,21.0,DC,+,1.0,200.0,MMA,580.0,2.0
219,15,developpement,Evans-Cr/CMn-1989-0B-aw,498.0,31.2,0.32270198782126114,0.037,0.31,1.03,0.007,0.014,,0.0,,,,,,,,,,,,,,,170.0,21.0,DC,+,1.0,200.0,MMA,250.0,14.0
220,15,developpement,Evans-Cr/CMn-1989-0B-ht,490.0,31.0,0.25641869262119765,0.037,0.31,1.03,0.007,0.014,,0.0,,,,,,,,,,,,,,,170.0,21.0,DC,+,1.0,200.0,MMA,580.0,2.0
222,50,developpement,Evans-Cr/CMn-1989-0C-aw,551.0,29.4,0.5175228449252567,0.044,0.35,1.43,0.007,0.014,,0.0,,,,,,,,,,,,,,,170.0,21.0,DC,+,1.0,200.0,MMA,250.0,14.0
223,50,developpement,Evans-Cr/CMn-1989-0C-ht,529.0,31.6,0.4592613304483432,0.044,0.35,1.43,0.007,0.014,,0.0,,,,,,,,,,,,,,,170.0,21.0,DC,+,1.0,200.0,MMA,580.0,2.0
225,57,developpement,Evans-Cr/CMn-1989-0D-aw,588.0,28.0,0.584104603318232,0.045,0.33,1.85,0.007,0.016,,0.0,,,,,,,,,,,,,,,170.0,21.0,DC,+,1.0,200.0,MMA,250.0,14.0
226,57,developpement,Evans-Cr/CMn-1989-0D-ht,576.0,27.4,0.5306817633069858,0.045,0.33,1.85,0.007,0.016,,0.0,,,,,,,,,,,,,,,170.0,21.0,DC,+,1.0,200.0,MMA,580.0,2.0
228,17,developpement,Evans-Cr/CMn-1989-0.25A-aw,496.0,30.4,0.28617336085700346,0.038,0.3,0.65,0.007,0.014,,0.22,,,,,,,,,,,,,,,170.0,21.0,DC,+,1.0,200.0,MMA,250.0,14.0
229,17,developpement,Evans-Cr/CMn-1989-0.25A-ht,496.0,31.0,0.2946026487011697,0.038,0.3,0.65,0.007,0.014,,0.22,,,,,,,,,,,,,,,170.0,21.0,DC,+,1.0,200.0,MMA,580.0,2.0
230,29,test,Evans-Cr/CMn-1989-0.25B-aw,532.0,30.0,0.43372276609087607,0.041,0.32,1.01,0.008,0.013,,0.24,,,,,,,,,,,,,,,170.0,21.0,DC,+,1.0,200.0,MMA,250.0,14.0
231,29,test,Evans-Cr/CMn-1989-0.25B-ht,519.0,29.8,0.3800488838743176,0.041,0.32,1.01,0.008,0.013,,0.24,,,,,,,,,,,,,,,170.0,21.0,DC,+,1.0,200.0,MMA,580.0,2.0
233,48,developpement,Evans-Cr/CMn-1989-0.25C-aw,575.0,28.0,0.5517139278577933,0.044,0.32,1.45,0.007,0.013,,0.24,,,,,,,,,,,,,,,170.0,21.0,DC,+,1.0,200.0,MMA,250.0,14.0
234,48,developpement,Evans-Cr/CMn-1989-0.25C-ht,559.0,28.0,0.5040279201015536,0.044,0.32,1.45,0.007,0.013,,0.24,,,,,,,,,,,,,,,170.0,21.0,DC,+,1.0,200.0,MMA,580.0,2.0
235,78,test,Evans-Cr/CMn-1989-0.25D-aw,622.0,26.0,0.5553087321984022,0.048,0.33,1.85,0.007,0.013,,0.26,,,,,,,,,,,,,,,170.0,21.0,DC,+,1.0,200.0,MMA,250.0,14.0
236,78,test,Evans-Cr/CMn-1989-0.25D-ht,620.0,27.0,0.5915573313605454,0.048,0.33,1.85,0.007,0.013,,0.26,,,,,,,,,,,,,,,170.0,21.0,DC,+,1.0,200.0,MMA,580.0,2.0
238,24,test,Evans-Cr/CMn-1989-0.5A-aw,510.0,32.2,0.38818901905930975,0.04,0.33,0.6,0.006,0.01,,0.51,,,,,,,,,,,,,,,170.0,21.0,DC,+,1.0,200.0,MMA,250.0,14.0
239,24,test,Evans-Cr/CMn-1989-0.5A-ht,496.0,29.0,0.26551008543697546,0.04,0.33,0.6,0.006,0.01,,0.51,,,,,,,,,,,,,,,170.0,21.0,DC,+,1.0,200.0,MMA,580.0,2.0
241,42,developpement,Evans-Cr/CMn-1989-0.5B-aw,545.0,29.6,0.4980745328649403,0.043,0.31,0.95,0.007,0.01,,0.53,,,,,,,,,,,,,,,170.0,21.0,DC,+,1.0,200.0,MMA,250.0,14.0
242,42,developpement,Evans-Cr/CMn-1989-0.5B-ht,536.0,28.8,0.41931598596585395,0.043,0.31,0.95,0.007,0.01,,0.53,,,,,,,,,,,,,,,170.0,21.0,DC,+,1.0,200.0,MMA,580.0,2.0
244,72,test,Evans-Cr/CMn-1989-0.5C-aw,603.0,28.2,0.6267312393006953,0.047,0.33,1.42,0.006,0.01,,0.53,,,,,,,,,,,,,,,170.0,21.0,DC,+,1.0,200.0,MMA,250.0,14.0
245,72,test,Evans-Cr/CMn-1989-0.5C-ht,600.0,25.8,0.522286993207946,0.047,0.33,1.42,0.006,0.01,,0.53,,,,,,,,,,,,,,,170.0,21.0,DC,+,1.0,200.0,MMA,580.0,2.0
247,107,developpement,Evans-Cr/CMn-1989-0.5D-aw,674.0,23.0,0.47642254699692477,0.051,0.33,1.83,0.006,0.013,,0.52,,,,,,,,,,,,,,,170.0,21.0,DC,+,1.0,200.0,MMA,250.0,14.0
248,107,developpement,Evans-Cr/CMn-1989-0.5D-ht,650.0,24.0,0.4986826178027574,0.051,0.33,1.83,0.006,0.013,,0.52,,,,,,,,,,,,,,,170.0,21.0,DC,+,1.0,200.0,MMA,580.0,2.0
250,26,developpement,Evans-Cr/CMn-1989-1.0A-aw,531.0,25.8,0.32921353850118695,0.041,0.3,0.59,0.009,0.011,,1.0,,,,,,,,,,,,,,,170.0,21.0,DC,+,1.0,200.0,MMA,250.0,14.0
251,26,developpement,Evans-Cr/CMn-1989-1.0A-ht,514.0,29.2,0.3472353784399922,0.041,0.3,0.59,0.009,0.011,,1.0,,,,,,,,,,,,,,,170.0,21.0,DC,+,1.0,200.0,MMA,580.0,2.0
253,55,test,Evans-Cr/CMn-1989-1.0B-aw,592.0,24.6,0.4629634150750107,0.045,0.32,0.97,0.007,0.012,,1.04,,,,,,,,,,,,,,,170.0,21.0,DC,+,1.0,200.0,MMA,250.0,14.0
254,55,test,Evans-Cr/CMn-1989-1.0B-ht,568.0,26.2,0.472212448517626,0.045,0.32,0.97,0.007,0.012,,1.04,,,,,,,,,,,,,,,170.0,21.0,DC,+,1.0,200.0,MMA,580.0,2.0
256,76,test,Evans-Cr/CMn-1989-1.0C-aw,676.0,24.4,0.533070223864175,0.048,0.33,1.37,0.008,0.013,,1.08,,,,,,,,,,,,,,,170.0,21.0,DC,+,1.0,200.0,MMA,250.0,14.0
257,76,test,Evans-Cr/CMn-1989-1.0C-ht,630.0,26.0,0.5623356038636298,0.048,0.33,1.37,0.008,0.013,,1.08,,,,,,,,,,,,,,,170.0,21.0,DC,+,1.0,200.0,MMA,580.0,2.0
259,111,developpement,Evans-Cr/CMn-1989-1.0D-aw,723.0,21.6,0.43212048376761836,0.052,0.33,1.81,0.007,0.013,,1.1,,,,,,,,,,,,,,,170.0,21.0,DC,+,1.0,200.0,MMA,250.0,14.0
260,111,developpement,Evans-Cr/CMn-1989-1.0D-ht,671.0,22.8,0.4613636678474945,0.052,0.33,1.81,0.007,0.013,,1.1,,,,,,,,,,,,,,,170.0,21.0,DC,+,1.0,200.0,MMA,580.0,2.0
262,25,developpement,Evans-Cr/CMn-1989-2.3A-aw,652.0,21.4,0.39284525271170706,0.041,0.27,0.59,0.009,0.011,,2.34,,,,,,,,,,,,,,,170.0,21.0,DC,+,1.0,200.0,MMA,250.0,14.0
263,25,developpement,Evans-Cr/CMn-1989-2.3A-ht,619.0,22.0,0.398336663249232,0.041,0.27,0.59,0.009,0.011,,2.34,,,,,,,,,,,,,,,170.0,21.0,DC,+,1.0,200.0,MMA,580.0,2.0
265,60,test,Evans-Cr/CMn-1989-2.3B-aw,722.0,19.6,0.32767106670134505,0.046,0.3,0.93,0.008,0.012,,2.38,,,,,,,,,,,,,,,170.0,21.0,DC,+,1.0,200.0,MMA,250.0,14.0
266,60,test,Evans-Cr/CMn-1989-2.3B-ht,683.0,19.8,0.3178701631335228,0.046,0.3,0.93,0.008,0.012,,2.38,,,,,,,,,,,,,,,170.0,21.0,DC,+,1.0,200.0,MMA,580.0,2.0
268,98,developpement,Evans-Cr/CMn-1989-2.3C-aw,789.0,20.0,0.3726461498456567,0.05,0.31,1.29,0.008,0.011,,2.32,,,,,,,,,,,,,,,170.0,21.0,DC,+,1.0,200.0,MMA,250.0,14.0
269,98,developpement,Evans-Cr/CMn-1989-2.3C-ht,731.0,18.6,0.2898707731113412,0.05,0.31,1.29,0.008,0.011,,2.32,,,,,,,,,,,,,,,170.0,21.0,DC,+,1.0,200.0,MMA,580.0,2.0
271,116,developpement,Evans-Cr/CMn-1989-2.3D-aw,865.0,18.2,0.28911674838182316,0.054,0.33,1.72,0.007,0.014,,2.36,,,,,,,,,,,,,,,170.0,21.0,DC,+,1.0,200.0,MMA,250.0,14.0
272,116,developpement,Evans-Cr/CMn-1989-2.3D-ht,757.0,19.6,0.3362880720843593,0.054,0.33,1.72,0.007,0.014,,2.36,,,,,,,,,,,,,,,170.0,21.0,DC,+,1.0,200.0,MMA,580.0,2.0
274,217,developpement,Evans-Al/CMn-1990-<5aw,529.0,32.6,0.474077258717472,0.069,0.3,1.36,0.007,0.009,,,,0.00025,,,,432.0,37.0,67.0,2.5,2.5,2.5,,,,170.0,21.0,DC,+,1.0,200.0,MMA,250.0,14.0
278,217,developpement,Evans-Al/CMn-1990-<5ht,500.0,31.8,0.34561667645568095,0.069,0.3,1.36,0.007,0.009,,,,0.00025,,,,432.0,37.0,67.0,2.5,2.5,2.5,,,,170.0,21.0,DC,+,1.0,200.0,MMA,580.0,2.0
281,277,developpement,Evans-Al/CMn-1990-20aw,536.0,33.4,0.5104183274845429,0.073,0.33,1.39,0.007,0.008,,,,0.00025,,,,427.0,39.0,66.0,20.0,2.5,2.5,,,,170.0,21.0,DC,+,1.0,200.0,MMA,250.0,14.0
284,277,developpement,Evans-Al/CMn-1990-20ht,493.0,32.5,0.2924213636283266,0.073,0.33,1.39,0.007,0.008,,,,0.00025,,,,427.0,39.0,66.0,20.0,2.5,2.5,,,,170.0,21.0,DC,+,1.0,200.0,MMA,580.0,2.0
286,385,developpement,Evans-Al/CMn-1990-44aw,541.0,30.4,0.4946644401945749,0.078,0.32,1.39,0.007,0.009,,,,0.00025,,,,436.0,42.0,66.0,44.0,2.5,2.5,,,,170.0,21.0,DC,+,1.0,200.0,MMA,250.0,14.0
289,385,developpement,Evans-Al/CMn-1990-44ht,499.0,32.8,0.35040378590729926,0.078,0.32,1.39,0.007,0.009,,,,0.00025,,,,436.0,42.0,66.0,44.0,2.5,2.5,,,,170.0,21.0,DC,+,1.0,200.0,MMA,580.0,2.0
292,416,developpement,Evans-Al/CMn-1990-78aw,540.0,31.2,0.5057223611904785,0.08,0.33,1.41,0.006,0.009,,,,0.00025,,,,432.0,43.0,61.0,78.0,2.5,2.5,,,,170.0,21.0,DC,+,1.0,200.0,MMA,250.0,14.0
296,416,developpement,Evans-Al/CMn-1990-78ht,504.0,31.8,0.3632695823992531,0.08,0.33,1.41,0.006,0.009,,,,0.00025,,,,432.0,43.0,61.0,78.0,2.5,2.5,,,,170.0,21.0,DC,+,1.0,200.0,MMA,580.0,2.0
299,419,developpement,Evans-Al/CMn-1990-120aw,543.0,29.0,0.46907540788368984,0.08,0.37,1.42,0.006,0.009,,,,0.00025,,,,439.0,43.0,54.0,120.0,2.5,2.5,,,,170.0,21.0,DC,+,1.0,200.0,MMA,250.0,14.0
302,419,developpement,Evans-Al/CMn-1990-120ht,518.0,31.0,0.39258028433623937,0.08,0.37,1.42,0.006,0.009,,,,0.00025,,,,439.0,43.0,54.0,120.0,2.5,2.5,,,,170.0,21.0,DC,+,1.0,200.0,MMA,580.0,2.0
305,352,developpement,Evans-Al/CMn-1990-190aw,549.0,31.4,0.5618395283343441,0.076,0.37,1.36,0.005,0.009,,,,0.00025,,,,422.0,36.0,54.0,190.0,2.5,2.5,,,,170.0,21.0,DC,+,1.0,200.0,MMA,250.0,14.0
309,352,developpement,Evans-Al/CMn-1990-190ht,519.0,29.1,0.3646728405752364,0.076,0.37,1.36,0.005,0.009,,,,0.00025,,,,422.0,36.0,54.0,190.0,2.5,2.5,,,,170.0,21.0,DC,+,1.0,200.0,MMA,580.0,2.0
312,390,developpement,Evans-Al/CMn-1990-340aw,564.0,28.2,0.5268362022975335,0.078,0.44,1.31,0.005,0.008,,,,0.00025,,,,431.0,36.0,52.0,340.0,2.5,2.5,,,,170.0,21.0,DC,+,1.0,200.0,MMA,250.0,14.0
316,390,developpement,Evans-Al/CMn-1990-340ht,528.0,31.0,0.441159399695473,0.078,0.44,1.31,0.005,0.008,,,,0.00025,,,,431.0,36.0,52.0,340.0,2.5,2.5,,,,170.0,21.0,DC,+,1.0,200.0,MMA,580.0,2.0
319,355,developpement,Evans-Al/CMn-1990-490aw,560.0,25.2,0.420126390227456,0.076,0.51,1.3,0.005,0.008,,,,0.00025,,,,423.0,43.0,50.0,490.0,2.5,2.5,,,,170.0,21.0,DC,+,1.0,200.0,MMA,250.0,14.0
323,355,developpement,Evans-Al/CMn-1990-490ht,528.0,29.0,0.39759408281248354,0.076,0.51,1.3,0.005,0.008,,,,0.00025,,,,423.0,43.0,50.0,490.0,2.5,2.5,,,,170.0,21.0,DC,+,1.0,200.0,MMA,580.0,2.0
326,399,developpement,Evans-Al/CMn-1990-610aw,570.0,29.2,0.5774523054706042,0.079,0.57,1.32,0.004,0.008,,,,0.00025,,,,422.0,38.0,48.0,610.0,2.5,2.5,,,,170.0,21.0,DC,+,1.0,200.0,MMA,250.0,14.0
330,399,developpement,Evans-Al/CMn-1990-610ht,550.0,29.4,0.5135604679568384,0.079,0.57,1.32,0.004,0.008,,,,0.00025,,,,422.0,38.0,48.0,610.0,2.5,2.5,,,,170.0,21.0,DC,+,1.0,200.0,MMA,580.0,2.0
333,286,developpement,Evans-V/Mn-1991-A3aw,494.0,33.3,0.3064352915227373,0.073,0.35,0.64,0.005,0.004,,,,0.0003,,,,428.0,38.0,77.0,2.5,2.5,2.5,,,,170.0,21.0,DC,+,1.0,200.0,MMA,250.0,14.0
335,286,developpement,Evans-V/Mn-1991-A3ht,447.0,36.4,0.036037376310151165,0.073,0.35,0.64,0.005,0.004,,,,0.0003,,,,428.0,38.0,77.0,2.5,2.5,2.5,,,,170.0,21.0,DC,+,1.0,200.0,MMA,580.0,2.0
336,249,developpement,Evans-V/Mn-1991-A210aw,513.0,29.2,0.34339840565516666,0.071,0.36,0.63,0.007,0.006,,,,0.021,,,,435.0,43.0,78.0,2.5,2.5,5.0,,,,170.0,21.0,DC,+,1.0,200.0,MMA,250.0,14.0
338,249,developpement,Evans-V/Mn-1991-A210ht,481.0,30.8,0.21358136064003155,0.071,0.36,0.63,0.007,0.006,,,,0.021,,,,435.0,43.0,78.0,2.5,2.5,5.0,,,,170.0,21.0,DC,+,1.0,200.0,MMA,580.0,2.0
339,254,developpement,Evans-V/Mn-1991-A435aw,546.0,28.2,0.469594237576969,0.071,0.4,0.64,0.008,0.006,,,,0.0435,,,,411.0,36.0,88.0,2.5,2.5,5.0,,,,170.0,21.0,DC,+,1.0,200.0,MMA,250.0,14.0
342,307,developpement,Evans-V/Mn-1991-A600aw,548.0,25.6,0.3931871269608476,0.074,0.36,0.63,0.008,0.005,,,,0.06,,,,432.0,31.0,75.0,2.5,2.5,5.0,,,,170.0,21.0,DC,+,1.0,200.0,MMA,250.0,14.0
344,307,developpement,Evans-V/Mn-1991-A600ht,547.0,25.6,0.39108263123982545,0.074,0.36,0.63,0.008,0.005,,,,0.06,,,,432.0,31.0,75.0,2.5,2.5,5.0,,,,170.0,21.0,DC,+,1.0,200.0,MMA,580.0,2.0
345,265,test,Evans-V/Mn-1991-A815aw,563.0,25.2,0.42482418504372055,0.072,0.36,0.64,0.008,0.006,,,,0.0815,,,,436.0,34.0,84.0,2.5,2.5,5.0,,,,170.0,21.0,DC,+,1.0,200.0,MMA,250.0,14.0
347,265,test,Evans-V/Mn-1991-A815ht,576.0,25.2,0.4592468713527557,0.072,0.36,0.64,0.008,0.006,,,,0.0815,,,,436.0,34.0,84.0,2.5,2.5,5.0,,,,170.0,21.0,DC,+,1.0,200.0,MMA,580.0,2.0
348,372,developpement,Evans-V/Mn-1991-B4aw,522.0,31.1,0.41371533697165846,0.077,0.35,1.02,0.007,0.005,,,,0.0004,,,,399.0,41.0,75.0,2.5,2.5,5.0,,,,170.0,21.0,DC,+,1.0,200.0,MMA,250.0,14.0
350,372,developpement,Evans-V/Mn-1991-B4ht,461.0,33.3,0.15668342663011794,0.077,0.35,1.02,0.007,0.005,,,,0.0004,,,,399.0,41.0,75.0,2.5,2.5,5.0,,,,170.0,21.0,DC,+,1.0,200.0,MMA,580.0,2.0
351,348,developpement,Evans-V/Mn-1991-B215aw,534.0,25.0,0.3228225844407868,0.076,0.34,1.01,0.007,0.007,,,,0.0215,,,,426.0,37.0,75.0,2.5,2.5,5.0,,,,170.0,21.0,DC,+,1.0,200.0,MMA,250.0,14.0
353,348,developpement,Evans-V/Mn-1991-B215ht,515.0,29.8,0.3610024574034117,0.076,0.34,1.01,0.007,0.007,,,,0.0215,,,,426.0,37.0,75.0,2.5,2.5,5.0,,,,170.0,21.0,DC,+,1.0,200.0,MMA,580.0,2.0
354,383,developpement,Evans-V/Mn-1991-B440aw,570.0,24.8,0.4262152225298391,0.078,0.31,1.04,0.007,0.006,,,,0.044,,,,429.0,32.0,48.0,2.5,2.5,5.0,,,,170.0,21.0,DC,+,1.0,200.0,MMA,250.0,14.0
356,383,developpement,Evans-V/Mn-1991-B440ht,554.0,27.2,0.4612933818690418,0.078,0.31,1.04,0.007,0.006,,,,0.044,,,,429.0,32.0,48.0,2.5,2.5,5.0,,,,170.0,21.0,DC,+,1.0,200.0,MMA,580.0,2.0
357,346,developpement,Evans-V/Mn-1991-B610aw,576.0,25.6,0.468231140064668,0.076,0.33,1.04,0.007,0.006,,,,0.061,,,,429.0,31.0,70.0,2.5,2.5,5.0,,,,170.0,21.0,DC,+,1.0,200.0,MMA,250.0,14.0
359,346,developpement,Evans-V/Mn-1991-B610ht,569.0,27.0,0.499369895349133,0.076,0.33,1.04,0.007,0.006,,,,0.061,,,,429.0,31.0,70.0,2.5,2.5,5.0,,,,170.0,21.0,DC,+,1.0,200.0,MMA,580.0,2.0
360,368,test,Evans-V/Mn-1991-B850aw,592.0,25.2,0.48883345511229337,0.077,0.32,1.05,0.008,0.006,,,,0.085,,,,400.0,34.0,72.0,2.5,2.5,5.0,,,,170.0,21.0,DC,+,1.0,200.0,MMA,250.0,14.0
362,368,test,Evans-V/Mn-1991-B850ht,609.0,25.4,0.5165905202449184,0.077,0.32,1.05,0.008,0.006,,,,0.085,,,,400.0,34.0,72.0,2.5,2.5,5.0,,,,170.0,21.0,DC,+,1.0,200.0,MMA,580.0,2.0
363,366,developpement,Evans-V/Mn-1991-C4aw,541.0,27.1,0.41183295813669946,0.077,0.31,1.33,0.007,0.005,,,,0.0004,,,,419.0,38.0,80.0,2.5,2.5,6.0,,,,170.0,21.0,DC,+,1.0,200.0,MMA,250.0,14.0
365,366,developpement,Evans-V/Mn-1991-C4ht,497.0,31.4,0.31429740256501415,0.077,0.31,1.33,0.007,0.005,,,,0.0004,,,,419.0,38.0,80.0,2.5,2.5,6.0,,,,170.0,21.0,DC,+,1.0,200.0,MMA,580.0,2.0
366,262,developpement,Evans-V/Mn-1991-C190aw,545.0,29.6,0.4980745328649403,0.072,0.33,1.22,0.008,0.006,,,,0.019,,,,447.0,29.0,85.0,2.5,2.5,5.0,,,,170.0,21.0,DC,+,1.0,200.0,MMA,250.0,14.0
368,262,developpement,Evans-V/Mn-1991-C190ht,533.0,28.4,0.4050864050660054,0.072,0.33,1.22,0.008,0.006,,,,0.019,,,,447.0,29.0,85.0,2.5,2.5,5.0,,,,170.0,21.0,DC,+,1.0,200.0,MMA,580.0,2.0
369,358,developpement,Evans-V/Mn-1991-C425aw,590.0,24.4,0.4503448671887043,0.077,0.26,1.36,0.007,0.007,,,,0.0425,,,,410.0,29.0,79.0,2.5,2.5,5.0,,,,170.0,21.0,DC,+,1.0,200.0,MMA,250.0,14.0
371,358,developpement,Evans-V/Mn-1991-C425ht,594.0,26.0,0.5188664575847703,0.077,0.26,1.36,0.007,0.007,,,,0.0425,,,,410.0,29.0,79.0,2.5,2.5,5.0,,,,170.0,21.0,DC,+,1.0,200.0,MMA,580.0,2.0
372,381,test,Evans-V/Mn-1991-C595aw,589.0,22.6,0.38868750550182607,0.078,0.3,1.35,0.007,0.007,,,,0.0595,,,,405.0,30.0,76.0,2.5,2.5,5.0,,,,170.0,21.0,DC,+,1.0,200.0,MMA,250.0,14.0
374,381,test,Evans-V/Mn-1991-C595ht,600.0,26.0,0.5333751979927145,0.078,0.3,1.35,0.007,0.007,,,,0.0595,,,,405.0,30.0,76.0,2.5,2.5,5.0,,,,170.0,21.0,DC,+,1.0,200.0,MMA,580.0,2.0
375,335,developpement,Evans-V/Mn-1991-C1005aw,638.0,20.8,0.35168786345083203,0.076,0.26,1.36,0.007,0.006,,,,0.1005,,,,407.0,29.0,83.0,2.5,2.5,5.0,,,,170.0,21.0,DC,+,1.0,200.0,MMA,250.0,14.0
377,335,developpement,Evans-V/Mn-1991-C1005ht,642.0,22.6,0.4385341149306904,0.076,0.26,1.36,0.007,0.006,,,,0.1005,,,,407.0,29.0,83.0,2.5,2.5,5.0,,,,170.0,21.0,DC,+,1.0,200.0,MMA,580.0,2.0
378,342,developpement,Evans-V/Mn-1991-D4aw,571.0,28.8,0.5648681022553865,0.076,0.29,1.74,0.008,0.006,,,,0.0004,,,,415.0,35.0,92.0,2.5,2.5,6.0,,,,170.0,21.0,DC,+,1.0,200.0,MMA,250.0,14.0
380,342,developpement,Evans-V/Mn-1991-D4ht,518.0,29.2,0.35972983124359476,0.076,0.29,1.74,0.008,0.006,,,,0.0004,,,,415.0,35.0,92.0,2.5,2.5,6.0,,,,170.0,21.0,DC,+,1.0,200.0,MMA,580.0,2.0
381,360,developpement,Evans-V/Mn-1991-D235aw,607.0,23.2,0.43738125059071364,0.077,0.26,1.73,0.007,0.008,,,,0.0235,,,,423.0,27.0,72.0,2.5,2.5,5.0,,,,170.0,21.0,DC,+,1.0,200.0,MMA,250.0,14.0
383,360,developpement,Evans-V/Mn-1991-D235ht,602.0,25.6,0.5181506431296736,0.077,0.26,1.73,0.007,0.008,,,,0.0235,,,,423.0,27.0,72.0,2.5,2.5,5.0,,,,170.0,21.0,DC,+,1.0,200.0,MMA,580.0,2.0
384,359,developpement,Evans-V/Mn-1991-D410aw,617.0,21.8,0.3745672924086751,0.077,0.26,1.72,0.007,0.008,,,,0.041,,,,423.0,25.0,74.0,2.5,2.5,5.0,,,,170.0,21.0,DC,+,1.0,200.0,MMA,250.0,14.0
386,359,developpement,Evans-V/Mn-1991-D410ht,626.0,21.8,0.38386831009736927,0.077,0.26,1.72,0.007,0.008,,,,0.041,,,,423.0,25.0,74.0,2.5,2.5,5.0,,,,170.0,21.0,DC,+,1.0,200.0,MMA,580.0,2.0
387,334,test,Evans-V/Mn-1991-D605aw,650.0,21.6,0.39403567438045733,0.076,0.25,1.72,0.005,0.008,,,,0.0605,,,,405.0,25.0,86.0,2.5,2.5,5.0,,,,170.0,21.0,DC,+,1.0,200.0,MMA,250.0,14.0
389,334,test,Evans-V/Mn-1991-D605ht,597.0,24.4,0.4646212119040791,0.076,0.25,1.72,0.005,0.008,,,,0.0605,,,,405.0,25.0,86.0,2.5,2.5,5.0,,,,170.0,21.0,DC,+,1.0,200.0,MMA,580.0,2.0
390,413,developpement,Evans-V/Mn-1991-D830aw,681.0,19.6,0.3109408442496501,0.08,0.26,1.74,0.007,0.008,,,,0.083,,,,411.0,25.0,90.0,2.5,2.5,5.0,,,,170.0,21.0,DC,+,1.0,200.0,MMA,250.0,14.0
392,413,developpement,Evans-V/Mn-1991-D830ht,647.0,24.0,0.4941401961186105,0.08,0.26,1.74,0.007,0.008,,,,0.083,,,,411.0,25.0,90.0,2.5,2.5,5.0,,,,170.0,21.0,DC,+,1.0,200.0,MMA,580.0,2.0
393,286,developpement,Evans-Nb/Mn-1991-A<5aw,494.0,33.3,0.3064352915227373,0.073,0.35,0.64,0.005,0.004,,,,0.0003,,,,428.0,38.0,77.0,2.5,2.5,2.5,,,,170.0,21.0,DC,+,1.0,200.0,MMA,250.0,14.0
395,286,developpement,Evans-Nb/Mn-1991-A<5ht,447.0,36.4,0.036037376310151165,0.073,0.35,0.64,0.005,0.004,,,,0.0003,,,,428.0,38.0,77.0,2.5,2.5,2.5,,,,170.0,21.0,DC,+,1.0,200.0,MMA,580.0,2.0
396,279,developpement,Evans-Nb/Mn-1991-A120aw,532.0,28.0,0.3886287969915874,0.073,0.34,0.64,0.007,0.005,,,,0.0003,,,,431.0,41.0,80.0,2.5,2.5,120.0,,,,170.0,21.0,DC,+,1.0,200.0,MMA,250.0,14.0
398,279,developpement,Evans-Nb/Mn-1991-A120ht,497.0,24.6,0.20612435672192592,0.073,0.34,0.64,0.007,0.005,,,,0.0003,,,,431.0,41.0,80.0,2.5,2.5,120.0,,,,170.0,21.0,DC,+,1.0,200.0,MMA,580.0,2.0
399,321,developpement,Evans-Nb/Mn-1991-A220aw,553.0,26.8,0.44619427703987485,0.075,0.33,0.62,0.007,0.005,,,,0.0003,,,,429.0,42.0,85.0,2.5,2.5,220.0,,,,170.0,21.0,DC,+,1.0,200.0,MMA,250.0,14.0
401,321,developpement,Evans-Nb/Mn-1991-A220ht,539.0,24.4,0.32432462503230264,0.075,0.33,0.62,0.007,0.005,,,,0.0003,,,,429.0,42.0,85.0,2.5,2.5,220.0,,,,170.0,21.0,DC,+,1.0,200.0,MMA,580.0,2.0
402,240,developpement,Evans-Nb/Mn-1991-A450aw,580.0,25.0,0.4598443910372949,0.07,0.33,0.64,0.007,0.004,,,,0.0007,,,,413.0,42.0,85.0,2.5,2.5,450.0,,,,170.0,21.0,DC,+,1.0,200.0,MMA,250.0,14.0
404,240,developpement,Evans-Nb/Mn-1991-A450ht,576.0,23.0,0.38319171740627844,0.07,0.33,0.64,0.007,0.004,,,,0.0007,,,,413.0,42.0,85.0,2.5,2.5,450.0,,,,170.0,21.0,DC,+,1.0,200.0,MMA,580.0,2.0
405,301,developpement,Evans-Nb/Mn-1991-A880aw,614.0,24.0,0.46488001888023694,0.074,0.33,0.64,0.008,0.006,,,,0.0003,,,,460.0,39.0,110.0,2.5,2.5,880.0,,,,170.0,21.0,DC,+,1.0,200.0,MMA,250.0,14.0
407,301,developpement,Evans-Nb/Mn-1991-A880ht,621.0,22.6,0.4225049193452082,0.074,0.33,0.64,0.008,0.006,,,,0.0003,,,,460.0,39.0,110.0,2.5,2.5,880.0,,,,170.0,21.0,DC,+,1.0,200.0,MMA,580.0,2.0
408,373,developpement,Evans-Nb/Mn-1991-B<5aw,522.0,31.1,0.41371533697165846,0.077,0.35,1.02,0.007,0.005,,,,0.0004,,,,399.0,41.0,75.0,2.5,2.5,2.5,,,,170.0,21.0,DC,+,1.0,200.0,MMA,250.0,14.0
410,373,developpement,Evans-Nb/Mn-1991-B<5ht,461.0,33.3,0.15668342663011794,0.077,0.35,1.02,0.007,0.005,,,,0.0004,,,,399.0,41.0,75.0,2.5,2.5,2.5,,,,170.0,21.0,DC,+,1.0,200.0,MMA,580.0,2.0
411,386,developpement,Evans-Nb/Mn-1991-B120aw,557.0,25.4,0.4148203314560689,0.078,0.35,1.02,0.007,0.005,,,,0.0004,,,,368.0,36.0,83.0,2.5,2.5,120.0,,,,170.0,21.0,DC,+,1.0,200.0,MMA,250.0,14.0
413,386,developpement,Evans-Nb/Mn-1991-B120ht,540.0,30.4,0.48503871278191335,0.078,0.35,1.02,0.007,0.005,,,,0.0004,,,,368.0,36.0,83.0,2.5,2.5,120.0,,,,170.0,21.0,DC,+,1.0,200.0,MMA,580.0,2.0
414,304,developpement,Evans-Nb/Mn-1991-B255aw,594.0,28.0,0.5959191510244098,0.074,0.34,1.0,0.007,0.006,,,,0.0005,,,,424.0,37.0,86.0,2.5,2.5,255.0,,,,170.0,21.0,DC,+,1.0,200.0,MMA,250.0,14.0
416,304,developpement,Evans-Nb/Mn-1991-B255ht,575.0,25.2,0.4560666533122706,0.074,0.34,1.0,0.007,0.006,,,,0.0005,,,,424.0,37.0,86.0,2.5,2.5,255.0,,,,170.0,21.0,DC,+,1.0,200.0,MMA,580.0,2.0
417,302,test,Evans-Nb/Mn-1991-B465aw,618.0,22.8,0.42317285432359814,0.074,0.33,0.99,0.008,0.006,,,,0.0004,,,,393.0,37.0,88.0,2.5,2.5,465.0,,,,170.0,21.0,DC,+,1.0,200.0,MMA,250.0,14.0
419,302,test,Evans-Nb/Mn-1991-B465ht,616.0,22.4,0.41197553374852647,0.074,0.33,0.99,0.008,0.006,,,,0.0004,,,,393.0,37.0,88.0,2.5,2.5,465.0,,,,170.0,21.0,DC,+,1.0,200.0,MMA,580.0,2.0
420,322,developpement,Evans-Nb/Mn-1991-B985aw,655.0,20.2,0.3497736122996003,0.075,0.34,1.02,0.007,0.006,,,,0.0005,,,,417.0,37.0,79.0,2.5,2.5,985.0,,,,170.0,21.0,DC,+,1.0,200.0,MMA,250.0,14.0
422,322,developpement,Evans-Nb/Mn-1991-B985ht,676.0,19.8,0.31600679946644783,0.075,0.34,1.02,0.007,0.006,,,,0.0005,,,,417.0,37.0,79.0,2.5,2.5,985.0,,,,170.0,21.0,DC,+,1.0,200.0,MMA,580.0,2.0
423,366,developpement,Evans-Nb/Mn-1991-C<6aw,541.0,27.1,0.41183295813669946,0.077,0.31,1.33,0.007,0.005,,,,0.0004,,,,419.0,38.0,80.0,2.5,2.5,6.0,,,,170.0,21.0,DC,+,1.0,200.0,MMA,250.0,14.0
425,366,developpement,Evans-Nb/Mn-1991-C<6ht,497.0,31.4,0.31429740256501415,0.077,0.31,1.33,0.007,0.005,,,,0.0004,,,,419.0,38.0,80.0,2.5,2.5,6.0,,,,170.0,21.0,DC,+,1.0,200.0,MMA,580.0,2.0
426,396,developpement,Evans-Nb/Mn-1991-C105aw,586.0,25.8,0.4951723653073878,0.079,0.33,1.37,0.007,0.006,,,,0.0004,,,,417.0,34.0,97.0,2.5,2.5,105.0,,,,170.0,21.0,DC,+,1.0,200.0,MMA,250.0,14.0
428,396,developpement,Evans-Nb/Mn-1991-C105ht,578.0,24.8,0.44499527387772314,0.079,0.33,1.37,0.007,0.006,,,,0.0004,,,,417.0,34.0,97.0,2.5,2.5,105.0,,,,170.0,21.0,DC,+,1.0,200.0,MMA,580.0,2.0
429,345,developpement,Evans-Nb/Mn-1991-C235aw,597.0,26.4,0.5416009325098011,0.076,0.3,1.36,0.008,0.006,,,,0.0004,,,,370.0,33.0,84.0,2.5,2.5,235.0,,,,170.0,21.0,DC,+,1.0,200.0,MMA,250.0,14.0
431,345,developpement,Evans-Nb/Mn-1991-C235ht,607.0,25.0,0.49939087863961934,0.076,0.3,1.36,0.008,0.006,,,,0.0004,,,,370.0,33.0,84.0,2.5,2.5,235.0,,,,170.0,21.0,DC,+,1.0,200.0,MMA,580.0,2.0
432,371,developpement,Evans-Nb/Mn-1991-C455aw,641.0,24.2,0.502161651454612,0.077,0.34,1.39,0.007,0.007,,,,0.0004,,,,409.0,32.0,99.0,2.5,2.5,455.0,,,,170.0,21.0,DC,+,1.0,200.0,MMA,250.0,14.0
434,371,developpement,Evans-Nb/Mn-1991-C455ht,651.0,22.6,0.4456935390073437,0.077,0.34,1.39,0.007,0.007,,,,0.0004,,,,409.0,32.0,99.0,2.5,2.5,455.0,,,,170.0,21.0,DC,+,1.0,200.0,MMA,580.0,2.0
435,344,test,Evans-Nb/Mn-1991-C940aw,685.0,20.6,0.3680641285279736,0.076,0.3,1.36,0.006,0.007,,,,0.0005,,,,432.0,33.0,91.0,2.5,2.5,940.0,,,,170.0,21.0,DC,+,1.0,200.0,MMA,250.0,14.0
437,344,test,Evans-Nb/Mn-1991-C940ht,686.0,19.0,0.29270339062651674,0.076,0.3,1.36,0.006,0.007,,,,0.0005,,,,432.0,33.0,91.0,2.5,2.5,940.0,,,,170.0,21.0,DC,+,1.0,200.0,MMA,580.0,2.0
438,343,developpement,Evans-Nb/Mn-1991-D<5aw,571.0,28.8,0.5648681022553865,0.076,0.29,1.74,0.008,0.006,,,,0.0004,,,,415.0,35.0,92.0,2.5,2.5,3.0,,,,170.0,21.0,DC,+,1.0,200.0,MMA,250.0,14.0
440,343,developpement,Evans-Nb/Mn-1991-D<5ht,518.0,29.2,0.35972983124359476,0.076,0.29,1.74,0.008,0.006,,,,0.0004,,,,415.0,35.0,92.0,2.5,2.5,3.0,,,,170.0,21.0,DC,+,1.0,200.0,MMA,580.0,2.0
441,370,developpement,Evans-Nb/Mn-1991-D125aw,614.0,22.0,0.3936700134546612,0.077,0.32,1.77,0.007,0.006,,,,0.0004,,,,418.0,31.0,89.0,2.5,2.5,125.0,,,,170.0,21.0,DC,+,1.0,200.0,MMA,250.0,14.0
443,370,developpement,Evans-Nb/Mn-1991-D125ht,605.0,24.4,0.47430270783547057,0.077,0.32,1.77,0.007,0.006,,,,0.0004,,,,418.0,31.0,89.0,2.5,2.5,125.0,,,,170.0,21.0,DC,+,1.0,200.0,MMA,580.0,2.0
444,382,developpement,Evans-Nb/Mn-1991-D230aw,635.0,22.6,0.43224656202945644,0.078,0.3,1.76,0.007,0.007,,,,0.0004,,,,433.0,32.0,110.0,2.5,2.5,230.0,,,,170.0,21.0,DC,+,1.0,200.0,MMA,250.0,14.0
446,382,developpement,Evans-Nb/Mn-1991-D230ht,627.0,22.0,0.40656380701126016,0.078,0.3,1.76,0.007,0.007,,,,0.0004,,,,433.0,32.0,110.0,2.5,2.5,230.0,,,,170.0,21.0,DC,+,1.0,200.0,MMA,580.0,2.0
447,364,developpement,Evans-Nb/Mn-1991-D450aw,660.0,22.0,0.42784991296055097,0.077,0.29,1.77,0.008,0.009,,,,0.0004,,,,432.0,31.0,97.0,2.5,2.5,450.0,,,,170.0,21.0,DC,+,1.0,200.0,MMA,250.0,14.0
449,364,developpement,Evans-Nb/Mn-1991-D450ht,661.0,21.6,0.39989023939708246,0.077,0.29,1.77,0.008,0.009,,,,0.0004,,,,432.0,31.0,97.0,2.5,2.5,450.0,,,,170.0,21.0,DC,+,1.0,200.0,MMA,580.0,2.0
450,393,developpement,Evans-Nb/Mn-1991-D895aw,708.0,19.2,0.3123507673187598,0.079,0.29,1.79,0.006,0.007,,,,0.0004,,,,406.0,33.0,105.0,2.5,2.5,895.0,,,,170.0,21.0,DC,+,1.0,200.0,MMA,250.0,14.0
452,393,developpement,Evans-Nb/Mn-1991-D895ht,716.0,17.2,0.2245002125027349,0.079,0.29,1.79,0.006,0.007,,,,0.0004,,,,406.0,33.0,105.0,2.5,2.5,895.0,,,,170.0,21.0,DC,+,1.0,200.0,MMA,580.0,2.0
453,168,developpement,Evans-FelowH-1991-UF.05a,512.0,31.4,0.3802462345549646,0.062,0.22,1.17,0.007,0.006,,,,,,,,330.0,,120.0,,,,,,,180.0,34.0,AC,0,2.0,200.0,MMA,250.0,14.0
454,158,test,Evans-FelowH-1991-UF.15a,523.0,33.0,0.4473347987507724,0.06,0.26,1.2,0.008,0.007,,,,,,,,320.0,,150.0,,,,,,,180.0,34.0,AC,0,2.0,200.0,MMA,250.0,14.0
455,157,developpement,Evans-FelowH-1991-UF.25a,508.0,30.4,0.3522550566645517,0.06,0.25,1.19,0.008,0.007,,,,,,,,353.0,,110.0,,,,,,,180.0,34.0,AC,0,2.0,200.0,MMA,250.0,14.0
456,171,developpement,Evans-FelowH-1991-UF.35a,531.0,29.6,0.42252052432838416,0.062,0.31,1.24,0.008,0.008,,,,,,,,366.0,,110.0,,,,,,,180.0,34.0,AC,0,2.0,200.0,MMA,250.0,14.0
457,118,test,Evans-FelowH-1991-UF.05b,510.0,35.6,0.4080348786050074,0.055,0.33,1.39,0.007,0.007,,,,,,,,323.0,,70.0,,,,,,,180.0,34.0,DC,+,1.0,200.0,MMA,250.0,14.0
458,84,developpement,Evans-FelowH-1991-UF.15b,505.0,31.2,0.3598558829731934,0.049,0.34,1.39,0.006,0.007,,,,,,,,339.0,,65.0,,,,,,,180.0,34.0,DC,+,1.0,200.0,MMA,250.0,14.0
459,75,developpement,Evans-FelowH-1991-UF.25b,504.0,31.0,0.34933223904736765,0.048,0.31,1.34,0.008,0.008,,,,,,,,371.0,,75.0,,,,,,,180.0,34.0,DC,+,1.0,200.0,MMA,250.0,14.0
460,80,developpement,Evans-FelowH-1991-UF.35b,526.0,30.4,0.41916871653688215,0.048,0.36,1.3,0.007,0.007,,,,,,,,401.0,,70.0,,,,,,,180.0,34.0,DC,+,1.0,200.0,MMA,250.0,14.0
461,130,developpement,Evans-FelowH-1991-E7016(1),524.0,31.6,0.43407687439326864,0.059,0.29,1.49,0.008,0.017,,,,,,,,305.0,,110.0,,,,,,,180.0,34.0,DC,+,1.0,200.0,MMA,250.0,14.0
462,104,developpement,Evans-FelowH-1991-E7016(2),559.0,30.0,0.5625120561979587,0.051,0.31,1.64,0.005,0.016,,,,,,,,330.0,,60.0,,,,,,,180.0,34.0,DC,+,1.0,200.0,MMA,250.0,14.0
463,226,developpement,Evans-FelowH-1991-E7016(3),555.0,31.4,0.5849383842862924,0.069,0.53,1.17,0.008,0.014,,,,,,,,365.0,,120.0,,,,,,,180.0,34.0,DC,+,1.0,200.0,MMA,250.0,14.0
464,211,test,Evans-FelowH-1991-TENACITOR,569.0,28.4,0.5483658426085376,0.068,0.36,1.56,0.006,0.01,,,,,,,,396.0,,90.0,,,,,,,180.0,34.0,DC,+,1.0,200.0,MMA,250.0,14.0
465,40,developpement,Evans-StressRelief-1991-0.045A,448.0,34.4,0.061722046325475684,0.043,0.3,0.69,0.006,0.007,,,,,,,,,,,,,,,,,170.0,21.0,DC,+,1.0,200.0,MMA,580.0,2.0
472,35,developpement,Evans-StressRelief-1991-0.045B,476.0,34.4,0.21381144036568764,0.042,0.31,0.98,0.006,0.007,,,,,,,,,,,,,,,,,170.0,21.0,DC,+,1.0,200.0,MMA,580.0,2.0
479,54,developpement,Evans-StressRelief-1991-0.045C,502.0,31.0,0.3432564322756547,0.045,0.31,1.39,0.005,0.007,,,,,,,,,,,,,,,,,170.0,21.0,DC,+,1.0,200.0,MMA,580.0,2.0
486,52,developpement,Evans-StressRelief-1991-0.045D,525.0,29.8,0.40229950201673964,0.045,0.29,1.83,0.005,0.008,,,,,,,,,,,,,,,,,170.0,21.0,DC,+,1.0,200.0,MMA,580.0,2.0
493,127,developpement,Evans-StressRelief-1991-0.065A,465.0,33.4,0.17054309535754283,0.058,0.33,0.63,0.007,0.007,,,,,,,,,,,,,,,,,170.0,21.0,DC,+,1.0,200.0,MMA,580.0,2.0
499,184,test,Evans-StressRelief-1991-0.065B,500.0,35.0,0.36721866556568683,0.065,0.34,0.97,0.007,0.008,,,,,,,,,,,,,,,,,170.0,21.0,DC,+,1.0,200.0,MMA,580.0,2.0
506,189,developpement,Evans-StressRelief-1991-0.065C,540.0,31.2,0.5057223611904785,0.066,0.35,1.36,0.007,0.008,,,,,,,,,,,,,,,,,170.0,21.0,DC,+,1.0,200.0,MMA,580.0,2.0
513,309,developpement,Evans-StressRelief-1991-0.065D,594.0,26.2,0.5292497598016882,0.074,0.36,1.8,0.008,0.008,,,,,,,,,,,,,,,,,170.0,21.0,DC,+,1.0,200.0,MMA,580.0,2.0
520,444,developpement,Evans-StressRelief-1991-0.095A,499.0,34.2,0.35781477437413994,0.089,0.35,0.68,0.008,0.008,,,,,,,,,,,,,,,,,170.0,21.0,DC,+,1.0,200.0,MMA,580.0,2.0
527,490,developpement,Evans-StressRelief-1991-0.095B,546.0,34.0,0.5860546757835932,0.095,0.36,1.05,0.007,0.008,,,,,,,,,,,,,,,,,170.0,21.0,DC,+,1.0,200.0,MMA,580.0,2.0
534,435,developpement,Evans-StressRelief-1991-0.095C,568.0,28.6,0.5477488161950553,0.088,0.34,1.33,0.008,0.007,,,,,,,,,,,,,,,,,170.0,21.0,DC,+,1.0,200.0,MMA,580.0,2.0
541,443,test,Evans-StressRelief-1991-0.095D,597.0,30.2,0.6802615960275488,0.089,0.33,1.69,0.007,0.008,,,,,,,,,,,,,,,,,170.0,21.0,DC,+,1.0,200.0,MMA,580.0,2.0
548,616,developpement,Evans-StressRelief-1991-0.145A,533.0,30.6,0.4531203229523949,0.151,0.36,0.63,0.008,0.008,,,,,,,,,,,,,,,,,170.0,21.0,DC,+,1.0,200.0,MMA,580.0,2.0
554,612,test,Evans-StressRelief-1991-0.145B,576.0,29.4,0.6014959125078673,0.147,0.36,1.02,0.007,0.007,,,,,,,,,,,,,,,,,170.0,21.0,DC,+,1.0,200.0,MMA,580.0,2.0
561,611,test,Evans-StressRelief-1991-0.145C,623.0,27.4,0.6103711127270159,0.147,0.35,1.38,0.007,0.007,,,,,,,,,,,,,,,,,170.0,21.0,DC,+,1.0,200.0,MMA,580.0,2.0
568,610,test,Evans-StressRelief-1991-0.145D,679.0,24.0,0.517387690988545,0.145,0.35,1.76,0.006,0.007,,,,,,,,,,,,,,,,,170.0,21.0,DC,+,1.0,200.0,MMA,580.0,2.0
575,303,developpement,Evans-Ti/CMn-1992-P0,537.0,31.2,0.4844708091568884,0.074,0.33,1.45,0.005,0.005,,,,,,,,408.0,6.0,90.0,,,,,,,170.0,21.0,DC,+,1.0,200.0,ShMA,250.0,14.0
579,284,test,Evans-Ti/CMn-1992-P0.1,548.0,33.6,0.5913436939431412,0.073,0.34,1.49,0.004,0.007,,,,,,,,396.0,16.0,84.0,,,,,,,170.0,21.0,DC,+,1.0,200.0,ShMA,250.0,14.0
583,252,developpement,Evans-Ti/CMn-1992-P0.2,563.0,30.6,0.5894584604399206,0.071,0.36,1.46,0.004,0.006,,,,,,,,400.0,22.0,85.0,,,,,,,170.0,21.0,DC,+,1.0,200.0,ShMA,250.0,14.0
587,166,developpement,Evans-Ti/CMn-1992-Q0.4,538.0,32.2,0.5121021080455246,0.061,0.33,1.36,0.005,0.006,,,,,,,,419.0,28.0,81.0,,,,,,,170.0,21.0,DC,+,1.0,200.0,ShMA,250.0,14.0
591,239,developpement,Evans-Ti/CMn-1992-Q0.8,549.0,32.4,0.5815591625710256,0.07,0.32,1.48,0.005,0.006,,,,,,,,373.0,55.0,75.0,,,,,,,170.0,21.0,DC,+,1.0,200.0,ShMA,250.0,14.0
595,207,developpement,Evans-Ti/CMn-1992-Q1.2,542.0,30.6,0.5077340350704526,0.068,0.32,1.38,0.004,0.005,,,,,,,,376.0,77.0,74.0,,,,,,,170.0,21.0,DC,+,1.0,200.0,ShMA,250.0,14.0
599,210,test,Evans-Ti/CMn-1992-R1.6,569.0,29.0,0.5617127737860116,0.068,0.35,1.51,0.006,0.006,,,,,,,,351.0,100.0,87.0,,,,,,,170.0,21.0,DC,+,1.0,200.0,ShMA,250.0,14.0
603,186,developpement,Evans-Ti/CMn-1992-R2.4,579.0,27.0,0.5303585909627156,0.065,0.39,1.53,0.005,0.006,,,,,,,,351.0,140.0,93.0,,,,,,,170.0,21.0,DC,+,1.0,200.0,ShMA,250.0,14.0
607,246,developpement,Evans-Ti/CMn-1992-S3.6,592.0,27.2,0.5607903011415084,0.07,0.48,1.64,0.005,0.006,,,,,,,,290.0,210.0,102.0,,,,,,,170.0,21.0,DC,+,1.0,200.0,ShMA,250.0,14.0
611,316,test,Evans-Ti/CMn-1992-S4.8,654.0,26.4,0.6042412605860733,0.075,0.29,1.75,0.006,0.005,,,,,,,,272.0,255.0,96.0,,,,,,,170.0,21.0,DC,+,1.0,200.0,ShMA,250.0,14.0
615,305,developpement,Evans-Ti/Mn-1992-A8aw,494.0,32.4,0.30077490861821715,0.074,0.35,0.63,0.009,0.007,,,,0.00025,,,,472.0,8.0,66.0,2.5,2.5,2.5,,,,170.0,21.0,DC,+,1.0,200.0,MMA,250.0,14.0
617,305,developpement,Evans-Ti/Mn-1992-A8ht,450.0,30.4,0.0668356977822995,0.074,0.35,0.63,0.009,0.007,,,,0.00025,,,,472.0,8.0,66.0,2.5,2.5,2.5,,,,170.0,21.0,DC,+,1.0,200.0,MMA,580.0,2.0
618,306,developpement,Evans-Ti/Mn-1992-A36aw,494.0,33.3,0.3064352915227373,0.074,0.35,0.65,0.005,0.004,,,,0.00025,,,,426.0,36.0,73.0,2.5,2.5,2.5,,,,170.0,21.0,DC,+,1.0,200.0,MMA,250.0,14.0
620,306,developpement,Evans-Ti/Mn-1992-A36ht,447.0,36.4,0.036037376310151165,0.074,0.35,0.65,0.005,0.004,,,,0.00025,,,,426.0,36.0,73.0,2.5,2.5,2.5,,,,170.0,21.0,DC,+,1.0,200.0,MMA,580.0,2.0
621,323,developpement,Evans-Ti/Mn-1992-A96aw,492.0,30.2,0.26036946186751064,0.075,0.35,0.66,0.009,0.007,,,,0.00025,,,,396.0,96.0,71.0,2.5,2.5,2.5,,,,170.0,21.0,DC,+,1.0,200.0,MMA,250.0,14.0
623,323,developpement,Evans-Ti/Mn-1992-A96ht,457.0,31.6,0.13204595219342546,0.075,0.35,0.66,0.009,0.007,,,,0.00025,,,,396.0,96.0,71.0,2.5,2.5,2.5,,,,170.0,21.0,DC,+,1.0,200.0,MMA,580.0,2.0
624,354,developpement,Evans-Ti/Mn-1992-A160aw,494.0,31.4,0.2905761677724857,0.076,0.38,0.67,0.009,0.007,,,,0.00025,,,,362.0,160.0,70.0,2.5,2.5,2.5,,,,170.0,21.0,DC,+,1.0,200.0,MMA,250.0,14.0
626,354,developpement,Evans-Ti/Mn-1992-A160ht,465.0,30.4,0.15273415299074514,0.076,0.38,0.67,0.009,0.007,,,,0.00025,,,,362.0,160.0,70.0,2.5,2.5,2.5,,,,170.0,21.0,DC,+,1.0,200.0,MMA,580.0,2.0
627,388,test,Evans-Ti/Mn-1992-A225aw,523.0,31.4,0.4261006781538573,0.078,0.44,0.71,0.006,0.008,,,,0.00025,,,,306.0,225.0,76.0,2.5,2.5,2.5,,,,170.0,21.0,DC,+,1.0,200.0,MMA,250.0,14.0
629,388,test,Evans-Ti/Mn-1992-A225ht,484.0,31.6,0.23834438911884576,0.078,0.44,0.71,0.006,0.008,,,,0.00025,,,,306.0,225.0,76.0,2.5,2.5,2.5,,,,170.0,21.0,DC,+,1.0,200.0,MMA,580.0,2.0
630,365,developpement,Evans-Ti/Mn-1992-B7aw,504.0,30.6,0.34379931780057227,0.077,0.3,1.0,0.008,0.007,,,,0.00025,,,,464.0,7.0,83.0,2.5,2.5,2.5,,,,170.0,21.0,DC,+,1.0,200.0,MMA,250.0,14.0
632,365,developpement,Evans-Ti/Mn-1992-B7ht,480.0,30.5,0.20522997850099978,0.077,0.3,1.0,0.008,0.007,,,,0.00025,,,,464.0,7.0,83.0,2.5,2.5,2.5,,,,170.0,21.0,DC,+,1.0,200.0,MMA,580.0,2.0
633,350,test,Evans-Ti/Mn-1992-B41aw,522.0,31.1,0.41371533697165846,0.076,0.35,1.01,0.008,0.005,,,,0.00025,,,,401.0,41.0,74.0,2.5,2.5,2.5,,,,170.0,21.0,DC,+,1.0,200.0,MMA,250.0,14.0
635,350,test,Evans-Ti/Mn-1992-B41ht,480.0,29.4,0.19527343359296856,0.076,0.35,1.01,0.008,0.005,,,,0.00025,,,,401.0,41.0,74.0,2.5,2.5,2.5,,,,170.0,21.0,DC,+,1.0,200.0,MMA,580.0,2.0
636,319,developpement,Evans-Ti/Mn-1992-B92aw,516.0,32.0,0.4011806230789124,0.075,0.31,1.03,0.008,0.007,,,,0.00025,,,,394.0,92.0,79.0,2.5,2.5,2.5,,,,170.0,21.0,DC,+,1.0,200.0,MMA,250.0,14.0
638,319,developpement,Evans-Ti/Mn-1992-B92ht,470.0,32.4,0.19300393467188207,0.075,0.31,1.03,0.008,0.007,,,,0.00025,,,,394.0,92.0,79.0,2.5,2.5,2.5,,,,170.0,21.0,DC,+,1.0,200.0,MMA,580.0,2.0
639,325,developpement,Evans-Ti/Mn-1992-B140aw,517.0,30.8,0.3816587053604138,0.075,0.35,1.05,0.008,0.007,,,,0.00025,,,,361.0,140.0,82.0,2.5,2.5,2.5,,,,170.0,21.0,DC,+,1.0,200.0,MMA,250.0,14.0
641,325,developpement,Evans-Ti/Mn-1992-B140ht,488.0,32.2,0.2636373112633926,0.075,0.35,1.05,0.008,0.007,,,,0.00025,,,,361.0,140.0,82.0,2.5,2.5,2.5,,,,170.0,21.0,DC,+,1.0,200.0,MMA,580.0,2.0
642,387,developpement,Evans-Ti/Mn-1992-B190aw,545.0,29.0,0.47809691502482005,0.078,0.43,1.1,0.007,0.005,,,,0.00025,,,,329.0,190.0,73.0,2.5,2.5,2.5,,,,170.0,21.0,DC,+,1.0,200.0,MMA,250.0,14.0
644,387,developpement,Evans-Ti/Mn-1992-B190ht,492.0,32.2,0.28390493143153717,0.078,0.43,1.1,0.007,0.005,,,,0.00025,,,,329.0,190.0,73.0,2.5,2.5,2.5,,,,170.0,21.0,DC,+,1.0,200.0,MMA,580.0,2.0
645,318,developpement,Evans-Ti/Mn-1992-C5aw,523.0,26.4,0.32007510822611723,0.075,0.3,1.31,0.008,0.006,,,,0.00025,,,,441.0,5.0,81.0,2.5,2.5,2.5,,,,170.0,21.0,DC,+,1.0,200.0,MMA,250.0,14.0
647,318,developpement,Evans-Ti/Mn-1992-C5ht,480.0,29.6,0.19735906924573207,0.075,0.3,1.31,0.008,0.006,,,,0.00025,,,,441.0,5.0,81.0,2.5,2.5,2.5,,,,170.0,21.0,DC,+,1.0,200.0,MMA,580.0,2.0
648,369,developpement,Evans-Ti/Mn-1992-C36aw,541.0,27.1,0.41183295813669946,0.077,0.32,1.33,0.007,0.005,,,,0.00025,,,,422.0,36.0,83.0,2.5,2.5,2.5,,,,170.0,21.0,DC,+,1.0,200.0,MMA,250.0,14.0
650,369,developpement,Evans-Ti/Mn-1992-C36ht,497.0,31.4,0.31429740256501415,0.077,0.32,1.33,0.007,0.005,,,,0.00025,,,,422.0,36.0,83.0,2.5,2.5,2.5,,,,170.0,21.0,DC,+,1.0,200.0,MMA,580.0,2.0
651,276,developpement,Evans-Ti/Mn-1992-C75aw,522.0,29.4,0.381729774643804,0.073,0.3,1.32,0.008,0.007,,,,0.00025,,,,401.0,75.0,77.0,2.5,2.5,2.5,,,,170.0,21.0,DC,+,1.0,200.0,MMA,250.0,14.0
653,276,developpement,Evans-Ti/Mn-1992-C75ht,507.0,33.4,0.39096122682572554,0.073,0.3,1.32,0.008,0.007,,,,0.00025,,,,401.0,75.0,77.0,2.5,2.5,2.5,,,,170.0,21.0,DC,+,1.0,200.0,MMA,580.0,2.0
654,395,test,Evans-Ti/Mn-1992-C140aw,544.0,29.4,0.487252823204446,0.079,0.33,1.35,0.008,0.007,,,,0.00025,,,,375.0,140.0,78.0,2.5,2.5,2.5,,,,170.0,21.0,DC,+,1.0,200.0,MMA,250.0,14.0
656,395,test,Evans-Ti/Mn-1992-C140ht,508.0,27.0,0.29054747914487594,0.079,0.33,1.35,0.008,0.007,,,,0.00025,,,,375.0,140.0,78.0,2.5,2.5,2.5,,,,170.0,21.0,DC,+,1.0,200.0,MMA,580.0,2.0
657,420,developpement,Evans-Ti/Mn-1992-C215aw,559.0,28.0,0.5040279201015536,0.08,0.39,1.37,0.007,0.006,,,,0.00025,,,,320.0,215.0,90.0,2.5,2.5,2.5,,,,170.0,21.0,DC,+,1.0,200.0,MMA,250.0,14.0
659,420,developpement,Evans-Ti/Mn-1992-C215ht,537.0,28.4,0.42086205714937464,0.08,0.39,1.37,0.007,0.006,,,,0.00025,,,,320.0,215.0,90.0,2.5,2.5,2.5,,,,170.0,21.0,DC,+,1.0,200.0,MMA,580.0,2.0
660,362,developpement,Evans-Ti/Mn-1992-D7aw,568.0,28.6,0.5477488161950553,0.077,0.28,1.79,0.007,0.006,,,,0.00025,,,,439.0,7.0,82.0,2.5,2.5,2.5,,,,170.0,21.0,DC,+,1.0,200.0,MMA,250.0,14.0
662,362,developpement,Evans-Ti/Mn-1992-D7ht,500.0,30.4,0.32284709221925334,0.077,0.28,1.79,0.007,0.006,,,,0.00025,,,,439.0,7.0,82.0,2.5,2.5,2.5,,,,170.0,21.0,DC,+,1.0,200.0,MMA,580.0,2.0
663,384,developpement,Evans-Ti/Mn-1992-D36aw,571.0,28.8,0.5648681022553865,0.078,0.31,1.75,0.007,0.006,,,,0.00025,,,,417.0,36.0,94.0,2.5,2.5,2.5,,,,170.0,21.0,DC,+,1.0,200.0,MMA,250.0,14.0
665,384,developpement,Evans-Ti/Mn-1992-D36ht,518.0,29.2,0.35972983124359476,0.078,0.31,1.75,0.007,0.006,,,,0.00025,,,,417.0,36.0,94.0,2.5,2.5,2.5,,,,170.0,21.0,DC,+,1.0,200.0,MMA,580.0,2.0
666,363,developpement,Evans-Ti/Mn-1992-D105aw,577.0,26.2,0.4961848760721816,0.077,0.29,1.76,0.007,0.007,,,,0.00025,,,,396.0,105.0,81.0,2.5,2.5,2.5,,,,170.0,21.0,DC,+,1.0,200.0,MMA,250.0,14.0
668,363,developpement,Evans-Ti/Mn-1992-D105ht,532.0,27.4,0.37122507727383103,0.077,0.29,1.76,0.007,0.007,,,,0.00025,,,,396.0,105.0,81.0,2.5,2.5,2.5,,,,170.0,21.0,DC,+,1.0,200.0,MMA,580.0,2.0
669,320,developpement,Evans-Ti/Mn-1992-D170aw,590.0,27.4,0.5592122007383638,0.075,0.32,1.83,0.006,0.007,,,,0.00025,,,,346.0,170.0,82.0,2.5,2.5,2.5,,,,170.0,21.0,DC,+,1.0,200.0,MMA,250.0,14.0
671,320,developpement,Evans-Ti/Mn-1992-D170ht,565.0,27.8,0.5128434461372682,0.075,0.32,1.83,0.006,0.007,,,,0.00025,,,,346.0,170.0,82.0,2.5,2.5,2.5,,,,170.0,21.0,DC,+,1.0,200.0,MMA,580.0,2.0
672,397,developpement,Evans-Ti/Mn-1992-D255aw,612.0,25.4,0.5182386177716262,0.079,0.37,1.82,0.006,0.007,,,,0.00025,,,,324.0,255.0,81.0,2.5,2.5,2.5,,,,170.0,21.0,DC,+,1.0,200.0,MMA,250.0,14.0
674,397,developpement,Evans-Ti/Mn-1992-D255ht,575.0,29.4,0.5973306404688853,0.079,0.37,1.82,0.006,0.007,,,,0.00025,,,,324.0,255.0,81.0,2.5,2.5,2.5,,,,170.0,21.0,DC,+,1.0,200.0,MMA,580.0,2.0
675,292,test,KocakPEv-TiN-1994-O,528.0,28.2,0.38551159855173084,0.074,0.25,1.4,0.008,0.007,,,,,,,,475.0,1.0,79.0,,,,,,,170.0,21.0,DC,+,1.0,200.0,MMA,0.0,0.0
676,361,developpement,KocakPREv-TiN-1994-Wa,544.0,25.2,0.372021371984822,0.077,0.27,1.46,0.008,0.007,,,,,,,,459.0,28.0,81.0,,,,,,,170.0,21.0,DC,+,1.0,200.0,MMA,0.0,0.0
677,271,test,KocakPREv-TiN-1994-Wb,540.0,24.2,0.3268268073307594,0.073,0.26,1.41,0.007,0.011,,,,,,,,392.0,90.0,83.0,,,,,,,170.0,21.0,DC,+,1.0,200.0,MMA,0.0,0.0
678,298,developpement,KocakPREv-TiN-1994-Wc,538.0,27.8,0.4098550757126039,0.074,0.3,1.45,0.007,0.009,,,,,,,,337.0,120.0,84.0,,,,,,,170.0,21.0,DC,+,1.0,200.0,MMA,0.0,0.0
679,267,developpement,KocakPREv-TiN-1994-Wd,578.0,26.4,0.5062369834646345,0.072,0.38,1.5,0.006,0.01,,,,,,,,291.0,260.0,77.0,,,,,,,170.0,21.0,DC,+,1.0,200.0,MMA,0.0,0.0
680,223,developpement,KocakPREv-TiN-1994-Xa,577.0,25.8,0.4763375766554172,0.069,0.45,1.47,0.005,0.006,,,,,,,,282.0,410.0,77.0,,,,,,,170.0,21.0,DC,+,1.0,200.0,MMA,0.0,0.0
681,244,developpement,KocakPREv-TiN-1994-Xb,597.0,25.0,0.4875445831866231,0.07,0.45,1.5,0.005,0.006,,,,,,,,294.0,550.0,75.0,,,,,,,170.0,21.0,DC,+,1.0,200.0,MMA,0.0,0.0
682,296,developpement,KocakPREv-TiN-1994-O1,566.0,24.0,0.39157869690274966,0.074,0.28,1.58,0.008,0.008,,,,,,,,404.0,2.5,145.0,,,,,,,170.0,21.0,DC,+,1.0,200.0,MMA,0.0,0.0
683,206,developpement,KocakPREv-TiN-1994-W1a,545.0,28.0,0.4551762208491872,0.068,0.28,1.4,0.01,0.008,,,,,,,,409.0,31.0,148.0,,,,,,,170.0,21.0,DC,+,1.0,200.0,MMA,0.0,0.0
684,219,developpement,KocakPREv-TiN-1994-W1b,584.0,26.4,0.5183932642551,0.069,0.31,1.5,0.008,0.008,,,,,,,,400.0,51.0,160.0,,,,,,,170.0,21.0,DC,+,1.0,200.0,MMA,0.0,0.0
685,237,developpement,KocakPREv-TiN-1994-W1c,573.0,25.2,0.452279384623355,0.07,0.29,1.5,0.008,0.009,,,,,,,,341.0,120.0,164.0,,,,,,,170.0,21.0,DC,+,1.0,200.0,MMA,0.0,0.0
686,212,test,KocakPREv-TiN-1994-W1d,611.0,24.0,0.4622161493146978,0.068,0.39,1.51,0.007,0.009,,,,,,,,278.0,300.0,166.0,,,,,,,170.0,21.0,DC,+,1.0,200.0,MMA,0.0,0.0
687,195,developpement,KocakPREv-TiN-1994-X1a,639.0,23.0,0.4528293156432154,0.066,0.47,1.48,0.007,0.011,,,,,,,,285.0,410.0,164.0,,,,,,,170.0,21.0,DC,+,1.0,200.0,MMA,0.0,0.0
688,243,developpement,KocakPREv-TiN-1994-X1b,599.0,25.6,0.5138859562604009,0.07,0.45,1.5,0.004,0.006,,,,,,,,297.0,590.0,155.0,,,,,,,170.0,21.0,DC,+,1.0,200.0,MMA,0.0,0.0
689,272,test,KocakPREv-TiN-1994-O2,607.0,24.0,0.46070367055001427,0.073,0.27,1.66,0.009,0.008,,,,,,,,399.0,2.5,235.0,,,,,,,170.0,21.0,DC,+,1.0,200.0,MMA,0.0,0.0
690,216,developpement,KocakPREv-TiN-1994-W2a,581.0,25.8,0.48830258923278247,0.069,0.26,1.45,0.01,0.009,,,,,,,,391.0,29.0,226.0,,,,,,,170.0,21.0,DC,+,1.0,200.0,MMA,0.0,0.0
691,275,developpement,KocakPREv-TiN-1994-W2b,591.0,24.9,0.46491349923139264,0.073,0.29,1.53,0.009,0.007,,,,,,,,419.0,46.0,243.0,,,,,,,170.0,21.0,DC,+,1.0,200.0,MMA,0.0,0.0
692,236,developpement,KocakPREv-TiN-1994-W2c,599.0,29.2,0.651145825001333,0.07,0.28,1.45,0.009,0.009,,,,,,,,315.0,120.0,239.0,,,,,,,170.0,21.0,DC,+,1.0,200.0,MMA,0.0,0.0
693,201,developpement,KocakPREv-TiN-1994-W2d,621.0,23.6,0.45525252024871293,0.067,0.4,1.48,0.006,0.008,,,,,,,,286.0,320.0,253.0,,,,,,,170.0,21.0,DC,+,1.0,200.0,MMA,0.0,0.0
694,213,developpement,KocakPREv-TiN-1994-X2a,631.0,24.6,0.505917046574877,0.068,0.47,1.46,0.007,0.006,,,,,,,,297.0,450.0,249.0,,,,,,,170.0,21.0,DC,+,1.0,200.0,MMA,0.0,0.0
695,192,test,KocakPREv-TiN-1994-X2b,615.0,26.4,0.5603456620545162,0.066,0.43,1.47,0.005,0.006,,,,,,,,322.0,690.0,240.0,,,,,,,170.0,21.0,DC,+,1.0,200.0,MMA,0.0,0.0
696,5,developpement,Evans-Mn-1977-Aaw,466.0,31.9,0.17746707999021039,0.035,0.3,0.66,0.006,0.013,,,,,,,,490.0,,70.0,,,,,,,170.0,21.0,DC,+,1.0,150.0,MMA,0.0,0.0
697,5,developpement,Evans-Mn-1977-Aht,456.0,35.2,0.12168907481735784,0.035,0.3,0.66,0.006,0.013,,,,,,,,490.0,,70.0,,,,,,,170.0,21.0,DC,+,1.0,150.0,MMA,500.0,2.0
698,18,developpement,Evans-Mn-1977-Baw,498.0,31.2,0.32270198782126114,0.038,0.3,1.0,0.005,0.014,,,,,,,,460.0,,100.0,,,,,,,170.0,21.0,DC,+,1.0,150.0,MMA,0.0,0.0
699,18,developpement,Evans-Mn-1977-Bht,490.0,31.0,0.25641869262119765,0.038,0.3,1.0,0.005,0.014,,,,,,,,460.0,,100.0,,,,,,,170.0,21.0,DC,+,1.0,150.0,MMA,500.0,2.0
700,85,developpement,Evans-Mn-1977-Caw,551.0,29.4,0.5175228449252567,0.049,0.34,1.42,0.005,0.013,,,,,,,,410.0,,90.0,,,,,,,170.0,21.0,DC,+,1.0,150.0,MMA,0.0,0.0
701,85,developpement,Evans-Mn-1977-Cht,529.0,31.6,0.4592613304483432,0.049,0.34,1.42,0.005,0.013,,,,,,,,410.0,,90.0,,,,,,,170.0,21.0,DC,+,1.0,150.0,MMA,500.0,2.0
702,108,developpement,Evans-Mn-1977-Daw,588.0,28.0,0.584104603318232,0.051,0.34,1.82,0.006,0.017,,,,,,,,390.0,,90.0,,,,,,,170.0,21.0,DC,+,1.0,150.0,MMA,0.0,0.0
703,108,developpement,Evans-Mn-1977-Dht,576.0,27.4,0.5306817633069858,0.051,0.34,1.82,0.006,0.017,,,,,,,,390.0,,90.0,,,,,,,170.0,21.0,DC,+,1.0,150.0,MMA,500.0,2.0
704,138,developpement,SurianEtAl-C-1991-0.05awCh,715.0,23.8,0.5301648861401035,0.05,0.25,1.21,0.013,0.024,1.84,0.05,0.34,0.01,0.06,,,444.0,,143.0,,,,,,,170.0,24.0,DC,+,2.1,107.0,MMA,0.0,0.0
705,138,developpement,SurianEtAl-C-1991-0.05htCh,680.0,23.8,0.5046851036593147,0.05,0.25,1.21,0.013,0.024,1.84,0.05,0.34,0.01,0.06,,,444.0,,143.0,,,,,,,170.0,24.0,DC,+,2.1,107.0,MMA,620.0,1.0
706,404,test,SurianEtAl-C-1991-0.07awCh,807.0,20.0,0.37301960524238165,0.07,0.26,1.24,0.013,0.025,1.9,0.05,0.34,0.01,0.06,,,365.0,,119.0,,,,,,,170.0,24.0,DC,+,2.1,107.0,MMA,0.0,0.0
707,404,test,SurianEtAl-C-1991-0.07htCh,785.0,20.6,0.401141706047177,0.07,0.26,1.24,0.013,0.025,1.9,0.05,0.34,0.01,0.06,,,365.0,,119.0,,,,,,,170.0,24.0,DC,+,2.1,107.0,MMA,620.0,1.0
708,536,developpement,SurianEtAl-C-1991-0.10awCh,858.0,19.6,0.34174912860954293,0.1,0.34,1.42,0.009,0.028,1.92,0.05,0.35,0.01,0.05,,,345.0,,87.0,,,,,,,170.0,24.0,DC,+,2.1,107.0,MMA,0.0,0.0
709,536,developpement,SurianEtAl-C-1991-0.10htCh,858.0,20.6,0.40372773026710945,0.1,0.34,1.42,0.009,0.028,1.92,0.05,0.35,0.01,0.05,,,345.0,,87.0,,,,,,,170.0,24.0,DC,+,2.1,107.0,MMA,620.0,1.0
710,600,developpement,SurianEtAl-C-1991-0.12awCh,875.0,16.6,0.16682553666703662,0.12,0.33,1.41,0.011,0.031,1.88,0.05,0.34,0.01,0.05,,,329.0,,99.0,,,,,,,170.0,24.0,DC,+,2.1,107.0,MMA,0.0,0.0
711,600,developpement,SurianEtAl-C-1991-0.12htCh,895.0,18.0,0.2694148551013948,0.12,0.33,1.41,0.011,0.031,1.88,0.05,0.34,0.01,0.05,,,329.0,,99.0,,,,,,,170.0,24.0,DC,+,2.1,107.0,MMA,620.0,1.0
712,94,developpement,Alekseev&-CMnNi-1991-CH1,616.0,23.0,0.43143889350866715,0.04,0.24,0.84,0.009,0.01,2.2,,,,0.13,,,300.0,150.0,,,,,,,,165.0,25.0,DC,-,1.0,200.0,MMA,0.0,0.0
713,89,developpement,Alekseev&-CMnNi-1991-CH2,596.0,23.0,0.41370884836124094,0.04,0.22,0.81,0.009,0.011,2.19,,,,0.29,,,300.0,120.0,,,,,,,,165.0,25.0,DC,-,1.0,200.0,MMA,0.0,0.0
714,90,test,Alekseev&-CMnNi-1991-CH3,599.0,24.0,0.45405197328548674,0.04,0.23,0.83,0.01,0.011,2.19,,,,0.45,,,280.0,140.0,,,,,,,,165.0,25.0,DC,-,1.0,200.0,MMA,0.0,0.0
715,93,developpement,Alekseev&-CMnNi-1991-CH4,623.0,21.0,0.35937401714589834,0.04,0.24,0.82,0.009,0.01,2.2,,,,0.62,,,300.0,150.0,,,,,,,,165.0,25.0,DC,-,1.0,200.0,MMA,0.0,0.0
716,91,developpement,Alekseev&-CMnNi-1991-CH5,635.0,23.0,0.4485369977694767,0.04,0.23,0.83,0.01,0.011,2.21,,,,0.79,,,320.0,140.0,,,,,,,,165.0,25.0,DC,-,1.0,200.0,MMA,0.0,0.0
717,92,developpement,Alekseev&-CMnNi-1991-CH6,674.0,21.0,0.388474985900172,0.04,0.23,0.83,0.01,0.011,2.21,,,,1.01,,,320.0,130.0,,,,,,,,165.0,25.0,DC,-,1.0,200.0,MMA,0.0,0.0
718,88,developpement,Alekseev&-CMnNi-1991-CH7,690.0,21.0,0.39555768682736725,0.04,0.2,0.8,0.01,0.011,2.2,,,,1.2,,,370.0,140.0,,,,,,,,165.0,25.0,DC,-,1.0,200.0,MMA,0.0,0.0
719,500,developpement,Evans-AlEl9Cr1Mo-1994--,762.0,18.4,0.2881615146274217,0.099,0.17,1.01,0.007,0.012,0.08,9.3,1.0,0.2,,0.0,0.0,634.0,,539.0,,,460.0,,,,180.0,34.0,DC,+,1.0,175.0,MMA,750.0,8.0
720,479,test,Evans-AlEl9Cr1Mo-1994-1Ni,751.0,19.6,0.335484240815427,0.093,0.16,1.03,0.008,0.012,0.98,9.08,0.98,0.19,,0.0,0.0,651.0,,515.0,,,430.0,,,,180.0,34.0,DC,+,1.0,175.0,MMA,750.0,8.0
721,518,developpement,Evans-AlEl9Cr1Mo-1994-2Ni,866.0,13.6,0.0802658073303252,0.101,0.17,1.02,0.008,0.012,1.92,9.12,1.0,0.19,,0.0,0.0,664.0,,494.0,,,470.0,,,,180.0,34.0,DC,+,1.0,175.0,MMA,750.0,8.0
722,487,developpement,Evans-AlEl9Cr1Mo-1994-3Ni,1151.0,10.6,0.036060891729495385,0.095,0.16,1.02,0.007,0.012,3.01,9.17,0.96,0.19,,0.0,0.0,610.0,,489.0,,,450.0,,,,180.0,34.0,DC,+,1.0,175.0,MMA,750.0,8.0
723,493,developpement,Evans-AlEl9Cr1Mo-1994-1Co,696.0,19.8,0.32335433559657584,0.096,0.16,1.01,0.007,0.013,0.0,9.16,0.99,0.19,,0.95,0.0,672.0,,552.0,,,450.0,,,,180.0,34.0,DC,+,1.0,175.0,MMA,750.0,8.0
724,483,developpement,Evans-AlEl9Cr1Mo-1994-2Co,690.0,21.9,0.4241777254195357,0.094,0.18,1.0,0.008,0.017,0.0,9.31,0.98,0.19,,1.89,0.0,687.0,,517.0,,,430.0,,,,180.0,34.0,DC,+,1.0,175.0,MMA,750.0,8.0
725,474,developpement,Evans-AlEl9Cr1Mo-1994-3Co,672.0,23.7,0.49505386989894756,0.091,0.16,1.0,0.008,0.015,0.0,9.3,0.98,0.19,,2.8,0.0,666.0,,520.0,,,410.0,,,,180.0,34.0,DC,+,1.0,175.0,MMA,750.0,8.0
726,488,developpement,Evans-AlEl9Cr1Mo-1994-1W,702.0,19.6,0.32034999004294507,0.095,0.18,1.04,0.008,0.015,0.0,9.35,1.0,0.19,,0.0,1.03,656.0,,544.0,,,510.0,,,,180.0,34.0,DC,+,1.0,175.0,MMA,750.0,8.0
727,494,developpement,Evans-AlEl9Cr1Mo-1994-2W,698.0,18.9,0.28937197014840005,0.096,0.2,0.99,0.007,0.015,0.0,9.25,0.91,0.19,,0.0,1.92,669.0,,526.0,,,530.0,,,,180.0,34.0,DC,+,1.0,175.0,MMA,750.0,8.0
728,485,developpement,Evans-AlEl9Cr1Mo-1994-3W,686.0,18.7,0.27671696176383315,0.094,0.2,1.03,0.008,0.015,0.0,9.26,0.84,0.19,,0.0,2.99,640.0,,537.0,,,580.0,,,,180.0,34.0,DC,+,1.0,175.0,MMA,750.0,8.0
729,496,test,Evans-AlEl9Cr1Mo-1994-1W1Ni,738.0,17.3,0.23082923833502328,0.097,0.18,1.0,0.007,0.015,0.93,9.1,0.96,0.19,,0.0,0.98,667.0,,529.0,,,460.0,,,,180.0,34.0,DC,+,1.0,175.0,MMA,750.0,8.0
730,475,developpement,Evans-AlEl9Cr1Mo-1994-1W1Co,673.0,21.8,0.4117984787560028,0.091,0.18,0.99,0.008,0.015,0.0,8.94,0.97,0.18,,0.92,0.98,695.0,,509.0,,,440.0,,,,180.0,34.0,DC,+,1.0,175.0,MMA,750.0,8.0
731,468,developpement,Evans-AlEl9Cr1Mo-1994-1W2Co,701.0,20.7,0.38114769031292034,0.09,0.17,0.97,0.008,0.015,0.0,9.2,0.96,0.18,,1.87,0.97,662.0,,523.0,,,450.0,,,,180.0,34.0,DC,+,1.0,175.0,MMA,750.0,8.0
895,408,developpement,Kluket-CuMnB-1994-1,638.0,31.0,0.762502564435768,0.07,0.53,1.72,0.012,0.016,0.01,0.03,0.01,0.01,0.03,,,176.0,240.0,54.0,210.0,7.0,,,,,700.0,32.0,DC,+,4.8,200.0,SA,0.0,0.0
896,460,developpement,Kluket-CuMnB-1994-2,694.0,30.0,0.789221842295063,0.08,0.59,1.84,0.013,0.016,0.01,0.05,0.01,0.01,0.38,,,155.0,230.0,54.0,240.0,8.0,,,,,700.0,32.0,DC,+,4.8,200.0,SA,0.0,0.0
897,463,developpement,Kluket-CuMnB-1994-3,714.0,30.0,0.8139928595830015,0.08,0.62,1.86,0.013,0.016,0.01,0.05,0.01,0.01,0.81,,,174.0,230.0,54.0,220.0,10.0,,,,,700.0,32.0,DC,+,4.8,200.0,SA,0.0,0.0
898,458,developpement,Kluket-CuMnB-1994-4,709.0,30.0,0.8104296441606783,0.08,0.58,1.83,0.013,0.016,0.45,0.05,0.01,0.01,0.03,,,171.0,230.0,55.0,230.0,6.0,,,,,700.0,32.0,DC,+,4.8,200.0,SA,0.0,0.0
899,459,developpement,Kluket-CuMnB-1994-5,731.0,28.0,0.740515752461821,0.08,0.59,1.84,0.013,0.015,0.45,0.05,0.01,0.01,0.4,,,168.0,250.0,49.0,240.0,9.0,,,,,700.0,32.0,DC,+,4.8,200.0,SA,0.0,0.0
900,462,developpement,Kluket-CuMnB-1994-6,743.0,27.0,0.6985235153839957,0.08,0.62,1.85,0.013,0.017,0.45,0.05,0.01,0.01,0.81,,,152.0,220.0,52.0,240.0,10.0,,,,,700.0,32.0,DC,+,4.8,200.0,SA,0.0,0.0
901,461,developpement,Kluket-CuMnB-1994-7,737.0,26.0,0.6490779847366729,0.08,0.62,1.83,0.013,0.014,1.51,0.05,0.01,0.01,0.03,,,185.0,230.0,67.0,200.0,7.0,,,,,700.0,32.0,DC,+,4.8,200.0,SA,0.0,0.0
902,409,developpement,Kluket-CuMnB-1994-8,810.0,24.0,0.5681322480744101,0.07,0.59,1.85,0.013,0.014,1.5,0.05,0.01,0.01,0.42,,,146.0,250.0,57.0,200.0,9.0,,,,,700.0,32.0,DC,+,4.8,200.0,SA,0.0,0.0
903,464,developpement,Kluket-CuMnB-1994-9,829.0,26.0,0.6658239336322415,0.08,0.66,1.92,0.013,0.015,1.54,0.05,0.01,0.01,0.89,,,148.0,260.0,51.0,230.0,13.0,,,,,700.0,32.0,DC,+,4.8,200.0,SA,0.0,0.0
904,514,developpement,Kluket-CuMnB-1994-10,761.0,29.0,0.7922275630895139,0.09,0.63,1.9,0.013,0.015,0.01,0.05,0.01,0.01,0.04,,,165.0,250.0,56.0,190.0,36.0,,,,,700.0,32.0,DC,+,4.8,200.0,SA,0.0,0.0
905,465,developpement,Kluket-CuMnB-1994-11,807.0,27.0,0.7114557993818751,0.08,0.67,1.94,0.013,0.015,0.51,0.05,0.01,0.01,0.43,,,142.0,280.0,57.0,220.0,40.0,,,,,700.0,32.0,DC,+,4.8,200.0,SA,0.0,0.0
906,466,developpement,Kluket-CuMnB-1994-12,869.0,21.0,0.4320660963945745,0.08,0.68,1.94,0.013,0.015,1.54,0.05,0.01,0.01,0.85,,,132.0,290.0,55.0,270.0,44.0,,,,,700.0,32.0,DC,+,4.8,200.0,SA,0.0,0.0
907,405,developpement,Cunh-1982-7018aw1,529.8,27.5,0.3681888618815071,0.07,0.34,0.95,0.027,0.021,0.0,0.0,0.0,0.006,0.0,,,,70.0,90.0,35.0,,60.0,0.0,,90.0,,,DC,+,2.7,250.0,MMA,0.0,0.0
908,405,developpement,Cunh-1982-7018ht1,519.9,29.5,0.37801028806936554,0.07,0.34,0.95,0.027,0.021,0.0,0.0,0.0,0.006,0.0,,,,70.0,90.0,35.0,,60.0,0.0,,90.0,,,DC,+,2.7,250.0,MMA,600.0,2.1
909,230,developpement,Cunh-1982-8018Gaw2,564.1,28.0,0.5195400882097712,0.06,0.28,0.55,0.024,0.041,1.26,0.0,0.0,0.01,0.02,,,,70.0,70.0,35.0,,60.0,0.0,,90.0,,,DC,+,2.2,250.0,MMA,0.0,0.0
910,230,developpement,Cunh-1982-8018Ght2,529.8,24.5,0.2977237577767918,0.06,0.28,0.55,0.024,0.041,1.26,0.0,0.0,0.01,0.02,,,,70.0,70.0,35.0,,60.0,0.0,,90.0,,,DC,+,2.2,250.0,MMA,600.0,2.1
911,509,developpement,Cunh-1982-7016aw3,573.9,28.0,0.5488990425135128,0.09,0.42,0.93,0.011,0.058,0.0,0.0,0.02,0.004,0.08,,,,140.0,160.0,40.0,,120.0,1000.0,,140.0,,,DC,+,2.5,250.0,MMA,0.0,0.0
912,509,developpement,Cunh-1982-7016ht3,541.5,24.5,0.3418539138914828,0.09,0.42,0.93,0.011,0.058,0.0,0.0,0.02,0.004,0.08,,,,140.0,160.0,40.0,,120.0,1000.0,,140.0,,,DC,+,2.5,250.0,MMA,600.0,2.1
913,453,developpement,Cunh-1982-7018Gaw4,591.5,28.0,0.589056129619744,0.08,0.33,0.65,0.015,0.026,0.5,0.35,0.008,0.004,0.02,,,,200.0,140.0,45.0,,150.0,60.0,,140.0,,,DC,+,2.4,250.0,MMA,0.0,0.0
914,453,developpement,Cunh-1982-7018Ght4,600.4,22.7,0.4117494135657746,0.08,0.33,0.65,0.015,0.026,0.5,0.35,0.008,0.004,0.02,,,,200.0,140.0,45.0,,150.0,60.0,,140.0,,,DC,+,2.4,250.0,MMA,600.0,2.1
915,410,developpement,Cunh-1982-8018Gaw5,583.7,24.0,0.42975325675300563,0.07,0.61,1.07,0.025,0.026,0.0,0.0,0.0,0.014,0.0,,,,64.0,94.0,70.0,,40.0,0.0,,64.0,,,DC,+,2.8,250.0,MMA,0.0,0.0
916,410,developpement,Cunh-1982-8018Ght5,555.2,24.5,0.3824330912837051,0.07,0.61,1.07,0.025,0.026,0.0,0.0,0.0,0.014,0.0,,,,64.0,94.0,70.0,,40.0,0.0,,64.0,,,DC,+,2.8,250.0,MMA,600.0,2.1
917,402,developpement,Cunh-1982-7018aw6,552.3,33.0,0.6030944429957128,0.07,0.21,0.75,0.011,0.011,0.0,0.0,0.0,0.0,0.0,,,,0.0,190.0,69.0,,0.0,0.0,,0.0,,,DC,+,2.6,250.0,MMA,0.0,0.0
919,510,developpement,Cunh-1982-7016aw7,569.3,24.0,0.39998903612723025,0.09,0.44,0.9,0.01,0.027,0.0,0.0,0.0,0.0,0.0,,,,200.0,70.0,88.0,,0.0,0.0,,0.0,,,DC,+,1.8,150.0,MMA,0.0,0.0
921,454,developpement,Cunh-1982-8018Gaw8,536.3,22.6,0.26997591892434614,0.08,0.35,0.65,0.01,0.021,1.2,0.0,0.0,0.02,0.0,,,,40.0,100.0,150.0,,0.0,0.0,,0.0,,,DC,+,1.8,140.0,MMA,0.0,0.0
923,234,developpement,Cunh-1982-8018Gaw9,626.9,25.0,0.5192090739363121,0.06,0.53,1.15,0.013,0.015,0.0,0.02,0.0,0.0,0.0,,,,0.0,100.0,57.0,,0.0,0.0,,80.0,,,DC,+,1.8,150.0,MMA,0.0,0.0
925,406,developpement,Cunh-1982-7016aw10,569.3,22.1,0.3528731917128519,0.07,0.47,0.85,0.013,0.024,0.0,0.0,0.0,0.01,0.0,,,,80.0,120.0,43.0,,0.0,0.0,,0.0,,,DC,+,1.8,150.0,MMA,0.0,0.0
927,407,developpement,Cunh-1982-7018ht11,643.5,21.0,0.3718815878632741,0.07,0.47,1.1,0.011,0.02,0.0,0.0,0.0,0.01,0.0,,,,200.0,190.0,53.0,,0.0,0.0,,0.0,,,DC,+,1.9,140.0,MMA,0.0,0.0
929,457,developpement,Cunh-1982-7018aw12,577.5,20.5,0.29292317353822167,0.08,0.49,0.9,0.014,0.029,0.0,0.05,0.0,0.0,0.0,,,,50.0,170.0,108.0,,0.0,0.0,,0.0,,,DC,+,1.9,150.0,MMA,0.0,0.0
931,137,developpement,Cunh-1982-13aw,504.2,33.0,0.3796722953274214,0.05,0.25,1.15,0.015,0.024,0.0,0.0,0.0,0.004,0.12,,,,30.0,140.0,105.0,,50.0,150.0,,60.0,,,DC,+,2.4,200.0,SA,0.0,0.0
932,137,developpement,Cunh-1982-13ht,482.7,29.5,0.20671162434178883,0.05,0.25,1.15,0.015,0.024,0.0,0.0,0.0,0.004,0.12,,,,30.0,140.0,105.0,,50.0,150.0,,60.0,,,DC,+,2.4,200.0,SA,600.0,2.1
933,527,developpement,Cunh-1982-14aw,725.9,24.5,0.5707791201879115,0.1,0.18,1.6,0.015,0.029,0.0,0.0,0.5,0.004,0.14,,,,20.0,110.0,80.0,,100.0,0.0,,60.0,,,DC,+,2.4,200.0,SA,0.0,0.0
934,527,developpement,Cunh-1982-14ht,694.5,25.5,0.5924657226668935,0.1,0.18,1.6,0.015,0.029,0.0,0.0,0.5,0.004,0.14,,,,20.0,110.0,80.0,,100.0,0.0,,60.0,,,DC,+,2.4,200.0,SA,600.0,2.1
935,504,developpement,Cunh-1982-15aw,645.5,27.5,0.6354802556695018,0.09,0.28,1.52,0.015,0.045,0.0,0.0,0.5,0.005,0.1,,,,80.0,110.0,125.0,,50.0,0.0,,70.0,,,DC,+,2.4,200.0,SA,0.0,0.0
936,504,developpement,Cunh-1982-15ht,640.6,27.5,0.6309732466243946,0.09,0.28,1.52,0.015,0.045,0.0,0.0,0.5,0.005,0.1,,,,80.0,110.0,125.0,,50.0,0.0,,70.0,,,DC,+,2.4,200.0,SA,600.0,2.1
937,588,developpement,Cunh-1982-16aw,586.6,32.0,0.710057572252862,0.12,0.22,1.24,0.036,0.019,0.0,0.0,0.0,0.0,0.18,,,,0.0,110.0,110.0,,200.0,150.0,,0.0,,,DC,+,1.7,200.0,SA,0.0,0.0
938,588,developpement,Cunh-1982-16ht,532.7,33.0,0.48891235256724547,0.12,0.22,1.24,0.036,0.019,0.0,0.0,0.0,0.0,0.18,,,,0.0,110.0,110.0,,200.0,150.0,,0.0,,,DC,+,1.7,200.0,SA,600.0,2.1
939,619,test,Cunh-1982-17aw,627.8,30.0,0.7198623183362134,0.15,0.32,1.2,0.017,0.025,0.0,0.0,0.0,0.0,0.0,,,,0.0,99.0,90.0,,0.0,0.0,,0.0,,,DC,+,1.6,200.0,SA,0.0,0.0
940,619,test,Cunh-1982-17ht,586.6,31.0,0.6780323127340947,0.15,0.32,1.2,0.017,0.025,0.0,0.0,0.0,0.0,0.0,,,,0.0,99.0,90.0,,0.0,0.0,,0.0,,,DC,+,1.6,200.0,SA,600.0,1.3
941,447,developpement,Cunh-1982-18aw,596.4,30.0,0.6719204199763913,0.08,0.21,1.2,0.014,0.022,0.0,0.0,0.0,0.0,0.0,,,,0.0,100.0,128.0,,60.0,0.0,,120.0,,,DC,+,1.7,200.0,SA,0.0,0.0
942,447,developpement,Cunh-1982-18ht,569.0,35.0,0.6886369955657217,0.08,0.21,1.2,0.014,0.022,0.0,0.0,0.0,0.0,0.0,,,,0.0,100.0,128.0,,60.0,0.0,,120.0,,,DC,+,1.7,200.0,SA,600.0,1.7
943,524,developpement,Cunh-1982-19aw,593.5,30.0,0.6625224687456885,0.1,0.12,1.2,0.013,0.024,0.0,0.0,0.0,0.0,0.0,,,,0.0,89.0,42.0,,60.0,0.0,,150.0,,,DC,+,1.7,200.0,SA,0.0,0.0
944,524,developpement,Cunh-1982-19ht,487.6,37.0,0.27590267112796657,0.1,0.12,1.2,0.013,0.024,0.0,0.0,0.0,0.0,0.0,,,,0.0,89.0,42.0,,60.0,0.0,,150.0,,,DC,+,1.7,200.0,SA,600.0,2.3
945,176,developpement,Pat-1981-RE2L/BX200,497.0,30.0,0.29383696583164837,0.064,0.27,1.44,0.021,0.024,,,0.02,0.009,0.28,,,590.0,,102.0,,,,,,,625.0,75.36,DC,+,4.6,200.0,TSA,0.0,0.0
950,278,developpement,Pat-1981-S2/BX200,492.0,30.0,0.25799985301089967,0.073,0.33,1.44,0.021,0.018,,,0.02,0.009,0.22,,,563.0,,124.0,,,,,,,625.0,75.36,DC,+,4.6,200.0,TSA,0.0,0.0
955,159,developpement,Pat-1981-RE3L/BX200,526.0,34.0,0.47060181093268755,0.06,0.29,1.68,0.017,0.019,,,0.02,0.01,0.28,,,521.0,,133.0,,,,,,,625.0,75.36,DC,+,4.6,200.0,TSA,0.0,0.0
960,415,developpement,Pat-1981-WB3/BX200,522.0,30.0,0.39348885085691804,0.08,0.31,1.67,0.017,0.017,,,0.03,0.01,0.25,,,502.0,,82.0,,,,,,,625.0,75.36,DC,+,4.6,200.0,TSA,0.0,0.0
965,432,developpement,Pat-1981-S4/BX200,564.0,28.0,0.5172990709125616,0.086,0.28,1.68,0.023,0.02,,,0.01,0.01,0.23,,,487.0,,77.0,,,,,,,625.0,75.36,DC,+,4.6,200.0,TSA,0.0,0.0
970,446,test,Pat-1981-S6/BX200,672.0,24.0,0.5116486160236682,0.089,0.42,2.22,0.022,0.025,,,0.02,0.01,0.06,,,466.0,,82.0,,,,,,,625.0,75.36,DC,+,4.6,200.0,TSA,0.0,0.0
975,411,test,Pat-1981-S2Mo/BX200,554.0,30.0,0.542875847617712,0.08,0.24,1.34,0.023,0.02,,,0.43,0.01,0.15,,,575.0,,86.0,,,,,,,625.0,75.36,DC,+,4.6,200.0,TSA,0.0,0.0
980,491,developpement,Pat-1981-S4Mo/BX200,747.0,25.0,0.6059271058521286,0.095,0.45,1.88,0.02,0.022,,,0.44,0.01,0.26,,,425.0,,84.0,,,,,,,625.0,75.36,DC,+,4.6,200.0,TSA,0.0,0.0
985,289,developpement,Pat-1981-RE2L/BX400,459.0,36.0,0.15259394519237976,0.074,0.16,0.84,0.015,0.026,,,0.02,0.004,0.28,,,415.0,,84.0,,,,,,,625.0,72.24,DC,+,4.4,200.0,TSA,0.0,0.0
990,427,developpement,Pat-1981-S2/BX400,456.0,36.0,0.12196914210337806,0.082,0.18,0.75,0.014,0.02,,,0.02,0.005,0.22,,,381.0,,109.0,,,,,,,625.0,72.24,DC,+,4.4,200.0,TSA,0.0,0.0
995,235,test,Pat-1981-RE3L/BX400,462.0,24.0,0.0946887080124017,0.07,0.16,1.17,0.013,0.02,,,0.02,0.01,0.26,,,368.0,,108.0,,,,,,,625.0,72.24,DC,+,4.4,200.0,TSA,0.0,0.0
1000,556,test,Pat-1981-WB3/BX400,484.0,32.0,0.24137847202867443,0.11,0.16,1.09,0.012,0.018,,,0.03,0.01,0.24,,,353.0,,78.0,,,,,,,625.0,72.24,DC,+,4.4,200.0,TSA,0.0,0.0
1005,497,test,Pat-1981-S4/BX400,503.0,28.0,0.2964937911755604,0.098,0.18,1.29,0.017,0.017,,,0.01,0.01,0.21,,,337.0,,61.0,,,,,,,625.0,72.24,DC,+,4.4,200.0,TSA,0.0,0.0
1010,530,developpement,Pat-1981-S6/BX400,553.0,33.0,0.6061124490470039,0.1,0.24,1.91,0.016,0.016,,,0.02,0.01,0.05,,,228.0,,74.0,,,,,,,625.0,72.24,DC,+,4.4,200.0,TSA,0.0,0.0
1015,492,developpement,Pat-1981-S2Mo/BX400,491.0,32.0,0.2759464507561129,0.096,0.13,0.73,0.018,0.022,,,0.43,0.01,0.14,,,373.0,,81.0,,,,,,,625.0,72.24,DC,+,4.4,200.0,TSA,0.0,0.0
1020,594,test,Pat-1981-S4Mo/BX400,689.0,34.0,0.8918291841041037,0.12,0.27,1.46,0.014,0.026,,,0.48,0.01,0.3,,,365.0,,77.0,,,,,,,625.0,72.24,DC,+,4.4,200.0,TSA,0.0,0.0
1024,486,developpement,Wats-1981-AWO,537.0,22.0,0.2588248877849508,0.094,0.31,1.32,0.009,0.017,0.05,0.04,0.005,0.005,0.11,,,233.0,50.0,95.0,140.0,5.0,50.0,50.0,50.0,50.0,550.0,28.0,DC,+,3.6,100.0,SA,0.0,0.0
1025,571,developpement,Wats-1981-BWO,625.0,19.0,0.2681575214456428,0.11,0.36,1.61,0.017,0.03,0.06,0.052,0.02,0.01,0.12,,,305.0,50.0,95.0,140.0,5.0,200.0,100.0,100.0,100.0,550.0,28.0,DC,+,3.6,100.0,SA,0.0,0.0
1026,533,developpement,Wats-1981-CWO,618.0,18.0,0.22019200638516817,0.1,0.28,1.42,0.011,0.024,0.09,0.08,0.04,0.01,0.15,,,430.0,50.0,150.0,150.0,5.0,300.0,200.0,200.0,200.0,550.0,28.0,DC,+,3.6,100.0,SA,0.0,0.0
1027,449,test,Wats-1981-DWO,635.0,15.0,0.07606329066111929,0.08,0.25,1.35,0.009,0.017,0.09,0.07,0.005,0.005,0.14,,,392.0,50.0,122.0,120.0,5.0,200.0,100.0,50.0,50.0,550.0,28.0,DC,+,3.6,100.0,SA,0.0,0.0
1028,535,developpement,Wats-1981-EWO,621.0,16.0,0.11421715380369948,0.1,0.31,1.37,0.02,0.028,0.08,0.06,0.02,0.005,0.15,,,336.0,50.0,99.0,130.0,5.0,300.0,200.0,50.0,100.0,550.0,28.0,DC,+,3.6,100.0,SA,0.0,0.0
1029,339,developpement,Wats-1981-FWO,625.0,17.0,0.17609804593682776,0.076,0.28,1.27,0.012,0.02,0.1,0.06,0.01,0.005,0.15,,,435.0,50.0,121.0,160.0,5.0,300.0,200.0,50.0,100.0,550.0,28.0,DC,+,3.6,100.0,SA,0.0,0.0
1030,484,developpement,Wats-1981-AW5,486.0,22.0,0.12956110843763696,0.094,0.18,1.05,0.013,0.017,0.1,0.05,0.01,0.005,0.11,,,511.0,50.0,100.0,25.0,5.0,50.0,50.0,50.0,50.0,550.0,28.0,DC,+,3.6,100.0,SA,0.0,0.0
1031,481,test,Wats-1981-BW5,498.0,18.0,0.09571862473692243,0.094,0.16,1.01,0.018,0.026,0.13,0.05,0.01,0.005,0.11,,,569.0,50.0,102.0,25.0,5.0,100.0,50.0,50.0,100.0,550.0,28.0,DC,+,3.6,100.0,SA,0.0,0.0
1032,467,developpement,Wats-1981-CW5,518.0,18.0,0.11793741535650264,0.09,0.15,1.18,0.012,0.018,0.13,0.08,0.03,0.01,0.14,,,621.0,50.0,131.0,25.0,5.0,200.0,100.0,50.0,50.0,550.0,28.0,DC,+,3.6,100.0,SA,0.0,0.0
1033,259,test,Wats-1981-DW5,525.0,15.0,0.04269165705925782,0.072,0.11,0.85,0.015,0.017,0.14,0.07,0.01,0.005,0.14,,,543.0,50.0,119.0,25.0,5.0,100.0,100.0,50.0,50.0,550.0,28.0,DC,+,3.6,100.0,SA,0.0,0.0
1035,330,developpement,Wats-1981-FW5,557.0,16.0,0.08938614782421023,0.076,0.19,1.16,0.02,0.02,0.17,0.07,0.02,0.02,0.17,,,609.0,50.0,131.0,25.0,5.0,200.0,200.0,200.0,100.0,550.0,28.0,DC,+,3.6,100.0,SA,0.0,0.0
1036,47,developpement,EvHtIp1979-0.6A,496.0,31.0,0.2946026487011697,0.044,0.32,0.62,0.007,0.007,,,,,,,,,,,,,,,,,,,DC,+,0.6,200.0,MMA,250.0,14.0
1038,61,developpement,EvHtIp1979-0.6B,527.0,27.8,0.3690267421210324,0.046,0.31,0.96,0.008,0.012,,,,,,,,,,,,,,,,,,,DC,+,0.6,200.0,MMA,250.0,14.0
1040,100,developpement,EvHtIp1979-0.6C,575.0,26.8,0.5089988479384713,0.05,0.38,1.42,0.007,0.009,,,,,,,,,,,,,,,,,,,DC,+,0.6,200.0,MMA,250.0,14.0
1042,120,developpement,EvHtIp1979-0.6D,633.0,24.2,0.4940939700532757,0.055,0.35,1.93,0.007,0.011,,,,,,,,,,,,,,,,,,,DC,+,0.6,200.0,MMA,250.0,14.0
1044,10,test,EvHtIp1979-1.0A,466.0,32.0,0.17812266803724505,0.037,0.29,0.6,0.006,0.009,,,,,,,,,,,,,,,,,,,DC,+,1.0,200.0,MMA,250.0,14.0
1046,21,developpement,EvHtIp1979-1.0B,501.0,32.6,0.36063124896797955,0.039,0.29,0.94,0.007,0.011,,,,,,,,,,,,,,,,,,,DC,+,1.0,200.0,MMA,250.0,14.0
1048,79,developpement,EvHtIp1979-1.0C,551.0,29.8,0.5268612762027393,0.048,0.35,1.41,0.006,0.012,,,,,,,,,,,,,,,,,,,DC,+,1.0,200.0,MMA,250.0,14.0
1050,106,developpement,EvHtIp1979-1.0D,587.0,29.2,0.6223611010619295,0.051,0.32,1.8,0.006,0.012,,,,,,,,,,,,,,,,,,,DC,+,1.0,200.0,MMA,250.0,14.0
1052,16,developpement,EvHtIp1979-2.2A,457.0,30.0,0.12228150134319797,0.038,0.24,0.55,0.007,0.005,,,,,,,,,,,,,,,,,,,DC,+,2.2,200.0,MMA,250.0,14.0
1054,6,developpement,EvHtIp1979-2.2B,478.0,32.6,0.21896690634976987,0.036,0.24,0.89,0.008,0.01,,,,,,,,,,,,,,,,,,,DC,+,2.2,200.0,MMA,250.0,14.0
1056,34,developpement,EvHtIp1979-2.2C,518.0,29.8,0.37128216159968613,0.042,0.28,1.37,0.007,0.012,,,,,,,,,,,,,,,,,,,DC,+,2.2,200.0,MMA,250.0,14.0
1058,51,developpement,EvHtIp1979-2.2D,548.0,32.0,0.5693849775489517,0.045,0.26,1.69,0.007,0.012,,,,,,,,,,,,,,,,,,,DC,+,2.2,200.0,MMA,250.0,14.0
1060,38,developpement,EvHtIp1979-4.3A,453.0,32.6,0.09792497748418315,0.043,0.2,0.52,0.009,0.01,,,,,,,,,,,,,,,,,,,DC,+,4.3,200.0,MMA,250.0,14.0
1062,32,developpement,EvHtIp1979-4.3B,484.0,32.6,0.2460334609792761,0.042,0.2,0.93,0.008,0.011,,,,,,,,,,,,,,,,,,,DC,+,4.3,200.0,MMA,250.0,14.0
1064,39,test,EvHtIp1979-4.3C,500.0,31.8,0.34561667645568095,0.043,0.24,1.37,0.008,0.013,,,,,,,,,,,,,,,,,,,DC,+,4.3,200.0,MMA,250.0,14.0
1066,66,developpement,EvHtIp1979-4.3D,541.0,30.0,0.4876445501618134,0.047,0.25,1.73,0.007,0.014,,,,,,,,,,,,,,,,,,,DC,+,4.3,200.0,MMA,250.0,14.0
1084,7,developpement,Evans-intpss-1978-A20,506.0,28.8,0.3192238160957473,0.036,0.31,0.6,0.008,0.012,,,,,,,,,,,,,,,,,170.0,21.0,DC,+,1.0,20.0,MMA,0.0,0.0
1085,41,developpement,Evans-intpss-1978-B20,554.0,30.6,0.5579324526235574,0.043,0.3,1.03,0.007,0.013,,,,,,,,,,,,,,,,,170.0,21.0,DC,+,1.0,20.0,MMA,0.0,0.0
1086,62,developpement,Evans-intpss-1978-C20,597.0,26.6,0.5496503855474544,0.046,0.31,1.39,0.008,0.015,,,,,,,,,,,,,,,,,170.0,21.0,DC,+,1.0,20.0,MMA,0.0,0.0
1087,99,developpement,Evans-intpss-1978-D20,657.0,22.0,0.4256244888893184,0.05,0.31,1.79,0.007,0.015,,,,,,,,,,,,,,,,,170.0,21.0,DC,+,1.0,20.0,MMA,0.0,0.0
1088,20,developpement,Evans-intpss-1978-A150,475.0,30.6,0.18475594399995895,0.039,0.28,0.58,0.008,0.012,,,,,,,,,,,,,,,,,170.0,21.0,DC,+,1.0,150.0,MMA,0.0,0.0
1089,69,developpement,Evans-intpss-1978-B150,519.0,29.0,0.36216646832810184,0.047,0.31,1.0,0.008,0.015,,,,,,,,,,,,,,,,,170.0,21.0,DC,+,1.0,150.0,MMA,0.0,0.0
1090,63,test,Evans-intpss-1978-C150,556.0,28.6,0.5088506015846626,0.046,0.31,1.4,0.007,0.012,,,,,,,,,,,,,,,,,170.0,21.0,DC,+,1.0,150.0,MMA,0.0,0.0
1091,81,test,Evans-intpss-1978-D150,600.0,29.6,0.6703156110310479,0.049,0.31,1.77,0.007,0.014,,,,,,,,,,,,,,,,,170.0,21.0,DC,+,1.0,150.0,MMA,0.0,0.0
1092,9,developpement,Evans-intpss-1978-A240,465.0,34.8,0.1734387707973964,0.037,0.28,0.6,0.008,0.01,,,,,,,,,,,,,,,,,170.0,21.0,DC,+,1.0,240.0,MMA,0.0,0.0
1093,36,developpement,Evans-intpss-1978-B240,499.0,34.6,0.3597333660060678,0.042,0.32,1.02,0.007,0.012,,,,,,,,,,,,,,,,,170.0,21.0,DC,+,1.0,240.0,MMA,0.0,0.0
1094,70,test,Evans-intpss-1978-C240,525.0,32.0,0.4454685703602662,0.047,0.31,1.37,0.008,0.013,,,,,,,,,,,,,,,,,170.0,21.0,DC,+,1.0,240.0,MMA,0.0,0.0
1095,71,developpement,Evans-intpss-1978-D240,566.0,31.4,0.6277162654901794,0.047,0.32,1.75,0.007,0.015,,,,,,,,,,,,,,,,,170.0,21.0,DC,+,1.0,240.0,MMA,0.0,0.0
1096,33,developpement,Evans-intpss-1978-A300,452.0,34.2,0.08699631816921909,0.042,0.25,0.55,0.008,0.01,,,,,,,,,,,,,,,,,170.0,21.0,DC,+,1.0,300.0,MMA,0.0,0.0
1097,53,developpement,Evans-intpss-1978-B300,486.0,34.8,0.26412560626195736,0.045,0.3,0.99,0.008,0.01,,,,,,,,,,,,,,,,,170.0,21.0,DC,+,1.0,300.0,MMA,0.0,0.0
1098,67,developpement,Evans-intpss-1978-C300,513.0,33.4,0.4064815546021379,0.047,0.27,1.32,0.007,0.012,,,,,,,,,,,,,,,,,170.0,21.0,DC,+,1.0,300.0,MMA,0.0,0.0
1099,68,developpement,Evans-intpss-1978-D300,533.0,32.2,0.48516103756136636,0.047,0.28,1.66,0.007,0.012,,,,,,,,,,,,,,,,,170.0,21.0,DC,+,1.0,300.0,MMA,0.0,0.0
1126,452,developpement,Gar&K-1975-12mm-14aw,707.0,23.0,0.49859345952970785,0.08,0.3,1.35,0.013,0.014,0.03,0.03,0.005,0.046,0.043,,,420.0,50.0,90.0,230.0,,150.0,,,,650.0,33.0,DC,+,3.3,300.0,SA,0.0,0.0
1127,452,developpement,Gar&K-1975-12mm-14ht,670.0,26.0,0.5965161943279378,0.08,0.3,1.35,0.013,0.014,0.03,0.03,0.005,0.046,0.043,,,420.0,50.0,90.0,230.0,,150.0,,,,650.0,33.0,DC,+,3.3,300.0,SA,600.0,0.75
1128,450,developpement,Gar&K-1975-12mm-15aw,694.0,22.0,0.44594426872723386,0.08,0.28,1.39,0.011,0.015,0.028,0.03,0.17,0.049,0.044,,,340.0,50.0,54.0,120.0,,150.0,,,,650.0,33.0,DC,+,3.3,300.0,SA,0.0,0.0
1129,450,developpement,Gar&K-1975-12mm-15ht,732.0,22.0,0.46763345996522837,0.08,0.28,1.39,0.011,0.015,0.028,0.03,0.17,0.049,0.044,,,340.0,50.0,54.0,120.0,,150.0,,,,650.0,33.0,DC,+,3.3,300.0,SA,600.0,0.75
1130,451,developpement,Gar&K-1975-12mm-16aw,692.0,21.0,0.3964856222042963,0.08,0.29,1.33,0.01,0.017,0.032,0.03,0.43,0.05,0.053,,,450.0,50.0,95.0,100.0,,150.0,,,,650.0,33.0,DC,+,3.3,300.0,SA,0.0,0.0
1131,451,developpement,Gar&K-1975-12mm-16ht,766.0,22.0,0.476765240344807,0.08,0.29,1.33,0.01,0.017,0.032,0.03,0.43,0.05,0.053,,,450.0,50.0,95.0,100.0,,150.0,,,,650.0,33.0,DC,+,3.3,300.0,SA,600.0,0.75
1132,622,developpement,Gar&K-1975-12mm-17aw,524.0,27.0,0.33633302310979285,0.16,0.13,1.06,0.028,0.013,0.03,0.02,0.005,0.005,0.048,,,410.0,50.0,67.0,120.0,,50.0,,,,650.0,33.0,DC,+,3.3,300.0,SA,0.0,0.0
1133,622,developpement,Gar&K-1975-12mm-17ht,494.0,27.0,0.227296538984021,0.16,0.13,1.06,0.028,0.013,0.03,0.02,0.005,0.005,0.048,,,410.0,50.0,67.0,120.0,,50.0,,,,650.0,33.0,DC,+,3.3,300.0,SA,600.0,0.75
1134,592,developpement,Gar&K-1975-12mm-18aw,689.0,28.0,0.7016691648778255,0.12,0.26,1.4,0.012,0.014,0.057,0.05,0.009,0.056,0.106,,,420.0,50.0,138.0,140.0,,50.0,,,,650.0,33.0,DC,+,3.3,300.0,SA,0.0,0.0
1135,592,developpement,Gar&K-1975-12mm-18ht,704.0,23.0,0.4960001385019003,0.12,0.26,1.4,0.012,0.014,0.057,0.05,0.009,0.056,0.106,,,420.0,50.0,138.0,140.0,,50.0,,,,650.0,33.0,DC,+,3.3,300.0,SA,600.0,0.75
1136,562,developpement,Gar&K-1975-12mm-19aw,716.0,26.0,0.6371323769629812,0.11,0.26,1.44,0.008,0.012,0.069,0.056,0.01,0.105,0.076,,,410.0,50.0,145.0,170.0,,50.0,,,,650.0,33.0,DC,+,3.3,300.0,SA,0.0,0.0
1137,562,developpement,Gar&K-1975-12mm-19ht,701.0,26.0,0.6233120955417052,0.11,0.26,1.44,0.008,0.012,0.069,0.056,0.01,0.105,0.076,,,410.0,50.0,145.0,170.0,,50.0,,,,650.0,33.0,DC,+,3.3,300.0,SA,600.0,0.75
1138,621,developpement,Gar&K-1975-12mm-20aw,577.0,20.0,0.2735258413842245,0.16,0.12,1.04,0.027,0.012,0.027,0.02,0.15,0.005,0.041,,,420.0,50.0,67.0,90.0,,50.0,,,,650.0,33.0,DC,+,3.3,300.0,SA,0.0,0.0
1139,621,developpement,Gar&K-1975-12mm-20ht,562.0,26.0,0.4458258670803626,0.16,0.12,1.04,0.027,0.012,0.027,0.02,0.15,0.005,0.041,,,420.0,50.0,67.0,90.0,,50.0,,,,650.0,33.0,DC,+,3.3,300.0,SA,600.0,0.75
1140,538,test,Gar&K-1975-12mm-21aw,704.0,25.0,0.580475279527272,0.1,0.35,1.54,0.009,0.016,0.06,0.049,0.18,0.057,0.11,,,420.0,50.0,138.0,160.0,,50.0,,,,650.0,33.0,DC,+,3.3,300.0,SA,0.0,0.0
1141,538,test,Gar&K-1975-12mm-21ht,692.0,26.0,0.6138194785715285,0.1,0.35,1.54,0.009,0.016,0.06,0.049,0.18,0.057,0.11,,,420.0,50.0,138.0,160.0,,50.0,,,,650.0,33.0,DC,+,3.3,300.0,SA,600.0,0.75
1142,565,developpement,Gar&K-1975-12mm-22aw,716.0,25.0,0.5906736953479175,0.11,0.27,1.47,0.008,0.012,0.07,0.054,0.22,0.095,0.072,,,480.0,50.0,139.0,220.0,,50.0,,,,650.0,33.0,DC,+,3.3,300.0,SA,0.0,0.0
1143,565,developpement,Gar&K-1975-12mm-22ht,735.0,25.0,0.5994374593320497,0.11,0.27,1.47,0.008,0.012,0.07,0.054,0.22,0.095,0.072,,,480.0,50.0,139.0,220.0,,50.0,,,,650.0,33.0,DC,+,3.3,300.0,SA,600.0,0.75
1144,620,test,Gar&K-1975-12mm-23aw,670.0,25.0,0.5530191802810102,0.16,0.12,1.0,0.032,0.014,0.028,0.02,0.39,0.005,0.043,,,450.0,50.0,62.0,120.0,,50.0,,,,650.0,33.0,DC,+,3.3,300.0,SA,0.0,0.0
1145,620,test,Gar&K-1975-12mm-23ht,624.0,22.0,0.4035221397991234,0.16,0.12,1.0,0.032,0.014,0.028,0.02,0.39,0.005,0.043,,,450.0,50.0,62.0,120.0,,50.0,,,,650.0,33.0,DC,+,3.3,300.0,SA,600.0,0.75
1146,601,developpement,Gar&K-1975-12mm-24aw,744.0,24.0,0.5580253801953182,0.12,0.33,1.47,0.014,0.014,0.06,0.05,0.39,0.055,0.11,,,400.0,50.0,136.0,150.0,,50.0,,,,650.0,33.0,DC,+,3.3,300.0,SA,0.0,0.0
1147,601,developpement,Gar&K-1975-12mm-24ht,747.0,24.0,0.5589866649392102,0.12,0.33,1.47,0.014,0.014,0.06,0.05,0.39,0.055,0.11,,,400.0,50.0,136.0,150.0,,50.0,,,,650.0,33.0,DC,+,3.3,300.0,SA,600.0,0.75
1148,560,developpement,Gar&K-1975-12mm-25aw,735.0,25.0,0.5994374593320497,0.11,0.25,1.33,0.008,0.011,0.067,0.053,0.44,0.097,0.072,,,440.0,50.0,145.0,180.0,,50.0,,,,650.0,33.0,DC,+,3.3,300.0,SA,0.0,0.0
1149,560,developpement,Gar&K-1975-12mm-25ht,740.0,24.0,0.5560978256266306,0.11,0.25,1.33,0.008,0.011,0.067,0.053,0.44,0.097,0.072,,,440.0,50.0,145.0,180.0,,50.0,,,,650.0,33.0,DC,+,3.3,300.0,SA,600.0,0.75
1150,575,developpement,Gar&K-1975-12mmE-26aw,596.0,29.0,0.6300092230227665,0.11,0.38,1.5,0.029,,,,0.0,0.0025,,,,,0.0,,,,0.0,,,,650.0,33.0,DC,+,3.3,300.0,SA,600.0,0.75
1153,615,developpement,Gar&K-1975-12mmE-29aw,714.0,34.0,0.9270275542091618,0.14,0.38,1.65,0.028,,,,0.5,0.0025,,,,,0.0,,,,0.0,,,,650.0,33.0,DC,+,3.3,300.0,SA,600.0,0.75
1156,598,test,Ga&K-1975II-1aw,652.0,21.0,0.3780882089754665,0.12,0.3,1.4,0.016,0.025,0.14,0.11,0.025,,0.25,,,210.0,,50.0,150.0,,50.0,,,,650.0,33.0,DC,+,3.3,300.0,SA,0.0,0.0
1157,570,developpement,Ga&K-1975II-2aw,649.0,25.0,0.5393908038950364,0.11,0.35,1.42,0.01,0.016,0.067,0.075,0.022,,0.17,,,260.0,,80.0,180.0,,230.0,,,,650.0,33.0,DC,+,3.3,300.0,SA,0.0,0.0
1158,569,test,Ga&K-1975II-3aw,560.0,25.0,0.4102530336648604,0.11,0.33,1.41,0.019,0.023,0.065,0.082,0.016,,0.19,,,,,,240.0,,180.0,,,,450.0,30.0,DC,+,1.9,300.0,SA,0.0,0.0
1159,568,developpement,Ga&K-1975II-4aw,618.0,26.0,0.547588957457224,0.11,0.31,1.37,0.013,0.019,0.09,0.06,0.018,,0.18,,,,,,220.0,,120.0,,,,650.0,33.0,DC,+,3.3,300.0,SA,0.0,0.0
1160,618,developpement,Ga&K-1975II-5aw,598.0,16.0,0.10904607814970114,0.15,0.31,1.23,0.015,0.02,0.06,0.065,0.02,,0.15,,,,,,250.0,,200.0,,,,850.0,38.0,DC,+,7.6,300.0,SA,0.0,0.0
1161,455,developpement,Ga&K-1975II-6aw,556.0,25.0,0.3987118642781348,0.08,0.36,1.6,0.017,0.021,0.065,0.075,0.017,,0.18,,,,,,300.0,,170.0,,,,450.0,30.0,DC,+,1.9,300.0,SA,0.0,0.0
1162,508,developpement,Ga&K-1975II-7aw,647.0,22.0,0.4184481366247254,0.09,0.4,1.6,0.016,0.016,0.04,0.055,0.015,,0.11,,,400.0,,80.0,270.0,,150.0,,,,650.0,33.0,DC,+,3.3,300.0,SA,0.0,0.0
1163,540,developpement,Ga&K-1975II-8aw,581.0,18.0,0.20052083333333334,0.1,0.38,1.5,0.02,0.021,0.055,0.065,0.017,,0.14,,,,,,310.0,,200.0,,,,850.0,38.0,DC,+,7.6,300.0,SA,0.0,0.0
1164,596,developpement,Ga&K-1975II-9aw,717.0,21.0,0.41228761010993176,0.12,0.29,1.5,0.008,0.017,0.085,0.075,0.3,,0.19,,,,,,190.0,,100.0,,,,650.0,33.0,DC,+,3.3,300.0,SA,0.0,0.0
1165,512,developpement,Ga&K-1975II-10aw,712.0,22.0,0.4589353775232724,0.09,0.46,1.81,0.017,0.024,0.1,0.08,0.28,,0.21,,,340.0,,100.0,260.0,,140.0,,,,650.0,33.0,DC,+,3.3,300.0,SA,0.0,0.0
1220,532,test,EPRI-TR-101394s-E9SA6,747.0,19.0,0.3141233875472608,0.1,0.27,0.6,0.002,0.011,0.13,8.75,1.02,0.2,0.09,0.017,0.05,,20.0,390.0,160.0,5.0,,30.0,40.0,,400.0,31.5,AC,+,1.4,177.0,SAA,746.0,4.0
1221,532,test,EPRI-TR-101394s-E9SA6,734.0,22.0,0.46807234646254753,0.1,0.27,0.6,0.002,0.011,0.13,8.75,1.02,0.2,0.09,0.017,0.05,,20.0,390.0,160.0,5.0,,30.0,40.0,,400.0,31.5,AC,+,1.4,177.0,SAA,746.0,4.0
1222,563,developpement,EPRI-TR-101394s-E9SA8,727.0,23.0,0.5087138842418668,0.11,0.27,0.6,0.002,0.01,0.14,8.77,1.01,0.2,0.1,0.017,0.05,,20.0,370.0,0.014,5.0,,40.0,50.0,,400.0,31.5,AC,+,1.4,177.0,SAA,746.0,4.0
1223,563,developpement,EPRI-TR-101394s-E9SA8,735.0,21.0,0.41765020636708916,0.11,0.27,0.6,0.002,0.01,0.14,8.77,1.01,0.2,0.1,0.017,0.05,,20.0,370.0,0.014,5.0,,40.0,50.0,,400.0,31.5,AC,+,1.4,177.0,SAA,746.0,4.0
1224,471,developpement,EPRI-TR-101394s-E9GT3,747.0,20.0,0.3675042267640647,0.09,0.34,0.48,0.004,0.011,0.08,8.6,0.98,0.22,0.05,0.02,0.05,,20.0,260.0,0.005,5.0,,30.0,50.0,,390.0,11.5,DC,+,1.9,177.0,GTAA,746.0,4.0
1225,471,developpement,EPRI-TR-101394s-E9GT3,756.0,24.0,0.5607128244723654,0.09,0.34,0.48,0.004,0.011,0.08,8.6,0.98,0.22,0.05,0.02,0.05,,20.0,260.0,0.005,5.0,,30.0,50.0,,390.0,11.5,DC,+,1.9,177.0,GTAA,746.0,4.0
1226,424,developpement,EPRI-TR-101394s-E9GT4,783.0,26.0,0.6622869952879975,0.081,0.34,0.49,0.004,0.012,0.08,8.57,0.98,0.22,0.05,0.021,0.05,,20.0,240.0,0.004,5.0,,30.0,60.0,,300.0,12.5,DC,+,1.4,177.0,GTAA,746.0,1.0
1227,424,developpement,EPRI-TR-101394s-E9GT4,817.0,21.0,0.4296495208910005,0.081,0.34,0.49,0.004,0.012,0.08,8.57,0.98,0.22,0.05,0.021,0.05,,20.0,240.0,0.004,5.0,,30.0,60.0,,300.0,12.5,DC,+,1.4,177.0,GTAA,746.0,1.0
1228,567,developpement,EPRI-TR-101394s-E9GM2,726.0,20.0,0.36044844117975444,0.11,0.3,0.44,0.004,0.011,0.08,8.58,1.0,0.22,0.05,0.02,0.05,,20.0,340.0,0.004,5.0,,20.0,50.0,,275.0,28.5,DC,+,1.2,177.0,GMAA,746.0,4.0
1229,567,developpement,EPRI-TR-101394s-E9GM2,726.0,20.0,0.36044844117975444,0.11,0.3,0.44,0.004,0.011,0.08,8.58,1.0,0.22,0.05,0.02,0.05,,20.0,340.0,0.004,5.0,,20.0,50.0,,275.0,28.5,DC,+,1.2,177.0,GMAA,746.0,4.0
1230,589,developpement,EPRI-TR-101394s-E9GM3,767.0,20.0,0.37039751024061685,0.12,0.24,0.53,0.001,0.01,0.13,8.61,1.03,0.2,0.09,0.016,0.05,,20.0,430.0,0.013,5.0,,30.0,50.0,,285.0,28.5,DC,+,1.3,177.0,GMAA,746.0,4.0
1231,589,developpement,EPRI-TR-101394s-E9GM3,772.0,19.0,0.31702453736527497,0.12,0.24,0.53,0.001,0.01,0.13,8.61,1.03,0.2,0.09,0.016,0.05,,20.0,430.0,0.013,5.0,,30.0,50.0,,285.0,28.5,DC,+,1.3,177.0,GMAA,746.0,4.0
1232,529,test,Chandel&-1985W1,610.0,27.0,0.5788631417375097,0.1,0.22,0.55,0.009,0.013,0.21,2.68,1.05,,,,,260.0,,,200.0,,,,,,500.0,32.0,DC,+,2.0,250.0,NGSAW,690.0,10.0
1238,233,developpement,Chandel&-1985W2,592.0,27.0,0.5521931089269776,0.06,0.49,0.67,0.011,0.009,0.21,2.63,1.06,,,,,850.0,,,150.0,,,,,,500.0,32.0,DC,+,2.0,250.0,NGSAW,690.0,10.0
1243,528,developpement,Chandel&-1985W3,592.0,29.0,0.6211306003219049,0.1,0.19,0.53,0.007,0.007,0.2,2.7,1.03,,,,,220.0,,,150.0,,,,,,500.0,32.0,DC,+,2.0,250.0,NGSAW,690.0,10.0
1249,503,developpement,Chandel&-1985W4,627.0,23.0,0.4446868235573489,0.09,0.24,0.68,0.013,0.006,0.2,2.22,1.03,,,,,520.0,,,100.0,,,,,,500.0,30.0,DC,+,3.6,200.0,NGGMA,690.0,10.0
1285,429,developpement,Blond&-1984-A530a,635.0,25.6,0.548078103692709,0.084,0.415,1.24,0.011,0.015,0.05,0.037,0.385,,0.105,,,480.0,,86.0,,,,60.0,150.0,5.0,,,DC,+,2.4,100.0,SA,550.0,1.83
1286,429,developpement,Blond&-1984-A530b,605.0,28.8,0.6402983666982983,0.084,0.415,1.24,0.011,0.015,0.05,0.037,0.385,,0.105,,,480.0,,86.0,,,,60.0,150.0,5.0,,,DC,+,2.4,100.0,SA,550.0,1.83
1287,429,developpement,Blond&-1984-A530c,658.0,23.8,0.4911042525865939,0.084,0.415,1.24,0.011,0.015,0.05,0.037,0.385,,0.105,,,480.0,,86.0,,,,60.0,150.0,5.0,,,DC,+,2.4,100.0,SA,550.0,1.83
1291,428,developpement,Blond&-1984-10CD9.10a,638.0,23.3,0.4643993784543812,0.084,0.3,0.54,0.005,0.008,0.036,2.2,1.05,,0.035,,,660.0,,66.0,,,,40.0,70.0,4.0,,,DC,+,2.4,175.0,SA,690.0,2.33
1292,428,developpement,Blond&-1984-10CD9.10b,664.0,23.6,0.48749135569135404,0.084,0.3,0.54,0.005,0.008,0.036,2.2,1.05,,0.035,,,660.0,,66.0,,,,40.0,70.0,4.0,,,DC,+,2.4,175.0,SA,690.0,2.33
1293,428,developpement,Blond&-1984-10CD9.10c,653.0,21.5,0.394679896804027,0.084,0.3,0.54,0.005,0.008,0.036,2.2,1.05,,0.035,,,660.0,,66.0,,,,40.0,70.0,4.0,,,DC,+,2.4,175.0,SA,690.0,2.33
1297,156,developpement,Blond&-1984-14MNDV5a,678.0,24.5,0.5386091050019988,0.06,0.2,1.15,0.007,0.017,0.16,0.052,0.45,,0.128,,,350.0,,97.0,,,,140.0,160.0,15.0,,,DC,+,2.4,125.0,SA,605.0,1.92
1298,156,developpement,Blond&-1984-14MNDV5b,730.0,22.5,0.4871524858220841,0.06,0.2,1.15,0.007,0.017,0.16,0.052,0.45,,0.128,,,350.0,,97.0,,,,140.0,160.0,15.0,,,DC,+,2.4,125.0,SA,605.0,1.92
1299,156,developpement,Blond&-1984-14MNDV5c,708.0,24.8,0.5707748296478896,0.06,0.2,1.15,0.007,0.017,0.16,0.052,0.45,,0.128,,,350.0,,97.0,,,,140.0,160.0,15.0,,,DC,+,2.4,125.0,SA,605.0,1.92
1303,558,test,Natsume-1990-hl,707.0,22.0,0.45584902524365056,0.11,0.18,0.7,,,0.13,2.28,0.27,,,,,,,62.0,,,200.0,,,,535.0,63.0,AC,0,1.8,225.0,TSA,690.0,24.0
1304,526,test,Natsume-1990-hh,703.0,20.0,0.3517375745593287,0.1,0.17,0.67,,,0.14,2.31,0.29,,,,,,,240.0,,,240.0,,,,535.0,63.0,AC,0,1.8,225.0,TSA,690.0,24.0
1305,557,developpement,Natsume-1990-ll,700.0,22.0,0.4505821909820656,0.11,0.17,0.65,,,0.02,2.28,0.27,,,,,,,68.0,,,68.0,,,,535.0,63.0,AC,0,1.8,225.0,TSA,690.0,24.0
1306,525,developpement,Natsume-1990-lh,702.0,21.0,0.4036806590599301,0.1,0.16,0.61,,,0.02,2.27,0.27,,,,,,,260.0,,,260.0,,,,535.0,63.0,AC,0,1.8,225.0,TSA,690.0,24.0
1307,401,developpement,Mart-A,540.0,24.0,0.319050273870662,0.07,0.08,0.98,0.01,0.01,0.27,2.07,1.07,0.015,,,,891.0,,97.0,,,,0.009,0.01,0.008,300.0,28.0,DC,+,2.04,150.0,FCA,690.0,10.0
1319,74,developpement,Mart-B,598.0,22.0,0.38269400979421986,0.048,0.13,1.06,0.014,0.016,0.23,2.02,1.3,0.02,,,,768.0,,266.0,,,,0.008,0.03,0.008,300.0,28.0,DC,+,1.96,150.0,FCA,690.0,10.0
1328,37,developpement,Mart-C,600.0,19.0,0.25634843129843154,0.043,0.12,0.86,0.011,0.017,0.2,2.01,0.93,0.02,,,,922.0,,123.0,,,,0.008,0.008,0.008,300.0,20.0,DC,+,2.08,150.0,FCA,690.0,10.0
1336,31,test,Mart-D,620.0,20.0,0.31015627733172285,0.042,0.14,1.33,0.012,0.015,0.26,2.39,1.21,0.015,,,,735.0,,236.0,,,,0.008,0.016,0.008,300.0,28.0,DC,+,1.96,150.0,FCA,690.0,10.0
1346,73,developpement,Mart-E,620.0,11.0,0.0513374323013446,0.047,0.42,1.0,0.015,0.016,0.17,2.29,1.04,0.018,,,,695.0,,165.0,,,,0.008,0.034,0.008,300.0,28.0,DC,+,2.08,150.0,FCA,690.0,10.0
1356,293,developpement,Mart-F,675.0,24.0,0.5154123263706141,0.074,0.27,1.11,0.009,0.024,0.17,2.3,0.96,0.018,,,,556.0,,113.0,,,,0.008,0.032,0.008,290.0,29.0,DC,+,2.0,150.0,FCA,690.0,10.0
1367,169,developpement,Mart-G,708.0,16.0,0.13011552682172672,0.062,0.24,1.24,0.14,0.25,0.22,2.17,0.98,0.18,,,,408.0,,269.0,,,,0.008,0.31,0.008,290.0,29.0,DC,+,2.0,150.0,FCA,690.0,10.0
1377,121,developpement,Sw&Rog-1973a,901.0,15.0,0.09004932417723341,0.055,0.37,0.82,0.021,0.008,0.086,2.5,0.99,0.005,0.51,,,694.0,50.0,160.0,130.0,,,50.0,50.0,9.0,,,DC,+,3.6,177.0,TSA,0.0,0.0
1378,121,developpement,Sw&Rog-1973b,909.0,16.8,0.17743453560297082,0.055,0.37,0.82,0.021,0.008,0.086,2.5,0.99,0.005,0.51,,,694.0,50.0,160.0,130.0,,,50.0,50.0,9.0,,,DC,+,3.6,177.0,TSA,482.0,4.5
1379,121,developpement,Sw&Rog-1973c,811.0,16.0,0.13720191472394652,0.055,0.37,0.82,0.021,0.008,0.086,2.5,0.99,0.005,0.51,,,694.0,50.0,160.0,130.0,,,50.0,50.0,9.0,,,DC,+,3.6,177.0,TSA,593.0,4.5
1380,121,developpement,Sw&Rog-1973d,569.0,25.8,0.45595561865115875,0.055,0.37,0.82,0.021,0.008,0.086,2.5,0.99,0.005,0.51,,,694.0,50.0,160.0,130.0,,,50.0,50.0,9.0,,,DC,+,3.6,177.0,TSA,704.0,4.5
1381,605,developpement,Kik-ngsaw,585.0,23.0,0.39966535344993803,0.13,0.17,0.73,0.003,0.008,0.06,2.3,1.0,0.021,0.08,,,,5.0,,140.0,,10.0,5.0,50.0,20.0,450.0,26.0,DC,+,2.8,225.0,NGSAW,690.0,14.0
1382,564,developpement,Kik-nggma,570.0,28.0,0.5407246280013372,0.11,0.27,0.65,0.005,0.007,0.02,2.47,1.12,0.012,0.17,,,,5.0,,60.0,,30.0,5.0,30.0,5.0,277.5,27.0,DC,+,1.85,175.0,NGGMA,690.0,14.0
1383,225,developpement,Wolst-1974-A,698.0,17.0,0.19561066650486475,0.069,0.53,0.58,0.018,0.014,,2.6,1.1,,,,,430.0,,,,,,,,,150.0,37.5,DC,+,1.0,300.0,MMA,690.0,3.0
1384,102,developpement,Wolst-1974-B,705.0,17.0,0.19813605747326843,0.05,0.45,0.73,0.015,0.018,,2.8,1.1,,,,,460.0,,,,,,,,,150.0,37.5,DC,+,1.0,300.0,MMA,690.0,3.0
1385,110,test,Wolst-1974-C,713.0,18.0,0.25508429525391246,0.051,0.43,0.76,0.024,0.019,,2.8,1.1,,,,,410.0,,,,,,,,,150.0,37.5,DC,+,1.0,300.0,MMA,690.0,3.0
1386,198,developpement,Wolst-1974-E,658.0,18.0,0.23697916666666666,0.067,0.13,0.94,0.017,0.026,,2.9,1.4,,,,,550.0,,,,,,,,,150.0,37.5,DC,+,1.0,300.0,MMA,690.0,3.0
1387,126,developpement,Wolst-1974-F,578.0,23.0,0.3893918614631369,0.058,0.2,0.55,0.027,0.027,,1.8,1.2,,,,,730.0,,,,,,,,,150.0,37.5,DC,+,1.0,300.0,MMA,690.0,3.0
1388,580,developpement,Wolst-1974-G,737.0,18.0,0.26100194646597513,0.125,0.39,0.88,0.025,0.028,,2.5,1.4,,,,,470.0,,,,,,,,,150.0,37.5,DC,+,1.0,300.0,MMA,690.0,3.0
1389,112,developpement,Wolst-1974-K,652.0,20.0,0.32912909055863343,0.053,0.3,0.84,0.019,0.012,,2.1,1.3,,,,,690.0,,,,,,,,,150.0,37.5,DC,+,1.0,300.0,MMA,690.0,3.0
1390,324,developpement,Wolst-1974-N,648.0,18.0,0.23314201140643634,0.075,0.35,0.8,0.02,0.017,,2.3,1.5,,,,,550.0,,,,,,,,,150.0,37.5,DC,+,1.0,300.0,MMA,690.0,3.0
1391,185,developpement,Wolst-1974-Y,693.0,20.0,0.3455473793864231,0.065,0.39,0.77,0.029,0.016,,2.4,1.4,,,,,560.0,,,,,,,,,150.0,37.5,DC,+,1.0,300.0,MMA,690.0,3.0
1392,165,developpement,Wolst-1974-AM1,648.0,22.0,0.4199176692834178,0.061,0.32,0.27,0.022,0.016,,2.2,1.2,,,,,690.0,,,,,,,,,150.0,37.5,DC,+,1.0,300.0,MMA,690.0,3.0
1393,44,developpement,Wolst-1974-AM2,635.0,20.0,0.3183773480356093,0.043,0.34,0.45,0.019,0.017,,2.2,1.4,,,,,580.0,,,,,,,,,150.0,37.5,DC,+,1.0,300.0,MMA,690.0,3.0
1394,191,developpement,Wolst-1974-AM3,666.0,20.0,0.33416707356746056,0.066,0.41,0.67,0.018,0.029,,2.5,1.2,,,,,620.0,,,,,,,,,150.0,37.5,DC,+,1.0,300.0,MMA,690.0,3.0
1395,516,developpement,Wolst-1974-AM4,678.0,17.0,0.19071520840570344,0.1,0.44,0.8,0.021,0.02,,2.5,1.2,,,,,520.0,,,,,,,,,150.0,37.5,DC,+,1.0,300.0,MMA,690.0,3.0
1396,45,developpement,Wolst-1974-AS0,524.0,22.0,0.22713486828419877,0.044,0.04,0.45,0.014,0.017,,2.3,,,,,,1650.0,,,,,,,,,150.0,37.5,DC,+,1.0,300.0,MMA,690.0,3.0
1397,96,developpement,Wolst-1974-AS1,578.0,21.0,0.31751015741182015,0.05,0.07,0.48,0.007,0.018,,2.2,,,,,,1440.0,,,,,,,,,150.0,37.5,DC,+,1.0,300.0,MMA,690.0,3.0
1398,97,developpement,Wolst-1974-AS2,649.0,20.0,0.32714892335162926,0.05,0.18,0.63,0.015,0.018,,2.0,,,,,,750.0,,,,,,,,,150.0,37.5,DC,+,1.0,300.0,MMA,690.0,3.0
1399,87,developpement,Wolst-1974-AT0.25,661.0,20.0,0.33272879139317324,0.049,0.39,0.78,0.022,0.018,,2.2,1.1,,,,,680.0,,,,,,,,,150.0,37.5,DC,+,1.0,300.0,MMA,690.0,3.0
1400,328,developpement,Wolst-1974-AT0.5,669.0,20.0,0.33499937142839814,0.075,0.41,0.77,0.021,0.018,,2.2,1.1,,,,,1150.0,,,,,,,,,150.0,37.5,DC,+,1.0,300.0,MMA,690.0,3.0
1401,58,developpement,Wolst-1974-AT0.75,705.0,19.0,0.3017164318796769,0.045,0.45,0.8,0.012,0.02,,2.4,1.0,,,,,1180.0,,,,,,,,,150.0,37.5,DC,+,1.0,300.0,MMA,690.0,3.0
1402,8,developpement,Wolst-1974-AT1.5,727.0,20.0,0.36109167845516177,0.036,0.55,0.84,0.013,0.02,,2.5,1.0,,,,,1070.0,,,,,,,,,150.0,37.5,DC,+,1.0,300.0,MMA,690.0,3.0
1403,129,developpement,Wolst-1974-AT2.0,736.0,17.0,0.20443226672037926,0.058,0.61,0.93,0.014,0.017,,2.5,1.1,,,,,1020.0,,,,,,,,,150.0,37.5,DC,+,1.0,300.0,MMA,690.0,3.0
1404,501,test,Wolst-1974-S20,680.0,20.0,0.34054146927504575,0.09,0.2,1.25,0.011,0.022,,2.4,0.9,,,,,690.0,,,,,,,,,150.0,37.5,DC,+,1.0,300.0,MMA,690.0,3.0
1408,513,test,Wolst-1974-S40,743.0,18.0,0.2619097820643059,0.09,0.59,1.1,0.013,0.02,,2.4,0.8,,,,,540.0,,,,,,,,,150.0,37.5,DC,+,1.0,300.0,MMA,690.0,3.0
1437,489,developpement,p9-RR82011,501.0,32.6,0.36063124896797955,0.095,0.35,0.9,0.008,0.02,0.0,0.0,0.0,0.0,0.0,0.0,0.0,269.0,,54.0,170.0,,0.0,,,,450.0,30.0,,+,2.025,250.0,SA,200.0,1.0
1438,489,developpement,p9-RR82011,496.0,34.2,0.32259098159472777,0.095,0.35,0.9,0.008,0.02,0.0,0.0,0.0,0.0,0.0,0.0,0.0,269.0,,54.0,170.0,,0.0,,,,450.0,30.0,,+,2.025,250.0,SA,200.0,1.0
1439,480,developpement,p10-RR82011,486.0,33.0,0.2574826580573997,0.093,0.32,0.86,0.01,0.018,0.0,0.0,0.0,0.0,0.0,0.0,0.0,236.0,,54.0,180.0,,0.0,,,,550.0,30.0,,+,2.475,250.0,SA,200.0,1.0
1440,480,developpement,p10-RR82011,482.0,31.8,0.22751274920873632,0.093,0.32,0.86,0.01,0.018,0.0,0.0,0.0,0.0,0.0,0.0,0.0,236.0,,54.0,180.0,,0.0,,,,550.0,30.0,,+,2.475,250.0,SA,200.0,1.0
1441,495,developpement,p11-RR82011,481.0,33.6,0.23399854025245068,0.096,0.3,0.8,0.012,0.013,0.0,0.0,0.0,0.0,0.0,0.0,0.0,265.0,,47.0,170.0,,0.0,,,,650.0,30.0,,+,2.925,250.0,SA,200.0,1.0
1442,495,developpement,p11-RR82011,490.0,32.2,0.27020190064384286,0.096,0.3,0.8,0.012,0.013,0.0,0.0,0.0,0.0,0.0,0.0,0.0,265.0,,47.0,170.0,,0.0,,,,650.0,30.0,,+,2.925,250.0,SA,200.0,1.0
1443,515,developpement,p12-RR82011,477.0,32.6,0.2134225404510251,0.1,0.28,0.82,0.012,0.014,0.0,0.0,0.0,0.0,0.0,0.0,0.0,258.0,,45.0,200.0,,0.0,,,,900.0,33.0,,+,4.8,100.0,SA,200.0,1.0
1444,515,developpement,p12-RR82011,483.0,32.3,0.23773631335473341,0.1,0.28,0.82,0.012,0.014,0.0,0.0,0.0,0.0,0.0,0.0,0.0,258.0,,45.0,200.0,,0.0,,,,900.0,33.0,,+,4.8,100.0,SA,200.0,1.0
1445,436,test,p13-RR82011,563.0,30.2,0.5788188814057366,0.088,0.35,1.38,0.004,0.022,0.0,0.0,0.0,0.0,0.0,0.0,0.0,268.0,,109.0,200.0,,0.0,,,,450.0,30.0,,+,2.025,250.0,SA,200.0,1.0
1446,436,test,p13-RR82011,567.0,29.6,0.5786101450703216,0.088,0.35,1.38,0.004,0.022,0.0,0.0,0.0,0.0,0.0,0.0,0.0,268.0,,109.0,200.0,,0.0,,,,450.0,30.0,,+,2.025,250.0,SA,200.0,1.0
1447,442,developpement,p14-RR82011,539.0,28.0,0.4216081693780709,0.089,0.32,1.36,0.005,0.019,0.0,0.0,0.0,0.0,0.0,0.0,0.0,237.0,,85.0,180.0,,0.0,,,,550.0,30.0,,+,2.475,250.0,SA,200.0,1.0
1448,442,developpement,p14-RR82011,544.0,29.4,0.487252823204446,0.089,0.32,1.36,0.005,0.019,0.0,0.0,0.0,0.0,0.0,0.0,0.0,237.0,,85.0,180.0,,0.0,,,,550.0,30.0,,+,2.475,250.0,SA,200.0,1.0
1449,477,developpement,p15-RR82011,543.0,28.8,0.46377142499581675,0.092,0.31,1.33,0.005,0.016,0.0,0.0,0.0,0.0,0.0,0.0,0.0,252.0,,84.0,170.0,,0.0,,,,650.0,30.0,,+,2.925,250.0,SA,200.0,1.0
1450,477,developpement,p15-RR82011,541.0,31.4,0.5216001841601338,0.092,0.31,1.33,0.005,0.016,0.0,0.0,0.0,0.0,0.0,0.0,0.0,252.0,,84.0,170.0,,0.0,,,,650.0,30.0,,+,2.925,250.0,SA,200.0,1.0
1451,470,developpement,p16-RR82011,539.0,27.1,0.39737814900991586,0.09,0.33,1.19,0.007,0.015,0.0,0.0,0.0,0.0,0.0,0.0,0.0,234.0,,78.0,200.0,,0.0,,,,900.0,33.0,,+,4.8,100.0,SA,200.0,1.0
1452,470,developpement,p16-RR82011,540.0,28.6,0.4413764816043724,0.09,0.33,1.19,0.007,0.015,0.0,0.0,0.0,0.0,0.0,0.0,0.0,234.0,,78.0,200.0,,0.0,,,,900.0,33.0,,+,4.8,100.0,SA,200.0,1.0
1453,329,developpement,p21-RR82011,497.0,31.6,0.31730050348310773,0.075,0.47,1.31,0.014,0.02,0.0,0.0,0.0,0.0,0.0,0.0,0.0,465.0,,49.0,190.0,,0.0,,,,450.0,30.0,,+,2.025,250.0,SA,200.0,1.0
1454,329,developpement,p21-RR82011,503.0,32.0,0.3618684960840282,0.075,0.47,1.31,0.014,0.02,0.0,0.0,0.0,0.0,0.0,0.0,0.0,465.0,,49.0,190.0,,0.0,,,,450.0,30.0,,+,2.025,250.0,SA,200.0,1.0
1455,389,developpement,p22-RR82011,487.0,32.4,0.2607623031800525,0.078,0.44,1.24,0.012,0.018,0.0,0.0,0.0,0.0,0.0,0.0,0.0,479.0,,61.0,220.0,,0.0,,,,550.0,30.0,,+,2.475,250.0,SA,200.0,1.0
1456,389,developpement,p22-RR82011,490.0,31.6,0.2651546527627366,0.078,0.44,1.24,0.012,0.018,0.0,0.0,0.0,0.0,0.0,0.0,0.0,479.0,,61.0,220.0,,0.0,,,,550.0,30.0,,+,2.475,250.0,SA,200.0,1.0
1457,418,developpement,p23-RR82011,483.0,30.8,0.22307845569627144,0.08,0.36,1.02,0.014,0.014,0.0,0.0,0.0,0.0,0.0,0.0,0.0,513.0,,51.0,230.0,,0.0,,,,650.0,30.0,,+,2.925,250.0,SA,200.0,1.0
1458,418,developpement,p23-RR82011,477.0,31.0,0.19994082105148778,0.08,0.36,1.02,0.014,0.014,0.0,0.0,0.0,0.0,0.0,0.0,0.0,513.0,,51.0,230.0,,0.0,,,,650.0,30.0,,+,2.925,250.0,SA,200.0,1.0
1459,375,developpement,p24-RR82011,567.0,27.6,0.5132097218186294,0.077,0.44,1.61,0.012,0.021,0.0,0.0,0.0,0.0,0.0,0.0,0.0,434.0,,105.0,180.0,,0.0,,,,450.0,30.0,,+,2.025,250.0,SA,200.0,1.0
1460,375,developpement,p24-RR82011,563.0,29.4,0.5564109997866629,0.077,0.44,1.61,0.012,0.021,0.0,0.0,0.0,0.0,0.0,0.0,0.0,434.0,,105.0,180.0,,0.0,,,,450.0,30.0,,+,2.025,250.0,SA,200.0,1.0
1461,255,developpement,p25-RR82011,549.0,28.8,0.48876307246063244,0.071,0.4,1.55,0.013,0.019,0.0,0.0,0.0,0.0,0.0,0.0,0.0,423.0,,81.0,200.0,,0.0,,,,550.0,30.0,,+,2.475,250.0,SA,200.0,1.0
1462,255,developpement,p25-RR82011,547.0,28.2,0.4725785251367525,0.071,0.4,1.55,0.013,0.019,0.0,0.0,0.0,0.0,0.0,0.0,0.0,423.0,,81.0,200.0,,0.0,,,,550.0,30.0,,+,2.475,250.0,SA,200.0,1.0
1463,0,developpement,RC81033,509.0,31.4,0.3758670531805982,0.029,0.55,1.08,0.011,0.008,0.0,0.0,0.0,0.0,0.0,0.0,0.0,342.0,,72.0,20.0,,0.0,,,,190.0,23.0,,+,1.0925,250.0,MMA,200.0,1.0
1464,167,developpement,RC81033,525.0,30.6,0.41863953507744717,0.061,0.53,1.01,0.009,0.01,0.0,0.0,0.0,0.0,0.0,0.0,0.0,307.0,,79.0,10.0,,0.0,,,,190.0,23.0,,+,1.0925,250.0,MMA,200.0,1.0
1465,421,developpement,RC81033,573.0,27.6,0.5310262902991338,0.08,0.58,1.15,0.01,0.01,0.0,0.0,0.0,0.0,0.0,0.0,0.0,310.0,,52.0,10.0,,0.0,,,,190.0,23.0,,+,1.0925,250.0,MMA,200.0,1.0
1466,517,developpement,RC81033,575.0,27.6,0.5354729648782013,0.1,0.55,1.02,0.01,0.01,0.0,0.0,0.0,0.0,0.0,0.0,0.0,262.0,,62.0,10.0,,0.0,,,,190.0,23.0,,+,1.0925,250.0,MMA,200.0,1.0
1467,287,developpement,p26-RR82011,546.0,27.0,0.4305596026705512,0.073,0.39,1.55,0.012,0.018,0.0,0.0,0.0,0.0,0.0,0.0,0.0,463.0,,72.0,220.0,,0.0,,,,650.0,30.0,,+,2.925,250.0,SA,200.0,1.0
1468,287,developpement,p26-RR82011,553.0,28.4,0.4959222736962239,0.073,0.39,1.55,0.012,0.018,0.0,0.0,0.0,0.0,0.0,0.0,0.0,463.0,,72.0,220.0,,0.0,,,,650.0,30.0,,+,2.925,250.0,SA,200.0,1.0
1469,214,developpement,p28-RR82011,582.0,26.8,0.5305599476542044,0.068,0.9,1.2,0.016,0.024,0.0,0.0,0.0,0.0,0.0,0.0,0.0,789.0,,27.0,270.0,,0.0,,,,450.0,30.0,,+,2.025,250.0,SA,200.0,1.0
1470,214,developpement,p28-RR82011,581.0,28.0,0.5727226776612314,0.068,0.9,1.2,0.016,0.024,0.0,0.0,0.0,0.0,0.0,0.0,0.0,789.0,,27.0,270.0,,0.0,,,,450.0,30.0,,+,2.025,250.0,SA,200.0,1.0
1471,197,developpement,p29-RR82011,561.0,29.0,0.5362244129967881,0.066,0.8,1.12,0.017,0.021,0.0,0.0,0.0,0.0,0.0,0.0,0.0,774.0,,26.0,330.0,,0.0,,,,550.0,30.0,,+,2.475,250.0,SA,200.0,1.0
1472,197,developpement,p29-RR82011,558.0,28.2,0.5097869656381605,0.066,0.8,1.12,0.017,0.021,0.0,0.0,0.0,0.0,0.0,0.0,0.0,774.0,,26.0,330.0,,0.0,,,,550.0,30.0,,+,2.475,250.0,SA,200.0,1.0
1473,164,developpement,p30-RR82011,540.0,26.8,0.3952707676561155,0.06,0.68,1.0,0.016,0.017,0.0,0.0,0.0,0.0,0.0,0.0,0.0,821.0,,27.0,400.0,,0.0,,,,650.0,30.0,,+,2.925,250.0,SA,200.0,1.0
1474,164,developpement,p30-RR82011,543.0,26.8,0.41201131282392345,0.06,0.68,1.0,0.016,0.017,0.0,0.0,0.0,0.0,0.0,0.0,0.0,821.0,,27.0,400.0,,0.0,,,,650.0,30.0,,+,2.925,250.0,SA,200.0,1.0
1475,247,developpement,p31-RR82011,636.0,26.6,0.5936002288361947,0.07,1.14,1.45,0.015,0.027,0.0,0.0,0.0,0.0,0.0,0.0,0.0,699.0,,37.0,230.0,,0.0,,,,450.0,30.0,,+,2.025,250.0,SA,200.0,1.0
1476,247,developpement,p31-RR82011,633.0,26.6,0.5894434399106367,0.07,1.14,1.45,0.015,0.027,0.0,0.0,0.0,0.0,0.0,0.0,0.0,699.0,,37.0,230.0,,0.0,,,,450.0,30.0,,+,2.025,250.0,SA,200.0,1.0
1477,180,developpement,p32-RR82011,613.0,23.6,0.4462178136802827,0.064,0.95,1.33,0.013,0.024,0.0,0.0,0.0,0.0,0.0,0.0,0.0,765.0,,42.0,280.0,,0.0,,,,550.0,30.0,,+,2.475,250.0,SA,200.0,1.0
1478,180,developpement,p32-RR82011,619.0,26.0,0.5499963454136877,0.064,0.95,1.33,0.013,0.024,0.0,0.0,0.0,0.0,0.0,0.0,0.0,765.0,,42.0,280.0,,0.0,,,,550.0,30.0,,+,2.475,250.0,SA,200.0,1.0
1479,288,developpement,p33-RR82011,577.0,27.8,0.5491293646969297,0.073,0.76,1.14,0.015,0.018,0.0,0.0,0.0,0.0,0.0,0.0,0.0,711.0,,46.0,350.0,,0.0,,,,650.0,30.0,,+,2.925,250.0,SA,200.0,1.0
1480,288,developpement,p33-RR82011,581.0,26.2,0.5086484283381764,0.073,0.76,1.14,0.015,0.018,0.0,0.0,0.0,0.0,0.0,0.0,0.0,711.0,,46.0,350.0,,0.0,,,,650.0,30.0,,+,2.925,250.0,SA,200.0,1.0
1481,269,developpement,p34-RR82011,690.0,23.4,0.5001288353979679,0.072,1.08,1.71,0.015,0.028,0.0,0.0,0.0,0.0,0.0,0.0,0.0,609.0,,65.0,320.0,,0.0,,,,450.0,30.0,,+,2.025,250.0,SA,200.0,1.0
1482,269,developpement,p34-RR82011,686.0,21.0,0.3933839921243533,0.072,1.08,1.71,0.015,0.028,0.0,0.0,0.0,0.0,0.0,0.0,0.0,609.0,,65.0,320.0,,0.0,,,,450.0,30.0,,+,2.025,250.0,SA,200.0,1.0
1483,258,developpement,p35-RR82011,652.0,25.0,0.5426556288887734,0.071,0.84,1.53,0.012,0.022,0.0,0.0,0.0,0.0,0.0,0.0,0.0,720.0,,72.0,310.0,,0.0,,,,550.0,30.0,,+,2.475,250.0,SA,200.0,1.0
1484,258,developpement,p35-RR82011,651.0,22.8,0.45118033000735625,0.071,0.84,1.53,0.012,0.022,0.0,0.0,0.0,0.0,0.0,0.0,0.0,720.0,,72.0,310.0,,0.0,,,,550.0,30.0,,+,2.475,250.0,SA,200.0,1.0
1485,376,developpement,p36-RR82011,613.0,25.4,0.5195360543788347,0.077,0.64,1.43,0.013,0.017,0.0,0.0,0.0,0.0,0.0,0.0,0.0,646.0,,75.0,330.0,,0.0,,,,650.0,30.0,,+,2.925,250.0,SA,200.0,1.0
1486,376,developpement,p36-RR82011,617.0,24.0,0.46672417826212925,0.077,0.64,1.43,0.013,0.017,0.0,0.0,0.0,0.0,0.0,0.0,0.0,646.0,,75.0,330.0,,0.0,,,,650.0,30.0,,+,2.925,250.0,SA,200.0,1.0
1487,280,test,EvansLetter-Ao+,494.0,32.4,0.30077490861821715,0.073,0.34,0.64,0.008,0.007,0.0,0.0,0.0,0.00025,0.0,,,450.0,7.0,63.0,2.5,2.5,2.5,,,,,,,,1.0,200.0,MMA,250.0,14.0
1490,177,developpement,EvansLetter-Ao+1Ni,501.0,31.8,0.3513297358309994,0.064,0.3,0.63,0.006,0.008,0.92,0.0,0.0,0.00025,0.0,,,473.0,5.0,70.0,2.5,2.5,2.5,,,,,,,,1.0,200.0,MMA,250.0,14.0
1493,181,test,EvansLetter-Ao+2Ni,528.0,32.4,0.4677316412042206,0.065,0.26,0.61,0.007,0.007,2.14,0.0,0.0,0.00025,0.0,,,488.0,5.0,86.0,2.5,2.5,2.5,,,,,,,,1.0,200.0,MMA,250.0,14.0
1496,170,developpement,EvansLetter-Ao+3Ni,543.0,27.6,0.4334409009661559,0.062,0.29,0.62,0.007,0.007,3.01,0.0,0.0,0.00025,0.0,,,500.0,6.0,72.0,2.5,2.5,2.5,,,,,,,,1.0,200.0,MMA,250.0,14.0
1499,238,developpement,EvansLetter-Ao+.25Mo,518.0,26.0,0.29329505362378583,0.07,0.31,0.66,0.006,0.008,0.0,0.0,0.24,0.00025,0.0,,,430.0,5.0,79.0,2.5,2.5,2.5,,,,,,,,1.0,200.0,MMA,250.0,14.0
1502,282,developpement,EvansLetter-Ao+.5Mo,559.0,24.6,0.3945978526015793,0.073,0.34,0.66,0.007,0.007,0.0,0.0,0.5,0.00025,0.0,,,454.0,5.0,75.0,2.5,2.5,2.5,,,,,,,,1.0,200.0,MMA,250.0,14.0
1505,317,developpement,EvansLetter-Ao+1Mo,619.0,20.6,0.33305389559426424,0.075,0.3,0.63,0.008,0.008,0.0,0.0,1.03,0.00025,0.0,,,438.0,5.0,80.0,2.5,2.5,2.5,,,,,,,,1.0,200.0,MMA,250.0,14.0
1508,242,developpement,EvansLetter-Ao+1Cr,559.0,22.0,0.3178434935632047,0.07,0.35,0.65,0.008,0.01,0.0,1.01,0.0,0.00025,0.0,,,504.0,5.0,78.0,2.5,2.5,2.5,,,,,,,,1.0,200.0,MMA,250.0,14.0
1511,291,test,EvansLetter-Ao+1.5Cr,593.0,19.0,0.24810297329696857,0.074,0.25,0.58,0.008,0.01,0.0,1.59,0.0,0.00025,0.0,,,500.0,4.0,89.0,2.5,2.5,2.5,,,,,,,,1.0,200.0,MMA,250.0,14.0
1517,205,developpement,EvansLetter-Ao+.5Cu,468.0,29.4,0.16503617323654382,0.068,0.28,0.62,0.008,0.007,0.0,0.0,0.0,0.00025,0.5,,,477.0,5.0,73.0,2.5,2.5,2.5,,,,,,,,1.0,200.0,MMA,250.0,14.0
1520,182,developpement,EvansLetter-Ao+1Cu,509.0,31.6,0.37945845000181216,0.065,0.3,0.62,0.007,0.009,0.0,0.0,0.0,0.00025,1.03,,,519.0,4.0,72.0,2.5,2.5,2.5,,,,,,,,1.0,200.0,MMA,250.0,14.0
1523,179,developpement,EvansLetter-Ao+1.6Cu,565.0,26.6,0.4748306537679174,0.064,0.32,0.64,0.007,0.008,0.0,0.0,0.0,0.00025,1.6,,,498.0,4.0,60.0,2.5,2.5,2.5,,,,,,,,1.0,200.0,MMA,250.0,14.0
1526,285,developpement,EvansLetter-A+,494.0,33.3,0.3064352915227373,0.073,0.35,0.64,0.005,0.004,0.0,0.0,0.0,0.00025,0.0,,,428.0,38.0,77.0,2.5,2.5,2.5,,,,,,,,1.0,200.0,MMA,250.0,14.0
1529,174,test,EvansLetter-A+1Ni,501.0,31.8,0.3513297358309994,0.063,0.31,0.65,0.006,0.009,0.88,0.0,0.0,0.00025,0.0,,,472.0,38.0,85.0,2.5,2.5,2.5,,,,,,,,1.0,200.0,MMA,250.0,14.0
1532,175,developpement,EvansLetter-A+2Ni,537.0,28.0,0.4104377547524821,0.064,0.27,0.61,0.007,0.007,2.17,0.0,0.0,0.00025,0.0,,,454.0,32.0,91.0,2.5,2.5,2.5,,,,,,,,1.0,200.0,MMA,250.0,14.0
1535,199,developpement,EvansLetter-A+3Ni,557.0,29.4,0.5385846217405308,0.067,0.3,0.65,0.007,0.007,3.03,0.0,0.0,0.00025,0.0,,,460.0,36.0,72.0,2.5,2.5,2.5,,,,,,,,1.0,200.0,MMA,250.0,14.0
1538,220,test,EvansLetter-A+.25Mo,519.0,24.6,0.26994294745088676,0.069,0.33,0.68,0.006,0.008,0.0,0.0,0.24,0.00025,0.0,,,395.0,36.0,67.0,2.5,2.5,2.5,,,,,,,,1.0,200.0,MMA,250.0,14.0
1541,281,developpement,EvansLetter-A+.5Mo,565.0,27.2,0.49480522984882586,0.073,0.34,0.66,0.007,0.007,0.0,0.0,0.5,0.00025,0.0,,,433.0,42.0,70.0,2.5,2.5,2.5,,,,,,,,1.0,200.0,MMA,250.0,14.0
1544,261,test,EvansLetter-A+1Mo,644.0,23.6,0.4737312042823135,0.072,0.32,0.66,0.007,0.007,0.0,0.0,1.03,0.00025,0.0,,,411.0,40.0,76.0,2.5,2.5,2.5,,,,,,,,1.0,200.0,MMA,250.0,14.0
1547,367,test,EvansLetter-A+1Cr,558.0,21.0,0.2815203838718846,0.077,0.32,0.66,0.008,0.01,0.0,1.03,0.0,0.00025,0.0,,,457.0,34.0,75.0,2.5,2.5,2.5,,,,,,,,1.0,200.0,MMA,250.0,14.0
1550,377,developpement,EvansLetter-A+1.5Cr,596.0,17.0,0.16483187037565417,0.078,0.26,0.62,0.007,0.005,0.0,1.6,0.0,0.00025,0.0,,,472.0,29.0,100.0,2.5,2.5,2.5,,,,,,,,1.0,200.0,MMA,250.0,14.0
1553,379,developpement,EvansLetter-A+2Cr,685.0,18.0,0.2444081289114772,0.078,0.28,0.64,0.008,0.007,0.0,2.15,0.0,0.00025,0.0,,,482.0,42.0,95.0,2.5,2.5,2.5,,,,,,,,1.0,200.0,MMA,250.0,14.0
1556,173,developpement,EvansLetter-A+0.5Cu,498.0,29.2,0.29195861736835643,0.063,0.3,0.64,0.008,0.008,0.0,0.0,0.0,0.00025,0.53,,,453.0,43.0,74.0,2.5,2.5,2.5,,,,,,,,1.0,200.0,MMA,250.0,14.0
1559,178,developpement,EvansLetter-A+1Cu,497.0,26.6,0.2396004343609961,0.064,0.3,0.63,0.007,0.007,0.0,0.0,0.0,0.00025,1.05,,,456.0,42.0,65.0,2.5,2.5,2.5,,,,,,,,1.0,200.0,MMA,250.0,14.0
1562,190,developpement,EvansLetter-A+1.5Cu,568.0,28.8,0.552156007729796,0.066,0.37,0.67,0.006,0.008,0.0,0.0,0.0,0.00025,1.44,,,453.0,51.0,55.0,2.5,2.5,2.5,,,,,,,,1.0,200.0,MMA,250.0,14.0
1565,378,developpement,EvansLetterCo+,526.0,29.2,0.3954069283629155,0.078,0.26,1.43,0.006,0.006,0.0,0.0,0.0,0.00025,0.0,,,481.0,5.0,86.0,2.5,2.5,2.5,,,,,,,,1.0,200.0,MMA,250.0,14.0
1568,273,developpement,EvansLetterCo+1Ni,550.0,26.0,0.4130085046806091,0.073,0.28,1.39,0.007,0.007,0.95,0.0,0.0,0.00025,0.0,,,454.0,5.0,76.0,2.5,2.5,2.5,,,,,,,,1.0,200.0,MMA,250.0,14.0
1571,248,developpement,EvansLetterCo+2Ni,605.0,21.7,0.3650832205622129,0.071,0.26,1.48,0.007,0.012,2.28,0.0,0.0,0.00025,0.0,,,460.0,5.0,87.0,2.5,2.5,2.5,,,,,,,,1.0,200.0,MMA,250.0,14.0
1574,270,developpement,EvansLetterCo+3Ni,666.0,16.0,0.12264577897847516,0.073,0.24,1.43,0.008,0.006,3.12,0.0,0.0,0.00025,0.0,,,460.0,5.0,77.0,2.5,2.5,2.5,,,,,,,,1.0,200.0,MMA,250.0,14.0
1577,341,test,EvansLetterCo+.25Mo,570.0,20.4,0.28171378619987597,0.076,0.28,1.53,0.008,0.006,0.0,0.0,0.25,0.00025,0.0,,,444.0,5.0,84.0,2.5,2.5,2.5,,,,,,,,1.0,200.0,MMA,250.0,14.0
1580,332,developpement,EvansLetterCo+.5Mo,610.0,19.4,0.2713042509638828,0.076,0.25,1.45,0.008,0.006,0.0,0.0,0.5,0.00025,0.0,,,457.0,5.0,78.0,2.5,2.5,2.5,,,,,,,,1.0,200.0,MMA,250.0,14.0
1583,331,developpement,EvansLetterCo+1Mo,699.0,19.2,0.3077414573909039,0.076,0.24,1.41,0.008,0.006,0.0,0.0,1.11,0.00025,0.0,,,447.0,5.0,85.0,2.5,2.5,2.5,,,,,,,,1.0,200.0,MMA,250.0,14.0
1586,414,developpement,EvansLetterCo+1Cr,658.0,18.0,0.23697916666666666,0.08,0.28,1.48,0.007,0.006,0.0,1.07,0.0,0.00025,0.0,,,436.0,5.0,94.0,2.5,2.5,2.5,,,,,,,,1.0,200.0,MMA,250.0,14.0
1589,315,developpement,EvansLetterCo+1.5Cr,687.0,17.8,0.22359750941934253,0.075,0.28,1.48,0.007,0.005,0.0,1.55,0.0,0.00025,0.0,,,466.0,5.0,86.0,2.5,2.5,2.5,,,,,,,,1.0,200.0,MMA,250.0,14.0
1592,340,developpement,EvansLetterCo+2Cr,730.0,18.5,0.28617385456110506,0.076,0.28,1.44,0.007,0.007,0.0,1.96,0.0,0.00025,0.0,,,476.0,5.0,84.0,2.5,2.5,2.5,,,,,,,,1.0,200.0,MMA,250.0,14.0
1595,412,developpement,EvansLetterCo+0.5Cu,535.0,26.6,0.36526474020881733,0.08,0.24,1.47,0.007,0.007,0.0,0.0,0.0,0.00025,0.55,,,455.0,5.0,96.0,2.5,2.5,2.5,,,,,,,,1.0,200.0,MMA,250.0,14.0
1598,311,developpement,EvansLetterCo+1Cu,566.0,25.0,0.42446119274318267,0.075,0.24,1.41,0.006,0.008,0.0,0.0,0.0,0.00025,1.06,,,484.0,5.0,89.0,2.5,2.5,2.5,,,,,,,,1.0,200.0,MMA,250.0,14.0
1601,290,developpement,EvansLetterCo+1.5Cu,638.0,23.2,0.4625461538793259,0.074,0.22,1.36,0.008,0.01,0.0,0.0,0.0,0.00025,1.63,,,484.0,5.0,110.0,2.5,2.5,2.5,,,,,,,,1.0,200.0,MMA,250.0,14.0
1604,295,developpement,EvansLetterC+,533.0,27.6,0.3834235633399889,0.074,0.28,1.46,0.008,0.008,0.0,0.0,0.0,0.00025,0.0,,,443.0,35.0,79.0,2.5,2.5,2.5,,,,,,,,1.0,200.0,MMA,250.0,14.0
1607,333,test,EvansLetterC+1Ni,551.0,27.2,0.45329677010482994,0.076,0.25,1.48,0.008,0.006,0.95,0.0,0.0,0.00025,0.0,,,417.0,33.0,81.0,2.5,2.5,2.5,,,,,,,,1.0,200.0,MMA,250.0,14.0
1610,204,developpement,EvansLetterC+2Ni,622.0,25.6,0.5375200975917382,0.068,0.27,1.46,0.008,0.007,2.24,0.0,0.0,0.00025,0.0,,,436.0,34.0,78.0,2.5,2.5,2.5,,,,,,,,1.0,200.0,MMA,250.0,14.0
1613,313,developpement,EvansLetterC+3Ni,680.0,20.0,0.34054146927504575,0.075,0.26,1.46,0.008,0.006,3.15,0.0,0.0,0.00025,0.0,,,418.0,32.0,72.0,2.5,2.5,2.5,,,,,,,,1.0,200.0,MMA,250.0,14.0
1616,336,developpement,EvansLetterC+.25Mo,600.0,25.0,0.49448232517555596,0.076,0.26,1.49,0.008,0.008,0.0,0.0,0.25,2.5,0.0,,,412.0,34.0,89.0,2.5,2.5,2.5,,,,,,,,1.0,200.0,MMA,250.0,14.0
1619,314,developpement,EvansLetterC+.5Mo,642.0,21.0,0.37105719849229635,0.075,0.26,1.46,0.008,0.007,0.0,0.0,0.5,2.5,0.0,,,429.0,31.0,86.0,2.5,2.5,2.5,,,,,,,,1.0,200.0,MMA,250.0,14.0
1622,312,test,EvansLetterC+1Mo,720.0,20.0,0.3592231171537794,0.075,0.25,1.44,0.008,0.008,0.0,0.0,1.07,2.5,0.0,,,432.0,31.0,83.0,2.5,2.5,2.5,,,,,,,,1.0,200.0,MMA,250.0,14.0
1625,394,developpement,EvansLetterC+1Cr,672.0,20.0,0.3363819582836213,0.079,0.3,1.56,0.007,0.011,0.0,1.03,0.0,0.00025,0.0,,,431.0,27.0,98.0,2.5,2.5,2.5,,,,,,,,1.0,200.0,MMA,250.0,14.0
1628,274,test,EvansLetterC+1.5Cr,710.0,18.4,0.2772609565225351,0.073,0.29,1.53,0.007,0.01,0.0,1.53,0.0,0.00025,0.0,,,438.0,27.0,79.0,2.5,2.5,2.5,,,,,,,,1.0,200.0,MMA,250.0,14.0
1631,380,developpement,EvansLetterC+2Cr,772.0,16.0,0.1361268810729572,0.078,0.29,1.48,0.007,0.01,0.0,1.96,0.0,0.00025,0.0,,,438.0,28.0,82.0,2.5,2.5,2.5,,,,,,,,1.0,200.0,MMA,250.0,14.0
1634,337,developpement,EvansLetterC+.5Cu,557.0,27.6,0.4828104984114389,0.076,0.27,1.48,0.007,0.008,0.0,0.0,0.0,0.00025,0.53,,,454.0,22.0,81.0,2.5,2.5,2.5,,,,,,,,1.0,200.0,MMA,250.0,14.0
1637,357,test,EvansLetterC+1Cu,563.0,27.4,0.490904700015442,0.077,0.25,1.43,0.007,0.008,0.0,0.0,0.0,0.00025,1.08,,,456.0,19.0,92.0,2.5,2.5,2.5,,,,,,,,1.0,200.0,MMA,250.0,14.0
1640,215,test,EvansLetterC+1.5Cu,625.0,25.8,0.5463469578204398,0.069,0.25,1.37,0.007,0.009,0.0,0.0,0.0,0.00025,1.6,,,475.0,23.0,75.0,2.5,2.5,2.5,,,,,,,,1.0,200.0,MMA,250.0,14.0
