modele,etape,configuration,pli,RMSE_groupes,MAE_groupes,R2_groupes,RMSE_lignes,RMSE_apprentissage
Moyenne constante,grille,0,1,0.1255694454061861,0.10324732483566787,-0.004334378903196878,0.12266549448097261,0.14891860836096207
Moyenne constante,grille,0,2,0.1447932957174458,0.11731126659623524,-0.023885311856236324,0.14636201651649342,0.1510253718428553
Moyenne constante,grille,0,3,0.17017376146568833,0.1333328256107613,-0.0005878547151858537,0.16358347543893814,0.14608386845011537
Moyenne constante,grille,0,4,0.14672246881168663,0.11827770329401462,-0.0011664036158600677,0.14823563011588767,0.14912617128683267
Moyenne constante,grille,0,5,0.16005198280763433,0.11915758138250712,-0.02784693927087667,0.14914427747474593,0.14996898068635
Arbre,grille,0,1,0.12132926586451974,0.09751602422145197,0.0623483625449075,0.12042186510791714,0.12228213683387688
Arbre,grille,0,2,0.13116658826810954,0.10212796107917813,0.15976484004150093,0.13390390611188058,0.1237156244556788
Arbre,grille,0,3,0.1482422922607294,0.11697550528712124,0.24069847212546014,0.1435473690855008,0.12115477478780542
Arbre,grille,0,4,0.12788671109683455,0.10168838195790689,0.23938680941531243,0.12863227304481012,0.1231081279675103
Arbre,grille,0,5,0.14656880776337922,0.11074888261180842,0.13803538093186063,0.13820508662044584,0.12370916361957898
Arbre,grille,1,1,0.12132926586451974,0.09751602422145197,0.0623483625449075,0.12042186510791714,0.12228213683387688
Arbre,grille,1,2,0.13116658826810954,0.10212796107917813,0.15976484004150093,0.13390390611188058,0.1237156244556788
Arbre,grille,1,3,0.1482422922607294,0.11697550528712124,0.24069847212546014,0.1435473690855008,0.12115477478780542
Arbre,grille,1,4,0.12788671109683455,0.10168838195790689,0.23938680941531243,0.12863227304481012,0.1231081279675103
Arbre,grille,1,5,0.14656880776337922,0.11074888261180842,0.13803538093186063,0.13820508662044584,0.12370916361957898
Arbre,grille,2,1,0.12132926586451974,0.09751602422145197,0.0623483625449075,0.12042186510791714,0.12228213683387688
Arbre,grille,2,2,0.13116658826810954,0.10212796107917813,0.15976484004150093,0.13390390611188058,0.1237156244556788
Arbre,grille,2,3,0.1482422922607294,0.11697550528712124,0.24069847212546014,0.1435473690855008,0.12115477478780542
Arbre,grille,2,4,0.12788671109683455,0.10168838195790689,0.23938680941531243,0.12863227304481012,0.1231081279675103
Arbre,grille,2,5,0.14656880776337922,0.11074888261180842,0.13803538093186063,0.13820508662044584,0.12370916361957898
Arbre,grille,3,1,0.12132926586451974,0.09751602422145197,0.0623483625449075,0.12042186510791714,0.12228213683387688
Arbre,grille,3,2,0.13116658826810954,0.10212796107917813,0.15976484004150093,0.13390390611188058,0.1237156244556788
Arbre,grille,3,3,0.1482422922607294,0.11697550528712124,0.24069847212546014,0.1435473690855008,0.12115477478780542
Arbre,grille,3,4,0.12788671109683455,0.10168838195790689,0.23938680941531243,0.12863227304481012,0.1231081279675103
Arbre,grille,3,5,0.14656880776337922,0.11074888261180842,0.13803538093186063,0.13820508662044584,0.12370916361957898
Arbre,grille,4,1,0.12132926586451974,0.09751602422145197,0.0623483625449075,0.12042186510791714,0.12228213683387688
Arbre,grille,4,2,0.13116658826810954,0.10212796107917813,0.15976484004150093,0.13390390611188058,0.1237156244556788
Arbre,grille,4,3,0.1482422922607294,0.11697550528712124,0.24069847212546014,0.1435473690855008,0.12115477478780542
Arbre,grille,4,4,0.12788671109683455,0.10168838195790689,0.23938680941531243,0.12863227304481012,0.1231081279675103
Arbre,grille,4,5,0.14656880776337922,0.11074888261180842,0.13803538093186063,0.13820508662044584,0.12370916361957898
Arbre,grille,5,1,0.12132926586451974,0.09751602422145197,0.0623483625449075,0.12042186510791714,0.12228213683387688
Arbre,grille,5,2,0.13116658826810954,0.10212796107917813,0.15976484004150093,0.13390390611188058,0.1237156244556788
Arbre,grille,5,3,0.1482422922607294,0.11697550528712124,0.24069847212546014,0.1435473690855008,0.12115477478780542
Arbre,grille,5,4,0.12788671109683455,0.10168838195790689,0.23938680941531243,0.12863227304481012,0.1231081279675103
Arbre,grille,5,5,0.14656880776337922,0.11074888261180842,0.13803538093186063,0.13820508662044584,0.12370916361957898
Arbre,grille,6,1,0.12132926586451974,0.09751602422145197,0.0623483625449075,0.12042186510791714,0.12228213683387688
Arbre,grille,6,2,0.13116658826810954,0.10212796107917813,0.15976484004150093,0.13390390611188058,0.1237156244556788
Arbre,grille,6,3,0.1482422922607294,0.11697550528712124,0.24069847212546014,0.1435473690855008,0.12115477478780542
Arbre,grille,6,4,0.12788671109683455,0.10168838195790689,0.23938680941531243,0.12863227304481012,0.1231081279675103
Arbre,grille,6,5,0.14656880776337922,0.11074888261180842,0.13803538093186063,0.13820508662044584,0.12370916361957898
Arbre,grille,7,1,0.12132926586451974,0.09751602422145197,0.0623483625449075,0.12042186510791714,0.12228213683387688
Arbre,grille,7,2,0.13116658826810954,0.10212796107917813,0.15976484004150093,0.13390390611188058,0.1237156244556788
Arbre,grille,7,3,0.1482422922607294,0.11697550528712124,0.24069847212546014,0.1435473690855008,0.12115477478780542
Arbre,grille,7,4,0.12788671109683455,0.10168838195790689,0.23938680941531243,0.12863227304481012,0.1231081279675103
Arbre,grille,7,5,0.14656880776337922,0.11074888261180842,0.13803538093186063,0.13820508662044584,0.12370916361957898
Arbre,grille,8,1,0.12132926586451974,0.09751602422145197,0.0623483625449075,0.12042186510791714,0.12228213683387688
Arbre,grille,8,2,0.13116658826810954,0.10212796107917813,0.15976484004150093,0.13390390611188058,0.1237156244556788
Arbre,grille,8,3,0.1482422922607294,0.11697550528712124,0.24069847212546014,0.1435473690855008,0.12115477478780542
Arbre,grille,8,4,0.12788671109683455,0.10168838195790689,0.23938680941531243,0.12863227304481012,0.1231081279675103
Arbre,grille,8,5,0.14656880776337922,0.11074888261180842,0.13803538093186063,0.13820508662044584,0.12370916361957898
Arbre,grille,9,1,0.12132926586451974,0.09751602422145197,0.0623483625449075,0.12042186510791714,0.12228213683387688
Arbre,grille,9,2,0.13116658826810954,0.10212796107917813,0.15976484004150093,0.13390390611188058,0.1237156244556788
Arbre,grille,9,3,0.1482422922607294,0.11697550528712124,0.24069847212546014,0.1435473690855008,0.12115477478780542
Arbre,grille,9,4,0.12788671109683455,0.10168838195790689,0.23938680941531243,0.12863227304481012,0.1231081279675103
Arbre,grille,9,5,0.14656880776337922,0.11074888261180842,0.13803538093186063,0.13820508662044584,0.12370916361957898
Arbre,grille,10,1,0.12132926586451974,0.09751602422145197,0.0623483625449075,0.12042186510791714,0.12228213683387688
Arbre,grille,10,2,0.13116658826810954,0.10212796107917813,0.15976484004150093,0.13390390611188058,0.1237156244556788
Arbre,grille,10,3,0.1482422922607294,0.11697550528712124,0.24069847212546014,0.1435473690855008,0.12115477478780542
Arbre,grille,10,4,0.12788671109683455,0.10168838195790689,0.23938680941531243,0.12863227304481012,0.1231081279675103
Arbre,grille,10,5,0.14656880776337922,0.11074888261180842,0.13803538093186063,0.13820508662044584,0.12370916361957898
Arbre,grille,11,1,0.12132926586451974,0.09751602422145197,0.0623483625449075,0.12042186510791714,0.12228213683387688
Arbre,grille,11,2,0.13116658826810954,0.10212796107917813,0.15976484004150093,0.13390390611188058,0.1237156244556788
Arbre,grille,11,3,0.1482422922607294,0.11697550528712124,0.24069847212546014,0.1435473690855008,0.12115477478780542
Arbre,grille,11,4,0.12788671109683455,0.10168838195790689,0.23938680941531243,0.12863227304481012,0.1231081279675103
Arbre,grille,11,5,0.14656880776337922,0.11074888261180842,0.13803538093186063,0.13820508662044584,0.12370916361957898
Arbre,grille,12,1,0.12132926586451974,0.09751602422145197,0.0623483625449075,0.12042186510791714,0.12228213683387688
Arbre,grille,12,2,0.131239614044651,0.10433288882294997,0.15882899340066003,0.13535862074649058,0.12522062038520074
Arbre,grille,12,3,0.15100593288094818,0.11866476369404384,0.212123673352412,0.1464364364863894,0.12133633817106111
Arbre,grille,12,4,0.130500354142745,0.10297786604092068,0.20797954875390567,0.13083667868776586,0.12340872723243483
Arbre,grille,12,5,0.14656880776337922,0.11074888261180842,0.13803538093186063,0.13820508662044584,0.12370916361957898
Arbre,grille,13,1,0.12132926586451974,0.09751602422145197,0.0623483625449075,0.12042186510791714,0.12228213683387688
Arbre,grille,13,2,0.131239614044651,0.10433288882294997,0.15882899340066003,0.13535862074649058,0.12522062038520074
Arbre,grille,13,3,0.15100593288094818,0.11866476369404384,0.212123673352412,0.1464364364863894,0.12133633817106111
Arbre,grille,13,4,0.130500354142745,0.10297786604092068,0.20797954875390567,0.13083667868776586,0.12340872723243483
Arbre,grille,13,5,0.14656880776337922,0.11074888261180842,0.13803538093186063,0.13820508662044584,0.12370916361957898
Arbre,grille,14,1,0.12132926586451974,0.09751602422145197,0.0623483625449075,0.12042186510791714,0.12228213683387688
Arbre,grille,14,2,0.131239614044651,0.10433288882294997,0.15882899340066003,0.13535862074649058,0.12522062038520074
Arbre,grille,14,3,0.15100593288094818,0.11866476369404384,0.212123673352412,0.1464364364863894,0.12133633817106111
Arbre,grille,14,4,0.130500354142745,0.10297786604092068,0.20797954875390567,0.13083667868776586,0.12340872723243483
Arbre,grille,14,5,0.14656880776337922,0.11074888261180842,0.13803538093186063,0.13820508662044584,0.12370916361957898
Arbre,grille,15,1,0.12132926586451974,0.09751602422145197,0.0623483625449075,0.12042186510791714,0.12228213683387688
Arbre,grille,15,2,0.131239614044651,0.10433288882294997,0.15882899340066003,0.13535862074649058,0.12522062038520074
Arbre,grille,15,3,0.15100593288094818,0.11866476369404384,0.212123673352412,0.1464364364863894,0.12133633817106111
Arbre,grille,15,4,0.130500354142745,0.10297786604092068,0.20797954875390567,0.13083667868776586,0.12340872723243483
Arbre,grille,15,5,0.14656880776337922,0.11074888261180842,0.13803538093186063,0.13820508662044584,0.12370916361957898
Arbre,grille,16,1,0.1273802705003489,0.09997036367950522,-0.033510064953805596,0.12479809241060366,0.12386247678476192
Arbre,grille,16,2,0.131239614044651,0.10433288882294997,0.15882899340066003,0.13535862074649058,0.12522062038520074
Arbre,grille,16,3,0.15100593288094818,0.11866476369404384,0.212123673352412,0.1464364364863894,0.12133633817106111
Arbre,grille,16,4,0.1324050495318358,0.10668445785005434,0.18469123420054478,0.13234642152312937,0.12467013970816399
Arbre,grille,16,5,0.14780897828765222,0.11133079027370905,0.12338689395800861,0.13931418764074754,0.12394558597919093
Arbre,grille,17,1,0.1273802705003489,0.09997036367950522,-0.033510064953805596,0.12479809241060366,0.12386247678476192
Arbre,grille,17,2,0.131239614044651,0.10433288882294997,0.15882899340066003,0.13535862074649058,0.12522062038520074
Arbre,grille,17,3,0.15100593288094818,0.11866476369404384,0.212123673352412,0.1464364364863894,0.12133633817106111
Arbre,grille,17,4,0.1324050495318358,0.10668445785005434,0.18469123420054478,0.13234642152312937,0.12467013970816399
Arbre,grille,17,5,0.14780897828765222,0.11133079027370905,0.12338689395800861,0.13931418764074754,0.12394558597919093
Arbre,grille,18,1,0.1273802705003489,0.09997036367950522,-0.033510064953805596,0.12479809241060366,0.12386247678476192
Arbre,grille,18,2,0.131239614044651,0.10433288882294997,0.15882899340066003,0.13535862074649058,0.12522062038520074
Arbre,grille,18,3,0.15100593288094818,0.11866476369404384,0.212123673352412,0.1464364364863894,0.12133633817106111
Arbre,grille,18,4,0.1324050495318358,0.10668445785005434,0.18469123420054478,0.13234642152312937,0.12467013970816399
Arbre,grille,18,5,0.14780897828765222,0.11133079027370905,0.12338689395800861,0.13931418764074754,0.12394558597919093
Arbre,grille,19,1,0.1273802705003489,0.09997036367950522,-0.033510064953805596,0.12479809241060366,0.12386247678476192
Arbre,grille,19,2,0.131239614044651,0.10433288882294997,0.15882899340066003,0.13535862074649058,0.12522062038520074
Arbre,grille,19,3,0.15100593288094818,0.11866476369404384,0.212123673352412,0.1464364364863894,0.12133633817106111
Arbre,grille,19,4,0.1324050495318358,0.10668445785005434,0.18469123420054478,0.13234642152312937,0.12467013970816399
Arbre,grille,19,5,0.14780897828765222,0.11133079027370905,0.12338689395800861,0.13931418764074754,0.12394558597919093
Arbre,grille,20,1,0.12271611912145867,0.09922449158825253,0.040790212667075054,0.12297999284357718,0.12386767024421805
Arbre,grille,20,2,0.1309118186409526,0.10432854213689284,0.16302570863282773,0.13512338255301504,0.12560703107081125
Arbre,grille,20,3,0.15100593288094818,0.11866476369404384,0.212123673352412,0.1464364364863894,0.12133633817106111
Arbre,grille,20,4,0.1324050495318358,0.10668445785005434,0.18469123420054478,0.13234642152312937,0.12467013970816399
Arbre,grille,20,5,0.14202799954798687,0.10678457837333377,0.19061664363782438,0.13352307750113687,0.12423078306971301
Arbre,grille,21,1,0.12271611912145867,0.09922449158825253,0.040790212667075054,0.12297999284357718,0.12386767024421805
Arbre,grille,21,2,0.1309118186409526,0.10432854213689284,0.16302570863282773,0.13512338255301504,0.12560703107081125
Arbre,grille,21,3,0.15100593288094818,0.11866476369404384,0.212123673352412,0.1464364364863894,0.12133633817106111
Arbre,grille,21,4,0.1324050495318358,0.10668445785005434,0.18469123420054478,0.13234642152312937,0.12467013970816399
Arbre,grille,21,5,0.14202799954798687,0.10678457837333377,0.19061664363782438,0.13352307750113687,0.12423078306971301
Arbre,grille,22,1,0.12271611912145867,0.09922449158825253,0.040790212667075054,0.12297999284357718,0.12386767024421805
Arbre,grille,22,2,0.1309118186409526,0.10432854213689284,0.16302570863282773,0.13512338255301504,0.12560703107081125
Arbre,grille,22,3,0.15100593288094818,0.11866476369404384,0.212123673352412,0.1464364364863894,0.12133633817106111
Arbre,grille,22,4,0.1324050495318358,0.10668445785005434,0.18469123420054478,0.13234642152312937,0.12467013970816399
Arbre,grille,22,5,0.14202799954798687,0.10678457837333377,0.19061664363782438,0.13352307750113687,0.12423078306971301
Arbre,grille,23,1,0.12271611912145867,0.09922449158825253,0.040790212667075054,0.12297999284357718,0.12386767024421805
Arbre,grille,23,2,0.1309118186409526,0.10432854213689284,0.16302570863282773,0.13512338255301504,0.12560703107081125
Arbre,grille,23,3,0.15100593288094818,0.11866476369404384,0.212123673352412,0.1464364364863894,0.12133633817106111
Arbre,grille,23,4,0.1324050495318358,0.10668445785005434,0.18469123420054478,0.13234642152312937,0.12467013970816399
Arbre,grille,23,5,0.14202799954798687,0.10678457837333377,0.19061664363782438,0.13352307750113687,0.12423078306971301
Arbre,grille,24,1,0.1201497618805417,0.09720251072810157,0.08049053151659602,0.1233029331909349,0.11194251552696258
Arbre,grille,24,2,0.14236216708782073,0.10701165695008688,0.010208803511199238,0.14053312726502704,0.11522105865605392
Arbre,grille,24,3,0.13917934154317152,0.10971687353041892,0.330701910762112,0.13580614663193635,0.10917581839026616
Arbre,grille,24,4,0.13388273200594536,0.10599043319771186,0.16639147489932926,0.1354459517984609,0.11574796161061597
Arbre,grille,24,5,0.14250218178141355,0.10551698908174437,0.1852031211156686,0.1345584156100159,0.11334174389615749
Arbre,grille,25,1,0.1201497618805417,0.09720251072810157,0.08049053151659602,0.1233029331909349,0.11194251552696258
Arbre,grille,25,2,0.14236216708782073,0.10701165695008688,0.010208803511199238,0.14053312726502704,0.11522105865605392
Arbre,grille,25,3,0.13917934154317152,0.10971687353041892,0.330701910762112,0.13580614663193635,0.10917581839026616
Arbre,grille,25,4,0.13388273200594536,0.10599043319771186,0.16639147489932926,0.1354459517984609,0.11574796161061597
Arbre,grille,25,5,0.14250218178141355,0.10551698908174437,0.1852031211156686,0.1345584156100159,0.11334174389615749
Arbre,grille,26,1,0.1201497618805417,0.09720251072810157,0.08049053151659602,0.1233029331909349,0.11194251552696258
Arbre,grille,26,2,0.14352035703491736,0.10707522981177184,-0.005961635284756239,0.14137052862243718,0.11570149284888735
Arbre,grille,26,3,0.13917934154317152,0.1097168735304189,0.330701910762112,0.13580614663193635,0.10922054230165734
Arbre,grille,26,4,0.13388273200594533,0.10599043319771183,0.1663914748993296,0.13544595179846086,0.11578387251309236
Arbre,grille,26,5,0.14250218178141355,0.10551698908174437,0.1852031211156686,0.1345584156100159,0.11334174389615749
Arbre,grille,27,1,0.11965176159204909,0.0964971334504744,0.08809715481023739,0.12295718938323638,0.11311666117856876
Arbre,grille,27,2,0.14077880381644162,0.10484695397957108,0.03210343750040168,0.1393912761194185,0.11663014940823895
Arbre,grille,27,3,0.13917934154317152,0.1097168735304189,0.330701910762112,0.13580614663193635,0.10922054230165734
Arbre,grille,27,4,0.1333732486214161,0.10526101917286872,0.17272390600053222,0.13508710912705094,0.1168541837443386
Arbre,grille,27,5,0.14013491207842432,0.10487512129153385,0.2120493462726033,0.13278077449952538,0.11375001393262008
Arbre,grille,28,1,0.12091144999337564,0.09800950522072649,0.06879513662454606,0.12383264080866803,0.11217305762230353
Arbre,grille,28,2,0.14236216708782073,0.10701165695008688,0.010208803511199238,0.14053312726502704,0.11522105865605392
Arbre,grille,28,3,0.13917934154317152,0.10971687353041892,0.330701910762112,0.13580614663193635,0.10918531304431196
Arbre,grille,28,4,0.13388273200594536,0.10599043319771186,0.16639147489932926,0.1354459517984609,0.11575859066324012
Arbre,grille,28,5,0.14250218178141355,0.10551698908174437,0.1852031211156686,0.1345584156100159,0.11334174389615749
Arbre,grille,29,1,0.12091144999337564,0.09800950522072649,0.06879513662454606,0.12383264080866803,0.11217305762230353
Arbre,grille,29,2,0.14236216708782073,0.10701165695008688,0.010208803511199238,0.14053312726502704,0.11522105865605392
Arbre,grille,29,3,0.13917934154317152,0.10971687353041892,0.330701910762112,0.13580614663193635,0.10918531304431196
Arbre,grille,29,4,0.13388273200594536,0.10599043319771186,0.16639147489932926,0.1354459517984609,0.11575859066324012
Arbre,grille,29,5,0.14250218178141355,0.10551698908174437,0.1852031211156686,0.1345584156100159,0.11334174389615749
Arbre,grille,30,1,0.12091144999337564,0.09800950522072649,0.06879513662454606,0.12383264080866803,0.11217305762230353
Arbre,grille,30,2,0.14352035703491736,0.10707522981177184,-0.005961635284756239,0.14137052862243718,0.11570149284888735
Arbre,grille,30,3,0.13917934154317152,0.1097168735304189,0.330701910762112,0.13580614663193635,0.10922054230165734
Arbre,grille,30,4,0.13388273200594533,0.10599043319771183,0.1663914748993296,0.13544595179846086,0.11578387251309236
Arbre,grille,30,5,0.14250218178141355,0.10551698908174437,0.1852031211156686,0.1345584156100159,0.11334174389615749
Arbre,grille,31,1,0.11965176159204909,0.0964971334504744,0.08809715481023739,0.12295718938323638,0.11311666117856876
Arbre,grille,31,2,0.14077880381644162,0.10484695397957108,0.03210343750040168,0.1393912761194185,0.11663014940823895
Arbre,grille,31,3,0.13917934154317152,0.1097168735304189,0.330701910762112,0.13580614663193635,0.10922054230165734
Arbre,grille,31,4,0.1333732486214161,0.10526101917286872,0.17272390600053222,0.13508710912705094,0.1168541837443386
Arbre,grille,31,5,0.14013491207842432,0.10487512129153385,0.2120493462726033,0.13278077449952538,0.11375001393262008
Arbre,grille,32,1,0.12080299239782887,0.09790655013279957,0.07046496927686241,0.12375714952505758,0.11255566807993467
Arbre,grille,32,2,0.14352035703491736,0.10707522981177184,-0.005961635284756239,0.14137052862243718,0.11570149284888735
Arbre,grille,32,3,0.13917934154317152,0.1097168735304189,0.330701910762112,0.13580614663193635,0.10922054230165734
Arbre,grille,32,4,0.13213498389966613,0.10376236452895483,0.18801380114535282,0.1342476737461903,0.1164459637781764
Arbre,grille,32,5,0.13787640657925782,0.1056395923962717,0.23724293059145518,0.1302834746372912,0.11362258563168576
Arbre,grille,33,1,0.12080299239782887,0.09790655013279957,0.07046496927686241,0.12375714952505758,0.11255566807993467
Arbre,grille,33,2,0.14352035703491736,0.10707522981177184,-0.005961635284756239,0.14137052862243718,0.11570149284888735
Arbre,grille,33,3,0.13917934154317152,0.1097168735304189,0.330701910762112,0.13580614663193635,0.10922054230165734
Arbre,grille,33,4,0.13213498389966613,0.10376236452895483,0.18801380114535282,0.1342476737461903,0.1164459637781764
Arbre,grille,33,5,0.13787640657925782,0.1056395923962717,0.23724293059145518,0.1302834746372912,0.11362258563168576
Arbre,grille,34,1,0.12080299239782887,0.09790655013279957,0.07046496927686241,0.12375714952505758,0.11255566807993467
Arbre,grille,34,2,0.14352035703491736,0.10707522981177184,-0.005961635284756239,0.14137052862243718,0.11570149284888735
Arbre,grille,34,3,0.13917934154317152,0.1097168735304189,0.330701910762112,0.13580614663193635,0.10922054230165734
Arbre,grille,34,4,0.13213498389966613,0.10376236452895483,0.18801380114535282,0.1342476737461903,0.1164459637781764
Arbre,grille,34,5,0.13787640657925782,0.1056395923962717,0.23724293059145518,0.1302834746372912,0.11362258563168576
Arbre,grille,35,1,0.11965176159204909,0.0964971334504744,0.08809715481023739,0.12295718938323638,0.11311666117856876
Arbre,grille,35,2,0.14077880381644162,0.10484695397957108,0.03210343750040168,0.1393912761194185,0.11663014940823895
Arbre,grille,35,3,0.13917934154317152,0.1097168735304189,0.330701910762112,0.13580614663193635,0.10922054230165734
Arbre,grille,35,4,0.13170044230814845,0.1028700703328223,0.19334564565310997,0.13394289271628335,0.11687133283132416
Arbre,grille,35,5,0.1401222624483964,0.10630145940938092,0.2121915925443013,0.13197440555913856,0.11383928646567099
Arbre,grille,36,1,0.11965176159204909,0.0964971334504744,0.08809715481023739,0.12295718938323638,0.11311666117856876
Arbre,grille,36,2,0.13204076972742446,0.1012348223898065,0.14852774580159467,0.13614229175362522,0.11408584114095417
Arbre,grille,36,3,0.13611676187827723,0.10632181441548316,0.3598330513425442,0.13247474684217309,0.11150707692085199
Arbre,grille,36,4,0.13064637033838067,0.10157168559123167,0.20620618173436756,0.13193796039480263,0.11560966727182181
Arbre,grille,36,5,0.1378369680645914,0.10630145940938092,0.23767923008966008,0.13019656134502824,0.11523683192607598
Arbre,grille,37,1,0.11965176159204909,0.0964971334504744,0.08809715481023739,0.12295718938323638,0.11311666117856876
Arbre,grille,37,2,0.13204076972742446,0.1012348223898065,0.14852774580159467,0.13614229175362522,0.11408584114095417
Arbre,grille,37,3,0.13611676187827723,0.10632181441548316,0.3598330513425442,0.13247474684217309,0.11150707692085199
Arbre,grille,37,4,0.13064637033838067,0.10157168559123167,0.20620618173436756,0.13193796039480263,0.11560966727182181
Arbre,grille,37,5,0.1378369680645914,0.10630145940938092,0.23767923008966008,0.13019656134502824,0.11523683192607598
Arbre,grille,38,1,0.11965176159204909,0.0964971334504744,0.08809715481023739,0.12295718938323638,0.11311666117856876
Arbre,grille,38,2,0.13204076972742446,0.1012348223898065,0.14852774580159467,0.13614229175362522,0.11408584114095417
Arbre,grille,38,3,0.13611676187827723,0.10632181441548316,0.3598330513425442,0.13247474684217309,0.11150707692085199
Arbre,grille,38,4,0.13064637033838067,0.10157168559123167,0.20620618173436756,0.13193796039480263,0.11560966727182181
Arbre,grille,38,5,0.1378369680645914,0.10630145940938092,0.23767923008966008,0.13019656134502824,0.11523683192607598
Arbre,grille,39,1,0.11965176159204909,0.0964971334504744,0.08809715481023739,0.12295718938323638,0.11311666117856876
Arbre,grille,39,2,0.13204076972742446,0.1012348223898065,0.14852774580159467,0.13614229175362522,0.11408584114095417
Arbre,grille,39,3,0.13611676187827723,0.10632181441548316,0.3598330513425442,0.13247474684217309,0.11150707692085199
Arbre,grille,39,4,0.13064637033838067,0.10157168559123167,0.20620618173436756,0.13193796039480263,0.11560966727182181
Arbre,grille,39,5,0.1378369680645914,0.10630145940938092,0.23767923008966008,0.13019656134502824,0.11523683192607598
Arbre,grille,40,1,0.12399782112425942,0.09770697548034425,0.02064874427368235,0.12529777633943728,0.11507813360033606
Arbre,grille,40,2,0.1280155446546315,0.09848804412727026,0.19965023342770882,0.13132249284011702,0.11875150394010123
Arbre,grille,40,3,0.1386139926450825,0.10955344424700088,0.33612826823596575,0.13553834849888174,0.11353641150672468
Arbre,grille,40,4,0.11842293175064499,0.09610390878623344,0.3477942361841233,0.12034165500166663,0.1159820869532102
Arbre,grille,40,5,0.1467157960036523,0.11363508226268162,0.13630565146096663,0.1372307349983687,0.1178449141366584
Arbre,grille,41,1,0.12399782112425942,0.09770697548034425,0.02064874427368235,0.12529777633943728,0.11507813360033606
Arbre,grille,41,2,0.1280155446546315,0.09848804412727026,0.19965023342770882,0.13132249284011702,0.11875150394010123
Arbre,grille,41,3,0.1386139926450825,0.10955344424700088,0.33612826823596575,0.13553834849888174,0.11353641150672468
Arbre,grille,41,4,0.11842293175064499,0.09610390878623344,0.3477942361841233,0.12034165500166663,0.1159820869532102
Arbre,grille,41,5,0.1467157960036523,0.11363508226268162,0.13630565146096663,0.1372307349983687,0.1178449141366584
Arbre,grille,42,1,0.12399782112425942,0.09770697548034425,0.02064874427368235,0.12529777633943728,0.11507813360033606
Arbre,grille,42,2,0.1280155446546315,0.09848804412727026,0.19965023342770882,0.13132249284011702,0.11875150394010123
Arbre,grille,42,3,0.1386139926450825,0.10955344424700088,0.33612826823596575,0.13553834849888174,0.11353641150672468
Arbre,grille,42,4,0.11842293175064499,0.09610390878623344,0.3477942361841233,0.12034165500166663,0.1159820869532102
Arbre,grille,42,5,0.1467157960036523,0.11363508226268162,0.13630565146096663,0.1372307349983687,0.1178449141366584
Arbre,grille,43,1,0.12399782112425942,0.09770697548034425,0.02064874427368235,0.12529777633943728,0.11507813360033606
Arbre,grille,43,2,0.1280155446546315,0.09848804412727026,0.19965023342770882,0.13132249284011702,0.11875150394010123
Arbre,grille,43,3,0.1386139926450825,0.10955344424700088,0.33612826823596575,0.13553834849888174,0.11353641150672468
Arbre,grille,43,4,0.11842293175064499,0.09610390878623344,0.3477942361841233,0.12034165500166663,0.1159820869532102
Arbre,grille,43,5,0.1467157960036523,0.11363508226268162,0.13630565146096663,0.1372307349983687,0.1178449141366584
Arbre,grille,44,1,0.1149058431449708,0.09513810360698531,0.15900269433719838,0.11657220218383887,0.11587049872242881
Arbre,grille,44,2,0.13428552133014923,0.10380161609278511,0.11933084614234668,0.13706161213473234,0.11919705999164533
Arbre,grille,44,3,0.14029471291122475,0.11019657220100196,0.31993153098326754,0.1374154436470973,0.1143609577141632
Arbre,grille,44,4,0.11778468897924099,0.09626154185575649,0.35480544376255896,0.11949830060174164,0.11826221944529208
Arbre,grille,44,5,0.13845764146228395,0.10706590439923824,0.23079838353339466,0.13012395588059583,0.11793686888784735
Arbre,grille,45,1,0.1149058431449708,0.09513810360698531,0.15900269433719838,0.11657220218383887,0.11587049872242881
Arbre,grille,45,2,0.13428552133014923,0.10380161609278511,0.11933084614234668,0.13706161213473234,0.11919705999164533
Arbre,grille,45,3,0.14029471291122475,0.11019657220100196,0.31993153098326754,0.1374154436470973,0.1143609577141632
Arbre,grille,45,4,0.11778468897924099,0.09626154185575649,0.35480544376255896,0.11949830060174164,0.11826221944529208
Arbre,grille,45,5,0.13845764146228395,0.10706590439923824,0.23079838353339466,0.13012395588059583,0.11793686888784735
Arbre,grille,46,1,0.1149058431449708,0.09513810360698531,0.15900269433719838,0.11657220218383887,0.11587049872242881
Arbre,grille,46,2,0.13428552133014923,0.10380161609278511,0.11933084614234668,0.13706161213473234,0.11919705999164533
Arbre,grille,46,3,0.14029471291122475,0.11019657220100196,0.31993153098326754,0.1374154436470973,0.1143609577141632
Arbre,grille,46,4,0.11778468897924099,0.09626154185575649,0.35480544376255896,0.11949830060174164,0.11826221944529208
Arbre,grille,46,5,0.13845764146228395,0.10706590439923824,0.23079838353339466,0.13012395588059583,0.11793686888784735
Arbre,grille,47,1,0.1149058431449708,0.09513810360698531,0.15900269433719838,0.11657220218383887,0.11587049872242881
Arbre,grille,47,2,0.13428552133014923,0.10380161609278511,0.11933084614234668,0.13706161213473234,0.11919705999164533
Arbre,grille,47,3,0.14029471291122475,0.11019657220100196,0.31993153098326754,0.1374154436470973,0.1143609577141632
Arbre,grille,47,4,0.11778468897924099,0.09626154185575649,0.35480544376255896,0.11949830060174164,0.11826221944529208
Arbre,grille,47,5,0.13845764146228395,0.10706590439923824,0.23079838353339466,0.13012395588059583,0.11793686888784735
Arbre,grille,48,1,0.10980501685959926,0.09024927200965677,0.23201145428674552,0.10786970837586987,0.09948651758523772
Arbre,grille,48,2,0.12094194082540331,0.09155488238633888,0.285654565531794,0.12372954890506074,0.10583868028087327
Arbre,grille,48,3,0.14237159412993347,0.10832562380961017,0.29964743139495353,0.13940138965533833,0.10109761876431637
Arbre,grille,48,4,0.1283450895037739,0.10209623464119959,0.23392457675303124,0.12988960838001673,0.10613356538352754
Arbre,grille,48,5,0.13984976347829256,0.10457733897322091,0.2152527511682919,0.13448848981032246,0.10433651656845146
Arbre,grille,49,1,0.10980501685959926,0.09024927200965677,0.23201145428674552,0.10786970837586987,0.09948651758523772
Arbre,grille,49,2,0.12009669432488271,0.09115351151864731,0.2956045968319546,0.12314115596442227,0.10601491042090708
Arbre,grille,49,3,0.14237159412993347,0.10832562380961017,0.29964743139495364,0.1394013896553383,0.1011072921983024
Arbre,grille,49,4,0.12576860483626612,0.1002266977089802,0.26437326922345394,0.12808012815199027,0.10645881526669322
Arbre,grille,49,5,0.1398497634782926,0.10457733897322094,0.21525275116829157,0.1344884898103225,0.10473176908152661
Arbre,grille,50,1,0.10980501685959926,0.09024927200965677,0.23201145428674552,0.10786970837586987,0.09948651758523772
Arbre,grille,50,2,0.12126397794112298,0.09093516567877384,0.2818452663269583,0.12395407165991464,0.10684374276010854
Arbre,grille,50,3,0.14237159412993347,0.10832562380961017,0.29964743139495353,0.1394013896553383,0.1013046963505659
Arbre,grille,50,4,0.12569327683626652,0.09983241735072139,0.26525419965591346,0.12802739627511922,0.10683561646092736
Arbre,grille,50,5,0.13884826727269187,0.10376604074055996,0.22645201659405179,0.1337494073650293,0.10498453673692351
Arbre,grille,51,1,0.12070475795735618,0.09727667969745786,0.07197611109864976,0.12367050466139672,0.10292448106514439
Arbre,grille,51,2,0.1341518426741725,0.10109351565779912,0.12108335185352148,0.13308462753343592,0.10990222708051756
Arbre,grille,51,3,0.14230914482268034,0.1096650285652205,0.30026169635139477,0.13935620321002387,0.1045075477790916
Arbre,grille,51,4,0.12515045888966062,0.09910300332587825,0.2715866307571162,0.1276477002953802,0.10799464833506332
Arbre,grille,51,5,0.1372215477225893,0.10550203727529213,0.24447131758563911,0.13292253993594336,0.10853008865895529
Arbre,grille,52,1,0.11466910945499693,0.09548942217915887,0.1624644383331546,0.11330031871093602,0.10081630541438234
Arbre,grille,52,2,0.12058600846706495,0.0927419552665501,0.2898530183030438,0.12348161623680795,0.10610746073362305
Arbre,grille,52,3,0.14237159412993347,0.10832562380961017,0.29964743139495364,0.1394013896553383,0.10111754446718393
Arbre,grille,52,4,0.12566313928058745,0.10020509092988586,0.2656064983365046,0.12800344777126918,0.10683993668516752
Arbre,grille,52,5,0.13811028389825625,0.10413070782745669,0.2346530331011505,0.13320558994381945,0.10473353523611477
Arbre,grille,53,1,0.11466910945499693,0.09548942217915884,0.1624644383331546,0.11330031871093602,0.1010187190147997
Arbre,grille,53,2,0.12159675554634085,0.09330703682581533,0.2778982783777255,0.12418628168628795,0.10622363548026233
Arbre,grille,53,3,0.14237159412993347,0.10832562380961017,0.29964743139495364,0.1394013896553383,0.10111754446718393
Arbre,grille,53,4,0.12566313928058745,0.10020509092988586,0.2656064983365046,0.12800344777126918,0.10683993668516752
Arbre,grille,53,5,0.13811028389825625,0.10413070782745669,0.2346530331011505,0.13320558994381945,0.10473353523611477
Arbre,grille,54,1,0.11388113101061774,0.09485325313460048,0.1739355734855731,0.11273226167082258,0.10118782967359424
Arbre,grille,54,2,0.12246750034329218,0.09274145768558983,0.26751942267235174,0.12479483080059613,0.10704476013422681
Arbre,grille,54,3,0.14237159412993347,0.10832562380961017,0.29964743139495353,0.1394013896553383,0.1013046963505659
Arbre,grille,54,4,0.12558774802196987,0.09981081057162706,0.26648742876896414,0.1279506842923796,0.10720392237302752
Arbre,grille,54,5,0.13884826727269187,0.10376604074055996,0.22645201659405179,0.1337494073650293,0.10498453673692351
Arbre,grille,55,1,0.12050521450919681,0.09722697980379925,0.07504190607724714,0.12351551617360691,0.10327721627219134
Arbre,grille,55,2,0.1341518426741725,0.10109351565779912,0.12108335185352148,0.13308462753343592,0.10990222708051756
Arbre,grille,55,3,0.14230914482268034,0.1096650285652205,0.30026169635139477,0.13935620321002387,0.1045075477790916
Arbre,grille,55,4,0.1250444719757099,0.09908139654678394,0.27281985987016666,0.12757075999068512,0.108359014837667
Arbre,grille,55,5,0.1372215477225893,0.10550203727529213,0.24447131758563911,0.13292253993594336,0.10853008865895529
Arbre,grille,56,1,0.11706352553992005,0.0966493506378677,0.12712194391742482,0.1184879406677313,0.10198765114311004
Arbre,grille,56,2,0.13448187115611332,0.10069308858335604,0.11675356672987425,0.13229526470367617,0.10757486057100649
Arbre,grille,56,3,0.14191990230173968,0.10800767108531258,0.30408429556239414,0.13907262251757432,0.10191718054748529
Arbre,grille,56,4,0.12906797676912513,0.09944477090561345,0.22527063082157828,0.1299429655249037,0.1080000861754334
Arbre,grille,56,5,0.13437669594983986,0.10028109008789521,0.27547354727805606,0.12937723151354302,0.10318994109263278
Arbre,grille,57,1,0.11706352553992005,0.0966493506378677,0.12712194391742482,0.1184879406677313,0.10198765114311004
Arbre,grille,57,2,0.13448187115611332,0.10069308858335604,0.11675356672987425,0.13229526470367617,0.10757486057100649
Arbre,grille,57,3,0.14191990230173968,0.10800767108531258,0.30408429556239414,0.13907262251757432,0.10191718054748529
Arbre,grille,57,4,0.12906797676912513,0.09944477090561345,0.22527063082157828,0.1299429655249037,0.1080000861754334
Arbre,grille,57,5,0.13437669594983986,0.10028109008789521,0.27547354727805606,0.12937723151354302,0.10318994109263278
Arbre,grille,58,1,0.11706352553992005,0.0966493506378677,0.12712194391742482,0.1184879406677313,0.10198765114311004
Arbre,grille,58,2,0.13448187115611332,0.10069308858335604,0.11675356672987425,0.13229526470367617,0.10757486057100649
Arbre,grille,58,3,0.14191990230173968,0.10800767108531258,0.30408429556239414,0.13907262251757432,0.10191718054748529
Arbre,grille,58,4,0.12906797676912513,0.09944477090561345,0.22527063082157828,0.1299429655249037,0.1080000861754334
Arbre,grille,58,5,0.13437669594983986,0.10028109008789521,0.27547354727805606,0.12937723151354302,0.10318994109263278
Arbre,grille,59,1,0.12050521450919681,0.09722697980379925,0.07504190607724714,0.12351551617360691,0.10327721627219134
Arbre,grille,59,2,0.13209528526140302,0.1004476475477101,0.1478245077475786,0.1305696879398668,0.10999031154555065
Arbre,grille,59,3,0.14230914482268034,0.1096650285652205,0.30026169635139477,0.13935620321002387,0.1045075477790916
Arbre,grille,59,4,0.12862307398469505,0.09855247670948095,0.2306024753293351,0.1296280636758436,0.10845858459081431
Arbre,grille,59,5,0.1429009259541507,0.10666324313143277,0.18063687436121068,0.13613774536817236,0.10637163989929363
Arbre,grille,60,1,0.1246738620284179,0.09819879002665062,0.00994071167515842,0.12697064212399703,0.10463914019618481
Arbre,grille,60,2,0.12677275008832073,0.09796861052202678,0.21511463874669567,0.13084046844092947,0.10874864660087522
Arbre,grille,60,3,0.1385322492430372,0.10586957243776342,0.33691103383764753,0.13473588994796146,0.10820893515295273
Arbre,grille,60,4,0.11959631125691514,0.09508888550023431,0.334805599055065,0.12141099678047723,0.10530616914265684
Arbre,grille,60,5,0.13526748338826583,0.1023500932017164,0.2658358903333681,0.12742769959010694,0.10908428960802734
Arbre,grille,61,1,0.1246738620284179,0.09819879002665062,0.00994071167515842,0.12697064212399703,0.10463914019618481
Arbre,grille,61,2,0.12677275008832073,0.09796861052202678,0.21511463874669567,0.13084046844092947,0.10874864660087522
Arbre,grille,61,3,0.1385322492430372,0.10586957243776342,0.33691103383764753,0.13473588994796146,0.10820893515295273
Arbre,grille,61,4,0.11959631125691514,0.09508888550023431,0.334805599055065,0.12141099678047723,0.10530616914265684
Arbre,grille,61,5,0.13526748338826583,0.1023500932017164,0.2658358903333681,0.12742769959010694,0.10908428960802734
Arbre,grille,62,1,0.1246738620284179,0.09819879002665062,0.00994071167515842,0.12697064212399703,0.10463914019618481
Arbre,grille,62,2,0.12677275008832073,0.09796861052202678,0.21511463874669567,0.13084046844092947,0.10874864660087522
Arbre,grille,62,3,0.1385322492430372,0.10586957243776342,0.33691103383764753,0.13473588994796146,0.10820893515295273
Arbre,grille,62,4,0.11959631125691514,0.09508888550023431,0.334805599055065,0.12141099678047723,0.10530616914265684
Arbre,grille,62,5,0.13526748338826583,0.1023500932017164,0.2658358903333681,0.12742769959010694,0.10908428960802734
Arbre,grille,63,1,0.1246738620284179,0.09819879002665062,0.00994071167515842,0.12697064212399703,0.10463914019618481
Arbre,grille,63,2,0.12677275008832073,0.09796861052202678,0.21511463874669567,0.13084046844092947,0.10874864660087522
Arbre,grille,63,3,0.1385322492430372,0.10586957243776342,0.33691103383764753,0.13473588994796146,0.10820893515295273
Arbre,grille,63,4,0.11959631125691514,0.09508888550023431,0.334805599055065,0.12141099678047723,0.10530616914265684
Arbre,grille,63,5,0.13526748338826583,0.1023500932017164,0.2658358903333681,0.12742769959010694,0.10908428960802734
Arbre,grille,64,1,0.1257485659911848,0.09827362447210418,-0.007201720864924432,0.12565740110427462,0.1095731593438145
Arbre,grille,64,2,0.12257465059288176,0.09522183225949055,0.2662371263728097,0.1258177320716569,0.11363365996358163
Arbre,grille,64,3,0.13935060504153524,0.10799099387791132,0.32905372280322676,0.13617714190751098,0.11033756936003036
Arbre,grille,64,4,0.11732157710801047,0.09729940949164903,0.3598690873931766,0.12115158803355335,0.11032652035062279
Arbre,grille,64,5,0.14048919695636966,0.10951814394037719,0.2080601635951329,0.13296362954328564,0.11030475717129735
Arbre,grille,65,1,0.1257485659911848,0.09827362447210418,-0.007201720864924432,0.12565740110427462,0.1095731593438145
Arbre,grille,65,2,0.12257465059288176,0.09522183225949055,0.2662371263728097,0.1258177320716569,0.11363365996358163
Arbre,grille,65,3,0.13935060504153524,0.10799099387791132,0.32905372280322676,0.13617714190751098,0.11033756936003036
Arbre,grille,65,4,0.11732157710801047,0.09729940949164903,0.3598690873931766,0.12115158803355335,0.11032652035062279
Arbre,grille,65,5,0.14048919695636966,0.10951814394037719,0.2080601635951329,0.13296362954328564,0.11030475717129735
Arbre,grille,66,1,0.1257485659911848,0.09827362447210418,-0.007201720864924432,0.12565740110427462,0.1095731593438145
Arbre,grille,66,2,0.12257465059288176,0.09522183225949055,0.2662371263728097,0.1258177320716569,0.11363365996358163
Arbre,grille,66,3,0.13935060504153524,0.10799099387791132,0.32905372280322676,0.13617714190751098,0.11033756936003036
Arbre,grille,66,4,0.11732157710801047,0.09729940949164903,0.3598690873931766,0.12115158803355335,0.11032652035062279
Arbre,grille,66,5,0.14048919695636966,0.10951814394037719,0.2080601635951329,0.13296362954328564,0.11030475717129735
Arbre,grille,67,1,0.1257485659911848,0.09827362447210418,-0.007201720864924432,0.12565740110427462,0.1095731593438145
Arbre,grille,67,2,0.12257465059288176,0.09522183225949055,0.2662371263728097,0.1258177320716569,0.11363365996358163
Arbre,grille,67,3,0.13935060504153524,0.10799099387791132,0.32905372280322676,0.13617714190751098,0.11033756936003036
Arbre,grille,67,4,0.11732157710801047,0.09729940949164903,0.3598690873931766,0.12115158803355335,0.11032652035062279
Arbre,grille,67,5,0.14048919695636966,0.10951814394037719,0.2080601635951329,0.13296362954328564,0.11030475717129735
Arbre,grille,68,1,0.11496329291543161,0.0931832910105467,0.1581615329313234,0.11723729462029192,0.111310879149334
Arbre,grille,68,2,0.12731045356346535,0.10055202090823911,0.20844237498690144,0.13063733937468266,0.11436922504661429
Arbre,grille,68,3,0.14102254656356883,0.10863412183191243,0.31285698555052854,0.13804555123951892,0.11118584048230157
Arbre,grille,68,4,0.11727682442621541,0.0977242398781699,0.3603573541194113,0.12106064622364632,0.11308769028663807
Arbre,grille,68,5,0.13171828243621614,0.10172111399608279,0.30385702090383093,0.12649163592574497,0.11282816723201229
Arbre,grille,69,1,0.11496329291543161,0.0931832910105467,0.1581615329313234,0.11723729462029192,0.111310879149334
Arbre,grille,69,2,0.12731045356346535,0.10055202090823911,0.20844237498690144,0.13063733937468266,0.11436922504661429
Arbre,grille,69,3,0.14102254656356883,0.10863412183191243,0.31285698555052854,0.13804555123951892,0.11118584048230157
Arbre,grille,69,4,0.11727682442621541,0.0977242398781699,0.3603573541194113,0.12106064622364632,0.11308769028663807
Arbre,grille,69,5,0.13171828243621614,0.10172111399608279,0.30385702090383093,0.12649163592574497,0.11282816723201229
Arbre,grille,70,1,0.11496329291543161,0.0931832910105467,0.1581615329313234,0.11723729462029192,0.111310879149334
Arbre,grille,70,2,0.12731045356346535,0.10055202090823911,0.20844237498690144,0.13063733937468266,0.11436922504661429
Arbre,grille,70,3,0.14102254656356883,0.10863412183191243,0.31285698555052854,0.13804555123951892,0.11118584048230157
Arbre,grille,70,4,0.11727682442621541,0.0977242398781699,0.3603573541194113,0.12106064622364632,0.11308769028663807
Arbre,grille,70,5,0.13171828243621614,0.10172111399608279,0.30385702090383093,0.12649163592574497,0.11282816723201229
Arbre,grille,71,1,0.11496329291543161,0.0931832910105467,0.1581615329313234,0.11723729462029192,0.111310879149334
Arbre,grille,71,2,0.12731045356346535,0.10055202090823911,0.20844237498690144,0.13063733937468266,0.11436922504661429
Arbre,grille,71,3,0.14102254656356883,0.10863412183191243,0.31285698555052854,0.13804555123951892,0.11118584048230157
Arbre,grille,71,4,0.11727682442621541,0.0977242398781699,0.3603573541194113,0.12106064622364632,0.11308769028663807
Arbre,grille,71,5,0.13171828243621614,0.10172111399608279,0.30385702090383093,0.12649163592574497,0.11282816723201229
Arbre,grille,72,1,0.11787756815473861,0.09362754237865234,0.11494000258645864,0.11577728260496156,0.08201714176086988
Arbre,grille,72,2,0.14183814927998353,0.09743062638213291,0.017481994785436883,0.1509691233129206,0.0871144342964034
Arbre,grille,72,3,0.14508511883596398,0.10953236635193012,0.2726963456745991,0.14035953945334503,0.08585046213052461
Arbre,grille,72,4,0.1340833022932253,0.10215731086745869,0.1638919391011876,0.13639490673368126,0.08855522623349465
Arbre,grille,72,5,0.144134157804635,0.10172137360774411,0.16643367951181365,0.13622137675583348,0.08846881406787213
Arbre,grille,73,1,0.12079066197268543,0.09872019464925046,0.07065471585421434,0.12285041060216059,0.08231869894420117
Arbre,grille,73,2,0.13886587856506158,0.09813209674425201,0.05822859825370119,0.1470928186557043,0.08853540410640008
Arbre,grille,73,3,0.14635181825485957,0.1104321680212262,0.2599411185748417,0.14138776994481211,0.08647864995714223
Arbre,grille,73,4,0.13163664422568244,0.10037265088796106,0.1941269723565444,0.13468502117890985,0.08928852184588057
Arbre,grille,73,5,0.14581157951119356,0.1022375266685331,0.14691882506668386,0.1374835130203326,0.09008497845433705
Arbre,grille,74,1,0.1260852941889275,0.09947039780206487,-0.012603091576872005,0.12865875662285126,0.0844320581683127
Arbre,grille,74,2,0.13878381609183346,0.09569329726653679,0.05934134467943175,0.14703758944379597,0.09001595763445779
Arbre,grille,74,3,0.14293640719201933,0.10818904214857462,0.29407956618174147,0.13875547167600366,0.09053996459443966
Arbre,grille,74,4,0.1309293901148442,0.0987351768099747,0.20276325884775215,0.13411826456335574,0.09075216425577019
Arbre,grille,74,5,0.15612160768337818,0.10922898428983027,0.0220146277332689,0.14764157792962346,0.09204944557201503
Arbre,grille,75,1,0.12804874944494798,0.10298059727215222,-0.044386043606214676,0.13229575286216147,0.09186339443718748
Arbre,grille,75,2,0.15184931481522315,0.10674140839025487,-0.1261080919360955,0.15734612662022848,0.0949054348367292
Arbre,grille,75,3,0.14298350915594443,0.11070460923854088,0.2936142443235574,0.13865366686961067,0.0950675697844487
Arbre,grille,75,4,0.13166397288841666,0.09986861072018294,0.19379232817876535,0.1346300003457728,0.09294283136856152
Arbre,grille,75,5,0.14319036721895034,0.10636825509603831,0.17731432518522672,0.13829124199614568,0.09923156009027576
Arbre,grille,76,1,0.12208611520135175,0.09560033733739128,0.05061377501627773,0.12134204327072465,0.08256173501909278
Arbre,grille,76,2,0.1335117988668336,0.09985426149536017,0.12945003819791523,0.13524053795773697,0.08910719853942699
Arbre,grille,76,3,0.1489097981678454,0.11100144367658218,0.23384510600548036,0.14576007524462334,0.08687618351492292
Arbre,grille,76,4,0.13139300233351361,0.09974768211323812,0.19710733890668952,0.1345154729259849,0.08988250612832502
Arbre,grille,76,5,0.15953877637046243,0.1127744776360005,-0.02126592794949045,0.15186338676582606,0.0904672053989688
Arbre,grille,77,1,0.12208611520135175,0.09560033733739128,0.05061377501627773,0.12134204327072465,0.08280878119709241
Arbre,grille,77,2,0.1307153642101945,0.09830043609588002,0.16553585530628157,0.1332786519077825,0.08962681921471646
Arbre,grille,77,3,0.14737213175535271,0.11041646094036935,0.24958628738346422,0.1434545487859245,0.08725892571909871
Arbre,grille,77,4,0.13139300233351364,0.0997476821132381,0.1971073389066894,0.1345154729259849,0.08999502132213194
Arbre,grille,77,5,0.15432868222931806,0.1078943329055678,0.04434832536501321,0.147989802538795,0.09110656079992895
Arbre,grille,78,1,0.11825592765814254,0.09654553759709911,0.1092492117932854,0.11894008453143237,0.08716619192250068
Arbre,grille,78,2,0.13027256241639207,0.09571928547832304,0.17117981878424404,0.1325789661569892,0.09115620400804625
Arbre,grille,78,3,0.14299449176355405,0.10818904214857462,0.2935057247387888,0.1387981337511408,0.09055574335997131
Arbre,grille,78,4,0.13084064977474347,0.09864120034120846,0.20384358289543758,0.13405668524534367,0.09138641515698395
Arbre,grille,78,5,0.15712309243742884,0.1104105831308738,0.009427274973269562,0.14839426350604212,0.09237130563995706
Arbre,grille,79,1,0.12228885998152411,0.09602202782977233,0.047457921844179185,0.126352287093476,0.09390861752553947
Arbre,grille,79,2,0.143145306755161,0.10463964113743894,-0.000710906613317297,0.1435988052392033,0.09553297323234397
Arbre,grille,79,3,0.14298350915594443,0.11070460923854088,0.2936142443235574,0.13865366686961067,0.0950675697844487
Arbre,grille,79,4,0.13157572798352185,0.09977463425141668,0.1948726522264509,0.13456865520092579,0.09356223309083209
Arbre,grille,79,5,0.14319036721895034,0.10636825509603831,0.17731432518522672,0.13829124199614568,0.09923156009027576
Arbre,grille,80,1,0.12116771913958195,0.09734744959729055,0.06484361722060805,0.12398163281226576,0.09055670218795851
Arbre,grille,80,2,0.13742323342413387,0.10227523061035304,0.07769464194807107,0.13826347462661912,0.09266515492753487
Arbre,grille,80,3,0.14347829775066262,0.10876111948548563,0.2887169473865433,0.13964022007508572,0.09161304506987449
Arbre,grille,80,4,0.1375127254582858,0.10180235827317441,0.12057502534917142,0.13840536628269723,0.09034326163839547
Arbre,grille,80,5,0.1361773557126755,0.10008991158874789,0.2559260108335869,0.13104567251093407,0.08896507697606079
Arbre,grille,81,1,0.12116771913958195,0.09734744959729055,0.06484361722060805,0.12398163281226576,0.09055670218795851
Arbre,grille,81,2,0.13742323342413387,0.10227523061035304,0.07769464194807107,0.13826347462661912,0.09266515492753487
Arbre,grille,81,3,0.14347829775066262,0.10876111948548563,0.2887169473865433,0.13964022007508572,0.09161304506987449
Arbre,grille,81,4,0.1375127254582858,0.10180235827317441,0.12057502534917142,0.13840536628269723,0.09034326163839547
Arbre,grille,81,5,0.1361773557126755,0.10008991158874789,0.2559260108335869,0.13104567251093407,0.08896507697606079
Arbre,grille,82,1,0.12116771913958195,0.09734744959729055,0.06484361722060805,0.12398163281226576,0.09055670218795851
Arbre,grille,82,2,0.13742323342413387,0.10227523061035304,0.07769464194807107,0.13826347462661912,0.09266515492753487
Arbre,grille,82,3,0.14347829775066262,0.10876111948548563,0.2887169473865433,0.13964022007508572,0.09161304506987449
Arbre,grille,82,4,0.1375127254582858,0.10180235827317441,0.12057502534917142,0.13840536628269723,0.09034326163839547
Arbre,grille,82,5,0.1361773557126755,0.10008991158874789,0.2559260108335869,0.13104567251093407,0.08896507697606079
Arbre,grille,83,1,0.12228885998152411,0.09602202782977233,0.047457921844179185,0.126352287093476,0.09390861752553947
Arbre,grille,83,2,0.13346613203841332,0.10346014806210106,0.1300454680709754,0.13547153672224063,0.09632357489775988
Arbre,grille,83,3,0.14430460898853475,0.11197788013281526,0.2805006020570733,0.1401109884121708,0.09540249760146507
Arbre,grille,83,4,0.1351063676300723,0.10049351021548046,0.15108413206913462,0.13690115950721157,0.09177364854642604
Arbre,grille,83,5,0.13643582845325958,0.10256591435614672,0.25309873661782045,0.13135008627624456,0.0944041506511988
Arbre,grille,84,1,0.12742718683325016,0.10304995933567455,-0.03427152403449618,0.12943011546997127,0.09209331491785862
Arbre,grille,84,2,0.1313648955017022,0.10252857149542222,0.1572222616296186,0.13655397405710726,0.09596012984622578
Arbre,grille,84,3,0.12990824625551514,0.09750059973434452,0.4168994247133656,0.12924419354155126,0.0984973980838881
Arbre,grille,84,4,0.12805682637081245,0.10102082922505881,0.2373619238122422,0.12630582347868674,0.09335719246602987
Arbre,grille,84,5,0.1386068878437247,0.10414921476297216,0.22913921283538785,0.13064625614804895,0.09919865752304358
Arbre,grille,85,1,0.12742718683325016,0.10304995933567455,-0.03427152403449618,0.12943011546997127,0.09209331491785862
Arbre,grille,85,2,0.1313648955017022,0.10252857149542222,0.1572222616296186,0.13655397405710726,0.09596012984622578
Arbre,grille,85,3,0.12990824625551514,0.09750059973434452,0.4168994247133656,0.12924419354155126,0.0984973980838881
Arbre,grille,85,4,0.12805682637081245,0.10102082922505881,0.2373619238122422,0.12630582347868674,0.09335719246602987
Arbre,grille,85,5,0.1386068878437247,0.10414921476297216,0.22913921283538785,0.13064625614804895,0.09919865752304358
Arbre,grille,86,1,0.12742718683325016,0.10304995933567455,-0.03427152403449618,0.12943011546997127,0.09209331491785862
Arbre,grille,86,2,0.1313648955017022,0.10252857149542222,0.1572222616296186,0.13655397405710726,0.09596012984622578
Arbre,grille,86,3,0.12990824625551514,0.09750059973434452,0.4168994247133656,0.12924419354155126,0.0984973980838881
Arbre,grille,86,4,0.12805682637081245,0.10102082922505881,0.2373619238122422,0.12630582347868674,0.09335719246602987
Arbre,grille,86,5,0.1386068878437247,0.10414921476297216,0.22913921283538785,0.13064625614804895,0.09919865752304358
Arbre,grille,87,1,0.12742718683325016,0.10304995933567455,-0.03427152403449618,0.12943011546997127,0.09209331491785862
Arbre,grille,87,2,0.1313648955017022,0.10252857149542222,0.1572222616296186,0.13655397405710726,0.09596012984622578
Arbre,grille,87,3,0.12990824625551514,0.09750059973434452,0.4168994247133656,0.12924419354155126,0.0984973980838881
Arbre,grille,87,4,0.12805682637081245,0.10102082922505881,0.2373619238122422,0.12630582347868674,0.09335719246602987
Arbre,grille,87,5,0.1386068878437247,0.10414921476297216,0.22913921283538785,0.13064625614804895,0.09919865752304358
Arbre,grille,88,1,0.12802900230192238,0.10014080478231714,-0.044063946742003424,0.12881743962249692,0.10193716212978492
Arbre,grille,88,2,0.128382785747768,0.10166604676459647,0.1950516838790437,0.13252111242134776,0.10271199900252517
Arbre,grille,88,3,0.13428755159410774,0.09966102546808332,0.3769232566371373,0.13377338972506952,0.10369523752034313
Arbre,grille,88,4,0.12779150286734825,0.10692287554477405,0.24051890012992128,0.12865691033904098,0.10166819658063729
Arbre,grille,88,5,0.14114804377684445,0.10695339695549229,0.20061488651989978,0.1345266509960919,0.09849386518326261
Arbre,grille,89,1,0.12802900230192238,0.10014080478231714,-0.044063946742003424,0.12881743962249692,0.10193716212978492
Arbre,grille,89,2,0.128382785747768,0.10166604676459647,0.1950516838790437,0.13252111242134776,0.10271199900252517
Arbre,grille,89,3,0.13428755159410774,0.09966102546808332,0.3769232566371373,0.13377338972506952,0.10369523752034313
Arbre,grille,89,4,0.12779150286734825,0.10692287554477405,0.24051890012992128,0.12865691033904098,0.10166819658063729
Arbre,grille,89,5,0.14114804377684445,0.10695339695549229,0.20061488651989978,0.1345266509960919,0.09849386518326261
Arbre,grille,90,1,0.12802900230192238,0.10014080478231714,-0.044063946742003424,0.12881743962249692,0.10193716212978492
Arbre,grille,90,2,0.128382785747768,0.10166604676459647,0.1950516838790437,0.13252111242134776,0.10271199900252517
Arbre,grille,90,3,0.13428755159410774,0.09966102546808332,0.3769232566371373,0.13377338972506952,0.10369523752034313
Arbre,grille,90,4,0.12779150286734825,0.10692287554477405,0.24051890012992128,0.12865691033904098,0.10166819658063729
Arbre,grille,90,5,0.14114804377684445,0.10695339695549229,0.20061488651989978,0.1345266509960919,0.09849386518326261
Arbre,grille,91,1,0.12802900230192238,0.10014080478231714,-0.044063946742003424,0.12881743962249692,0.10193716212978492
Arbre,grille,91,2,0.128382785747768,0.10166604676459647,0.1950516838790437,0.13252111242134776,0.10271199900252517
Arbre,grille,91,3,0.13428755159410774,0.09966102546808332,0.3769232566371373,0.13377338972506952,0.10369523752034313
Arbre,grille,91,4,0.12779150286734825,0.10692287554477405,0.24051890012992128,0.12865691033904098,0.10166819658063729
Arbre,grille,91,5,0.14114804377684445,0.10695339695549229,0.20061488651989978,0.1345266509960919,0.09849386518326261
Arbre,grille,92,1,0.11927827734023302,0.09277755077097134,0.09378114637723867,0.11915949501971246,0.10581815491511774
Arbre,grille,92,2,0.12453204252614163,0.09587777651088923,0.2426151239873401,0.13041627332993824,0.10737730618451577
Arbre,grille,92,3,0.13565251261730518,0.09938409767673016,0.3641924000123328,0.13328873354862172,0.10595434030732202
Arbre,grille,92,4,0.12348977602015375,0.10122231637804775,0.29078972125820723,0.123876823723309,0.10716034607776775
Arbre,grille,92,5,0.1341454146524929,0.10331789090491002,0.27796542596924223,0.1305087675081813,0.1067485564188774
Arbre,grille,93,1,0.11927827734023302,0.09277755077097134,0.09378114637723867,0.11915949501971246,0.10581815491511774
Arbre,grille,93,2,0.12453204252614163,0.09587777651088923,0.2426151239873401,0.13041627332993824,0.10737730618451577
Arbre,grille,93,3,0.13565251261730518,0.09938409767673016,0.3641924000123328,0.13328873354862172,0.10595434030732202
Arbre,grille,93,4,0.12348977602015375,0.10122231637804775,0.29078972125820723,0.123876823723309,0.10716034607776775
Arbre,grille,93,5,0.1341454146524929,0.10331789090491002,0.27796542596924223,0.1305087675081813,0.1067485564188774
Arbre,grille,94,1,0.11927827734023302,0.09277755077097134,0.09378114637723867,0.11915949501971246,0.10581815491511774
Arbre,grille,94,2,0.12453204252614163,0.09587777651088923,0.2426151239873401,0.13041627332993824,0.10737730618451577
Arbre,grille,94,3,0.13565251261730518,0.09938409767673016,0.3641924000123328,0.13328873354862172,0.10595434030732202
Arbre,grille,94,4,0.12348977602015375,0.10122231637804775,0.29078972125820723,0.123876823723309,0.10716034607776775
Arbre,grille,94,5,0.1341454146524929,0.10331789090491002,0.27796542596924223,0.1305087675081813,0.1067485564188774
Arbre,grille,95,1,0.11927827734023302,0.09277755077097134,0.09378114637723867,0.11915949501971246,0.10581815491511774
Arbre,grille,95,2,0.12453204252614163,0.09587777651088923,0.2426151239873401,0.13041627332993824,0.10737730618451577
Arbre,grille,95,3,0.13565251261730518,0.09938409767673016,0.3641924000123328,0.13328873354862172,0.10595434030732202
Arbre,grille,95,4,0.12348977602015375,0.10122231637804775,0.29078972125820723,0.123876823723309,0.10716034607776775
Arbre,grille,95,5,0.1341454146524929,0.10331789090491002,0.27796542596924223,0.1305087675081813,0.1067485564188774
Arbre,grille,96,1,0.14180328033371725,0.11068478685692919,-0.280804756626132,0.14153774251892146,0.06257918610080017
Arbre,grille,96,2,0.13886260032646136,0.10010026739799105,0.05827306295520707,0.14395963331493244,0.06765551080387225
Arbre,grille,96,3,0.14717646483079325,0.10723470832207677,0.25157762274954487,0.1436461425391295,0.07075928488509482
Arbre,grille,96,4,0.12995376492083377,0.10082607527342372,0.21460027009491134,0.1331729288478162,0.07014795935085108
Arbre,grille,96,5,0.14801629348891937,0.10094849615918056,0.12092611417990284,0.13946755976747466,0.07662880434717405
Arbre,grille,97,1,0.13376804539056444,0.10797685805734789,-0.13976453490580298,0.13465910011884238,0.06386452439597658
Arbre,grille,97,2,0.14053442972735564,0.10026343084693218,0.035460811514091306,0.14722543574783256,0.07011095063001889
Arbre,grille,97,3,0.14227420285463804,0.10569219722269538,0.30060527556090466,0.14048227703211852,0.07308345932466813
Arbre,grille,97,4,0.12871129748356516,0.10030101988727297,0.22954664267234848,0.13081806921933178,0.07248634854426006
Arbre,grille,97,5,0.1433805271295744,0.10094593066571585,0.17512778545482477,0.13661447524468018,0.07897854305761479
Arbre,grille,98,1,0.1240829352190189,0.09812926407675453,0.01930379799189652,0.12107105307419969,0.06863538155108387
Arbre,grille,98,2,0.13781905616583964,0.09530803618609951,0.07237392310586455,0.1451805775778451,0.07532914535110476
Arbre,grille,98,3,0.14198569919255494,0.10463393983557574,0.30343886524225905,0.1398706282151637,0.08078935822147106
Arbre,grille,98,4,0.13454313755235714,0.10448815653193298,0.15814728292622937,0.13708417598690475,0.07806204993430943
Arbre,grille,98,5,0.14670256444258778,0.10039766766394473,0.13646142895060298,0.14167810634975708,0.08231657853061136
Arbre,grille,99,1,0.12782344803041648,0.10279333660622601,-0.04071408823512068,0.12919414562935042,0.081367548901
Arbre,grille,99,2,0.14895510950546093,0.10576727313835724,-0.08359056831537726,0.15282104054045326,0.08110887172207501
Arbre,grille,99,3,0.14469285725862127,0.11049172256545808,0.27662380029149325,0.14250015403756713,0.08866341543261282
Arbre,grille,99,4,0.13325369441682558,0.10371879561285062,0.17420636231134057,0.1363890460918182,0.0832791915388713
Arbre,grille,99,5,0.1396477716237963,0.10194538353862267,0.21751801175145236,0.13623748354308127,0.0914100420468429
Arbre,grille,100,1,0.1408929145291403,0.11246295088372282,-0.26441221572618945,0.14000254705523327,0.06586467923140857
Arbre,grille,100,2,0.12947454420091073,0.10021663039268956,0.18130302139644416,0.13223058026270718,0.0707263051087569
Arbre,grille,100,3,0.14863261473321462,0.10857947836056508,0.2366947209685818,0.1475989449056013,0.07318330808161065
Arbre,grille,100,4,0.13282227910708794,0.10267612651354709,0.17954480061852574,0.13429881197835386,0.07268456985020011
Arbre,grille,100,5,0.16192680527155331,0.11463672019980467,-0.05206803238986191,0.15485707953434083,0.07889471155875333
Arbre,grille,101,1,0.13851026614531636,0.1109136967728904,-0.22200871823677448,0.13721598477383848,0.0665750159976616
Arbre,grille,101,2,0.12868357459139892,0.09801655483748606,0.19127542831016686,0.13127841498449305,0.07186702894774441
Arbre,grille,101,3,0.1440168679021422,0.10726469280510656,0.28336708197168503,0.14332193591315823,0.07409766913446306
Arbre,grille,101,4,0.13203745105004305,0.10281809647053738,0.1892120621547032,0.1332829867470117,0.07330881095764485
Arbre,grille,101,5,0.15763971264283017,0.11005393805928977,0.0029025663174512273,0.151727162233363,0.07978320983492479
Arbre,grille,102,1,0.13503174180517058,0.10727246242001301,-0.1614007878813617,0.13506776376711965,0.075680975633322
Arbre,grille,102,2,0.13095562160303423,0.09865376141405824,0.16246551342577997,0.13364039619058057,0.0759960022556718
Arbre,grille,102,3,0.14170909998096654,0.10426105917415603,0.30615013257967894,0.1396704929693187,0.08082261870285357
Arbre,grille,102,4,0.13423195681880615,0.1045117291892844,0.16203697067230904,0.1368053304538302,0.0789731011292126
Arbre,grille,102,5,0.1515614724555611,0.10478448429652625,0.07831194053902413,0.14569616086393597,0.08299040396716471
Arbre,grille,103,1,0.12957834520803932,0.10300689962565503,-0.06948632467238824,0.134100217678887,0.08475354732600252
Arbre,grille,103,2,0.13969786841783027,0.1054930432146934,0.04690988569461996,0.13960069670340194,0.08158718376568665
Arbre,grille,103,3,0.14469285725862127,0.11049172256545808,0.27662380029149325,0.14250015403756713,0.08866341543261282
Arbre,grille,103,4,0.13270465233454629,0.10347510247796979,0.1809973395220702,0.13598826624285387,0.08394240335855638
Arbre,grille,103,5,0.14409429455702033,0.10577450507146832,0.16689469536135637,0.13993608806971874,0.09138123278988536
Arbre,grille,104,1,0.1310457940351962,0.10483591421522744,-0.09384692464591549,0.13123451120959181,0.07942783406769427
Arbre,grille,104,2,0.14025930845837173,0.1088316821374371,0.0392336306884683,0.1440152348667975,0.08097891612855782
Arbre,grille,104,3,0.14535399112033126,0.10675436910783423,0.2699981641492142,0.14413676117284577,0.08295005617329478
Arbre,grille,104,4,0.13549377169499457,0.10246806562700703,0.14620878874153143,0.13453854535559384,0.07921400707829143
Arbre,grille,104,5,0.14110905199323465,0.10274497278705393,0.2010564816747663,0.13648789351314505,0.07446556719070771
Arbre,grille,105,1,0.1310457940351962,0.10483591421522744,-0.09384692464591549,0.13123451120959181,0.07942783406769427
Arbre,grille,105,2,0.14025930845837173,0.1088316821374371,0.0392336306884683,0.1440152348667975,0.08097891612855782
Arbre,grille,105,3,0.14535399112033126,0.10675436910783423,0.2699981641492142,0.14413676117284577,0.08295005617329478
Arbre,grille,105,4,0.13549377169499457,0.10246806562700703,0.14620878874153143,0.13453854535559384,0.07921400707829143
Arbre,grille,105,5,0.14110905199323465,0.10274497278705393,0.2010564816747663,0.13648789351314505,0.07446556719070771
Arbre,grille,106,1,0.1310457940351962,0.10483591421522744,-0.09384692464591549,0.13123451120959181,0.07942783406769427
Arbre,grille,106,2,0.14025930845837173,0.1088316821374371,0.0392336306884683,0.1440152348667975,0.08097891612855782
Arbre,grille,106,3,0.14535399112033126,0.10675436910783423,0.2699981641492142,0.14413676117284577,0.08295005617329478
Arbre,grille,106,4,0.13549377169499457,0.10246806562700703,0.14620878874153143,0.13453854535559384,0.07921400707829143
Arbre,grille,106,5,0.14110905199323465,0.10274497278705393,0.2010564816747663,0.13648789351314505,0.07446556719070771
Arbre,grille,107,1,0.12633569032757483,0.09912042275044561,-0.01662899600102108,0.12781264710144286,0.08536850062373849
Arbre,grille,107,2,0.1414234876168342,0.11036781046788971,0.02321835020177021,0.14485813593556088,0.08605098411037876
Arbre,grille,107,3,0.14485858730811363,0.10961798760904164,0.2749657525700693,0.1423929534958893,0.09038796586745909
Arbre,grille,107,4,0.1323872081635639,0.10141181906441082,0.18491094249652285,0.1320985974136101,0.08257685945829496
Arbre,grille,107,5,0.1405712250866051,0.10589207890068271,0.20713510586685924,0.13642961506688128,0.08531268458676933
Arbre,grille,108,1,0.13057378885012805,0.10594306332451266,-0.08598140545217059,0.13190723137561822,0.0879755769592678
Arbre,grille,108,2,0.13471062204456283,0.1052200781163941,0.11374624328285499,0.13633112890834947,0.0919040447529715
Arbre,grille,108,3,0.13873316121764442,0.1017394310955637,0.3349862961694341,0.1371248779038002,0.09469801480084165
Arbre,grille,108,4,0.13122669996695557,0.10373185199727393,0.1991384737183748,0.12959094039090413,0.08948642393930578
Arbre,grille,108,5,0.13539852777219363,0.10069114883384574,0.26441271481093853,0.12756587039552658,0.09248567618451549
Arbre,grille,109,1,0.13057378885012805,0.10594306332451266,-0.08598140545217059,0.13190723137561822,0.0879755769592678
Arbre,grille,109,2,0.13471062204456283,0.1052200781163941,0.11374624328285499,0.13633112890834947,0.0919040447529715
Arbre,grille,109,3,0.13873316121764442,0.1017394310955637,0.3349862961694341,0.1371248779038002,0.09469801480084165
Arbre,grille,109,4,0.13122669996695557,0.10373185199727393,0.1991384737183748,0.12959094039090413,0.08948642393930578
Arbre,grille,109,5,0.13539852777219363,0.10069114883384574,0.26441271481093853,0.12756587039552658,0.09248567618451549
Arbre,grille,110,1,0.13057378885012805,0.10594306332451266,-0.08598140545217059,0.13190723137561822,0.0879755769592678
Arbre,grille,110,2,0.13471062204456283,0.1052200781163941,0.11374624328285499,0.13633112890834947,0.0919040447529715
Arbre,grille,110,3,0.13873316121764442,0.1017394310955637,0.3349862961694341,0.1371248779038002,0.09469801480084165
Arbre,grille,110,4,0.13122669996695557,0.10373185199727393,0.1991384737183748,0.12959094039090413,0.08948642393930578
Arbre,grille,110,5,0.13539852777219363,0.10069114883384574,0.26441271481093853,0.12756587039552658,0.09248567618451549
Arbre,grille,111,1,0.13057378885012805,0.10594306332451266,-0.08598140545217059,0.13190723137561822,0.0879755769592678
Arbre,grille,111,2,0.13471062204456283,0.1052200781163941,0.11374624328285499,0.13633112890834947,0.0919040447529715
Arbre,grille,111,3,0.13873316121764442,0.1017394310955637,0.3349862961694341,0.1371248779038002,0.09469801480084165
Arbre,grille,111,4,0.13122669996695557,0.10373185199727393,0.1991384737183748,0.12959094039090413,0.08948642393930578
Arbre,grille,111,5,0.13539852777219363,0.10069114883384574,0.26441271481093853,0.12756587039552658,0.09248567618451549
Arbre,grille,112,1,0.12879121269804933,0.10104344098432429,-0.05653245364402393,0.13009059960770442,0.09914120148143193
Arbre,grille,112,2,0.1311411608598505,0.10488160077087588,0.16009057743945798,0.13386297241241857,0.10154851187008349
Arbre,grille,112,3,0.13489101833619502,0.10172450391751756,0.37131065973619126,0.1344696453411921,0.10124177203081637
Arbre,grille,112,4,0.12873709953358958,0.10616182919309375,0.2292377145673442,0.13046749788606202,0.099041635904512
Arbre,grille,112,5,0.1409005017196265,0.10717358922406363,0.2034163127437404,0.13454817487637413,0.09751332323359162
Arbre,grille,113,1,0.12879121269804933,0.10104344098432429,-0.05653245364402393,0.13009059960770442,0.09914120148143193
Arbre,grille,113,2,0.1311411608598505,0.10488160077087588,0.16009057743945798,0.13386297241241857,0.10154851187008349
Arbre,grille,113,3,0.13489101833619502,0.10172450391751756,0.37131065973619126,0.1344696453411921,0.10124177203081637
Arbre,grille,113,4,0.12873709953358958,0.10616182919309375,0.2292377145673442,0.13046749788606202,0.099041635904512
Arbre,grille,113,5,0.1409005017196265,0.10717358922406363,0.2034163127437404,0.13454817487637413,0.09751332323359162
Arbre,grille,114,1,0.12879121269804933,0.10104344098432429,-0.05653245364402393,0.13009059960770442,0.09914120148143193
Arbre,grille,114,2,0.1311411608598505,0.10488160077087588,0.16009057743945798,0.13386297241241857,0.10154851187008349
Arbre,grille,114,3,0.13489101833619502,0.10172450391751756,0.37131065973619126,0.1344696453411921,0.10124177203081637
Arbre,grille,114,4,0.12873709953358958,0.10616182919309375,0.2292377145673442,0.13046749788606202,0.099041635904512
Arbre,grille,114,5,0.1409005017196265,0.10717358922406363,0.2034163127437404,0.13454817487637413,0.09751332323359162
Arbre,grille,115,1,0.12879121269804933,0.10104344098432429,-0.05653245364402393,0.13009059960770442,0.09914120148143193
Arbre,grille,115,2,0.1311411608598505,0.10488160077087588,0.16009057743945798,0.13386297241241857,0.10154851187008349
Arbre,grille,115,3,0.13489101833619502,0.10172450391751756,0.37131065973619126,0.1344696453411921,0.10124177203081637
Arbre,grille,115,4,0.12873709953358958,0.10616182919309375,0.2292377145673442,0.13046749788606202,0.099041635904512
Arbre,grille,115,5,0.1409005017196265,0.10717358922406363,0.2034163127437404,0.13454817487637413,0.09751332323359162
Arbre,grille,116,1,0.117947929251134,0.09264885921690214,0.11388310298502224,0.11818325852926097,0.10411441611369775
Arbre,grille,116,2,0.12453204252614163,0.09587777651088923,0.2426151239873401,0.13041627332993824,0.10737730618451577
Arbre,grille,116,3,0.1332060582383052,0.09829453474212192,0.3869188204798123,0.13124840396043982,0.10485602707441277
Arbre,grille,116,4,0.12091595982937482,0.09746767325358678,0.32004484489965246,0.12077162450881067,0.10503580787566415
Arbre,grille,116,5,0.1349859903243517,0.10511958802019425,0.26888831751633313,0.13120715133950261,0.10602856672102114
Arbre,grille,117,1,0.117947929251134,0.09264885921690214,0.11388310298502224,0.11818325852926097,0.10411441611369775
Arbre,grille,117,2,0.12453204252614163,0.09587777651088923,0.2426151239873401,0.13041627332993824,0.10737730618451577
Arbre,grille,117,3,0.1332060582383052,0.09829453474212192,0.3869188204798123,0.13124840396043982,0.10485602707441277
Arbre,grille,117,4,0.12091595982937482,0.09746767325358678,0.32004484489965246,0.12077162450881067,0.10503580787566415
Arbre,grille,117,5,0.1349859903243517,0.10511958802019425,0.26888831751633313,0.13120715133950261,0.10602856672102114
Arbre,grille,118,1,0.117947929251134,0.09264885921690214,0.11388310298502224,0.11818325852926097,0.10411441611369775
Arbre,grille,118,2,0.12453204252614163,0.09587777651088923,0.2426151239873401,0.13041627332993824,0.10737730618451577
Arbre,grille,118,3,0.1332060582383052,0.09829453474212192,0.3869188204798123,0.13124840396043982,0.10485602707441277
Arbre,grille,118,4,0.12091595982937482,0.09746767325358678,0.32004484489965246,0.12077162450881067,0.10503580787566415
Arbre,grille,118,5,0.1349859903243517,0.10511958802019425,0.26888831751633313,0.13120715133950261,0.10602856672102114
Arbre,grille,119,1,0.117947929251134,0.09264885921690214,0.11388310298502224,0.11818325852926097,0.10411441611369775
Arbre,grille,119,2,0.12453204252614163,0.09587777651088923,0.2426151239873401,0.13041627332993824,0.10737730618451577
Arbre,grille,119,3,0.1332060582383052,0.09829453474212192,0.3869188204798123,0.13124840396043982,0.10485602707441277
Arbre,grille,119,4,0.12091595982937482,0.09746767325358678,0.32004484489965246,0.12077162450881067,0.10503580787566415
Arbre,grille,119,5,0.1349859903243517,0.10511958802019425,0.26888831751633313,0.13120715133950261,0.10602856672102114
Arbre,grille,120,1,0.12826075595447006,0.10503588809066587,-0.04784722440078859,0.12197220889115801,0.02730634224995468
Arbre,grille,120,2,0.1517501744661639,0.10800337889004429,-0.12463813068623764,0.15503119535853346,0.036414609058509656
Arbre,grille,120,3,0.14549068312795715,0.10943354662478998,0.2686245199138009,0.1437460770157719,0.03860958106456237
Arbre,grille,120,4,0.12468524386832604,0.09368039434291607,0.2769919487195184,0.1250891910655673,0.03651704187417095
Arbre,grille,120,5,0.15133665751933634,0.10412959269513676,0.08104423865697175,0.14158239610089635,0.04017355728409482
Arbre,grille,121,1,0.14373828130659622,0.11505036977673702,-0.315998129823575,0.13895168340961891,0.03327680863637455
Arbre,grille,121,2,0.1468245134041883,0.106268297774357,-0.052813745455034145,0.1494066229440752,0.044649976061294415
Arbre,grille,121,3,0.13968795239837037,0.1037939751579251,0.3258012658305005,0.1391155330141864,0.046595351918507215
Arbre,grille,121,4,0.12734887018057026,0.09567052882067696,0.24577103274569945,0.12866782715048708,0.04442284599578819
Arbre,grille,121,5,0.14506121953462298,0.09915214573901379,0.1556763039886102,0.13635086951859884,0.04714605093891766
Arbre,grille,122,1,0.14200428884277594,0.11330393378321804,-0.28443845431815884,0.14016235924866152,0.04899878495747633
Arbre,grille,122,2,0.1443344886785439,0.09838523927426236,-0.01740681419500789,0.14917398295524972,0.05733609674623596
Arbre,grille,122,3,0.13858018504163105,0.10262829468061993,0.33645206202929157,0.13753974208996833,0.06116965229217322
Arbre,grille,122,4,0.12462614941027955,0.0948943317705376,0.27767712432985914,0.12832799256660662,0.05956384118898657
Arbre,grille,122,5,0.14940837860506792,0.10289059088180422,0.10431307417051883,0.1424563313237642,0.05987137205778556
Arbre,grille,123,1,0.13156604598598784,0.10656112033511296,-0.10254931172804604,0.13333303703211685,0.07452181373299994
Arbre,grille,123,2,0.1535612301625641,0.10930281077437005,-0.15164220160664965,0.1541537278218289,0.07166089710847633
Arbre,grille,123,3,0.14015299377955887,0.10684997055582057,0.32130478350687675,0.13922403051699062,0.07567389778589535
Arbre,grille,123,4,0.12613013758390984,0.09770027478441236,0.26013794505409793,0.13008284337618917,0.07187287541654298
Arbre,grille,123,5,0.13549026458129076,0.09638516646281223,0.2634156095759659,0.13095454637524323,0.0791532142533628
Arbre,grille,124,1,0.1405914190810897,0.10591400622937501,-0.25900659756507305,0.1392901475203309,0.0434655588464694
Arbre,grille,124,2,0.13119098838787863,0.10205249782823508,0.15945220332930377,0.1292622418322034,0.04635366841647177
Arbre,grille,124,3,0.14232355026144336,0.1045879588399892,0.3001200252384284,0.1413058593831795,0.04485161507390557
Arbre,grille,124,4,0.1221859593384741,0.0942180792194654,0.3056864810001366,0.12376926709731367,0.04476570636818113
Arbre,grille,124,5,0.15762400989487912,0.10769273711524152,0.0031012014152096423,0.1482622199093197,0.04987322222878386
Arbre,grille,125,1,0.13772990846771258,0.10387386283627746,-0.20827807369710616,0.1363187222272639,0.04505814849525873
Arbre,grille,125,2,0.12828983965359536,0.09836928045559137,0.19621678897881167,0.12631050862949086,0.04853994789434897
Arbre,grille,125,3,0.14483166325723343,0.10713570755234182,0.2752352435987241,0.14589807435910862,0.04772599741809862
Arbre,grille,125,4,0.12295111860327286,0.09481705460246118,0.29696332053333885,0.1242060858323511,0.04676815025796173
Arbre,grille,125,5,0.15157841235373148,0.10026652649552555,0.078105896428183,0.14272853070812436,0.05269535816687243
Arbre,grille,126,1,0.12950115957767871,0.10216096624823712,-0.06821258730336366,0.1293243959483848,0.06312814418465197
Arbre,grille,126,2,0.1278703550053527,0.09531602787497377,0.20146464754931703,0.1269951426518226,0.0610882366726021
Arbre,grille,126,3,0.13730911285528088,0.10107717400259901,0.34856850380375115,0.13599973666770673,0.06093515740542691
Arbre,grille,126,4,0.12526121399826032,0.0971572306401518,0.27029680408833134,0.12871804670338974,0.06030809489902034
Arbre,grille,126,5,0.15222065861254044,0.10113163890466535,0.07027711165081352,0.1446046521592588,0.06358773484376012
Arbre,grille,127,1,0.12952982772315708,0.09975001795801354,-0.06868558790956447,0.1325686603723108,0.07749572615755898
Arbre,grille,127,2,0.13401336484853643,0.09943942085326363,0.12289693333401541,0.1308963367468965,0.07403066291699907
Arbre,grille,127,3,0.13973964774874206,0.10642189858856417,0.32530216210213025,0.1386303059236533,0.07621080920503631
Arbre,grille,127,4,0.12824752259519026,0.10110034088097936,0.23508886284032904,0.13133160363775456,0.07308295914116929
Arbre,grille,127,5,0.13999904384242556,0.09962221447217742,0.2135765255435098,0.13482166343562813,0.08131819960199399
Arbre,grille,128,1,0.1336195116326311,0.10642007270579265,-0.13723478994734561,0.13369592499591143,0.07066162204759507
Arbre,grille,128,2,0.13863551166684684,0.10463385935311653,0.06135064674346835,0.1461772349434624,0.07059390472601582
Arbre,grille,128,3,0.13535501589051632,0.1013653646392983,0.36697809509444346,0.13705290570315626,0.06799182131294558
Arbre,grille,128,4,0.15103300957088467,0.10955429916825642,-0.06085680952955452,0.14691287880589995,0.06703141077913691
Arbre,grille,128,5,0.14144453585700828,0.10188074245128237,0.19725302221223595,0.13626238212606923,0.06409733686870356
Arbre,grille,129,1,0.1336195116326311,0.10642007270579265,-0.13723478994734561,0.13369592499591143,0.07066162204759507
Arbre,grille,129,2,0.13863551166684684,0.10463385935311653,0.06135064674346835,0.1461772349434624,0.07059390472601582
Arbre,grille,129,3,0.13535501589051632,0.1013653646392983,0.36697809509444346,0.13705290570315626,0.06799182131294558
Arbre,grille,129,4,0.15103300957088467,0.10955429916825642,-0.06085680952955452,0.14691287880589995,0.06703141077913691
Arbre,grille,129,5,0.14144453585700828,0.10188074245128237,0.19725302221223595,0.13626238212606923,0.06409733686870356
Arbre,grille,130,1,0.1336195116326311,0.10642007270579265,-0.13723478994734561,0.13369592499591143,0.07066162204759507
Arbre,grille,130,2,0.13863551166684684,0.10463385935311653,0.06135064674346835,0.1461772349434624,0.07059390472601582
Arbre,grille,130,3,0.13535501589051632,0.1013653646392983,0.36697809509444346,0.13705290570315626,0.06799182131294558
Arbre,grille,130,4,0.15103300957088467,0.10955429916825642,-0.06085680952955452,0.14691287880589995,0.06703141077913691
Arbre,grille,130,5,0.14144453585700828,0.10188074245128237,0.19725302221223595,0.13626238212606923,0.06409733686870356
Arbre,grille,131,1,0.12785791200937272,0.09906222109805919,-0.04127536215270622,0.1293257808338869,0.07933403282636639
Arbre,grille,131,2,0.13902209349807615,0.1069417930232806,0.05610854533073084,0.14204606682459245,0.08187249631820806
Arbre,grille,131,3,0.140734895266581,0.1069640332292003,0.31565733198759993,0.1398474136364098,0.07900353509057963
Arbre,grille,131,4,0.14532438500609843,0.10736691840105582,0.01782245026603546,0.14254075406202057,0.07728372336802983
Arbre,grille,131,5,0.14846770676260387,0.11112962912005005,0.11555601982758634,0.14210424429607865,0.0807971308918954
Arbre,grille,132,1,0.13290044053818656,0.10868930757837271,-0.1250277059046001,0.13418761365861884,0.0866155954106171
Arbre,grille,132,2,0.13471062204456283,0.1052200781163941,0.11374624328285499,0.13633112890834947,0.0919040447529715
Arbre,grille,132,3,0.1415153688066571,0.10351614339637143,0.30804596659856764,0.14036142136774293,0.09025753642618285
Arbre,grille,132,4,0.1317570175763068,0.10468945842063512,0.19265245908810147,0.12999567291391548,0.08936009812770858
Arbre,grille,132,5,0.13628140644596778,0.10391796824934925,0.2547885086111926,0.12764521616062233,0.09010255592227363
Arbre,grille,133,1,0.13290044053818656,0.10868930757837271,-0.1250277059046001,0.13418761365861884,0.0866155954106171
Arbre,grille,133,2,0.13471062204456283,0.1052200781163941,0.11374624328285499,0.13633112890834947,0.0919040447529715
Arbre,grille,133,3,0.1415153688066571,0.10351614339637143,0.30804596659856764,0.14036142136774293,0.09025753642618285
Arbre,grille,133,4,0.1317570175763068,0.10468945842063512,0.19265245908810147,0.12999567291391548,0.08936009812770858
Arbre,grille,133,5,0.13628140644596778,0.10391796824934925,0.2547885086111926,0.12764521616062233,0.09010255592227363
Arbre,grille,134,1,0.13290044053818656,0.10868930757837271,-0.1250277059046001,0.13418761365861884,0.0866155954106171
Arbre,grille,134,2,0.13471062204456283,0.1052200781163941,0.11374624328285499,0.13633112890834947,0.0919040447529715
Arbre,grille,134,3,0.1415153688066571,0.10351614339637143,0.30804596659856764,0.14036142136774293,0.09025753642618285
Arbre,grille,134,4,0.1317570175763068,0.10468945842063512,0.19265245908810147,0.12999567291391548,0.08936009812770858
Arbre,grille,134,5,0.13628140644596778,0.10391796824934925,0.2547885086111926,0.12764521616062233,0.09010255592227363
Arbre,grille,135,1,0.13290044053818656,0.10868930757837271,-0.1250277059046001,0.13418761365861884,0.0866155954106171
Arbre,grille,135,2,0.13471062204456283,0.1052200781163941,0.11374624328285499,0.13633112890834947,0.0919040447529715
Arbre,grille,135,3,0.1415153688066571,0.10351614339637143,0.30804596659856764,0.14036142136774293,0.09025753642618285
Arbre,grille,135,4,0.1317570175763068,0.10468945842063512,0.19265245908810147,0.12999567291391548,0.08936009812770858
Arbre,grille,135,5,0.13628140644596778,0.10391796824934925,0.2547885086111926,0.12764521616062233,0.09010255592227363
Arbre,grille,136,1,0.12879121269804933,0.10104344098432429,-0.05653245364402393,0.13009059960770442,0.09914120148143193
Arbre,grille,136,2,0.1311411608598505,0.10488160077087588,0.16009057743945798,0.13386297241241857,0.10154851187008349
Arbre,grille,136,3,0.1341351174712431,0.10160246632868984,0.37833700272667925,0.13306960284053146,0.10042525672968086
Arbre,grille,136,4,0.1279143687287575,0.1048466185129467,0.23905778329124727,0.129494854020252,0.09844116756097021
Arbre,grille,136,5,0.14068533518893747,0.10693193933955214,0.20584735133964105,0.13411816694144393,0.09698230655718701
Arbre,grille,137,1,0.12879121269804933,0.10104344098432429,-0.05653245364402393,0.13009059960770442,0.09914120148143193
Arbre,grille,137,2,0.1311411608598505,0.10488160077087588,0.16009057743945798,0.13386297241241857,0.10154851187008349
Arbre,grille,137,3,0.1341351174712431,0.10160246632868984,0.37833700272667925,0.13306960284053146,0.10042525672968086
Arbre,grille,137,4,0.1279143687287575,0.1048466185129467,0.23905778329124727,0.129494854020252,0.09844116756097021
Arbre,grille,137,5,0.14068533518893747,0.10693193933955214,0.20584735133964105,0.13411816694144393,0.09698230655718701
Arbre,grille,138,1,0.12879121269804933,0.10104344098432429,-0.05653245364402393,0.13009059960770442,0.09914120148143193
Arbre,grille,138,2,0.1311411608598505,0.10488160077087588,0.16009057743945798,0.13386297241241857,0.10154851187008349
Arbre,grille,138,3,0.1341351174712431,0.10160246632868984,0.37833700272667925,0.13306960284053146,0.10042525672968086
Arbre,grille,138,4,0.1279143687287575,0.1048466185129467,0.23905778329124727,0.129494854020252,0.09844116756097021
Arbre,grille,138,5,0.14068533518893747,0.10693193933955214,0.20584735133964105,0.13411816694144393,0.09698230655718701
Arbre,grille,139,1,0.12879121269804933,0.10104344098432429,-0.05653245364402393,0.13009059960770442,0.09914120148143193
Arbre,grille,139,2,0.1311411608598505,0.10488160077087588,0.16009057743945798,0.13386297241241857,0.10154851187008349
Arbre,grille,139,3,0.1341351174712431,0.10160246632868984,0.37833700272667925,0.13306960284053146,0.10042525672968086
Arbre,grille,139,4,0.1279143687287575,0.1048466185129467,0.23905778329124727,0.129494854020252,0.09844116756097021
Arbre,grille,139,5,0.14068533518893747,0.10693193933955214,0.20584735133964105,0.13411816694144393,0.09698230655718701
Arbre,grille,140,1,0.117947929251134,0.09264885921690214,0.11388310298502224,0.11818325852926097,0.10411441611369775
Arbre,grille,140,2,0.12453204252614163,0.09587777651088923,0.2426151239873401,0.13041627332993824,0.10737730618451577
Arbre,grille,140,3,0.1334206870277741,0.09793837597022895,0.38494156987317896,0.13168579659137783,0.10429010747999377
Arbre,grille,140,4,0.12091595982937482,0.09746767325358678,0.32004484489965246,0.12077162450881067,0.10503580787566415
Arbre,grille,140,5,0.1349859903243517,0.10511958802019425,0.26888831751633313,0.13120715133950261,0.10602856672102114
Arbre,grille,141,1,0.117947929251134,0.09264885921690214,0.11388310298502224,0.11818325852926097,0.10411441611369775
Arbre,grille,141,2,0.12453204252614163,0.09587777651088923,0.2426151239873401,0.13041627332993824,0.10737730618451577
Arbre,grille,141,3,0.1334206870277741,0.09793837597022895,0.38494156987317896,0.13168579659137783,0.10429010747999377
Arbre,grille,141,4,0.12091595982937482,0.09746767325358678,0.32004484489965246,0.12077162450881067,0.10503580787566415
Arbre,grille,141,5,0.1349859903243517,0.10511958802019425,0.26888831751633313,0.13120715133950261,0.10602856672102114
Arbre,grille,142,1,0.117947929251134,0.09264885921690214,0.11388310298502224,0.11818325852926097,0.10411441611369775
Arbre,grille,142,2,0.12453204252614163,0.09587777651088923,0.2426151239873401,0.13041627332993824,0.10737730618451577
Arbre,grille,142,3,0.1334206870277741,0.09793837597022895,0.38494156987317896,0.13168579659137783,0.10429010747999377
Arbre,grille,142,4,0.12091595982937482,0.09746767325358678,0.32004484489965246,0.12077162450881067,0.10503580787566415
Arbre,grille,142,5,0.1349859903243517,0.10511958802019425,0.26888831751633313,0.13120715133950261,0.10602856672102114
Arbre,grille,143,1,0.117947929251134,0.09264885921690214,0.11388310298502224,0.11818325852926097,0.10411441611369775
Arbre,grille,143,2,0.12453204252614163,0.09587777651088923,0.2426151239873401,0.13041627332993824,0.10737730618451577
Arbre,grille,143,3,0.1334206870277741,0.09793837597022895,0.38494156987317896,0.13168579659137783,0.10429010747999377
Arbre,grille,143,4,0.12091595982937482,0.09746767325358678,0.32004484489965246,0.12077162450881067,0.10503580787566415
Arbre,grille,143,5,0.1349859903243517,0.10511958802019425,0.26888831751633313,0.13120715133950261,0.10602856672102114
Arbre,grille,144,1,0.13085395471462397,0.1017469806863254,-0.09064668068850801,0.12600297558678655,0.00939535632750958
Arbre,grille,144,2,0.15323189347555694,0.10852551437908227,-0.14670773584841545,0.15675071233670984,0.012116640767693808
Arbre,grille,144,3,0.15089457570968942,0.11172640177776537,0.21328526121391456,0.14821731801838942,0.011179577516319188
Arbre,grille,144,4,0.14435657328131096,0.10517942969258712,0.03086083653551952,0.14061341945710773,0.012086979465240304
Arbre,grille,144,5,0.1400609733971677,0.09480514904217718,0.21288061182440143,0.13160332569630717,0.01156655662646685
Arbre,grille,145,1,0.13150015940754692,0.10542185407500583,-0.10144530329214918,0.12648592190836622,0.02608136972211121
Arbre,grille,145,2,0.15305759203010622,0.1139710040635727,-0.14410045699067453,0.1540795546678483,0.03236191639370011
Arbre,grille,145,3,0.1403908591652014,0.10837017559717423,0.31899908756548745,0.14045765486361503,0.033074925085775135
Arbre,grille,145,4,0.12562162530601728,0.09668141743335083,0.2660916454910097,0.12623380299361683,0.030565145990877056
Arbre,grille,145,5,0.1376046749451156,0.09259649740017815,0.2402465044050115,0.12889281354722934,0.031563988046037404
Arbre,grille,146,1,0.13778433714356286,0.1084446100864304,-0.20923324706474777,0.13863468834362916,0.047659899426108356
Arbre,grille,146,2,0.14703091257436088,0.10446580971239584,-0.055775820567339984,0.1495216879609278,0.053183869988999065
Arbre,grille,146,3,0.13535456147288344,0.10444172470147955,0.36698234548488273,0.13595447708222566,0.05620582282864478
Arbre,grille,146,4,0.12484079708500716,0.09440571468962083,0.27518682119747195,0.12742730233998031,0.05344330126151449
Arbre,grille,146,5,0.14233847155510226,0.09628176793742749,0.18707416559347723,0.13722648403559715,0.0530995099063632
Arbre,grille,147,1,0.13138012275423916,0.10558872066280145,-0.0994353671132231,0.13337781243841046,0.0740004255704645
Arbre,grille,147,2,0.15500471019121556,0.11167559484256231,-0.17339490170428817,0.15521250987649834,0.06966574483392249
Arbre,grille,147,3,0.13995663694094046,0.10645095555584487,0.32320517948376737,0.1390713262505732,0.07530986766699153
Arbre,grille,147,4,0.12794995108394067,0.09911898264558058,0.23863437687610412,0.1313237058497026,0.06934219820015856
Arbre,grille,147,5,0.13436253254157793,0.09242113507380133,0.27562627053226296,0.12968663914662434,0.07614693650480257
Arbre,grille,148,1,0.14352078974674934,0.10772095381140288,-0.3120186478977549,0.1398202094645157,0.03551390955031187
Arbre,grille,148,2,0.12895580147857919,0.09953895134627919,0.1878501358235095,0.12703022065376607,0.03865053328165201
Arbre,grille,148,3,0.1409690726260974,0.10441743934585476,0.3133779983532541,0.1402853611792608,0.03242895754655061
Arbre,grille,148,4,0.12695094673747875,0.09620875246506175,0.25047710497725806,0.12625738582963925,0.03346433020317967
Arbre,grille,148,5,0.16240800154471585,0.10941595317483116,-0.058330163311247185,0.15348216863539862,0.03557055454370245
Arbre,grille,149,1,0.1470260620646453,0.11008416345424234,-0.37688930751963334,0.14600958414469545,0.038246962965224736
Arbre,grille,149,2,0.12834625823045606,0.0971635614477079,0.19550966709756568,0.12637876364130932,0.04154460061070563
Arbre,grille,149,3,0.14028194272670969,0.10508746419426832,0.32005533043940604,0.1388085629942104,0.03775860016915116
Arbre,grille,149,4,0.1265880694077566,0.0964980031625012,0.25475586227877034,0.1264220556523055,0.03716953484976327
Arbre,grille,149,5,0.1549475735661465,0.10370767130674845,0.0366682176358023,0.14633729412383623,0.040125737220807624
Arbre,grille,150,1,0.13396972219151243,0.09992664581125713,-0.14320388162048747,0.13258786792844965,0.0596032076516269
Arbre,grille,150,2,0.12750776322026888,0.09604338885857663,0.20598691297632965,0.1258520739299175,0.059106528900204826
Arbre,grille,150,3,0.13034791603298093,0.09760627538662706,0.4129457797682855,0.13113282229158452,0.057086760426315664
Arbre,grille,150,4,0.12710355621296693,0.10039411211144636,0.24867399833988124,0.12997866827096793,0.05645901272334033
Arbre,grille,150,5,0.16024733324419171,0.10713879844038016,-0.030357534659599006,0.1505868877518311,0.0574249938118546
Arbre,grille,151,1,0.12900793289549903,0.09756274417696731,-0.06009115249555719,0.1320589888670465,0.07528686951335967
Arbre,grille,151,2,0.13361882307004527,0.09842058251235362,0.12805379816953033,0.13040754396250526,0.0734008261621387
Arbre,grille,151,3,0.1395427092734969,0.1060228835885885,0.32720255807902077,0.13847694693407686,0.075849355973509
Arbre,grille,151,4,0.1287216125425692,0.10155243740646873,0.2294231478362707,0.1322590458841865,0.07212453275337226
Arbre,grille,151,5,0.1354758537833923,0.0959367602130519,0.263572288055012,0.1312843090692739,0.07839498835344906
Arbre,grille,152,1,0.13441928173383919,0.10765351103472531,-0.1508892079991162,0.1343988067167204,0.07030276091165746
Arbre,grille,152,2,0.13881036214542217,0.10460525656685934,0.05898145886659423,0.14634925480696226,0.07030681256192232
Arbre,grille,152,3,0.13558241275621605,0.10244106432218286,0.36484935073981506,0.1368646524369284,0.06668115740950853
Arbre,grille,152,4,0.15103300957088467,0.10955429916825642,-0.06085680952955452,0.14691287880589995,0.06703141077913691
Arbre,grille,152,5,0.15325835684145014,0.11196121430640063,0.05755794120720081,0.14744154293238984,0.06350817073462489
Arbre,grille,153,1,0.13441928173383919,0.10765351103472531,-0.1508892079991162,0.1343988067167204,0.07030276091165746
Arbre,grille,153,2,0.13881036214542217,0.10460525656685934,0.05898145886659423,0.14634925480696226,0.07030681256192232
Arbre,grille,153,3,0.13558241275621605,0.10244106432218286,0.36484935073981506,0.1368646524369284,0.06668115740950853
Arbre,grille,153,4,0.15103300957088467,0.10955429916825642,-0.06085680952955452,0.14691287880589995,0.06703141077913691
Arbre,grille,153,5,0.15325835684145014,0.11196121430640063,0.05755794120720081,0.14744154293238984,0.06350817073462489
Arbre,grille,154,1,0.13441928173383919,0.10765351103472531,-0.1508892079991162,0.1343988067167204,0.07030276091165746
Arbre,grille,154,2,0.13881036214542217,0.10460525656685934,0.05898145886659423,0.14634925480696226,0.07030681256192232
Arbre,grille,154,3,0.13558241275621605,0.10244106432218286,0.36484935073981506,0.1368646524369284,0.06668115740950853
Arbre,grille,154,4,0.15103300957088467,0.10955429916825642,-0.06085680952955452,0.14691287880589995,0.06703141077913691
Arbre,grille,154,5,0.15325835684145014,0.11196121430640063,0.05755794120720081,0.14744154293238984,0.06350817073462489
Arbre,grille,155,1,0.12785791200937272,0.09906222109805919,-0.04127536215270622,0.1293257808338869,0.07933403282636639
Arbre,grille,155,2,0.13902209349807615,0.1069417930232806,0.05610854533073084,0.14204606682459245,0.08187249631820806
Arbre,grille,155,3,0.1406070394948801,0.106753891751306,0.31690019950472326,0.13979032955111978,0.07879915074390444
Arbre,grille,155,4,0.14532438500609843,0.10736691840105582,0.01782245026603546,0.14254075406202057,0.07728372336802983
Arbre,grille,155,5,0.14846770676260387,0.11112962912005005,0.11555601982758634,0.14210424429607865,0.0807971308918954
Arbre,grille,156,1,0.13290044053818656,0.10868930757837271,-0.1250277059046001,0.13418761365861884,0.0866155954106171
Arbre,grille,156,2,0.13471062204456283,0.1052200781163941,0.11374624328285499,0.13633112890834947,0.0919040447529715
Arbre,grille,156,3,0.1415153688066571,0.10351614339637143,0.30804596659856764,0.14036142136774293,0.09025753642618285
Arbre,grille,156,4,0.1317570175763068,0.10468945842063512,0.19265245908810147,0.12999567291391548,0.08936009812770858
Arbre,grille,156,5,0.13628140644596778,0.10391796824934925,0.2547885086111926,0.12764521616062233,0.09010255592227363
Arbre,grille,157,1,0.13290044053818656,0.10868930757837271,-0.1250277059046001,0.13418761365861884,0.0866155954106171
Arbre,grille,157,2,0.13471062204456283,0.1052200781163941,0.11374624328285499,0.13633112890834947,0.0919040447529715
Arbre,grille,157,3,0.1415153688066571,0.10351614339637143,0.30804596659856764,0.14036142136774293,0.09025753642618285
Arbre,grille,157,4,0.1317570175763068,0.10468945842063512,0.19265245908810147,0.12999567291391548,0.08936009812770858
Arbre,grille,157,5,0.13628140644596778,0.10391796824934925,0.2547885086111926,0.12764521616062233,0.09010255592227363
Arbre,grille,158,1,0.13290044053818656,0.10868930757837271,-0.1250277059046001,0.13418761365861884,0.0866155954106171
Arbre,grille,158,2,0.13471062204456283,0.1052200781163941,0.11374624328285499,0.13633112890834947,0.0919040447529715
Arbre,grille,158,3,0.1415153688066571,0.10351614339637143,0.30804596659856764,0.14036142136774293,0.09025753642618285
Arbre,grille,158,4,0.1317570175763068,0.10468945842063512,0.19265245908810147,0.12999567291391548,0.08936009812770858
Arbre,grille,158,5,0.13628140644596778,0.10391796824934925,0.2547885086111926,0.12764521616062233,0.09010255592227363
Arbre,grille,159,1,0.13290044053818656,0.10868930757837271,-0.1250277059046001,0.13418761365861884,0.0866155954106171
Arbre,grille,159,2,0.13471062204456283,0.1052200781163941,0.11374624328285499,0.13633112890834947,0.0919040447529715
Arbre,grille,159,3,0.1415153688066571,0.10351614339637143,0.30804596659856764,0.14036142136774293,0.09025753642618285
Arbre,grille,159,4,0.1317570175763068,0.10468945842063512,0.19265245908810147,0.12999567291391548,0.08936009812770858
Arbre,grille,159,5,0.13628140644596778,0.10391796824934925,0.2547885086111926,0.12764521616062233,0.09010255592227363
Arbre,grille,160,1,0.12879121269804933,0.10104344098432429,-0.05653245364402393,0.13009059960770442,0.09914120148143193
Arbre,grille,160,2,0.1311411608598505,0.10488160077087588,0.16009057743945798,0.13386297241241857,0.10154851187008349
Arbre,grille,160,3,0.1341351174712431,0.10160246632868984,0.37833700272667925,0.13306960284053146,0.10042525672968086
Arbre,grille,160,4,0.1279143687287575,0.1048466185129467,0.23905778329124727,0.129494854020252,0.09844116756097021
Arbre,grille,160,5,0.14068533518893747,0.10693193933955214,0.20584735133964105,0.13411816694144393,0.09698230655718701
Arbre,grille,161,1,0.12879121269804933,0.10104344098432429,-0.05653245364402393,0.13009059960770442,0.09914120148143193
Arbre,grille,161,2,0.1311411608598505,0.10488160077087588,0.16009057743945798,0.13386297241241857,0.10154851187008349
Arbre,grille,161,3,0.1341351174712431,0.10160246632868984,0.37833700272667925,0.13306960284053146,0.10042525672968086
Arbre,grille,161,4,0.1279143687287575,0.1048466185129467,0.23905778329124727,0.129494854020252,0.09844116756097021
Arbre,grille,161,5,0.14068533518893747,0.10693193933955214,0.20584735133964105,0.13411816694144393,0.09698230655718701
Arbre,grille,162,1,0.12879121269804933,0.10104344098432429,-0.05653245364402393,0.13009059960770442,0.09914120148143193
Arbre,grille,162,2,0.1311411608598505,0.10488160077087588,0.16009057743945798,0.13386297241241857,0.10154851187008349
Arbre,grille,162,3,0.1341351174712431,0.10160246632868984,0.37833700272667925,0.13306960284053146,0.10042525672968086
Arbre,grille,162,4,0.1279143687287575,0.1048466185129467,0.23905778329124727,0.129494854020252,0.09844116756097021
Arbre,grille,162,5,0.14068533518893747,0.10693193933955214,0.20584735133964105,0.13411816694144393,0.09698230655718701
Arbre,grille,163,1,0.12879121269804933,0.10104344098432429,-0.05653245364402393,0.13009059960770442,0.09914120148143193
Arbre,grille,163,2,0.1311411608598505,0.10488160077087588,0.16009057743945798,0.13386297241241857,0.10154851187008349
Arbre,grille,163,3,0.1341351174712431,0.10160246632868984,0.37833700272667925,0.13306960284053146,0.10042525672968086
Arbre,grille,163,4,0.1279143687287575,0.1048466185129467,0.23905778329124727,0.129494854020252,0.09844116756097021
Arbre,grille,163,5,0.14068533518893747,0.10693193933955214,0.20584735133964105,0.13411816694144393,0.09698230655718701
Arbre,grille,164,1,0.117947929251134,0.09264885921690214,0.11388310298502224,0.11818325852926097,0.10411441611369775
Arbre,grille,164,2,0.12453204252614163,0.09587777651088923,0.2426151239873401,0.13041627332993824,0.10737730618451577
Arbre,grille,164,3,0.1334206870277741,0.09793837597022895,0.38494156987317896,0.13168579659137783,0.10429010747999377
Arbre,grille,164,4,0.12091595982937482,0.09746767325358678,0.32004484489965246,0.12077162450881067,0.10503580787566415
Arbre,grille,164,5,0.1349859903243517,0.10511958802019425,0.26888831751633313,0.13120715133950261,0.10602856672102114
Arbre,grille,165,1,0.117947929251134,0.09264885921690214,0.11388310298502224,0.11818325852926097,0.10411441611369775
Arbre,grille,165,2,0.12453204252614163,0.09587777651088923,0.2426151239873401,0.13041627332993824,0.10737730618451577
Arbre,grille,165,3,0.1334206870277741,0.09793837597022895,0.38494156987317896,0.13168579659137783,0.10429010747999377
Arbre,grille,165,4,0.12091595982937482,0.09746767325358678,0.32004484489965246,0.12077162450881067,0.10503580787566415
Arbre,grille,165,5,0.1349859903243517,0.10511958802019425,0.26888831751633313,0.13120715133950261,0.10602856672102114
Arbre,grille,166,1,0.117947929251134,0.09264885921690214,0.11388310298502224,0.11818325852926097,0.10411441611369775
Arbre,grille,166,2,0.12453204252614163,0.09587777651088923,0.2426151239873401,0.13041627332993824,0.10737730618451577
Arbre,grille,166,3,0.1334206870277741,0.09793837597022895,0.38494156987317896,0.13168579659137783,0.10429010747999377
Arbre,grille,166,4,0.12091595982937482,0.09746767325358678,0.32004484489965246,0.12077162450881067,0.10503580787566415
Arbre,grille,166,5,0.1349859903243517,0.10511958802019425,0.26888831751633313,0.13120715133950261,0.10602856672102114
Arbre,grille,167,1,0.117947929251134,0.09264885921690214,0.11388310298502224,0.11818325852926097,0.10411441611369775
Arbre,grille,167,2,0.12453204252614163,0.09587777651088923,0.2426151239873401,0.13041627332993824,0.10737730618451577
Arbre,grille,167,3,0.1334206870277741,0.09793837597022895,0.38494156987317896,0.13168579659137783,0.10429010747999377
Arbre,grille,167,4,0.12091595982937482,0.09746767325358678,0.32004484489965246,0.12077162450881067,0.10503580787566415
Arbre,grille,167,5,0.1349859903243517,0.10511958802019425,0.26888831751633313,0.13120715133950261,0.10602856672102114
Arbre,grille,168,1,0.13085395471462397,0.1017469806863254,-0.09064668068850801,0.12600297558678655,0.00939535632750958
Arbre,grille,168,2,0.15419179165507882,0.1098839524473161,-0.16111949176876306,0.15801697655110075,0.012085317016717454
Arbre,grille,168,3,0.1508620296325147,0.1125112728365709,0.21362459372072384,0.1460795565220687,0.011178674117021205
Arbre,grille,168,4,0.1252041280633713,0.09595911418141623,0.27096175528587585,0.12839166671091046,0.011326597812969425
Arbre,grille,168,5,0.13967983533749617,0.09451860661065713,0.2171586482119343,0.1311157267593255,0.011558803139716656
Arbre,grille,169,1,0.13150015940754692,0.10542185407500583,-0.10144530329214918,0.12648592190836622,0.02608136972211121
Arbre,grille,169,2,0.15305759203010622,0.1139710040635727,-0.14410045699067453,0.1540795546678483,0.03236191639370011
Arbre,grille,169,3,0.1403908591652014,0.10837017559717423,0.31899908756548745,0.14045765486361503,0.033074925085775135
Arbre,grille,169,4,0.12335086133065647,0.09506599383708546,0.29238441704596063,0.12448950769180084,0.030391218275582527
Arbre,grille,169,5,0.14006460647475738,0.09503874390021778,0.21283977671053578,0.13085003701309214,0.03156258619473386
Arbre,grille,170,1,0.13778433714356286,0.1084446100864304,-0.20923324706474777,0.13863468834362916,0.047659899426108356
Arbre,grille,170,2,0.14703091257436088,0.10446580971239584,-0.055775820567339984,0.1495216879609278,0.053183869988999065
Arbre,grille,170,3,0.13535456147288344,0.10444172470147955,0.36698234548488273,0.13595447708222566,0.05620582282864478
Arbre,grille,170,4,0.12484079708500716,0.09440571468962083,0.27518682119747195,0.12742730233998031,0.05344330126151449
Arbre,grille,170,5,0.14233847155510226,0.09628176793742749,0.18707416559347723,0.13722648403559715,0.0530995099063632
Arbre,grille,171,1,0.13138012275423916,0.10558872066280145,-0.0994353671132231,0.13337781243841046,0.0740004255704645
Arbre,grille,171,2,0.15500471019121556,0.11167559484256231,-0.17339490170428817,0.15521250987649834,0.06966574483392249
Arbre,grille,171,3,0.13995663694094046,0.10645095555584487,0.32320517948376737,0.1390713262505732,0.07530986766699153
Arbre,grille,171,4,0.12794995108394067,0.09911898264558058,0.23863437687610412,0.1313237058497026,0.06934219820015856
Arbre,grille,171,5,0.13436253254157793,0.09242113507380133,0.27562627053226296,0.12968663914662434,0.07614693650480257
Arbre,grille,172,1,0.1430608223316601,0.10748143566538212,-0.303622390098536,0.1390475544422099,0.03546106056100701
Arbre,grille,172,2,0.1289275580712895,0.09945509754034641,0.18820584479119973,0.1270097795061947,0.038588330390775395
Arbre,grille,172,3,0.1409690726260974,0.10441743934585476,0.3133779983532541,0.1402853611792608,0.03242895754655061
Arbre,grille,172,4,0.12732922658236911,0.09801375424245358,0.24600369485090767,0.1279440061934169,0.03342847591504541
Arbre,grille,172,5,0.16112414424571034,0.11063219521351077,-0.04166381238529149,0.1514286532957035,0.03557045099934489
Arbre,grille,173,1,0.1459828250676926,0.10928989144379442,-0.3574189399639591,0.14524757351787068,0.038200203186590634
Arbre,grille,173,2,0.12834625823045606,0.0971635614477079,0.19550966709756568,0.12637876364130932,0.04154460061070563
Arbre,grille,173,3,0.14028194272670969,0.10508746419426832,0.32005533043940604,0.1388085629942104,0.03775860016915116
Arbre,grille,173,4,0.12675272497976214,0.0966823977129562,0.252815894237709,0.1265809287844909,0.03713871820566496
Arbre,grille,173,5,0.1549475735661465,0.10370767130674845,0.0366682176358023,0.14633729412383623,0.040125737220807624
Arbre,grille,174,1,0.13395839786516217,0.09992664581125713,-0.1430106220320999,0.13256777133641867,0.05958682987211729
Arbre,grille,174,2,0.12750776322026888,0.09604338885857663,0.20598691297632965,0.1258520739299175,0.059106528900204826
Arbre,grille,174,3,0.13034791603298093,0.09760627538662706,0.4129457797682855,0.13113282229158452,0.057086760426315664
Arbre,grille,174,4,0.12710355621296693,0.10039411211144636,0.24867399833988124,0.12997866827096793,0.05645901272334033
Arbre,grille,174,5,0.16024733324419171,0.10713879844038016,-0.030357534659599006,0.1505868877518311,0.0574249938118546
Arbre,grille,175,1,0.12900793289549903,0.09756274417696731,-0.06009115249555719,0.1320589888670465,0.07528686951335967
Arbre,grille,175,2,0.13361882307004527,0.09842058251235362,0.12805379816953033,0.13040754396250526,0.0734008261621387
Arbre,grille,175,3,0.1395427092734969,0.1060228835885885,0.32720255807902077,0.13847694693407686,0.075849355973509
Arbre,grille,175,4,0.1287216125425692,0.10155243740646873,0.2294231478362707,0.1322590458841865,0.07212453275337226
Arbre,grille,175,5,0.1354758537833923,0.0959367602130519,0.263572288055012,0.1312843090692739,0.07839498835344906
Arbre,grille,176,1,0.13441928173383919,0.10765351103472531,-0.1508892079991162,0.1343988067167204,0.07030276091165746
Arbre,grille,176,2,0.13881036214542217,0.10460525656685934,0.05898145886659423,0.14634925480696226,0.07030681256192232
Arbre,grille,176,3,0.13558241275621605,0.10244106432218286,0.36484935073981506,0.1368646524369284,0.06668115740950853
Arbre,grille,176,4,0.15103300957088467,0.10955429916825642,-0.06085680952955452,0.14691287880589995,0.06703141077913691
Arbre,grille,176,5,0.15325835684145014,0.11196121430640063,0.05755794120720081,0.14744154293238984,0.06350817073462489
Arbre,grille,177,1,0.13441928173383919,0.10765351103472531,-0.1508892079991162,0.1343988067167204,0.07030276091165746
Arbre,grille,177,2,0.13881036214542217,0.10460525656685934,0.05898145886659423,0.14634925480696226,0.07030681256192232
Arbre,grille,177,3,0.13558241275621605,0.10244106432218286,0.36484935073981506,0.1368646524369284,0.06668115740950853
Arbre,grille,177,4,0.15103300957088467,0.10955429916825642,-0.06085680952955452,0.14691287880589995,0.06703141077913691
Arbre,grille,177,5,0.15325835684145014,0.11196121430640063,0.05755794120720081,0.14744154293238984,0.06350817073462489
Arbre,grille,178,1,0.13441928173383919,0.10765351103472531,-0.1508892079991162,0.1343988067167204,0.07030276091165746
Arbre,grille,178,2,0.13881036214542217,0.10460525656685934,0.05898145886659423,0.14634925480696226,0.07030681256192232
Arbre,grille,178,3,0.13558241275621605,0.10244106432218286,0.36484935073981506,0.1368646524369284,0.06668115740950853
Arbre,grille,178,4,0.15103300957088467,0.10955429916825642,-0.06085680952955452,0.14691287880589995,0.06703141077913691
Arbre,grille,178,5,0.15325835684145014,0.11196121430640063,0.05755794120720081,0.14744154293238984,0.06350817073462489
Arbre,grille,179,1,0.12785791200937272,0.09906222109805919,-0.04127536215270622,0.1293257808338869,0.07933403282636639
Arbre,grille,179,2,0.13902209349807615,0.1069417930232806,0.05610854533073084,0.14204606682459245,0.08187249631820806
Arbre,grille,179,3,0.1406070394948801,0.106753891751306,0.31690019950472326,0.13979032955111978,0.07879915074390444
Arbre,grille,179,4,0.14532438500609843,0.10736691840105582,0.01782245026603546,0.14254075406202057,0.07728372336802983
Arbre,grille,179,5,0.14846770676260387,0.11112962912005005,0.11555601982758634,0.14210424429607865,0.0807971308918954
Arbre,grille,180,1,0.13290044053818656,0.10868930757837271,-0.1250277059046001,0.13418761365861884,0.0866155954106171
Arbre,grille,180,2,0.13471062204456283,0.1052200781163941,0.11374624328285499,0.13633112890834947,0.0919040447529715
Arbre,grille,180,3,0.1415153688066571,0.10351614339637143,0.30804596659856764,0.14036142136774293,0.09025753642618285
Arbre,grille,180,4,0.1317570175763068,0.10468945842063512,0.19265245908810147,0.12999567291391548,0.08936009812770858
Arbre,grille,180,5,0.13628140644596778,0.10391796824934925,0.2547885086111926,0.12764521616062233,0.09010255592227363
Arbre,grille,181,1,0.13290044053818656,0.10868930757837271,-0.1250277059046001,0.13418761365861884,0.0866155954106171
Arbre,grille,181,2,0.13471062204456283,0.1052200781163941,0.11374624328285499,0.13633112890834947,0.0919040447529715
Arbre,grille,181,3,0.1415153688066571,0.10351614339637143,0.30804596659856764,0.14036142136774293,0.09025753642618285
Arbre,grille,181,4,0.1317570175763068,0.10468945842063512,0.19265245908810147,0.12999567291391548,0.08936009812770858
Arbre,grille,181,5,0.13628140644596778,0.10391796824934925,0.2547885086111926,0.12764521616062233,0.09010255592227363
Arbre,grille,182,1,0.13290044053818656,0.10868930757837271,-0.1250277059046001,0.13418761365861884,0.0866155954106171
Arbre,grille,182,2,0.13471062204456283,0.1052200781163941,0.11374624328285499,0.13633112890834947,0.0919040447529715
Arbre,grille,182,3,0.1415153688066571,0.10351614339637143,0.30804596659856764,0.14036142136774293,0.09025753642618285
Arbre,grille,182,4,0.1317570175763068,0.10468945842063512,0.19265245908810147,0.12999567291391548,0.08936009812770858
Arbre,grille,182,5,0.13628140644596778,0.10391796824934925,0.2547885086111926,0.12764521616062233,0.09010255592227363
Arbre,grille,183,1,0.13290044053818656,0.10868930757837271,-0.1250277059046001,0.13418761365861884,0.0866155954106171
Arbre,grille,183,2,0.13471062204456283,0.1052200781163941,0.11374624328285499,0.13633112890834947,0.0919040447529715
Arbre,grille,183,3,0.1415153688066571,0.10351614339637143,0.30804596659856764,0.14036142136774293,0.09025753642618285
Arbre,grille,183,4,0.1317570175763068,0.10468945842063512,0.19265245908810147,0.12999567291391548,0.08936009812770858
Arbre,grille,183,5,0.13628140644596778,0.10391796824934925,0.2547885086111926,0.12764521616062233,0.09010255592227363
Arbre,grille,184,1,0.12879121269804933,0.10104344098432429,-0.05653245364402393,0.13009059960770442,0.09914120148143193
Arbre,grille,184,2,0.1311411608598505,0.10488160077087588,0.16009057743945798,0.13386297241241857,0.10154851187008349
Arbre,grille,184,3,0.1341351174712431,0.10160246632868984,0.37833700272667925,0.13306960284053146,0.10042525672968086
Arbre,grille,184,4,0.1279143687287575,0.1048466185129467,0.23905778329124727,0.129494854020252,0.09844116756097021
Arbre,grille,184,5,0.14068533518893747,0.10693193933955214,0.20584735133964105,0.13411816694144393,0.09698230655718701
Arbre,grille,185,1,0.12879121269804933,0.10104344098432429,-0.05653245364402393,0.13009059960770442,0.09914120148143193
Arbre,grille,185,2,0.1311411608598505,0.10488160077087588,0.16009057743945798,0.13386297241241857,0.10154851187008349
Arbre,grille,185,3,0.1341351174712431,0.10160246632868984,0.37833700272667925,0.13306960284053146,0.10042525672968086
Arbre,grille,185,4,0.1279143687287575,0.1048466185129467,0.23905778329124727,0.129494854020252,0.09844116756097021
Arbre,grille,185,5,0.14068533518893747,0.10693193933955214,0.20584735133964105,0.13411816694144393,0.09698230655718701
Arbre,grille,186,1,0.12879121269804933,0.10104344098432429,-0.05653245364402393,0.13009059960770442,0.09914120148143193
Arbre,grille,186,2,0.1311411608598505,0.10488160077087588,0.16009057743945798,0.13386297241241857,0.10154851187008349
Arbre,grille,186,3,0.1341351174712431,0.10160246632868984,0.37833700272667925,0.13306960284053146,0.10042525672968086
Arbre,grille,186,4,0.1279143687287575,0.1048466185129467,0.23905778329124727,0.129494854020252,0.09844116756097021
Arbre,grille,186,5,0.14068533518893747,0.10693193933955214,0.20584735133964105,0.13411816694144393,0.09698230655718701
Arbre,grille,187,1,0.12879121269804933,0.10104344098432429,-0.05653245364402393,0.13009059960770442,0.09914120148143193
Arbre,grille,187,2,0.1311411608598505,0.10488160077087588,0.16009057743945798,0.13386297241241857,0.10154851187008349
Arbre,grille,187,3,0.1341351174712431,0.10160246632868984,0.37833700272667925,0.13306960284053146,0.10042525672968086
Arbre,grille,187,4,0.1279143687287575,0.1048466185129467,0.23905778329124727,0.129494854020252,0.09844116756097021
Arbre,grille,187,5,0.14068533518893747,0.10693193933955214,0.20584735133964105,0.13411816694144393,0.09698230655718701
Arbre,grille,188,1,0.117947929251134,0.09264885921690214,0.11388310298502224,0.11818325852926097,0.10411441611369775
Arbre,grille,188,2,0.12453204252614163,0.09587777651088923,0.2426151239873401,0.13041627332993824,0.10737730618451577
Arbre,grille,188,3,0.1334206870277741,0.09793837597022895,0.38494156987317896,0.13168579659137783,0.10429010747999377
Arbre,grille,188,4,0.12091595982937482,0.09746767325358678,0.32004484489965246,0.12077162450881067,0.10503580787566415
Arbre,grille,188,5,0.1349859903243517,0.10511958802019425,0.26888831751633313,0.13120715133950261,0.10602856672102114
Arbre,grille,189,1,0.117947929251134,0.09264885921690214,0.11388310298502224,0.11818325852926097,0.10411441611369775
Arbre,grille,189,2,0.12453204252614163,0.09587777651088923,0.2426151239873401,0.13041627332993824,0.10737730618451577
Arbre,grille,189,3,0.1334206870277741,0.09793837597022895,0.38494156987317896,0.13168579659137783,0.10429010747999377
Arbre,grille,189,4,0.12091595982937482,0.09746767325358678,0.32004484489965246,0.12077162450881067,0.10503580787566415
Arbre,grille,189,5,0.1349859903243517,0.10511958802019425,0.26888831751633313,0.13120715133950261,0.10602856672102114
Arbre,grille,190,1,0.117947929251134,0.09264885921690214,0.11388310298502224,0.11818325852926097,0.10411441611369775
Arbre,grille,190,2,0.12453204252614163,0.09587777651088923,0.2426151239873401,0.13041627332993824,0.10737730618451577
Arbre,grille,190,3,0.1334206870277741,0.09793837597022895,0.38494156987317896,0.13168579659137783,0.10429010747999377
Arbre,grille,190,4,0.12091595982937482,0.09746767325358678,0.32004484489965246,0.12077162450881067,0.10503580787566415
Arbre,grille,190,5,0.1349859903243517,0.10511958802019425,0.26888831751633313,0.13120715133950261,0.10602856672102114
Arbre,grille,191,1,0.117947929251134,0.09264885921690214,0.11388310298502224,0.11818325852926097,0.10411441611369775
Arbre,grille,191,2,0.12453204252614163,0.09587777651088923,0.2426151239873401,0.13041627332993824,0.10737730618451577
Arbre,grille,191,3,0.1334206870277741,0.09793837597022895,0.38494156987317896,0.13168579659137783,0.10429010747999377
Arbre,grille,191,4,0.12091595982937482,0.09746767325358678,0.32004484489965246,0.12077162450881067,0.10503580787566415
Arbre,grille,191,5,0.1349859903243517,0.10511958802019425,0.26888831751633313,0.13120715133950261,0.10602856672102114
Bagging,réglages à 100 arbres,0,1,0.09470981583201209,0.07858643736199,0.42865246105836896,0.09613087410172406,0.07214476356898492
Bagging,réglages à 100 arbres,0,2,0.10917835780321393,0.07866237563176386,0.4178598931831663,0.1104848264398332,0.0710085249537935
Bagging,réglages à 100 arbres,0,3,0.12138609312856115,0.09065650598794785,0.4908943727190761,0.11925743087457642,0.0707768066753945
Bagging,réglages à 100 arbres,0,4,0.10806034223660911,0.08371131475142714,0.4569426540803515,0.11317614231284784,0.07264368680387166
Bagging,réglages à 100 arbres,0,5,0.12396649784670079,0.09040454950417391,0.38338371009079875,0.11807358741653008,0.07175990604168375
Bagging,réglages à 100 arbres,1,1,0.09426664535489473,0.07781930383122602,0.4339869019826229,0.09538932396774837,0.06316899659958883
Bagging,réglages à 100 arbres,1,2,0.1063445408304106,0.07793552974509113,0.4476875832998213,0.10745564815008672,0.06266515929805959
Bagging,réglages à 100 arbres,1,3,0.12027834823144329,0.08947028759265122,0.5001439639649063,0.11788529248969938,0.062472765067727976
Bagging,réglages à 100 arbres,1,4,0.10705557362243913,0.08182789963827135,0.46699463417545783,0.11365146611227372,0.06389753742171701
Bagging,réglages à 100 arbres,1,5,0.11953404958737615,0.08762220092291124,0.42668989700791626,0.11528951418484494,0.06270967151352548
Bagging,réglages à 100 arbres,2,1,0.09354514416474531,0.07721571244448075,0.4426180840822438,0.09466519106440867,0.05560070621915803
Bagging,réglages à 100 arbres,2,2,0.10691780312045275,0.07746261040129583,0.44171692855819833,0.10844161190325974,0.05545100530306484
Bagging,réglages à 100 arbres,2,3,0.12087344834285724,0.08891022421134757,0.49518546115774975,0.11926743950207964,0.05468915310840431
Bagging,réglages à 100 arbres,2,4,0.10686948143596228,0.08063258056685212,0.46884604503388116,0.11416718387271482,0.05636783408773326
Bagging,réglages à 100 arbres,2,5,0.11901409979450098,0.08643727818368188,0.43166662369443076,0.1141913091550921,0.05501540371183851
Bagging,réglages à 100 arbres,3,1,0.0918632421585001,0.07731779587872084,0.46248088270277554,0.09335536814382543,0.047281933081082216
Bagging,réglages à 100 arbres,3,2,0.10631230888105105,0.07794569717339442,0.4480223331212616,0.10610749526498127,0.047261922751183065
Bagging,réglages à 100 arbres,3,3,0.12171218572375,0.08889053791621963,0.48815536755396194,0.11964824672821481,0.0463773744210137
Bagging,réglages à 100 arbres,3,4,0.10540102416766088,0.07953645145180437,0.4833425725089674,0.11175428845219484,0.04816674853056198
Bagging,réglages à 100 arbres,3,5,0.11940141214559996,0.08644548282746815,0.42796150449665527,0.11409888176935531,0.04718116511601772
Bagging,réglages à 100 arbres,4,1,0.09582078433757923,0.07970465767686355,0.41516976141557904,0.09748319807155932,0.0782973024618741
Bagging,réglages à 100 arbres,4,2,0.10879511680664475,0.08050691290509225,0.4219396099555589,0.11065221797392005,0.07645176584534824
Bagging,réglages à 100 arbres,4,3,0.12320842623968468,0.09316354114366626,0.475493528856748,0.12156146422429563,0.07569139527553934
Bagging,réglages à 100 arbres,4,4,0.11153634414360193,0.08570882449018404,0.42144343462854583,0.11598804737279116,0.07853144105537904
Bagging,réglages à 100 arbres,4,5,0.12392235141291787,0.09122658406383444,0.3838228055512174,0.11818346845342882,0.0777016391891086
Bagging,réglages à 100 arbres,5,1,0.09469598614162575,0.07754535322230699,0.42881930717875216,0.09569719330883336,0.07074633862992263
Bagging,réglages à 100 arbres,5,2,0.10810433428304682,0.07996088141925022,0.4292569662247121,0.10925087015519945,0.06932580160750577
Bagging,réglages à 100 arbres,5,3,0.12283426448631814,0.09202174996669703,0.4786743546908949,0.12036854931454485,0.06832725592384653
Bagging,réglages à 100 arbres,5,4,0.10922226686049812,0.08312989208327227,0.44520136073750505,0.11502251476171073,0.07014098229181451
Bagging,réglages à 100 arbres,5,5,0.1196076456461752,0.08796265168691686,0.42598371574431104,0.11464351856602684,0.06947420503014277
Bagging,réglages à 100 arbres,6,1,0.0906347339998738,0.0754621307710345,0.47676148335150703,0.0924517753484345,0.06290995155620355
Bagging,réglages à 100 arbres,6,2,0.10825717693188626,0.08056299354887406,0.4276419422720019,0.10973181892511802,0.0629382972472736
Bagging,réglages à 100 arbres,6,3,0.12163983009530625,0.09046762341851299,0.48876375087342294,0.1203120899933137,0.06142114517579029
Bagging,réglages à 100 arbres,6,4,0.10811222703887637,0.0819553568018987,0.45642103464373174,0.11408496965777419,0.0641895385611721
Bagging,réglages à 100 arbres,6,5,0.12086180689335689,0.08778154971120604,0.41388276143097547,0.11550656491027668,0.06273892978979949
Bagging,réglages à 100 arbres,7,1,0.09027046458974206,0.07578286629203915,0.48095891977143723,0.09262140240984708,0.05678752922788823
Bagging,réglages à 100 arbres,7,2,0.10665384170354177,0.07959348756985749,0.44447013292261484,0.1073142786678131,0.055295695092584154
Bagging,réglages à 100 arbres,7,3,0.12268231529928295,0.0910226626960994,0.47996334376575145,0.12112341614617037,0.05466963926940031
Bagging,réglages à 100 arbres,7,4,0.10573271145385013,0.07997494337925695,0.4800857096444281,0.11184605374183033,0.05714819125647131
Bagging,réglages à 100 arbres,7,5,0.12023576655395324,0.08733611594840908,0.4199389792547804,0.11438147964074642,0.0556455935094966
Bagging,réglages à 100 arbres,8,1,0.09974181628811342,0.08258246616731216,0.36632741023383153,0.10076049654850558,0.09452169239539517
Bagging,réglages à 100 arbres,8,2,0.11252562649429328,0.08444793718213213,0.3816173654976893,0.11588136375253484,0.09317461653609406
Bagging,réglages à 100 arbres,8,3,0.12774560072712396,0.09851889043375356,0.4361521406423151,0.12532279677396319,0.09294586689901493
Bagging,réglages à 100 arbres,8,4,0.11786796636954346,0.09141173163473865,0.35389277652595597,0.1211621931978312,0.09418167472985928
Bagging,réglages à 100 arbres,8,5,0.1260629097997355,0.09490980847300691,0.3623520260549641,0.11947270233026541,0.09520483333892761
Bagging,réglages à 100 arbres,9,1,0.09625314695823338,0.08016859608328722,0.4098801113456574,0.09722420219656555,0.08915769408743272
Bagging,réglages à 100 arbres,9,2,0.11188466733029784,0.08350574583710432,0.3886420616115006,0.11498187032778828,0.08723337434666999
Bagging,réglages à 100 arbres,9,3,0.1276147242195112,0.09616828926038933,0.4373068831415865,0.12491117544013898,0.08699883006199842
Bagging,réglages à 100 arbres,9,4,0.11467898271763947,0.08822437890395235,0.3883814074254007,0.11908819389948495,0.08834482978317214
Bagging,réglages à 100 arbres,9,5,0.12416619617805918,0.09294972385140683,0.38139548863476247,0.11777877023835662,0.0893012819135127
Bagging,réglages à 100 arbres,10,1,0.09599930592917823,0.07978604272843592,0.41298856277701546,0.09780614245538835,0.08446434623296155
Bagging,réglages à 100 arbres,10,2,0.11193925228127234,0.08328934750691054,0.38804539212676736,0.11465849538922619,0.08261413411094518
Bagging,réglages à 100 arbres,10,3,0.12501252645464184,0.09399374817286574,0.4600207212114309,0.12373223816735364,0.08184838110298805
Bagging,réglages à 100 arbres,10,4,0.11311615889583353,0.08613735772386376,0.4049378678435358,0.11777560449027205,0.08390789336122845
Bagging,réglages à 100 arbres,10,5,0.12476378671876764,0.09303927942994063,0.3754266855273387,0.11810391502854842,0.08382675417991009
Bagging,réglages à 100 arbres,11,1,0.0959067440709083,0.08040462930435571,0.4141200016823108,0.09777812246116412,0.07957561129471172
Bagging,réglages à 100 arbres,11,2,0.1116088704915601,0.08362676732744564,0.39165235385905517,0.11352518963569007,0.0771281734647908
Bagging,réglages à 100 arbres,11,3,0.1235485959812458,0.09253856597344363,0.4725932802230842,0.12229903876661544,0.07623270531890858
Bagging,réglages à 100 arbres,11,4,0.11199470734954307,0.08530563649682885,0.41667845964546346,0.11660048013218602,0.07903837957041487
Bagging,réglages à 100 arbres,11,5,0.1239642565715103,0.09184508636014578,0.3834060063454079,0.11724740179444988,0.07866274647829093
Bagging,réglages à 100 arbres,12,1,0.10632053796997745,0.08719063841235788,0.27997975521593943,0.10697778817160435,0.10808868586456946
Bagging,réglages à 100 arbres,12,2,0.11773099528726191,0.0888821285149552,0.32308203986347295,0.1223068878700674,0.10881686908759626
Bagging,réglages à 100 arbres,12,3,0.13266590107041454,0.10302456284483003,0.39188088845913327,0.12906170487356822,0.10780894304667599
Bagging,réglages à 100 arbres,12,4,0.12689981647897028,0.10003062841994813,0.2510807331170296,0.12950496532568365,0.10711519398712237
Bagging,réglages à 100 arbres,12,5,0.12872454016120963,0.09847816736639461,0.3351418028982537,0.12079628576412127,0.10953954008150248
Bagging,réglages à 100 arbres,13,1,0.10254142151781107,0.0844063875482492,0.3302556721110247,0.10292163853016525,0.10403729588972348
Bagging,réglages à 100 arbres,13,2,0.11546507996314397,0.08639047843234562,0.34888795824587315,0.12004589805639328,0.10384016790665523
Bagging,réglages à 100 arbres,13,3,0.13305412842535352,0.10323785742080004,0.3883165375377947,0.12939914456211335,0.10245838157877833
Bagging,réglages à 100 arbres,13,4,0.12357691073788683,0.09751353790097785,0.2897885268038787,0.1267047765730604,0.10391106492727434
Bagging,réglages à 100 arbres,13,5,0.12836364581632076,0.09787233375504083,0.33886459279094683,0.1210856210372996,0.10486594090841805
Bagging,réglages à 100 arbres,14,1,0.1005821099793014,0.08334487295926811,0.35560544725505694,0.1015574999698247,0.10002694364215746
Bagging,réglages à 100 arbres,14,2,0.11273692223702601,0.08488151980001132,0.37929284089853044,0.11648653895584327,0.10015673931058727
Bagging,réglages à 100 arbres,14,3,0.1300303479287053,0.10143360400838737,0.4158027889342637,0.12672376392143483,0.0979353016525606
Bagging,réglages à 100 arbres,14,4,0.12328663138314983,0.0953773004544422,0.29312114929263733,0.12651313353685745,0.1000116409801814
Bagging,réglages à 100 arbres,14,5,0.1275810240439853,0.09726339119223659,0.3469017848180055,0.12020728359751569,0.10032158305223546
Bagging,réglages à 100 arbres,15,1,0.10014084287333164,0.08344929991903062,0.3612471340030802,0.10131462366537444,0.09601363570729622
Bagging,réglages à 100 arbres,15,2,0.11214697394065115,0.08431447480610375,0.3857721203917439,0.11496312272651765,0.09534698645469504
Bagging,réglages à 100 arbres,15,3,0.1283067504227562,0.09913221751131635,0.43118761761089464,0.1253293501361278,0.09373082609590498
Bagging,réglages à 100 arbres,15,4,0.12058998281706147,0.09351989005455104,0.323706081642847,0.12473078715603873,0.09611464803007849
Bagging,réglages à 100 arbres,15,5,0.12558968691477668,0.09586573219359636,0.36713032684067404,0.11848375668086207,0.09659136452470232
Bagging,nombre d’arbres,0,1,0.09348799690714865,0.07845548861561119,0.4432988915933237,0.09536239357584159,0.049316653453163224
Bagging,nombre d’arbres,0,2,0.10523346408353208,0.07750170072864399,0.4591682995196824,0.10487374252175274,0.04768879783814221
Bagging,nombre d’arbres,0,3,0.1214494591547248,0.088874708335656,0.4903627068608696,0.1191647746281393,0.046195244867795936
Bagging,nombre d’arbres,0,4,0.10667013638546911,0.07946211189559944,0.47082573386845294,0.11195126268498343,0.048677888527032726
Bagging,nombre d’arbres,0,5,0.11883939216780502,0.08636026597738151,0.43333397734709433,0.11314056021250729,0.04763426580920407
Bagging,nombre d’arbres,1,1,0.09158535767755224,0.07611572396310919,0.46572793341546936,0.09253173820465554,0.046202477345535294
Bagging,nombre d’arbres,1,2,0.10627542865365977,0.07756891491126218,0.4484052338616288,0.10676696845012834,0.0467440829168901
Bagging,nombre d’arbres,1,3,0.11900558032115044,0.0881391763120183,0.5106667993743317,0.11764954784098733,0.04638492387265307
Bagging,nombre d’arbres,1,4,0.10360057264126817,0.0784836301064193,0.5008428144560071,0.11055205232076955,0.047427476269450264
Bagging,nombre d’arbres,1,5,0.12075605552736733,0.08674529511534076,0.4149079915424021,0.11535233219397004,0.046814272986524116
Bagging,nombre d’arbres,2,1,0.09049576237675663,0.07503417504098779,0.4783648324205536,0.09153387347098581,0.04617916464101235
Bagging,nombre d’arbres,2,2,0.10536262479251474,0.07706931541895516,0.4578398803696525,0.106241822536993,0.046167720065151595
Bagging,nombre d’arbres,2,3,0.11878327016692317,0.08854522637402619,0.5124933041728582,0.1172168387614117,0.04641284764555597
Bagging,nombre d’arbres,2,4,0.103721686095781,0.07845939313126434,0.4996750605224727,0.10998421996184848,0.04712592702625496
Bagging,nombre d’arbres,2,5,0.12050071578986277,0.08651656694239375,0.4173797398670299,0.11500881308501666,0.04623313535944924
Bagging,nombre d’arbres,3,1,0.09237790145760076,0.07667627717056288,0.45644116247436517,0.0946441471837242,0.05838340674631234
Bagging,nombre d’arbres,3,2,0.10486605921020851,0.0803918882406274,0.4629381522570041,0.1062913273159377,0.055726784873968115
Bagging,nombre d’arbres,3,3,0.12224899226302272,0.09082384966402825,0.48363047209927346,0.12006500112165598,0.054314670765638104
Bagging,nombre d’arbres,3,4,0.1073778011912626,0.08076200908417629,0.4637812097478988,0.11229772618720654,0.05745718559987777
Bagging,nombre d’arbres,3,5,0.1181192464103363,0.08568873775471887,0.44018096085683855,0.11253788081432166,0.05582276041548314
Bagging,nombre d’arbres,4,1,0.09060935923880956,0.07549560187879933,0.4770544216806335,0.09211900873904964,0.05556097781048932
Bagging,nombre d’arbres,4,2,0.10609446663778195,0.07963516369372976,0.4502821064196241,0.10707284108153975,0.05488739062070216
Bagging,nombre d’arbres,4,3,0.12097521692810291,0.09011324880635799,0.49433505291275226,0.11966212101952885,0.054768227027542804
Bagging,nombre d’arbres,4,4,0.10467984934736548,0.07893903300408957,0.4903885310752373,0.11115996071987694,0.05655993775110395
Bagging,nombre d’arbres,4,5,0.12163942612052235,0.08714568523872047,0.40631639672556974,0.11542730866519867,0.055720034171080506
Bagging,nombre d’arbres,5,1,0.09009235842211624,0.07506362716492976,0.4830050645506958,0.09147836001978674,0.055646866203230505
Bagging,nombre d’arbres,5,2,0.10570644609017701,0.07891884339420968,0.4542957329389903,0.10666618220605584,0.05465350045016276
Bagging,nombre d’arbres,5,3,0.12023428909057421,0.09007127407240516,0.5005101012484221,0.11903620773649558,0.054730338805180814
Bagging,nombre d’arbres,5,4,0.10492508739742551,0.07893607652858642,0.4879979560559713,0.11076779709032271,0.056253005365136347
Bagging,nombre d’arbres,5,5,0.12104773073618241,0.08704382060745446,0.4120781055216264,0.11479388901926287,0.05525775919511318
Bagging,nombre d’arbres,6,1,0.09441358342483427,0.07703860499425494,0.4322209816704795,0.0965813214334614,0.05702821431980757
Bagging,nombre d’arbres,6,2,0.10659975177185395,0.0783425964900703,0.4450334685222096,0.10711387005847724,0.05704636914751425
Bagging,nombre d’arbres,6,3,0.12489665518303548,0.09168064596130156,0.4610212463744543,0.12278238606936209,0.05633504467625007
Bagging,nombre d’arbres,6,4,0.10659114978962102,0.08067746770691106,0.47160912461372495,0.11217460282116384,0.05687493087928796
Bagging,nombre d’arbres,6,5,0.11741793357465127,0.08573424805242155,0.4468088858976268,0.11287044098146393,0.05553588710216898
Bagging,nombre d’arbres,7,1,0.09264621672364065,0.07649629206234243,0.45327900056610104,0.09365089761471723,0.054648755673417364
Bagging,nombre d’arbres,7,2,0.10831094553938651,0.07925621535270691,0.42707324947610614,0.11002443920360182,0.053883678312093196
Bagging,nombre d’arbres,7,3,0.11816549021618855,0.0881152503144594,0.5175510649111668,0.11635573276120821,0.05436543215429057
Bagging,nombre d’arbres,7,4,0.10626532462583904,0.0806868738196015,0.47483453145111665,0.11348017691882094,0.05493059926131004
Bagging,nombre d’arbres,7,5,0.11947005343083193,0.08679840968307388,0.4273036103686346,0.11414511372506239,0.05466954401434438
Bagging,nombre d’arbres,8,1,0.09255675414403651,0.07656270219406522,0.45433435841019565,0.0933281280778609,0.054658827635031326
Bagging,nombre d’arbres,8,2,0.10623621201211426,0.07786874136777483,0.448812246156866,0.10785326912459563,0.05371806408299928
Bagging,nombre d’arbres,8,3,0.11829570771201321,0.08837719382973067,0.5164871687181736,0.11690155082128176,0.05434077225895585
Bagging,nombre d’arbres,8,4,0.10549255314777299,0.08006103250490443,0.48244486472228165,0.11209273618498412,0.05508201833810924
Bagging,nombre d’arbres,8,5,0.11843393394742112,0.08620917800587483,0.4371941022508191,0.11340802203045937,0.054424834109231136
Forêt aléatoire,réglages à 100 arbres,0,1,0.0980508551277426,0.08321761907663688,0.38763106940426995,0.10013994343259247,0.10173323824227896
Forêt aléatoire,réglages à 100 arbres,0,2,0.12020122924049251,0.09280709457105327,0.29437781934630414,0.1243586692662222,0.10081202072931154
Forêt aléatoire,réglages à 100 arbres,0,3,0.13372426389449585,0.1032904668390734,0.38213945668140337,0.13132949646412434,0.100057256177241
Forêt aléatoire,réglages à 100 arbres,0,4,0.12283698290399996,0.09604567943820426,0.2982679746064112,0.12924008897059325,0.10038177205412563
Forêt aléatoire,réglages à 100 arbres,0,5,0.12156910503081686,0.09346618174076497,0.4070026283467896,0.11662378400834934,0.1036642935566002
Forêt aléatoire,réglages à 100 arbres,1,1,0.09822412045491946,0.08318410638592719,0.38546492716143477,0.1000477868730348,0.1030543115567698
Forêt aléatoire,réglages à 100 arbres,1,2,0.11994586294625402,0.09221456511397162,0.29737280890464424,0.12451927699726695,0.10184014217477028
Forêt aléatoire,réglages à 100 arbres,1,3,0.1341820060867564,0.10336821052693461,0.3779023065413293,0.13169302920318554,0.10025348895654879
Forêt aléatoire,réglages à 100 arbres,1,4,0.12245877592239629,0.09507749811411544,0.3025824956971669,0.12835958937098813,0.10081410231370165
Forêt aléatoire,réglages à 100 arbres,1,5,0.1217616942455936,0.0937834285488094,0.40512229272075173,0.11685853634074718,0.10434256492152598
Forêt aléatoire,réglages à 100 arbres,2,1,0.10236963351225131,0.08523233632731865,0.33249784245350134,0.10344396427606342,0.10607611158471081
Forêt aléatoire,réglages à 100 arbres,2,2,0.12042549996154775,0.09198736900853782,0.29174227181388357,0.12428092329530167,0.10473312661152494
Forêt aléatoire,réglages à 100 arbres,2,3,0.13529904865421208,0.10343432143787736,0.3675014766881721,0.13226480962214565,0.10363887563105327
Forêt aléatoire,réglages à 100 arbres,2,4,0.12354710413981386,0.09678048444168132,0.29013108974440094,0.12880930016105252,0.10446580095432685
Forêt aléatoire,réglages à 100 arbres,2,5,0.12284002134653627,0.09544430673687683,0.3945391086835256,0.11745050466534233,0.10706521848860338
Forêt aléatoire,réglages à 100 arbres,3,1,0.10468394950524694,0.08627561860987619,0.3019756459795002,0.10502637822034597,0.11048154847682831
Forêt aléatoire,réglages à 100 arbres,3,2,0.11806059809372119,0.09135844406430081,0.31928649941352216,0.12402356321270414,0.10951470425359748
Forêt aléatoire,réglages à 100 arbres,3,3,0.13843186071493288,0.10697523594952461,0.33787171132162963,0.13497416835145748,0.10770194398678079
Forêt aléatoire,réglages à 100 arbres,3,4,0.1275944232309984,0.10086586783940601,0.2428596323219877,0.13260831720165894,0.1083887546916923
Forêt aléatoire,réglages à 100 arbres,3,5,0.12484572411619407,0.09748147502122018,0.3746060513052428,0.11928617834775561,0.11163250342245029
Forêt aléatoire,réglages à 100 arbres,4,1,0.10036940982448327,0.08374204078559133,0.35832795721939836,0.10185503201417752,0.09769213467250214
Forêt aléatoire,réglages à 100 arbres,4,2,0.11937460666854356,0.09138147273767509,0.30404956079554357,0.12284571180694165,0.09816560303032296
Forêt aléatoire,réglages à 100 arbres,4,3,0.13145168438790397,0.10213728219325746,0.4029614952567524,0.12879228841149762,0.09520148048796301
Forêt aléatoire,réglages à 100 arbres,4,4,0.11983375865682999,0.09245374136916762,0.3321616132076811,0.12558879298209513,0.0964406033344475
Forêt aléatoire,réglages à 100 arbres,4,5,0.1226867139517262,0.09427177065194259,0.3960494260709748,0.11753427859631778,0.09808140279106045
Forêt aléatoire,réglages à 100 arbres,5,1,0.09865919767041038,0.08296230548773217,0.3800087855058455,0.10010176152235976,0.09812167594829381
Forêt aléatoire,réglages à 100 arbres,5,2,0.11803679038254494,0.09106520969120978,0.3195610126148759,0.12179576086437126,0.09879480272151572
Forêt aléatoire,réglages à 100 arbres,5,3,0.13179298392422423,0.10232278429262663,0.39985718362467093,0.12961125737447138,0.09552539507351566
Forêt aléatoire,réglages à 100 arbres,5,4,0.12042950163533124,0.0931226926603692,0.3255049081651862,0.12629595663606774,0.09785584711921998
Forêt aléatoire,réglages à 100 arbres,5,5,0.12398207908477465,0.09478968717695987,0.38322869645133395,0.11832139779858629,0.09838672113794149
Forêt aléatoire,réglages à 100 arbres,6,1,0.10037086998321083,0.08382219555038374,0.35830928719134125,0.10192237408248578,0.10161136573121472
Forêt aléatoire,réglages à 100 arbres,6,2,0.11988831753015591,0.09201470877958993,0.29804683423552003,0.12380390152521129,0.1008713410071253
Forêt aléatoire,réglages à 100 arbres,6,3,0.13018715879901233,0.10047916510078568,0.41439290712667975,0.1281800651114726,0.09876432546153821
Forêt aléatoire,réglages à 100 arbres,6,4,0.12002201505676216,0.09301683927341495,0.3300616439262859,0.12535615130735514,0.10085467536612
Forêt aléatoire,réglages à 100 arbres,6,5,0.1254367872003295,0.09659740596697415,0.36867036871571846,0.119705212832422,0.10079680974464848
Forêt aléatoire,réglages à 100 arbres,7,1,0.10205319827268985,0.08412468774347816,0.3366181024267293,0.10218505470808105,0.1046495912119137
Forêt aléatoire,réglages à 100 arbres,7,2,0.117693313329183,0.0898434104413965,0.32351529046240846,0.12236377669396033,0.10454328048110305
Forêt aléatoire,réglages à 100 arbres,7,3,0.13476746437331755,0.10499664375915324,0.3724618332696238,0.13191718348610273,0.10218406712652295
Forêt aléatoire,réglages à 100 arbres,7,4,0.12491543249994759,0.0976464135904745,0.2743199106307115,0.12989331744550203,0.10389734275896674
Forêt aléatoire,réglages à 100 arbres,7,5,0.12541659461805751,0.09686596266957546,0.3688736129109198,0.11920355303164336,0.10583473315402074
Forêt aléatoire,réglages à 100 arbres,8,1,0.09941400891977327,0.08199604875632789,0.37048577039921415,0.10124840581910598,0.0955098251755507
Forêt aléatoire,réglages à 100 arbres,8,2,0.11889813125292652,0.08974384022917738,0.30959414851540057,0.1226881952480657,0.09671646778171407
Forêt aléatoire,réglages à 100 arbres,8,3,0.13088670525017135,0.10097148866090613,0.4080826074433228,0.12836292439884703,0.0927558853601723
Forêt aléatoire,réglages à 100 arbres,8,4,0.11918579592618156,0.09296924867209162,0.33936433226064455,0.12489249320365028,0.09445990495256808
Forêt aléatoire,réglages à 100 arbres,8,5,0.12753905645730895,0.09678178694814073,0.34733138550653553,0.12125223213081113,0.09618358690167224
Forêt aléatoire,réglages à 100 arbres,9,1,0.0982338408878764,0.08206549684831069,0.3853432901842049,0.1008797026979135,0.096611373571506
Forêt aléatoire,réglages à 100 arbres,9,2,0.11724437449264559,0.0892287919381406,0.3286663227601596,0.1207993806534012,0.0970366649826075
Forêt aléatoire,réglages à 100 arbres,9,3,0.13069161225245776,0.10084237569716313,0.40984585566331544,0.12800111338646658,0.09306193523400705
Forêt aléatoire,réglages à 100 arbres,9,4,0.1179452822963407,0.09204354631627035,0.3530448656946784,0.12377034485847631,0.0947981227662753
Forêt aléatoire,réglages à 100 arbres,9,5,0.1283677804931704,0.09677830440982882,0.33882200089866277,0.12191792798175172,0.09672594023780173
Forêt aléatoire,réglages à 100 arbres,10,1,0.10070565568256788,0.08372280064004865,0.35402144643599165,0.10241944489028482,0.09947802072069631
Forêt aléatoire,réglages à 100 arbres,10,2,0.11831712989141852,0.08944130386382988,0.31632506468814525,0.12129151870905794,0.09901122281242143
Forêt aléatoire,réglages à 100 arbres,10,3,0.12948343340249582,0.09996733544375626,0.4207067827561968,0.12729205053723153,0.09603883580317209
Forêt aléatoire,réglages à 100 arbres,10,4,0.11983788856531433,0.09316398629692563,0.3321155801202108,0.12506989147592115,0.09773820449639051
Forêt aléatoire,réglages à 100 arbres,10,5,0.12894296666714605,0.09776912503622015,0.3328835565151521,0.12240974912071041,0.0995167261363818
Forêt aléatoire,réglages à 100 arbres,11,1,0.10153854340600907,0.0844837063417817,0.3432921088205747,0.10202884629178127,0.10295054484240608
Forêt aléatoire,réglages à 100 arbres,11,2,0.11536772054343096,0.0869717625497104,0.3499855223709655,0.1192803816517384,0.10194488687896497
Forêt aléatoire,réglages à 100 arbres,11,3,0.13149207794873669,0.10222234785371075,0.40259451302090454,0.12855596653430235,0.09978653506815141
Forêt aléatoire,réglages à 100 arbres,11,4,0.12290843385298228,0.0951046357158144,0.2974513801194474,0.12742366369314453,0.10173084277861148
Forêt aléatoire,réglages à 100 arbres,11,5,0.1282611730701669,0.09713008005814654,0.33991974074276443,0.12119390812976776,0.10352557011834726
Forêt aléatoire,réglages à 100 arbres,12,1,0.10018419162677776,0.08322887879087204,0.36069401036812065,0.10234499570200015,0.09450151290876305
Forêt aléatoire,réglages à 100 arbres,12,2,0.1178240214804899,0.08895426911961492,0.32201187173326673,0.12113844098801273,0.0955817620058726
Forêt aléatoire,réglages à 100 arbres,12,3,0.13179630630332984,0.10121937098480592,0.3998269251537514,0.1290766525233851,0.0920652619137767
Forêt aléatoire,réglages à 100 arbres,12,4,0.11605685967178615,0.09112651029588954,0.3735958223456729,0.12226515038911742,0.09349125462871122
Forêt aléatoire,réglages à 100 arbres,12,5,0.1295823227729196,0.09695498248358485,0.3262514395113234,0.12287968360941769,0.09518762337014651
Forêt aléatoire,réglages à 100 arbres,13,1,0.09902848869468076,0.08285907996357988,0.37535872346130994,0.1015472496823246,0.09497465577440246
Forêt aléatoire,réglages à 100 arbres,13,2,0.11617096630129116,0.08835521448455029,0.3409025830575617,0.1194112340004267,0.09582615756666987
Forêt aléatoire,réglages à 100 arbres,13,3,0.1320757715713249,0.10160324721326161,0.3972789727652759,0.1294558277307676,0.09272497956021479
Forêt aléatoire,réglages à 100 arbres,13,4,0.11685415016499498,0.0917693132067361,0.3649596834308728,0.12267449320715426,0.09414505252953258
Forêt aléatoire,réglages à 100 arbres,13,5,0.12966041980453696,0.09701185559379756,0.32543908150733825,0.12303169875187712,0.09591875909139629
Forêt aléatoire,réglages à 100 arbres,14,1,0.09979468941799577,0.08301057359456075,0.3656554125764816,0.10201961850592042,0.09836783346575412
Forêt aléatoire,réglages à 100 arbres,14,2,0.11736098996195708,0.08882709333687197,0.32733019339530867,0.12048623963469567,0.09755470165152876
Forêt aléatoire,réglages à 100 arbres,14,3,0.13114918006756554,0.10069415568769308,0.4057062134631485,0.1287189800986465,0.09541329602267874
Forêt aléatoire,réglages à 100 arbres,14,4,0.11929478036491693,0.09306340610197805,0.3381555988687228,0.1251202209327384,0.0965235174441921
Forêt aléatoire,réglages à 100 arbres,14,5,0.13107266911072316,0.09820227401217195,0.31066454555303247,0.12410676112893994,0.09850097967427483
Forêt aléatoire,réglages à 100 arbres,15,1,0.10147230414840355,0.08460406474536449,0.34414864374867693,0.10244963281130594,0.1020587400633924
Forêt aléatoire,réglages à 100 arbres,15,2,0.11544382083716173,0.08690537615590105,0.34912769823731715,0.11940593898655417,0.10099418347533506
Forêt aléatoire,réglages à 100 arbres,15,3,0.13253904724213586,0.1031538092787396,0.39304328746901274,0.1295960053242631,0.0995107109858196
Forêt aléatoire,réglages à 100 arbres,15,4,0.12237569294697538,0.09465569612079065,0.30352850981248114,0.1266267621699802,0.10085155386600887
Forêt aléatoire,réglages à 100 arbres,15,5,0.1298386448310752,0.09816420737451509,0.32358336848991365,0.12254534394510037,0.10315486288834891
Forêt aléatoire,réglages à 100 arbres,16,1,0.09344334765869576,0.07918006452931568,0.4438305181406136,0.09568723482016238,0.0829977096347983
Forêt aléatoire,réglages à 100 arbres,16,2,0.11409683830453092,0.08647726395596557,0.36422766510424276,0.1186497358124875,0.08333531671375341
Forêt aléatoire,réglages à 100 arbres,16,3,0.12542645934876487,0.09601299967820177,0.45643891647469337,0.12415538477747705,0.08021991105851208
Forêt aléatoire,réglages à 100 arbres,16,4,0.11395049141850976,0.08799731497641056,0.3961272666895601,0.12056449865493381,0.08173981099124661
Forêt aléatoire,réglages à 100 arbres,16,5,0.11567671348100081,0.08785357805848866,0.4630940560243332,0.11177968520709361,0.08415588615792388
Forêt aléatoire,réglages à 100 arbres,17,1,0.09463875249167217,0.08023265462731152,0.4295095344655172,0.0967709009685394,0.08647013029093396
Forêt aléatoire,réglages à 100 arbres,17,2,0.11451807955209624,0.0868951452937037,0.3595245039253223,0.1184949895449368,0.08460298426732446
Forêt aléatoire,réglages à 100 arbres,17,3,0.12558253122432056,0.09616107371892556,0.4550853363874805,0.12374987050861741,0.08243800773277829
Forêt aléatoire,réglages à 100 arbres,17,4,0.11470266928272879,0.0890563923076033,0.38812872573263835,0.1211057659733294,0.08394519006635218
Forêt aléatoire,réglages à 100 arbres,17,5,0.1168704845744553,0.08835640729927312,0.45195525364340605,0.11251293702356897,0.08719522810753644
Forêt aléatoire,réglages à 100 arbres,18,1,0.09906673628883443,0.08350625015724367,0.3748761221403052,0.10035567326450111,0.09383366275942277
Forêt aléatoire,réglages à 100 arbres,18,2,0.11617418663224081,0.08798725602477109,0.34086604137598897,0.11933847087387042,0.09149583362091716
Forêt aléatoire,réglages à 100 arbres,18,3,0.1275650673985984,0.09735902218638758,0.43774470276253186,0.12565872105090736,0.09122856682758473
Forêt aléatoire,réglages à 100 arbres,18,4,0.11732794783199785,0.09024350243514166,0.3597995655169165,0.12223660338726178,0.0929819230393569
Forêt aléatoire,réglages à 100 arbres,18,5,0.11976149771283538,0.09218540079920114,0.424506044474786,0.11465398279999992,0.0941260617351137
Forêt aléatoire,réglages à 100 arbres,19,1,0.10432669390925631,0.08620834604883633,0.30673182090747997,0.10470624349599172,0.1030886714443853
Forêt aléatoire,réglages à 100 arbres,19,2,0.11534295207184336,0.0888902067197313,0.3502645976060932,0.12078198264826111,0.10115442915438044
Forêt aléatoire,réglages à 100 arbres,19,3,0.132815278323582,0.10288150612908682,0.3905106749734145,0.12971540362283845,0.09989310115067085
Forêt aléatoire,réglages à 100 arbres,19,4,0.12371101796017327,0.09713681282336996,0.2882462294993564,0.1287236223281172,0.10200750122459387
Forêt aléatoire,réglages à 100 arbres,19,5,0.12236159161829235,0.09536921532479437,0.39924614782532153,0.11657369100438596,0.10310249906950998
Forêt aléatoire,réglages à 100 arbres,20,1,0.09546439667559288,0.0792385209739366,0.41951200681356793,0.09627060843059497,0.07790463847658023
Forêt aléatoire,réglages à 100 arbres,20,2,0.11417000652039211,0.08637100927932828,0.36341198530441576,0.11730421883761365,0.07883097037840037
Forêt aléatoire,réglages à 100 arbres,20,3,0.12157308596411698,0.09307563109081769,0.4893246306087482,0.12087213281401928,0.07578545915924992
Forêt aléatoire,réglages à 100 arbres,20,4,0.11278184430463976,0.08769916190355133,0.4084500799804296,0.11991707392944431,0.07816590982145528
Forêt aléatoire,réglages à 100 arbres,20,5,0.12079930180469137,0.09016308926081186,0.41448883935945147,0.1156120054011167,0.07906882852060808
Forêt aléatoire,réglages à 100 arbres,21,1,0.09222037295649503,0.07763370344661462,0.45829340202970703,0.09374017749017233,0.08032429860077406
Forêt aléatoire,réglages à 100 arbres,21,2,0.11407493992391711,0.08694611521462892,0.3644716867394129,0.11766199859435297,0.08137361299001956
Forêt aléatoire,réglages à 100 arbres,21,3,0.12512908220028673,0.09478024597401652,0.4590133497213268,0.12358744239676153,0.07741616966552359
Forêt aléatoire,réglages à 100 arbres,21,4,0.11495782246869769,0.08823573810073763,0.38540351367765646,0.12184433996039352,0.08029578101423183
Forêt aléatoire,réglages à 100 arbres,21,5,0.12102307477208446,0.09073466361241381,0.412317586340086,0.1160054420835736,0.0809411235672072
Forêt aléatoire,réglages à 100 arbres,22,1,0.09740778933875625,0.08141161406957205,0.395637163040509,0.09835064548592307,0.08851781783157854
Forêt aléatoire,réglages à 100 arbres,22,2,0.11604876946232351,0.0882279250674516,0.34228842437144846,0.1193129256055689,0.08706027149112416
Forêt aléatoire,réglages à 100 arbres,22,3,0.1246653834541634,0.09462483315695065,0.46301545734812866,0.12307201353868412,0.08508323470295315
Forêt aléatoire,réglages à 100 arbres,22,4,0.11492978859902196,0.08918981680217782,0.38570323085420954,0.12078090407820485,0.08773108273193472
Forêt aléatoire,réglages à 100 arbres,22,5,0.12234134517860797,0.09254794690849631,0.3994449376611273,0.1162882701882009,0.08697878113801391
Forêt aléatoire,réglages à 100 arbres,23,1,0.10014875981463071,0.08347710985951023,0.361146132879129,0.09990389448292955,0.09646635155066355
Forêt aléatoire,réglages à 100 arbres,23,2,0.11504705052809684,0.08743183480284784,0.35359399217370524,0.11936364088560228,0.09626418742909289
Forêt aléatoire,réglages à 100 arbres,23,3,0.13012318246654195,0.10034294196693784,0.4149683216134419,0.12727316974804898,0.09431125245151394
Forêt aléatoire,réglages à 100 arbres,23,4,0.12184449463334061,0.09461269942305284,0.3095617590066818,0.12698983712535078,0.09611595293592118
Forêt aléatoire,réglages à 100 arbres,23,5,0.12386151465578311,0.09537309646075236,0.38442765238336285,0.1175597657511108,0.09726264253777477
Forêt aléatoire,réglages à 100 arbres,24,1,0.09451764314582249,0.07901399667360844,0.4309687151264169,0.09653031281931057,0.07632515495011165
Forêt aléatoire,réglages à 100 arbres,24,2,0.1133285972875431,0.08421333614601759,0.3727604526405168,0.11624381965780262,0.0771299337854708
Forêt aléatoire,réglages à 100 arbres,24,3,0.1241079397539241,0.09463484770370359,0.4678069943865104,0.12235489701522226,0.07393935018550961
Forêt aléatoire,réglages à 100 arbres,24,4,0.11353745436273924,0.08856426651297446,0.40049705522356127,0.12032248373510675,0.07591493586501483
Forêt aléatoire,réglages à 100 arbres,24,5,0.12701445569029327,0.0930611682395595,0.35268952905084217,0.12114617757725804,0.07769777462601034
Forêt aléatoire,réglages à 100 arbres,25,1,0.09464992251364966,0.07947774032569535,0.4293748588293649,0.0969808855176093,0.0790376885471588
Forêt aléatoire,réglages à 100 arbres,25,2,0.11209644702085265,0.08473241785861961,0.38632546660209377,0.1150354053477036,0.07903974162276359
Forêt aléatoire,réglages à 100 arbres,25,3,0.12557224152955207,0.09495123508154014,0.45517462867681036,0.12381000760190716,0.07585742031247565
Forêt aléatoire,réglages à 100 arbres,25,4,0.11227671974496399,0.08660430540403564,0.41373705238880576,0.11850301430939918,0.07748344861003346
Forêt aléatoire,réglages à 100 arbres,25,5,0.1274330488252554,0.09361911391066573,0.3484159019292685,0.12169579341321529,0.07927182216197472
Forêt aléatoire,réglages à 100 arbres,26,1,0.09507476529371195,0.08002383636302127,0.42424078079025285,0.09678820781113179,0.08580460762331182
Forêt aléatoire,réglages à 100 arbres,26,2,0.1131724405608023,0.08462062267656824,0.374487822348588,0.11498221242742512,0.08437730584159621
Forêt aléatoire,réglages à 100 arbres,26,3,0.12497549522183837,0.0948402772964304,0.4603405793460509,0.12350138593235861,0.08264890981065318
Forêt aléatoire,réglages à 100 arbres,26,4,0.11576260090839353,0.08951985165997715,0.376768254272728,0.12131205129312134,0.08412936173085205
Forêt aléatoire,réglages à 100 arbres,26,5,0.12654316567157234,0.09361444438795766,0.3574843372630464,0.12009972470750005,0.08591450099141067
Forêt aléatoire,réglages à 100 arbres,27,1,0.09932528391632024,0.0833091720750176,0.3716089265553957,0.09972751903009906,0.09448910762393108
Forêt aléatoire,réglages à 100 arbres,27,2,0.11276750052730407,0.0842105083165208,0.37895607921722807,0.11592471292029542,0.09332910916971743
Forêt aléatoire,réglages à 100 arbres,27,3,0.12773487176966455,0.09856241072906989,0.4362468483367141,0.12493519311785918,0.09189462326877347
Forêt aléatoire,réglages à 100 arbres,27,4,0.11851062736630116,0.09144810581057951,0.34682792395655626,0.12342895571734479,0.09402541292862142
Forêt aléatoire,réglages à 100 arbres,27,5,0.1267962986614327,0.09580606269597347,0.3549112297898489,0.11999029934813185,0.09497001739866238
Forêt aléatoire,réglages à 100 arbres,28,1,0.09666191600959662,0.08108935998989024,0.4048572114492194,0.09841723311479308,0.07529167359224803
Forêt aléatoire,réglages à 100 arbres,28,2,0.11177774492794167,0.0836828874826777,0.38980998974117453,0.11475936013558492,0.07598411537537861
Forêt aléatoire,réglages à 100 arbres,28,3,0.12623400022182332,0.09579934614573872,0.4494170991245928,0.12406276274046664,0.07297580218365742
Forêt aléatoire,réglages à 100 arbres,28,4,0.11189177989225504,0.08687389705991869,0.4177501569587121,0.11891807214957018,0.07455531185058652
Forêt aléatoire,réglages à 100 arbres,28,5,0.12691697788899514,0.09264028031778433,0.35368271031592036,0.12085888311319344,0.07638971919637434
Forêt aléatoire,réglages à 100 arbres,29,1,0.09581986398172997,0.08133762894440273,0.41518099591652124,0.09782224199832915,0.07685147646280802
Forêt aléatoire,réglages à 100 arbres,29,2,0.11058703961736567,0.08333468960882369,0.40274076925888314,0.1127979785593485,0.07726502085772256
Forêt aléatoire,réglages à 100 arbres,29,3,0.12769011026482555,0.09640920677700367,0.4366418856148858,0.12565789925722468,0.07493822861037382
Forêt aléatoire,réglages à 100 arbres,29,4,0.11255124416803687,0.08707038537135026,0.41086663977120974,0.1191957694802866,0.07639699642435019
Forêt aléatoire,réglages à 100 arbres,29,5,0.1283645521024437,0.09412587537506145,0.3388552571265331,0.12243526006165505,0.07800141685452175
Forêt aléatoire,réglages à 100 arbres,30,1,0.09547833124160923,0.08083283401955049,0.4193425313045134,0.0973975067295186,0.0843201160454016
Forêt aléatoire,réglages à 100 arbres,30,2,0.11336820861617912,0.08441566651346229,0.3723219025381076,0.1151674808105023,0.08285749062553524
Forêt aléatoire,réglages à 100 arbres,30,3,0.12564031888252836,0.09458245686110817,0.45458372860741714,0.12383644449817005,0.08188692982508064
Forêt aléatoire,réglages à 100 arbres,30,4,0.11486390282069828,0.08846382086957377,0.3864073445597155,0.12098516824883628,0.08308271434482306
Forêt aléatoire,réglages à 100 arbres,30,5,0.12860718210894367,0.09528629974806614,0.3363535515612154,0.12219908720645031,0.08459336408461086
Forêt aléatoire,réglages à 100 arbres,31,1,0.09959588772456425,0.08268383459816014,0.3681802596970546,0.10003711181105272,0.09368867551478678
Forêt aléatoire,réglages à 100 arbres,31,2,0.11275426068057566,0.08461464411157531,0.3791019021464884,0.115768892710979,0.09178403040642746
Forêt aléatoire,réglages à 100 arbres,31,3,0.12860312695781573,0.098681335429104,0.4285567763267659,0.12574737057814064,0.09164177093570106
Forêt aléatoire,réglages à 100 arbres,31,4,0.11918971134400681,0.0917753342650499,0.33932092596147745,0.12340715128412012,0.09287372223251479
Forêt aléatoire,réglages à 100 arbres,31,5,0.12789436500407525,0.0965247724733787,0.34368980677058936,0.12094305023590782,0.09405706594933604
Forêt aléatoire,réglages à 100 arbres,32,1,0.09069277731783847,0.07594608282721393,0.47609109523370263,0.09193232749033564,0.06671677001927095
Forêt aléatoire,réglages à 100 arbres,32,2,0.11183754983926031,0.0851310908190662,0.3891568700740363,0.11507996435419257,0.06720315405324354
Forêt aléatoire,réglages à 100 arbres,32,3,0.12092343548845107,0.09095624442522926,0.494767843293788,0.11949113505960902,0.0653724824185697
Forêt aléatoire,réglages à 100 arbres,32,4,0.10878659789918967,0.08401251159533066,0.449618527434159,0.11538278238765791,0.06577316923112089
Forêt aléatoire,réglages à 100 arbres,32,5,0.11262517450997533,0.08371842237307532,0.49104746336064586,0.10902996958630758,0.06826492376475009
Forêt aléatoire,réglages à 100 arbres,33,1,0.09071768538750406,0.0765552472414754,0.47580328066093036,0.09208221957036906,0.07219500463935646
Forêt aléatoire,réglages à 100 arbres,33,2,0.1108055074557404,0.08387311318426395,0.40037863317270006,0.11510264337715646,0.07164237823138354
Forêt aléatoire,réglages à 100 arbres,33,3,0.12209632627241747,0.09232166937472441,0.4849193635793262,0.1208274440184115,0.07017864040620346
Forêt aléatoire,réglages à 100 arbres,33,4,0.10945267838150721,0.08368159658617419,0.4428581236487985,0.11577015002898067,0.07164643029764539
Forêt aléatoire,réglages à 100 arbres,33,5,0.11634008188825277,0.08752990671875259,0.4569184364096266,0.11266750469084542,0.0740643297008767
Forêt aléatoire,réglages à 100 arbres,34,1,0.09683988577289791,0.08052835079103286,0.40266369137665914,0.09775388896356423,0.08533684989288846
Forêt aléatoire,réglages à 100 arbres,34,2,0.1135726108034653,0.08525864715420485,0.3700564625429825,0.11709883802527463,0.08356238098614457
Forêt aléatoire,réglages à 100 arbres,34,3,0.12340629466879682,0.09240189607284018,0.4738074979442721,0.12150910779696047,0.08346736172747056
Forêt aléatoire,réglages à 100 arbres,34,4,0.1162192833764911,0.08915832638543655,0.37184126715636356,0.12172954023925556,0.08608025667006014
Forêt aléatoire,réglages à 100 arbres,34,5,0.11546106908616348,0.08824268499662535,0.4650939890223522,0.1104740131872306,0.08674025998575177
Forêt aléatoire,réglages à 100 arbres,35,1,0.1023784231907503,0.08491182213017105,0.33238321116992375,0.10293763071879826,0.09937131511967127
Forêt aléatoire,réglages à 100 arbres,35,2,0.11467138950224587,0.08791711310288355,0.3578084955351267,0.1198119459282808,0.09820767554989183
Forêt aléatoire,réglages à 100 arbres,35,3,0.1304148037041135,0.10114185312392522,0.4123431346994333,0.1270437054614403,0.09687289198079874
Forêt aléatoire,réglages à 100 arbres,35,4,0.12214555839739838,0.09540515214054142,0.30614555636665375,0.12751868510083195,0.09892807280170597
Forêt aléatoire,réglages à 100 arbres,35,5,0.12077448456571371,0.09413239005300994,0.41472939170646084,0.11501119793819015,0.10023795678758794
Forêt aléatoire,réglages à 100 arbres,36,1,0.09005410903680025,0.07594433823560931,0.48344395950431973,0.09179195415310776,0.062283880409722894
Forêt aléatoire,réglages à 100 arbres,36,2,0.10904492793493464,0.0823260106237192,0.4192819225126848,0.11152406505306862,0.06368287060973936
Forêt aléatoire,réglages à 100 arbres,36,3,0.12030564346881957,0.09112523069952431,0.49991706964076355,0.11950422287553887,0.0604176726669515
Forêt aléatoire,réglages à 100 arbres,36,4,0.11006936987070268,0.08371750729656342,0.43656220487231845,0.11705611542832116,0.06219774674918381
Forêt aléatoire,réglages à 100 arbres,36,5,0.11844749689708564,0.08733596590586526,0.43706519079972583,0.11441278216221769,0.06264504178442515
Forêt aléatoire,réglages à 100 arbres,37,1,0.0903645734573827,0.07599200210567068,0.47987613305427124,0.09129606364926332,0.06570424415801854
Forêt aléatoire,réglages à 100 arbres,37,2,0.11044714829624003,0.08380414453742051,0.4042508655118827,0.1130946690901813,0.0685479566829653
Forêt aléatoire,réglages à 100 arbres,37,3,0.11942326143606803,0.0900433094459053,0.5072258866391126,0.1184956430594702,0.06449257524117834
Forêt aléatoire,réglages à 100 arbres,37,4,0.11195694338519564,0.08483072898509349,0.4170717785875365,0.11885049732603416,0.06723981579718043
Forêt aléatoire,réglages à 100 arbres,37,5,0.11885087006946764,0.08807922169432282,0.43322451110260374,0.11406545310213868,0.06778136468199339
Forêt aléatoire,réglages à 100 arbres,38,1,0.09459212389977072,0.07929175073225175,0.4300715582283485,0.09593777769470149,0.07939371998944
Forêt aléatoire,réglages à 100 arbres,38,2,0.11452936566250596,0.08693754035027632,0.35939825602829034,0.11732557922652269,0.07795452411174505
Forêt aléatoire,réglages à 100 arbres,38,3,0.12265623404887455,0.0926366121618355,0.4801844312877256,0.12132402503399888,0.07734616187526643
Forêt aléatoire,réglages à 100 arbres,38,4,0.11199828567455714,0.08565414359819827,0.4166411838231643,0.11725912634772333,0.08044337486883298
Forêt aléatoire,réglages à 100 arbres,38,5,0.12021114558466003,0.09107056107055019,0.42017651593365224,0.1142771653191144,0.0791923289089148
Forêt aléatoire,réglages à 100 arbres,39,1,0.09950486315283008,0.08270255847221489,0.36933462142337925,0.09932573563022089,0.09287531808940476
Forêt aléatoire,réglages à 100 arbres,39,2,0.11386248524181972,0.08631962946347443,0.3668367150870646,0.1176517037269069,0.09261190641537624
Forêt aléatoire,réglages à 100 arbres,39,3,0.12937835558715896,0.09977671068981914,0.4216466121271447,0.126628969628647,0.09171065596483129
Forêt aléatoire,réglages à 100 arbres,39,4,0.11973611479936697,0.09232524165858155,0.333249516139129,0.12486316397581332,0.09361878685111313
Forêt aléatoire,réglages à 100 arbres,39,5,0.1230778242865976,0.09450547757746856,0.3921926463093812,0.11674233444191803,0.09397360370427855
Forêt aléatoire,réglages à 100 arbres,40,1,0.09320640841639045,0.0777720569565509,0.44664743999269063,0.09416907655811642,0.061072362993566616
Forêt aléatoire,réglages à 100 arbres,40,2,0.11174857754803223,0.0822301980637172,0.39012839519462983,0.11321423971798536,0.06206825482753903
Forêt aléatoire,réglages à 100 arbres,40,3,0.12307319189361975,0.09279741725654901,0.4766443001875732,0.12136253595403225,0.059257950872249755
Forêt aléatoire,réglages à 100 arbres,40,4,0.10872872746033786,0.08414901579496123,0.4502039367812831,0.11552579843172878,0.06048266652474041
Forêt aléatoire,réglages à 100 arbres,40,5,0.12521337640109234,0.09065132114723955,0.37091724150137395,0.1201124067160963,0.06211869534406539
Forêt aléatoire,réglages à 100 arbres,41,1,0.09279096186576662,0.07781252103700882,0.4515693349213361,0.094598518326031,0.06478458004435765
Forêt aléatoire,réglages à 100 arbres,41,2,0.1071745747270993,0.08056632242373031,0.4390321862284525,0.10867077945106368,0.06489201477569335
Forêt aléatoire,réglages à 100 arbres,41,3,0.12085131732325727,0.09161579860457648,0.49537029972811386,0.11948447734208227,0.06261655995203583
Forêt aléatoire,réglages à 100 arbres,41,4,0.10896770802308066,0.08303724998984789,0.44778442961397846,0.11494789644582551,0.06484779570684003
Forêt aléatoire,réglages à 100 arbres,41,5,0.12509009773545782,0.09111076529399793,0.37215535691957524,0.11991768317327901,0.06552656313681895
Forêt aléatoire,réglages à 100 arbres,42,1,0.09522705249041305,0.08002299458344347,0.4223948445089867,0.09640717805605037,0.07763373010929324
Forêt aléatoire,réglages à 100 arbres,42,2,0.11183753784124682,0.0832765126865311,0.3891570011374176,0.11292500793159191,0.0754160161198872
Forêt aléatoire,réglages à 100 arbres,42,3,0.12272292248346339,0.09256009780129607,0.47961902813929147,0.12156551969405477,0.07468257189805681
Forêt aléatoire,réglages à 100 arbres,42,4,0.1098171413437558,0.08446633666068375,0.43914152832900144,0.11529532850584197,0.07686860903396481
Forêt aléatoire,réglages à 100 arbres,42,5,0.12567901346809512,0.09251814756882809,0.36622974061566627,0.11915162339236494,0.07703626148697285
Forêt aléatoire,réglages à 100 arbres,43,1,0.09914263961769644,0.08305156266184718,0.37391783558762115,0.09912646783778133,0.09173381665052298
Forêt aléatoire,réglages à 100 arbres,43,2,0.11248859941484676,0.08403233091548079,0.38202426189068395,0.1153752859708785,0.09044031994716992
Forêt aléatoire,réglages à 100 arbres,43,3,0.1268508465995878,0.09717059119678775,0.4440230711811274,0.12391737405372948,0.08969663639864181
Forêt aléatoire,réglages à 100 arbres,43,4,0.11783668731863048,0.09084102146335515,0.3542356506725185,0.12285466467085629,0.09189123204505174
Forêt aléatoire,réglages à 100 arbres,43,5,0.12724008156646396,0.09618604909761283,0.3503877483366008,0.12015160540509409,0.09167481231376276
Forêt aléatoire,réglages à 100 arbres,44,1,0.09426736442349869,0.07917910047502127,0.4339782668222436,0.09530051825492535,0.059638687262098616
Forêt aléatoire,réglages à 100 arbres,44,2,0.10827064482062126,0.07999314625182552,0.42749952337013875,0.10875120313465654,0.059689402287880146
Forêt aléatoire,réglages à 100 arbres,44,3,0.12409881273043889,0.09340511368305165,0.46788526753267257,0.12223984363945611,0.05790846826296102
Forêt aléatoire,réglages à 100 arbres,44,4,0.10948308513697383,0.08427921846458802,0.44254852446502757,0.11729413521467297,0.05964570987578689
Forêt aléatoire,réglages à 100 arbres,44,5,0.12501643895174472,0.08969373169344678,0.3728945466339393,0.1196342478476032,0.060553471513271076
Forêt aléatoire,réglages à 100 arbres,45,1,0.0940637100192063,0.07940252327711403,0.4364212820139216,0.09528168278258156,0.06274807017842685
Forêt aléatoire,réglages à 100 arbres,45,2,0.10756798988644731,0.08083561764429283,0.4349062393520414,0.10792266200161864,0.0626287381095561
Forêt aléatoire,réglages à 100 arbres,45,3,0.12509095321724414,0.09385246186313877,0.4593429953594155,0.12352952976994495,0.06142629451980743
Forêt aléatoire,réglages à 100 arbres,45,4,0.10980297794344639,0.08397817259127761,0.43928618973061206,0.11698903087479352,0.06359632872475791
Forêt aléatoire,réglages à 100 arbres,45,5,0.1254735724532939,0.09012462511720967,0.3683000303810534,0.12020918766775893,0.06378646999971493
Forêt aléatoire,réglages à 100 arbres,46,1,0.09430522953561307,0.07935920948137393,0.4335234587135721,0.09595098052338426,0.07630865707588431
Forêt aléatoire,réglages à 100 arbres,46,2,0.11165336387016371,0.08305945068366057,0.39116721612220773,0.11259607197898379,0.07391753801314407
Forêt aléatoire,réglages à 100 arbres,46,3,0.12379040087265773,0.09242379674102666,0.4705268168739386,0.12207015826439188,0.07351949897194848
Forêt aléatoire,réglages à 100 arbres,46,4,0.11119577864622533,0.08512571806506278,0.42497117422057695,0.11755027230272357,0.07539503291820719
Forêt aléatoire,réglages à 100 arbres,46,5,0.12696448166595892,0.09330479875015145,0.35319879935756016,0.12049227746766969,0.07561470333302353
Forêt aléatoire,réglages à 100 arbres,47,1,0.09931490992996554,0.0822958466806078,0.3717401837686931,0.09962346835633938,0.09114359050257423
Forêt aléatoire,réglages à 100 arbres,47,2,0.11201909064609573,0.08428511682353357,0.3871721528022368,0.11474826187979695,0.08903000265974588
Forêt aléatoire,réglages à 100 arbres,47,3,0.12735236706492206,0.09730824828719642,0.43961813392656945,0.12445906805567035,0.08903055239639425
Forêt aléatoire,réglages à 100 arbres,47,4,0.11781775772845876,0.09050741769950575,0.35444310851788996,0.12212014827508233,0.0907997464229726
Forêt aléatoire,réglages à 100 arbres,47,5,0.12686969121909436,0.09566128941211939,0.3541642298007498,0.11997673998276082,0.09094344360884382
Forêt aléatoire,réglages à 100 arbres,48,1,0.08960034085546745,0.07518557706736023,0.4886365299248516,0.0900696920722709,0.04542030053073945
Forêt aléatoire,réglages à 100 arbres,48,2,0.10866163355115303,0.0813682999508273,0.42335721121287906,0.11166536929526516,0.04609175660895033
Forêt aléatoire,réglages à 100 arbres,48,3,0.11600680513281346,0.08629304954567073,0.535017120319332,0.11396386085173604,0.04426998928764068
Forêt aléatoire,réglages à 100 arbres,48,4,0.10473183102481244,0.08033474655162953,0.48988228204160666,0.11143986943429074,0.045496778816926986
Forêt aléatoire,réglages à 100 arbres,48,5,0.11406644608082248,0.08226123607695646,0.47793791841527233,0.11018646521178735,0.04682421416023995
Forêt aléatoire,réglages à 100 arbres,49,1,0.09129565720726893,0.07639732655308049,0.46910257924488685,0.09191999974410858,0.05717195935557492
Forêt aléatoire,réglages à 100 arbres,49,2,0.10888647429227455,0.08093894503212379,0.4209683840732489,0.11195412350428577,0.05707975868083008
Forêt aléatoire,réglages à 100 arbres,49,3,0.11795297908506318,0.08772124962087871,0.5192847957414372,0.11504282830577085,0.05595771621833528
Forêt aléatoire,réglages à 100 arbres,49,4,0.10548569359525015,0.07995331144135472,0.4825121695908037,0.11228712089839243,0.05774131508395422
Forêt aléatoire,réglages à 100 arbres,49,5,0.11248941852820178,0.08268154160758175,0.49227368493610646,0.10826496875826842,0.05872829526239943
Forêt aléatoire,réglages à 100 arbres,50,1,0.09715945092721258,0.08092609730720489,0.3987148468127406,0.0982764887809122,0.08094339062782041
Forêt aléatoire,réglages à 100 arbres,50,2,0.11329844054625719,0.0847269740709277,0.37309422513041224,0.11539197671216596,0.07868979746742183
Forêt aléatoire,réglages à 100 arbres,50,3,0.12089130307978109,0.09092785903412287,0.49503631348952526,0.11867644801829091,0.07856860688414553
Forêt aléatoire,réglages à 100 arbres,50,4,0.11336248546498132,0.08680920115971566,0.40234338065650055,0.11903448809951385,0.08183527614610842
Forêt aléatoire,réglages à 100 arbres,50,5,0.11485874178696484,0.08720205259825488,0.4706603346825192,0.10967113607619326,0.08215795431417207
Forêt aléatoire,réglages à 100 arbres,51,1,0.10315625536089448,0.08586266722774147,0.32220007887497193,0.10376311857468026,0.09824220226805497
Forêt aléatoire,réglages à 100 arbres,51,2,0.1144127035567598,0.0877453600379395,0.36070265311720706,0.11945127702066118,0.0974958004504869
Forêt aléatoire,réglages à 100 arbres,51,3,0.13018489074271924,0.10132373153297519,0.4144133112632319,0.1269597776112616,0.0960360476109831
Forêt aléatoire,réglages à 100 arbres,51,4,0.12101849329325391,0.09453050574133443,0.3188911888067879,0.12601535292468863,0.09861792023131863
Forêt aléatoire,réglages à 100 arbres,51,5,0.12057900544223243,0.09361792449615274,0.4166224339071133,0.11465837208452588,0.09913345775535105
Forêt aléatoire,réglages à 100 arbres,52,1,0.09310956655017051,0.07709107876509977,0.44779671409463484,0.09300612906649118,0.041816304419772216
Forêt aléatoire,réglages à 100 arbres,52,2,0.10774007694140608,0.07989412220700044,0.4330967213423953,0.10907127610380585,0.04345917144233072
Forêt aléatoire,réglages à 100 arbres,52,3,0.11696317098432649,0.08717135627113845,0.5273188342437471,0.11528943200799377,0.042215040112799064
Forêt aléatoire,réglages à 100 arbres,52,4,0.10430163892994063,0.07928874517994207,0.49406435178305885,0.11251724639036727,0.04378135426998387
Forêt aléatoire,réglages à 100 arbres,52,5,0.11511974967104391,0.08401711782966763,0.4682518317675458,0.11103405674352589,0.04358144435837694
Forêt aléatoire,réglages à 100 arbres,53,1,0.08877056421068223,0.07485248972070879,0.4980640094878074,0.08926827375987945,0.051525747820456894
Forêt aléatoire,réglages à 100 arbres,53,2,0.10794127282812692,0.08185056010810939,0.43097745228872963,0.10932500247310327,0.05170090798803563
Forêt aléatoire,réglages à 100 arbres,53,3,0.11651339401324029,0.08730970859660571,0.5309471956659407,0.11504705986237612,0.04992155203078309
Forêt aléatoire,réglages à 100 arbres,53,4,0.1048156792422119,0.0792557850691989,0.4890651554298673,0.11092565297069419,0.053339005074494926
Forêt aléatoire,réglages à 100 arbres,53,5,0.11614928309716771,0.0849729297002016,0.45869829311613486,0.11109959240840547,0.05286215727805033
Forêt aléatoire,réglages à 100 arbres,54,1,0.09351872809119743,0.0775770250479024,0.4429328361283228,0.09476782063473428,0.07495721034313034
Forêt aléatoire,réglages à 100 arbres,54,2,0.11333166262496942,0.08550199638555699,0.3727265207485031,0.11569974667956158,0.07309448894315487
Forêt aléatoire,réglages à 100 arbres,54,3,0.12181822090374139,0.09166009188520474,0.4872631449904934,0.12017332178609452,0.0720935080452737
Forêt aléatoire,réglages à 100 arbres,54,4,0.10928444124815927,0.08369424200045826,0.44456954664808324,0.11425915767291976,0.07576638798259043
Forêt aléatoire,réglages à 100 arbres,54,5,0.11914154819765256,0.08980639736751317,0.4304487517853931,0.11330139363296156,0.07462297188837673
Forêt aléatoire,réglages à 100 arbres,55,1,0.09921458304376456,0.08221543335529473,0.3730088656680247,0.09893737918552199,0.09247420253858986
Forêt aléatoire,réglages à 100 arbres,55,2,0.1141750208491694,0.08684058559468537,0.3633560663849714,0.11815566010413524,0.09241887151719473
Forêt aléatoire,réglages à 100 arbres,55,3,0.12870172943139377,0.09911516459158615,0.4276801675324846,0.12594398918586613,0.09126305556962382
Forêt aléatoire,réglages à 100 arbres,55,4,0.11948634022990609,0.09212184560670647,0.3360283538089923,0.12472529505106178,0.0933834076190159
Forêt aléatoire,réglages à 100 arbres,55,5,0.12231581083590705,0.09357994294085781,0.39969559991204806,0.11607723992452199,0.09344556065875108
Forêt aléatoire,réglages à 100 arbres,56,1,0.0902565224609033,0.07474346137503626,0.481119237519002,0.09160160829480266,0.040697731284743036
Forêt aléatoire,réglages à 100 arbres,56,2,0.10634275208894811,0.0769060300761156,0.4477061632062943,0.10721787038699529,0.041405538948719914
Forêt aléatoire,réglages à 100 arbres,56,3,0.11612342543279362,0.08667437721710589,0.534081766579352,0.11489039951729524,0.04074965480336729
Forêt aléatoire,réglages à 100 arbres,56,4,0.10393485960489916,0.07951981590638914,0.4976163661604305,0.11007545753162279,0.041726146168310524
Forêt aléatoire,réglages à 100 arbres,56,5,0.12147835170286672,0.08626651002751082,0.40788766237720187,0.11665568106409878,0.0415280585799841
Forêt aléatoire,réglages à 100 arbres,57,1,0.09066589687864733,0.07480472261635186,0.476401612010376,0.09258533841890539,0.049955422280302794
Forêt aléatoire,réglages à 100 arbres,57,2,0.10489066124708242,0.07811489830281185,0.462686128573203,0.10585956562229062,0.04938699236737663
Forêt aléatoire,réglages à 100 arbres,57,3,0.1184319981016239,0.08751591661765949,0.5153724010804708,0.11589878767276056,0.0481523824527954
Forêt aléatoire,réglages à 100 arbres,57,4,0.10425372218512835,0.07915992048655837,0.4945291042253125,0.11029081117200928,0.05068646766993177
Forêt aléatoire,réglages à 100 arbres,57,5,0.12256102762533368,0.08694922387112147,0.3972862257927424,0.11770117836635706,0.05035983699389864
Forêt aléatoire,réglages à 100 arbres,58,1,0.09355847649761259,0.07877317038539151,0.4424591932950831,0.09467497091596076,0.07312292876452155
Forêt aléatoire,réglages à 100 arbres,58,2,0.11056699248783351,0.08224256007343154,0.40295729097691213,0.11140496517628676,0.07035398297317824
Forêt aléatoire,réglages à 100 arbres,58,3,0.12108026767521998,0.09096415459686719,0.49345646726789893,0.11945393679857302,0.07001679871941505
Forêt aléatoire,réglages à 100 arbres,58,4,0.10854975194162579,0.08307655346847853,0.45201245695865566,0.11350959071973722,0.07302801176781011
Forêt aléatoire,réglages à 100 arbres,58,5,0.1243708459248164,0.09135099402362534,0.379354650004049,0.11785407744396945,0.07222452221482879
Forêt aléatoire,réglages à 100 arbres,59,1,0.0992124493347126,0.08307772879694066,0.3730358335236008,0.09935281283412008,0.09144921094211238
Forêt aléatoire,réglages à 100 arbres,59,2,0.11251649758795468,0.08402893858132754,0.38171769692154933,0.1152775086006792,0.09007079998043616
Forêt aléatoire,réglages à 100 arbres,59,3,0.12699734746670455,0.09727169895851248,0.4427381268775278,0.1242640085087144,0.0891943562146955
Forêt aléatoire,réglages à 100 arbres,59,4,0.11723978012779025,0.0904458230282875,0.36076137888527315,0.12226256406258959,0.09160248866693826
Forêt aléatoire,réglages à 100 arbres,59,5,0.12680814306260252,0.09566938141727359,0.3547907050247816,0.11974176400050413,0.09140188525688564
Forêt aléatoire,réglages à 100 arbres,60,1,0.09151870128798995,0.07621044274711901,0.4665053434371784,0.09143387603577091,0.04065020170416859
Forêt aléatoire,réglages à 100 arbres,60,2,0.10512266608669843,0.07685313023287553,0.4603065595535809,0.10489472208171775,0.040509183908918174
Forêt aléatoire,réglages à 100 arbres,60,3,0.12139146470809463,0.08973003719534657,0.49084931381973385,0.11918550661793377,0.04051076709821106
Forêt aléatoire,réglages à 100 arbres,60,4,0.10596495810546022,0.0809456528191651,0.47779917095666113,0.11330035023080932,0.041703635579023166
Forêt aléatoire,réglages à 100 arbres,60,5,0.1228524086205767,0.08740581596224785,0.39441699232352456,0.1175094253144845,0.04129951565374367
Forêt aléatoire,réglages à 100 arbres,61,1,0.09243940888773393,0.0770183580369768,0.45571709239024716,0.09342854558638229,0.0484904063197204
Forêt aléatoire,réglages à 100 arbres,61,2,0.10573867202743696,0.07897850681495538,0.45396295262607445,0.10536238868930814,0.04852682257676159
Forêt aléatoire,réglages à 100 arbres,61,3,0.12227294911501686,0.09040363488439496,0.48342806878709943,0.12051513117551711,0.04779188534714092
Forêt aléatoire,réglages à 100 arbres,61,4,0.10548509745204525,0.07950317618501436,0.4825180186490311,0.11251979706543765,0.04950589842005038
Forêt aléatoire,réglages à 100 arbres,61,5,0.12355849788341047,0.08773592996735849,0.38743586010655007,0.11787996256122271,0.049050908226524685
Forêt aléatoire,réglages à 100 arbres,62,1,0.09402519867865129,0.07868977710629373,0.4368826656633279,0.09545350529243604,0.07196101648807353
Forêt aléatoire,réglages à 100 arbres,62,2,0.11076972175887112,0.08254157778310739,0.4007658775245462,0.11165393664289255,0.06934338591990674
Forêt aléatoire,réglages à 100 arbres,62,3,0.12277768754867832,0.09131028387468347,0.47915448482413625,0.12085491285506399,0.06872018707663939
Forêt aléatoire,réglages à 100 arbres,62,4,0.10949821518935468,0.08372928938267796,0.44239443942435697,0.11564583678904167,0.07173646879800806
Forêt aléatoire,réglages à 100 arbres,62,5,0.1259476688007106,0.09198908804887906,0.3635173109458095,0.11936947036859183,0.07060973745978376
Forêt aléatoire,réglages à 100 arbres,63,1,0.09909189271084014,0.0820370306548157,0.3745586012985973,0.09935856824305661,0.09085918755884421
Forêt aléatoire,réglages à 100 arbres,63,2,0.11198949210135373,0.08420948510900898,0.38749596218082827,0.1147127014490014,0.08880326393126216
Forêt aléatoire,réglages à 100 arbres,63,3,0.12727918509874844,0.09732475098899815,0.440261986329638,0.12434985188364639,0.08852382382423596
Forêt aléatoire,réglages à 100 arbres,63,4,0.11766496852015162,0.0904340709399481,0.3561163736111199,0.12194021692696241,0.09058897583155415
Forêt aléatoire,réglages à 100 arbres,63,5,0.1267589535678501,0.09570136242474005,0.35529116758016777,0.11988681812498295,0.0905258747124062
Forêt aléatoire,réglages à 100 arbres,64,1,0.0883679962173605,0.07292954772748439,0.5026061726475303,0.08830108719117916,0.03496336166374506
Forêt aléatoire,réglages à 100 arbres,64,2,0.10597172049410758,0.07825750773426793,0.4515533643956464,0.10735254980900073,0.03470393298788135
Forêt aléatoire,réglages à 100 arbres,64,3,0.11555702365834596,0.08570406878725276,0.5386157927412314,0.11305325073939941,0.034447429231917376
Forêt aléatoire,réglages à 100 arbres,64,4,0.1000469996238141,0.07640129869649477,0.5344984267579884,0.10606847377713337,0.03701214408570215
Forêt aléatoire,réglages à 100 arbres,64,5,0.11215700632608133,0.0829856231558511,0.4952699677150879,0.10829714540604082,0.03469942538013912
Forêt aléatoire,réglages à 100 arbres,65,1,0.09095572953816788,0.0756039201769193,0.47304867604581635,0.09197344068124425,0.05276646493750319
Forêt aléatoire,réglages à 100 arbres,65,2,0.10822640752324796,0.0813947764224561,0.42796725310503003,0.11093157070544027,0.05344229284872728
Forêt aléatoire,réglages à 100 arbres,65,3,0.11694003147246326,0.08676854818197122,0.5275058423322678,0.11499107724231052,0.051340700223835876
Forêt aléatoire,réglages à 100 arbres,65,4,0.10232085583770745,0.07824914701588319,0.5130982409730238,0.10929211184085705,0.0540833373635091
Forêt aléatoire,réglages à 100 arbres,65,5,0.11265733169213088,0.08195289711565001,0.49075678561455227,0.10837363352766775,0.053559896175826543
Forêt aléatoire,réglages à 100 arbres,66,1,0.09739335280295881,0.08133575756535004,0.395816291614162,0.09863712208458852,0.08058383239593532
Forêt aléatoire,réglages à 100 arbres,66,2,0.11293385292519773,0.08472618483350798,0.37712242418438446,0.11527382089857213,0.07839500158917585
Forêt aléatoire,réglages à 100 arbres,66,3,0.12079814111251111,0.090916942268615,0.4958142897839708,0.11842139346811607,0.07821792348003079
Forêt aléatoire,réglages à 100 arbres,66,4,0.11339766271524526,0.08701810997000668,0.40197240822544067,0.11886026885904229,0.08171356305611444
Forêt aléatoire,réglages à 100 arbres,66,5,0.11540281211095048,0.08788210244922647,0.46563363662698287,0.11007077555637237,0.08199707857289755
Forêt aléatoire,réglages à 100 arbres,67,1,0.10308358762354893,0.08579741737755443,0.32315468580747375,0.10373448700139044,0.0982055687970278
Forêt aléatoire,réglages à 100 arbres,67,2,0.11430666414592393,0.08769984338381859,0.36188712472185136,0.11934452019983671,0.09749011137689317
Forêt aléatoire,réglages à 100 arbres,67,3,0.1303072025585359,0.10146546556609685,0.4133124489877581,0.12706123212551854,0.09600756861926894
Forêt aléatoire,réglages à 100 arbres,67,4,0.12102924311183132,0.094510811319681,0.3187701805023143,0.1260170359467035,0.09859349810165409
Forêt aléatoire,réglages à 100 arbres,67,5,0.12057900544223243,0.09361792449615274,0.4166224339071133,0.11465837208452588,0.09913345775535105
Forêt aléatoire,réglages à 100 arbres,68,1,0.09243265851166335,0.07471493043039502,0.45579658186791683,0.09205721205127494,0.03439750024174197
Forêt aléatoire,réglages à 100 arbres,68,2,0.10514736545665164,0.07726042029837717,0.4600529196023512,0.10540717941851832,0.03514104194111331
Forêt aléatoire,réglages à 100 arbres,68,3,0.1162550221072194,0.08561383392036931,0.5330251661314285,0.11398072016436443,0.03406669579091938
Forêt aléatoire,réglages à 100 arbres,68,4,0.10113348458501432,0.07729441659067375,0.5243330709630961,0.10826989269868452,0.03638144792494764
Forêt aléatoire,réglages à 100 arbres,68,5,0.11624572231012967,0.08327564835655667,0.45779903000828515,0.11177708562170667,0.03480693700371612
Forêt aléatoire,réglages à 100 arbres,69,1,0.08835003008009759,0.07335214451371888,0.5028084028155171,0.08864742117909492,0.04820441101987059
Forêt aléatoire,réglages à 100 arbres,69,2,0.10744126593006591,0.08060386445438489,0.4362369091055721,0.10849595547991032,0.0481489075129119
Forêt aléatoire,réglages à 100 arbres,69,3,0.11617282131077997,0.08621068458184933,0.5336853033335371,0.11558559356140446,0.046457730518296325
Forêt aléatoire,réglages à 100 arbres,69,4,0.1047420334187818,0.07892012974692324,0.4897828915244853,0.11149442899256017,0.05049286692130395
Forêt aléatoire,réglages à 100 arbres,69,5,0.11627458622217508,0.08343765596092387,0.4575297386527495,0.11208815008518319,0.049048754263731016
Forêt aléatoire,réglages à 100 arbres,70,1,0.09374426075943992,0.07760822582937568,0.4402427153090511,0.09486497484892879,0.07469931702587085
Forêt aléatoire,réglages à 100 arbres,70,2,0.11299536350656524,0.0848300548749704,0.37644372608361587,0.11544323492713467,0.07293156126204131
Forêt aléatoire,réglages à 100 arbres,70,3,0.12177498327733266,0.09148844248695338,0.4876270575487529,0.12013291724097869,0.07171061800152373
Forêt aléatoire,réglages à 100 arbres,70,4,0.10941418942193246,0.08363259610666589,0.44324989187452957,0.11448018744274335,0.07534760871166257
Forêt aléatoire,réglages à 100 arbres,70,5,0.11928373824689242,0.08975926987540865,0.4290884732438591,0.11327636749897808,0.07438987141171931
Forêt aléatoire,réglages à 100 arbres,71,1,0.09921458304376456,0.08221543335529473,0.3730088656680247,0.09893737918552199,0.09247420253858986
Forêt aléatoire,réglages à 100 arbres,71,2,0.1141750208491694,0.08684058559468537,0.3633560663849714,0.11815566010413524,0.09241887151719473
Forêt aléatoire,réglages à 100 arbres,71,3,0.12870172943139377,0.09911516459158615,0.4276801675324846,0.12594398918586613,0.09126305556962382
Forêt aléatoire,réglages à 100 arbres,71,4,0.11948634022990609,0.09212184560670647,0.3360283538089923,0.12472529505106178,0.0933834076190159
Forêt aléatoire,réglages à 100 arbres,71,5,0.12231581083590705,0.09357994294085781,0.39969559991204806,0.11607723992452199,0.09344556065875108
Forêt aléatoire,réglages à 100 arbres,72,1,0.09061218281163747,0.0744176113124951,0.47702182906670554,0.09126387366631884,0.03432671791670898
Forêt aléatoire,réglages à 100 arbres,72,2,0.10661201827423437,0.07754113271164885,0.44490574045834663,0.1067685268999821,0.03546432803757526
Forêt aléatoire,réglages à 100 arbres,72,3,0.11671515203275369,0.08672004031243018,0.5293213379322603,0.11491615372925586,0.03418132689252083
Forêt aléatoire,réglages à 100 arbres,72,4,0.10375929822295861,0.07837190522437434,0.4993121335790883,0.11049845150715117,0.03683533651556562
Forêt aléatoire,réglages à 100 arbres,72,5,0.12270284184636202,0.08794261551499483,0.3958906298798016,0.11780643621978142,0.03474068549830138
Forêt aléatoire,réglages à 100 arbres,73,1,0.08974074377928139,0.07436730140266029,0.4870326704258521,0.09110584287686578,0.046833206956690326
Forêt aléatoire,réglages à 100 arbres,73,2,0.10484788502633334,0.07757303718930884,0.46312429093798013,0.10611926148291147,0.04636975716314273
Forêt aléatoire,réglages à 100 arbres,73,3,0.11680290004366238,0.08632780100802659,0.5286133468784919,0.11506376717533989,0.044852653015652125
Forêt aléatoire,réglages à 100 arbres,73,4,0.10352694267189252,0.07791207147501546,0.5015520743956117,0.11030652420876279,0.0479763721584581
Forêt aléatoire,réglages à 100 arbres,73,5,0.12372786339479513,0.08753446195227955,0.3857553873687658,0.11892617984753402,0.04688797847263865
Forêt aléatoire,réglages à 100 arbres,74,1,0.09389331975212992,0.07882424136231882,0.43846120482228756,0.09497970613246867,0.0728720973087997
Forêt aléatoire,réglages à 100 arbres,74,2,0.11051796531994347,0.08219534675398589,0.4034866501064457,0.11137637793832407,0.07045075191429319
Forêt aléatoire,réglages à 100 arbres,74,3,0.12096856526898495,0.09076431175420085,0.4943906579940621,0.1193686951017323,0.06981737787746495
Forêt aléatoire,réglages à 100 arbres,74,4,0.10828790340787034,0.08293226544551752,0.4546530280505655,0.1132583377372822,0.07282395132022096
Forêt aléatoire,réglages à 100 arbres,74,5,0.12419613107873774,0.09110860596247197,0.3810971772200835,0.11761572377882902,0.07197489174852613
Forêt aléatoire,réglages à 100 arbres,75,1,0.0992124493347126,0.08307772879694066,0.3730358335236008,0.09935281283412008,0.09144921094211238
Forêt aléatoire,réglages à 100 arbres,75,2,0.11251649758795468,0.08402893858132754,0.38171769692154933,0.1152775086006792,0.09007079998043616
Forêt aléatoire,réglages à 100 arbres,75,3,0.12699734746670455,0.09727169895851248,0.4427381268775278,0.1242640085087144,0.0891943562146955
Forêt aléatoire,réglages à 100 arbres,75,4,0.11723978012779025,0.0904458230282875,0.36076137888527315,0.12226256406258959,0.09160248866693826
Forêt aléatoire,réglages à 100 arbres,75,5,0.12680814306260252,0.09566938141727359,0.3547907050247816,0.11974176400050413,0.09140188525688564
Forêt aléatoire,réglages à 100 arbres,76,1,0.09265512580867495,0.07644252538156845,0.4531738474742758,0.0923365695386409,0.034809466494315384
Forêt aléatoire,réglages à 100 arbres,76,2,0.1052287485909357,0.07688973042003046,0.45921676757616514,0.10468528589274685,0.035710998667419495
Forêt aléatoire,réglages à 100 arbres,76,3,0.11845444841010717,0.08715403021317497,0.515188648876753,0.11604138690989567,0.034510387390818485
Forêt aléatoire,réglages à 100 arbres,76,4,0.10496203669249146,0.07955620220463498,0.4876372902501911,0.11217581258882411,0.03655103941980276
Forêt aléatoire,réglages à 100 arbres,76,5,0.12182444750919592,0.08720302019739457,0.4045089612873187,0.11603771808163676,0.03491128274078104
Forêt aléatoire,réglages à 100 arbres,77,1,0.0914829637276504,0.07573830014221329,0.4669219156713954,0.0924103858013101,0.04560795881442356
Forêt aléatoire,réglages à 100 arbres,77,2,0.10540352445347849,0.07881887157812577,0.4574188872725645,0.10538722453945558,0.046097560474701614
Forêt aléatoire,réglages à 100 arbres,77,3,0.120946807895435,0.08958123247410349,0.4945725191578384,0.11922871603672591,0.04484537277282722
Forêt aléatoire,réglages à 100 arbres,77,4,0.10378257459981181,0.07820642801815889,0.49908746924807335,0.11089345173562022,0.047055259875388646
Forêt aléatoire,réglages à 100 arbres,77,5,0.12347273675938517,0.08741178496680808,0.3882859183099181,0.11795305247423585,0.04594469467323735
Forêt aléatoire,réglages à 100 arbres,78,1,0.09398578554878963,0.07858972040203809,0.43735465753982894,0.09539228392092908,0.07177993630844687
Forêt aléatoire,réglages à 100 arbres,78,2,0.11080846319616247,0.08258174317671982,0.40034664290811883,0.11170733047594128,0.06922863994789107
Forêt aléatoire,réglages à 100 arbres,78,3,0.12262626455527315,0.09110503136123005,0.4804384209241026,0.12069657655672762,0.06849901448765518
Forêt aléatoire,réglages à 100 arbres,78,4,0.1093061449151302,0.08357208737331989,0.4443489100325796,0.11543446621565172,0.07161753707032475
Forêt aléatoire,réglages à 100 arbres,78,5,0.12585516218210666,0.09197389265755253,0.364451941004744,0.11929941116392401,0.07041111492694213
Forêt aléatoire,réglages à 100 arbres,79,1,0.09909189271084014,0.0820370306548157,0.3745586012985973,0.09935856824305661,0.09085918755884421
Forêt aléatoire,réglages à 100 arbres,79,2,0.11198949210135373,0.08420948510900898,0.38749596218082827,0.1147127014490014,0.08880326393126216
Forêt aléatoire,réglages à 100 arbres,79,3,0.12727918509874844,0.09732475098899815,0.440261986329638,0.12434985188364639,0.08852382382423596
Forêt aléatoire,réglages à 100 arbres,79,4,0.11766496852015162,0.0904340709399481,0.3561163736111199,0.12194021692696241,0.09058897583155415
Forêt aléatoire,réglages à 100 arbres,79,5,0.1267589535678501,0.09570136242474005,0.35529116758016777,0.11988681812498295,0.0905258747124062
Forêt aléatoire,réglages à 100 arbres,80,1,0.08924351088460879,0.07453812061677359,0.4927013910809903,0.0890440201757802,0.03456518552491095
Forêt aléatoire,réglages à 100 arbres,80,2,0.10477088886339395,0.0777334795547947,0.46391252221786883,0.10673494899792772,0.034804688761312076
Forêt aléatoire,réglages à 100 arbres,80,3,0.11673523928591065,0.08524152954411028,0.5291593117536355,0.11395341201111983,0.03418984275935619
Forêt aléatoire,réglages à 100 arbres,80,4,0.10113957020674559,0.07701599059331551,0.5242758235320202,0.10771764368610216,0.036625900086679423
Forêt aléatoire,réglages à 100 arbres,80,5,0.11115105843878968,0.08167197436431756,0.5042833173945045,0.10730179866991073,0.034407439205304355
Forêt aléatoire,réglages à 100 arbres,81,1,0.09075585233970573,0.07551324495006997,0.47536210538756773,0.09164745076790314,0.052798565895152194
Forêt aléatoire,réglages à 100 arbres,81,2,0.10817434289689096,0.08140574024331292,0.42851749787647186,0.1108794564348459,0.05336114267565433
Forêt aléatoire,réglages à 100 arbres,81,3,0.11659967759302099,0.08635253041850033,0.530252227659213,0.1147467589393548,0.05124072228584865
Forêt aléatoire,réglages à 100 arbres,81,4,0.10259133843588177,0.07865826684378717,0.5105206135181994,0.10955689847114486,0.0541489643402129
Forêt aléatoire,réglages à 100 arbres,81,5,0.11282485407930713,0.0821651268442682,0.4892411618071111,0.10853749710250009,0.05346032611380278
Forêt aléatoire,réglages à 100 arbres,82,1,0.09739335280295881,0.08133575756535004,0.395816291614162,0.09863712208458852,0.08058383239593532
Forêt aléatoire,réglages à 100 arbres,82,2,0.11293385292519773,0.08472618483350798,0.37712242418438446,0.11527382089857213,0.07839500158917585
Forêt aléatoire,réglages à 100 arbres,82,3,0.12079814111251111,0.090916942268615,0.4958142897839708,0.11842139346811607,0.07821792348003079
Forêt aléatoire,réglages à 100 arbres,82,4,0.11339766271524526,0.08701810997000668,0.40197240822544067,0.11886026885904229,0.08171356305611444
Forêt aléatoire,réglages à 100 arbres,82,5,0.11540281211095048,0.08788210244922647,0.46563363662698287,0.11007077555637237,0.08199707857289755
Forêt aléatoire,réglages à 100 arbres,83,1,0.10308358762354893,0.08579741737755443,0.32315468580747375,0.10373448700139044,0.0982055687970278
Forêt aléatoire,réglages à 100 arbres,83,2,0.11430666414592393,0.08769984338381859,0.36188712472185136,0.11934452019983671,0.09749011137689317
Forêt aléatoire,réglages à 100 arbres,83,3,0.1303072025585359,0.10146546556609685,0.4133124489877581,0.12706123212551854,0.09600756861926894
Forêt aléatoire,réglages à 100 arbres,83,4,0.12102924311183132,0.094510811319681,0.3187701805023143,0.1260170359467035,0.09859349810165409
Forêt aléatoire,réglages à 100 arbres,83,5,0.12057900544223243,0.09361792449615274,0.4166224339071133,0.11465837208452588,0.09913345775535105
Forêt aléatoire,réglages à 100 arbres,84,1,0.0906584943705039,0.07471766590644774,0.4764871079517796,0.09104728053570031,0.03451692822535769
Forêt aléatoire,réglages à 100 arbres,84,2,0.10550066562013724,0.07788156899295488,0.4564183277512648,0.10585084994463333,0.03505513694900709
Forêt aléatoire,réglages à 100 arbres,84,3,0.11540923107217417,0.08444283318183686,0.539795220135797,0.11346441550052257,0.03376031685846146
Forêt aléatoire,réglages à 100 arbres,84,4,0.10277938542676322,0.07740132778895636,0.5087245655248067,0.10945143138149342,0.03606195936139892
Forêt aléatoire,réglages à 100 arbres,84,5,0.1157715542048386,0.08294158621030431,0.4622133010109848,0.11120749379505096,0.034556128002539925
Forêt aléatoire,réglages à 100 arbres,85,1,0.08840066696749116,0.07351084809948265,0.5022383192593822,0.0887227242529359,0.04820093944461876
Forêt aléatoire,réglages à 100 arbres,85,2,0.10728242803815217,0.0805970832297644,0.4379025772897317,0.10838292631560387,0.04816821609724052
Forêt aléatoire,réglages à 100 arbres,85,3,0.11614121845525076,0.08622654071830901,0.5339389749129037,0.11565374871497926,0.04639873883203105
Forêt aléatoire,réglages à 100 arbres,85,4,0.10440735405481591,0.078496036642653,0.4930382479611747,0.11100552307774367,0.05040399623575851
Forêt aléatoire,réglages à 100 arbres,85,5,0.11648079209853486,0.08350128875079589,0.4556039567908786,0.11209651704920089,0.049004832677793875
Forêt aléatoire,réglages à 100 arbres,86,1,0.09374426075943992,0.07760822582937568,0.4402427153090511,0.09486497484892879,0.07469931702587085
Forêt aléatoire,réglages à 100 arbres,86,2,0.11299536350656524,0.0848300548749704,0.37644372608361587,0.11544323492713467,0.07293156126204131
Forêt aléatoire,réglages à 100 arbres,86,3,0.12177498327733266,0.09148844248695338,0.4876270575487529,0.12013291724097869,0.07171061800152373
Forêt aléatoire,réglages à 100 arbres,86,4,0.10941418942193246,0.08363259610666589,0.44324989187452957,0.11448018744274335,0.07534760871166257
Forêt aléatoire,réglages à 100 arbres,86,5,0.11928373824689242,0.08975926987540865,0.4290884732438591,0.11327636749897808,0.07438987141171931
Forêt aléatoire,réglages à 100 arbres,87,1,0.09921458304376456,0.08221543335529473,0.3730088656680247,0.09893737918552199,0.09247420253858986
Forêt aléatoire,réglages à 100 arbres,87,2,0.1141750208491694,0.08684058559468537,0.3633560663849714,0.11815566010413524,0.09241887151719473
Forêt aléatoire,réglages à 100 arbres,87,3,0.12870172943139377,0.09911516459158615,0.4276801675324846,0.12594398918586613,0.09126305556962382
Forêt aléatoire,réglages à 100 arbres,87,4,0.11948634022990609,0.09212184560670647,0.3360283538089923,0.12472529505106178,0.0933834076190159
Forêt aléatoire,réglages à 100 arbres,87,5,0.12231581083590705,0.09357994294085781,0.39969559991204806,0.11607723992452199,0.09344556065875108
Forêt aléatoire,réglages à 100 arbres,88,1,0.09077007310401178,0.07439102657323389,0.4751976788260843,0.0912830611421784,0.03424510414884529
Forêt aléatoire,réglages à 100 arbres,88,2,0.10581089653540639,0.07707516964607315,0.45321675967551045,0.10632045932682505,0.035317306192419726
Forêt aléatoire,réglages à 100 arbres,88,3,0.11660220235674246,0.08588193362258151,0.5302318842929404,0.11497733157068964,0.034213850124686765
Forêt aléatoire,réglages à 100 arbres,88,4,0.10341211404035146,0.07785989657682235,0.5026571848051837,0.1101654428883995,0.03667915225360577
Forêt aléatoire,réglages à 100 arbres,88,5,0.12329787813017008,0.08733475593183081,0.39001727616681614,0.11787059628388695,0.034365172777443644
Forêt aléatoire,réglages à 100 arbres,89,1,0.08985134412672047,0.07450812171152091,0.48576748532888936,0.09112633030238945,0.046746554613362815
Forêt aléatoire,réglages à 100 arbres,89,2,0.10475354984653483,0.07751532701470892,0.46408994670592774,0.10603596290670195,0.04635501715172252
Forêt aléatoire,réglages à 100 arbres,89,3,0.11683352106624587,0.08636632061591953,0.5283661572385555,0.11502558561643367,0.044843918390842875
Forêt aléatoire,réglages à 100 arbres,89,4,0.10357723857150464,0.07795516018668645,0.5010676405668825,0.11040592101824079,0.04795653703841213
Forêt aléatoire,réglages à 100 arbres,89,5,0.12403529846794124,0.08772911922200388,0.3826990838900103,0.11914294441431292,0.04686377113855581
Forêt aléatoire,réglages à 100 arbres,90,1,0.09389331975212992,0.07882424136231882,0.43846120482228756,0.09497970613246867,0.0728720973087997
Forêt aléatoire,réglages à 100 arbres,90,2,0.11051796531994347,0.08219534675398589,0.4034866501064457,0.11137637793832407,0.07045075191429319
Forêt aléatoire,réglages à 100 arbres,90,3,0.12096856526898495,0.09076431175420085,0.4943906579940621,0.1193686951017323,0.06981737787746495
Forêt aléatoire,réglages à 100 arbres,90,4,0.10828790340787034,0.08293226544551752,0.4546530280505655,0.1132583377372822,0.07282395132022096
Forêt aléatoire,réglages à 100 arbres,90,5,0.12419613107873774,0.09110860596247197,0.3810971772200835,0.11761572377882902,0.07197489174852613
Forêt aléatoire,réglages à 100 arbres,91,1,0.0992124493347126,0.08307772879694066,0.3730358335236008,0.09935281283412008,0.09144921094211238
Forêt aléatoire,réglages à 100 arbres,91,2,0.11251649758795468,0.08402893858132754,0.38171769692154933,0.1152775086006792,0.09007079998043616
Forêt aléatoire,réglages à 100 arbres,91,3,0.12699734746670455,0.09727169895851248,0.4427381268775278,0.1242640085087144,0.0891943562146955
Forêt aléatoire,réglages à 100 arbres,91,4,0.11723978012779025,0.0904458230282875,0.36076137888527315,0.12226256406258959,0.09160248866693826
Forêt aléatoire,réglages à 100 arbres,91,5,0.12680814306260252,0.09566938141727359,0.3547907050247816,0.11974176400050413,0.09140188525688564
Forêt aléatoire,réglages à 100 arbres,92,1,0.09224146756568538,0.07575416096738664,0.45804555232931443,0.09199594078461455,0.034601272190720574
Forêt aléatoire,réglages à 100 arbres,92,2,0.10494112754527006,0.0766294245149663,0.46216896593956236,0.10443691124816444,0.03579243645464394
Forêt aléatoire,réglages à 100 arbres,92,3,0.11849158643216369,0.08706117103975482,0.5148846036110757,0.11616918273778455,0.03447785608027755
Forêt aléatoire,réglages à 100 arbres,92,4,0.10465436021952434,0.07940368484605151,0.4906366776002762,0.11220283146152259,0.036593381663590906
Forêt aléatoire,réglages à 100 arbres,92,5,0.122138151353294,0.08731152243193559,0.40143817621272526,0.11638824432039602,0.03487567370440676
Forêt aléatoire,réglages à 100 arbres,93,1,0.09149937408026129,0.07577141397487548,0.4667306498096181,0.092423498443676,0.04561038797927126
Forêt aléatoire,réglages à 100 arbres,93,2,0.1054201798118472,0.07883868975465606,0.4572474016053474,0.10539348892586885,0.04609299853806281
Forêt aléatoire,réglages à 100 arbres,93,3,0.12090238320109944,0.08955898278282068,0.494943745783347,0.11920149454635615,0.044804669039678724
Forêt aléatoire,réglages à 100 arbres,93,4,0.10376215926986357,0.0781855631499683,0.49928452137960766,0.11091131450305053,0.04704797117521922
Forêt aléatoire,réglages à 100 arbres,93,5,0.12344600376124508,0.08741858951650067,0.3885507732334267,0.11793654710660186,0.04592933957935738
Forêt aléatoire,réglages à 100 arbres,94,1,0.09398578554878963,0.07858972040203809,0.43735465753982894,0.09539228392092908,0.07177993630844687
Forêt aléatoire,réglages à 100 arbres,94,2,0.11080846319616247,0.08258174317671982,0.40034664290811883,0.11170733047594128,0.06922863994789107
Forêt aléatoire,réglages à 100 arbres,94,3,0.12262626455527315,0.09110503136123005,0.4804384209241026,0.12069657655672762,0.06849901448765518
Forêt aléatoire,réglages à 100 arbres,94,4,0.1093061449151302,0.08357208737331989,0.4443489100325796,0.11543446621565172,0.07161753707032475
Forêt aléatoire,réglages à 100 arbres,94,5,0.12585516218210666,0.09197389265755253,0.364451941004744,0.11929941116392401,0.07041111492694213
Forêt aléatoire,réglages à 100 arbres,95,1,0.09909189271084014,0.0820370306548157,0.3745586012985973,0.09935856824305661,0.09085918755884421
Forêt aléatoire,réglages à 100 arbres,95,2,0.11198949210135373,0.08420948510900898,0.38749596218082827,0.1147127014490014,0.08880326393126216
Forêt aléatoire,réglages à 100 arbres,95,3,0.12727918509874844,0.09732475098899815,0.440261986329638,0.12434985188364639,0.08852382382423596
Forêt aléatoire,réglages à 100 arbres,95,4,0.11766496852015162,0.0904340709399481,0.3561163736111199,0.12194021692696241,0.09058897583155415
Forêt aléatoire,réglages à 100 arbres,95,5,0.1267589535678501,0.09570136242474005,0.35529116758016777,0.11988681812498295,0.0905258747124062
Forêt aléatoire,nombre d’arbres,0,1,0.08930374087404744,0.0728239664606918,0.49201641353757586,0.08807409311143158,0.03622668211018061
Forêt aléatoire,nombre d’arbres,0,2,0.10696160234630668,0.07973291085942365,0.44125942991684186,0.10779617866930424,0.03560589037976567
Forêt aléatoire,nombre d’arbres,0,3,0.1171409325994504,0.0861332427674153,0.5258809727805283,0.11401318328300342,0.03524925956267177
Forêt aléatoire,nombre d’arbres,0,4,0.10229494873763818,0.07858797619051876,0.5133447716644604,0.10808078482987585,0.03852655421124909
Forêt aléatoire,nombre d’arbres,0,5,0.11443838652988844,0.08400849474413725,0.4745277554796854,0.10907674180567549,0.03518492124651055
Forêt aléatoire,nombre d’arbres,1,1,0.08857650432742159,0.07311056716700053,0.5002561589271566,0.08906789954245076,0.03416839045395962
Forêt aléatoire,nombre d’arbres,1,2,0.10664294761531025,0.07880392565684213,0.4445836156101981,0.10840206573119986,0.03455258979197902
Forêt aléatoire,nombre d’arbres,1,3,0.11512758277703278,0.085293717676437,0.5420386755530995,0.11263266345634547,0.03420187448668684
Forêt aléatoire,nombre d’arbres,1,4,0.09895117315667779,0.0759469225315205,0.5446399663333565,0.10474159130806202,0.03548542623804993
Forêt aléatoire,nombre d’arbres,1,5,0.11013982161899642,0.08105031220335941,0.5132622088100504,0.10667253860513398,0.03456943562627712
Forêt aléatoire,nombre d’arbres,2,1,0.08783908157791802,0.07253576321793052,0.5085425201180902,0.08823786173508044,0.03420179731183797
Forêt aléatoire,nombre d’arbres,2,2,0.10653008390195941,0.07937641984455976,0.44575862409394174,0.1081293823652702,0.03460609620472571
Forêt aléatoire,nombre d’arbres,2,3,0.11379678487943626,0.08459630283615345,0.552564937164882,0.11184656173128246,0.034451838685802844
Forêt aléatoire,nombre d’arbres,2,4,0.09920809133912442,0.07531661329973541,0.5422722905182098,0.1054770288835266,0.03543642876817056
Forêt aléatoire,nombre d’arbres,2,5,0.1115930875344873,0.08158751668830423,0.5003327135204318,0.10793500207258308,0.034440293840098654
Forêt aléatoire,nombre d’arbres,3,1,0.09119507986069776,0.07507459575264198,0.4702716784789024,0.08993310576662226,0.03576614960528413
Forêt aléatoire,nombre d’arbres,3,2,0.10662196435137719,0.07964862716783395,0.44480216362057345,0.1077251216934527,0.03562302644072575
Forêt aléatoire,nombre d’arbres,3,3,0.11782379032929785,0.08533575067562472,0.5203372318942725,0.11497386055610118,0.03485956016872024
Forêt aléatoire,nombre d’arbres,3,4,0.10348628519923789,0.07951850206266892,0.5019435020372678,0.10960783524883463,0.037924241292784475
Forêt aléatoire,nombre d’arbres,3,5,0.11246366902751982,0.08264857035768432,0.4925061015125821,0.10739804149706356,0.035055506822956155
Forêt aléatoire,nombre d’arbres,4,1,0.08848568753703401,0.07349999383198835,0.5012804004119182,0.08907640444789235,0.03379432110720404
Forêt aléatoire,nombre d’arbres,4,2,0.10635733834778884,0.0788877393752967,0.44755464458963445,0.10823863729370405,0.03444044551037578
Forêt aléatoire,nombre d’arbres,4,3,0.11520769767839095,0.08493208888986808,0.541401082177307,0.11283375105348226,0.033727719774090045
Forêt aléatoire,nombre d’arbres,4,4,0.09926209152794975,0.07548076802947654,0.5417738612188019,0.10569422974239549,0.03523255796468652
Forêt aléatoire,nombre d’arbres,4,5,0.11053723972654433,0.08076170291208841,0.509743274396932,0.10668725757090586,0.0342732470414084
Forêt aléatoire,nombre d’arbres,5,1,0.08857787797387846,0.07334006819748085,0.5002406587291129,0.0889182378934142,0.03393614017076047
Forêt aléatoire,nombre d’arbres,5,2,0.1060940444777777,0.07899822919653318,0.4502864811708045,0.10769084876985681,0.03431915371100584
Forêt aléatoire,nombre d’arbres,5,3,0.11377777940879837,0.08436003572973592,0.5527143790642359,0.11184811501854612,0.034029851694838964
Forêt aléatoire,nombre d’arbres,5,4,0.09929332800026637,0.0748884173862864,0.5414854203851945,0.10590081041460989,0.03509679317408846
Forêt aléatoire,nombre d’arbres,5,5,0.11180374960432737,0.08111534580714382,0.49844441915830395,0.10800589839591443,0.034118113712750545
Forêt aléatoire,nombre d’arbres,6,1,0.09211672143520444,0.07521361219228156,0.4595104250555069,0.09285333705887591,0.035692884557768964
Forêt aléatoire,nombre d’arbres,6,2,0.10483091055214552,0.07755254934468817,0.4632981131408488,0.10445384331371627,0.03595325853464176
Forêt aléatoire,nombre d’arbres,6,3,0.11645313214448062,0.085534088416497,0.5314322676020866,0.1135457668925186,0.03491744352776094
Forêt aléatoire,nombre d’arbres,6,4,0.10556630809060857,0.07906719702454393,0.4817209161153031,0.11266668235550877,0.036621623085261575
Forêt aléatoire,nombre d’arbres,6,5,0.11687083390821246,0.083300442566178,0.4519519773531233,0.11233739703215345,0.03527299822170884
Forêt aléatoire,nombre d’arbres,7,1,0.09056364289258624,0.07352049742676457,0.47758198594587176,0.09023108201670474,0.034126033401253
Forêt aléatoire,nombre d’arbres,7,2,0.10507964833519415,0.07721296576614506,0.4607481702723101,0.10564237425131356,0.03443780169388849
Forêt aléatoire,nombre d’arbres,7,3,0.11494477053073852,0.08458088430134536,0.5434919236064364,0.11352531851055937,0.03343278849161686
Forêt aléatoire,nombre d’arbres,7,4,0.10138983339554158,0.07630392974931473,0.5219186146263307,0.10799536882905485,0.035188505298725414
Forêt aléatoire,nombre d’arbres,7,5,0.11639941336017531,0.0833560487608476,0.4563643703592647,0.11190889819693887,0.03450651138438497
Forêt aléatoire,nombre d’arbres,8,1,0.0903479179123048,0.07372779445554366,0.48006784863096597,0.09013765594630989,0.03401630434606496
Forêt aléatoire,nombre d’arbres,8,2,0.10482779330877351,0.07666881657264606,0.46333003131300254,0.10570037546451842,0.0343619145044471
Forêt aléatoire,nombre d’arbres,8,3,0.11486012869349391,0.08507305866594363,0.5441639934288472,0.11376376195239547,0.03411213000938822
Forêt aléatoire,nombre d’arbres,8,4,0.10039483913250713,0.07585138106352093,0.5312559243854253,0.10699232697851721,0.0350788311187896
Forêt aléatoire,nombre d’arbres,8,5,0.11596383293784121,0.08328084227411718,0.46042545570360505,0.11176570693685602,0.03419550626107471
