row_id,nombres__C,nombres__Si,nombres__Mn,nombres__S,nombres__P,nombres__Ni,nombres__Cr,nombres__Mo,nombres__V,nombres__Cu,nombres__O_ppm,nombres__Ti_ppm,nombres__N_ppm,nombres__Al_ppm,nombres__B_ppm,nombres__Nb_ppm,nombres__Current_A,nombres__Voltage_V,nombres__HeatInput_kJmm,nombres__InterpassT_C,nombres__PWHT_T_C,nombres__PWHT_time_h,categories__AC_DC_DC,categories__AC_DC_manquant,categories__Electrode_pol_-,categories__Electrode_pol_0,categories__Electrode_pol_manquant,categories__WeldType_GMAA,categories__WeldType_GTAA,categories__WeldType_MMA,categories__WeldType_NGGMA,categories__WeldType_NGSAW,categories__WeldType_SA,categories__WeldType_SAA,categories__WeldType_ShMA,categories__WeldType_TSA
0,-1.6889470997537366,-0.3036584509442826,-1.361484606622923,-0.22258196165695007,-0.07016766167536687,-0.3520826761031809,-0.33819838229629123,-0.433204919698084,-0.16264971948928555,-0.2280218528058249,-0.13531079678927566,-0.25355520821536887,-0.2518394406652331,-0.40670670367007405,-0.1532843929904657,-0.345595595464734,-0.5156354596845208,-0.502132849085679,-0.5888813574118151,-0.1231429760275178,-0.34415229548463455,1.3311960045212636,1.0,0.0,0.0,0.0,0.0,0.0,0.0,1.0,0.0,0.0,0.0,0.0,0.0,0.0
2,-1.6889470997537366,-0.3036584509442826,-1.361484606622923,-0.22258196165695007,-0.07016766167536687,-0.3520826761031809,-0.33819838229629123,-0.433204919698084,-0.16264971948928555,-0.2280218528058249,-0.13531079678927566,-0.25355520821536887,-0.2518394406652331,-0.40670670367007405,-0.1532843929904657,-0.345595595464734,-0.5156354596845208,-0.502132849085679,-0.5888813574118151,-0.1231429760275178,0.9922892554247171,-0.6366822402959702,1.0,0.0,0.0,0.0,0.0,0.0,0.0,1.0,0.0,0.0,0.0,0.0,0.0,0.0
3,-1.6889470997537366,-0.2311570533544849,-0.39342490680862346,-0.3548550347915653,0.09077008148643188,-0.3520826761031809,-0.33819838229629123,-0.433204919698084,-0.16264971948928555,-0.2280218528058249,-0.13531079678927566,-0.25355520821536887,-0.2518394406652331,-0.40670670367007405,-0.1532843929904657,-0.345595595464734,-0.5156354596845208,-0.502132849085679,-0.5888813574118151,-0.1231429760275178,-0.34415229548463455,1.3311960045212636,1.0,0.0,0.0,0.0,0.0,0.0,0.0,1.0,0.0,0.0,0.0,0.0,0.0,0.0
5,-1.6889470997537366,-0.2311570533544849,-0.39342490680862346,-0.3548550347915653,0.09077008148643188,-0.3520826761031809,-0.33819838229629123,-0.433204919698084,-0.16264971948928555,-0.2280218528058249,-0.13531079678927566,-0.25355520821536887,-0.2518394406652331,-0.40670670367007405,-0.1532843929904657,-0.345595595464734,-0.5156354596845208,-0.502132849085679,-0.5888813574118151,-0.1231429760275178,0.9922892554247171,-0.6366822402959702,1.0,0.0,0.0,0.0,0.0,0.0,0.0,1.0,0.0,0.0,0.0,0.0,0.0,0.0
12,-1.5947136245953841,-0.15865565576468718,-1.3360093513646518,-0.4871281079261806,-0.1506365332562663,0.5186371396958694,-0.33819838229629123,-0.433204919698084,-0.16264971948928555,-0.2280218528058249,-0.13531079678927566,-0.25355520821536887,-0.2518394406652331,-0.40670670367007405,-0.1532843929904657,-0.345595595464734,-0.5156354596845208,-0.502132849085679,-0.5888813574118151,-0.1231429760275178,-0.34415229548463455,1.3311960045212636,1.0,0.0,0.0,0.0,0.0,0.0,0.0,1.0,0.0,0.0,0.0,0.0,0.0,0.0
13,-1.5947136245953841,-0.15865565576468718,-1.3360093513646518,-0.4871281079261806,-0.1506365332562663,0.5186371396958694,-0.33819838229629123,-0.433204919698084,-0.16264971948928555,-0.2280218528058249,-0.13531079678927566,-0.25355520821536887,-0.2518394406652331,-0.40670670367007405,-0.1532843929904657,-0.345595595464734,-0.5156354596845208,-0.502132849085679,-0.5888813574118151,-0.1231429760275178,0.9922892554247171,-0.6366822402959702,1.0,0.0,0.0,0.0,0.0,0.0,0.0,1.0,0.0,0.0,0.0,0.0,0.0,0.0
17,-1.0293127736452696,-0.15865565576468718,0.5491595377474047,-0.3548550347915653,0.09077008148643188,0.42006508507710894,-0.33819838229629123,-0.433204919698084,-0.16264971948928555,-0.2280218528058249,-0.13531079678927566,-0.25355520821536887,-0.2518394406652331,-0.40670670367007405,-0.1532843929904657,-0.345595595464734,-0.5156354596845208,-0.502132849085679,-0.5888813574118151,-0.1231429760275178,-0.34415229548463455,1.3311960045212636,1.0,0.0,0.0,0.0,0.0,0.0,0.0,1.0,0.0,0.0,0.0,0.0,0.0,0.0
18,-1.0293127736452696,-0.15865565576468718,0.5491595377474047,-0.3548550347915653,0.09077008148643188,0.42006508507710894,-0.33819838229629123,-0.433204919698084,-0.16264971948928555,-0.2280218528058249,-0.13531079678927566,-0.25355520821536887,-0.2518394406652331,-0.40670670367007405,-0.1532843929904657,-0.345595595464734,-0.5156354596845208,-0.502132849085679,-0.5888813574118151,-0.1231429760275178,0.9922892554247171,-0.6366822402959702,1.0,0.0,0.0,0.0,0.0,0.0,0.0,1.0,0.0,0.0,0.0,0.0,0.0,0.0
19,-1.1235462488036219,-0.08615425817488943,1.695546024369602,-0.4871281079261806,0.09077008148643188,0.4857797881562826,-0.33819838229629123,-0.433204919698084,-0.16264971948928555,-0.2280218528058249,-0.13531079678927566,-0.25355520821536887,-0.2518394406652331,-0.40670670367007405,-0.1532843929904657,-0.345595595464734,-0.5156354596845208,-0.502132849085679,-0.5888813574118151,-0.1231429760275178,-0.34415229548463455,1.3311960045212636,1.0,0.0,0.0,0.0,0.0,0.0,0.0,1.0,0.0,0.0,0.0,0.0,0.0,0.0
21,-1.1235462488036219,-0.08615425817488943,1.695546024369602,-0.4871281079261806,0.09077008148643188,0.4857797881562826,-0.33819838229629123,-0.433204919698084,-0.16264971948928555,-0.2280218528058249,-0.13531079678927566,-0.25355520821536887,-0.2518394406652331,-0.40670670367007405,-0.1532843929904657,-0.345595595464734,-0.5156354596845208,-0.502132849085679,-0.5888813574118151,-0.1231429760275178,0.9922892554247171,-0.6366822402959702,1.0,0.0,0.0,0.0,0.0,0.0,0.0,1.0,0.0,0.0,0.0,0.0,0.0,0.0
22,-1.6418303621745605,-0.2311570533544849,-1.4124351171394651,-0.3548550347915653,-0.07016766167536687,1.4386429828043001,-0.33819838229629123,-0.433204919698084,-0.16264971948928555,-0.2280218528058249,-0.13531079678927566,-0.25355520821536887,-0.2518394406652331,-0.40670670367007405,-0.1532843929904657,-0.345595595464734,-0.5156354596845208,-0.502132849085679,-0.5888813574118151,-0.1231429760275178,-0.34415229548463455,1.3311960045212636,1.0,0.0,0.0,0.0,0.0,0.0,0.0,1.0,0.0,0.0,0.0,0.0,0.0,0.0
24,-1.6418303621745605,-0.2311570533544849,-1.4124351171394651,-0.3548550347915653,-0.07016766167536687,1.4386429828043001,-0.33819838229629123,-0.433204919698084,-0.16264971948928555,-0.2280218528058249,-0.13531079678927566,-0.25355520821536887,-0.2518394406652331,-0.40670670367007405,-0.1532843929904657,-0.345595595464734,-0.5156354596845208,-0.502132849085679,-0.5888813574118151,-0.1231429760275178,0.9922892554247171,-0.6366822402959702,1.0,0.0,0.0,0.0,0.0,0.0,0.0,1.0,0.0,0.0,0.0,0.0,0.0,0.0
25,-1.4062466742786794,-0.08615425817488943,-0.46985067258343666,-0.4871281079261806,0.010301209905532438,1.4550716585740935,-0.33819838229629123,-0.433204919698084,-0.16264971948928555,-0.2280218528058249,-0.13531079678927566,-0.25355520821536887,-0.2518394406652331,-0.40670670367007405,-0.1532843929904657,-0.345595595464734,-0.5156354596845208,-0.502132849085679,-0.5888813574118151,-0.1231429760275178,-0.34415229548463455,1.3311960045212636,1.0,0.0,0.0,0.0,0.0,0.0,0.0,1.0,0.0,0.0,0.0,0.0,0.0,0.0
27,-1.4062466742786794,-0.08615425817488943,-0.46985067258343666,-0.4871281079261806,0.010301209905532438,1.4550716585740935,-0.33819838229629123,-0.433204919698084,-0.16264971948928555,-0.2280218528058249,-0.13531079678927566,-0.25355520821536887,-0.2518394406652331,-0.40670670367007405,-0.1532843929904657,-0.345595595464734,-0.5156354596845208,-0.502132849085679,-0.5888813574118151,-0.1231429760275178,0.9922892554247171,-0.6366822402959702,1.0,0.0,0.0,0.0,0.0,0.0,0.0,1.0,0.0,0.0,0.0,0.0,0.0,0.0
31,-0.9350792984869171,0.05884853700470562,1.64459551385306,-0.3548550347915653,-0.07016766167536687,1.3893569554949199,-0.33819838229629123,-0.433204919698084,-0.16264971948928555,-0.2280218528058249,-0.13531079678927566,-0.25355520821536887,-0.2518394406652331,-0.40670670367007405,-0.1532843929904657,-0.345595595464734,-0.5156354596845208,-0.502132849085679,-0.5888813574118151,-0.1231429760275178,-0.34415229548463455,1.3311960045212636,1.0,0.0,0.0,0.0,0.0,0.0,0.0,1.0,0.0,0.0,0.0,0.0,0.0,0.0
33,-0.9350792984869171,0.05884853700470562,1.64459551385306,-0.3548550347915653,-0.07016766167536687,1.3893569554949199,-0.33819838229629123,-0.433204919698084,-0.16264971948928555,-0.2280218528058249,-0.13531079678927566,-0.25355520821536887,-0.2518394406652331,-0.40670670367007405,-0.1532843929904657,-0.345595595464734,-0.5156354596845208,-0.502132849085679,-0.5888813574118151,-0.1231429760275178,0.9922892554247171,-0.6366822402959702,1.0,0.0,0.0,0.0,0.0,0.0,0.0,1.0,0.0,0.0,0.0,0.0,0.0,0.0
34,-1.5004801494370317,-0.3036584509442826,-1.4379103723977362,-0.3548550347915653,-0.23110540483716563,3.5579421571076484,-0.33819838229629123,-0.433204919698084,-0.16264971948928555,-0.2280218528058249,-0.13531079678927566,-0.25355520821536887,-0.2518394406652331,-0.40670670367007405,-0.1532843929904657,-0.345595595464734,-0.5156354596845208,-0.502132849085679,-0.5888813574118151,-0.1231429760275178,-0.34415229548463455,1.3311960045212636,1.0,0.0,0.0,0.0,0.0,0.0,0.0,1.0,0.0,0.0,0.0,0.0,0.0,0.0
36,-1.5004801494370317,-0.3036584509442826,-1.4379103723977362,-0.3548550347915653,-0.23110540483716563,3.5579421571076484,-0.33819838229629123,-0.433204919698084,-0.16264971948928555,-0.2280218528058249,-0.13531079678927566,-0.25355520821536887,-0.2518394406652331,-0.40670670367007405,-0.1532843929904657,-0.345595595464734,-0.5156354596845208,-0.502132849085679,-0.5888813574118151,-0.1231429760275178,0.9922892554247171,-0.6366822402959702,1.0,0.0,0.0,0.0,0.0,0.0,0.0,1.0,0.0,0.0,0.0,0.0,0.0,0.0
37,-1.359129936699503,-0.2311570533544849,-0.5717516936165209,-0.4871281079261806,0.010301209905532438,3.5579421571076484,-0.33819838229629123,-0.433204919698084,-0.16264971948928555,-0.2280218528058249,-0.13531079678927566,-0.25355520821536887,-0.2518394406652331,-0.40670670367007405,-0.1532843929904657,-0.345595595464734,-0.5156354596845208,-0.502132849085679,-0.5888813574118151,-0.1231429760275178,-0.34415229548463455,1.3311960045212636,1.0,0.0,0.0,0.0,0.0,0.0,0.0,1.0,0.0,0.0,0.0,0.0,0.0,0.0
39,-1.359129936699503,-0.2311570533544849,-0.5717516936165209,-0.4871281079261806,0.010301209905532438,3.5579421571076484,-0.33819838229629123,-0.433204919698084,-0.16264971948928555,-0.2280218528058249,-0.13531079678927566,-0.25355520821536887,-0.2518394406652331,-0.40670670367007405,-0.1532843929904657,-0.345595595464734,-0.5156354596845208,-0.502132849085679,-0.5888813574118151,-0.1231429760275178,0.9922892554247171,-0.6366822402959702,1.0,0.0,0.0,0.0,0.0,0.0,0.0,1.0,0.0,0.0,0.0,0.0,0.0,0.0
43,-1.2648964615411507,-0.15865565576468718,1.5936450033365177,-0.3548550347915653,0.1712389530673312,3.475798778258682,-0.33819838229629123,-0.433204919698084,-0.16264971948928555,-0.2280218528058249,-0.13531079678927566,-0.25355520821536887,-0.2518394406652331,-0.40670670367007405,-0.1532843929904657,-0.345595595464734,-0.5156354596845208,-0.502132849085679,-0.5888813574118151,-0.1231429760275178,-0.34415229548463455,1.3311960045212636,1.0,0.0,0.0,0.0,0.0,0.0,0.0,1.0,0.0,0.0,0.0,0.0,0.0,0.0
45,-1.2648964615411507,-0.15865565576468718,1.5936450033365177,-0.3548550347915653,0.1712389530673312,3.475798778258682,-0.33819838229629123,-0.433204919698084,-0.16264971948928555,-0.2280218528058249,-0.13531079678927566,-0.25355520821536887,-0.2518394406652331,-0.40670670367007405,-0.1532843929904657,-0.345595595464734,-0.5156354596845208,-0.502132849085679,-0.5888813574118151,-0.1231429760275178,0.9922892554247171,-0.6366822402959702,1.0,0.0,0.0,0.0,0.0,0.0,0.0,1.0,0.0,0.0,0.0,0.0,0.0,0.0
46,-1.6889470997537366,-0.3036584509442826,-1.361484606622923,-0.09030888852233492,-0.1506365332562663,5.39795384332451,-0.33819838229629123,-0.433204919698084,-0.16264971948928555,-0.2280218528058249,-0.13531079678927566,-0.25355520821536887,-0.2518394406652331,-0.40670670367007405,-0.1532843929904657,-0.345595595464734,-0.5156354596845208,-0.502132849085679,-0.5888813574118151,-0.1231429760275178,-0.34415229548463455,1.3311960045212636,1.0,0.0,0.0,0.0,0.0,0.0,0.0,1.0,0.0,0.0,0.0,0.0,0.0,0.0
48,-1.6889470997537366,-0.3036584509442826,-1.361484606622923,-0.09030888852233492,-0.1506365332562663,5.39795384332451,-0.33819838229629123,-0.433204919698084,-0.16264971948928555,-0.2280218528058249,-0.13531079678927566,-0.25355520821536887,-0.2518394406652331,-0.40670670367007405,-0.1532843929904657,-0.345595595464734,-0.5156354596845208,-0.502132849085679,-0.5888813574118151,-0.1231429760275178,0.9922892554247171,-0.6366822402959702,1.0,0.0,0.0,0.0,0.0,0.0,0.0,1.0,0.0,0.0,0.0,0.0,0.0,0.0
49,-1.5004801494370317,-0.2311570533544849,-0.5208011830999788,-0.22258196165695007,-0.07016766167536687,5.332239140245336,-0.33819838229629123,-0.433204919698084,-0.16264971948928555,-0.2280218528058249,-0.13531079678927566,-0.25355520821536887,-0.2518394406652331,-0.40670670367007405,-0.1532843929904657,-0.345595595464734,-0.5156354596845208,-0.502132849085679,-0.5888813574118151,-0.1231429760275178,-0.34415229548463455,1.3311960045212636,1.0,0.0,0.0,0.0,0.0,0.0,0.0,1.0,0.0,0.0,0.0,0.0,0.0,0.0
51,-1.5004801494370317,-0.2311570533544849,-0.5208011830999788,-0.22258196165695007,-0.07016766167536687,5.332239140245336,-0.33819838229629123,-0.433204919698084,-0.16264971948928555,-0.2280218528058249,-0.13531079678927566,-0.25355520821536887,-0.2518394406652331,-0.40670670367007405,-0.1532843929904657,-0.345595595464734,-0.5156354596845208,-0.502132849085679,-0.5888813574118151,-0.1231429760275178,0.9922892554247171,-0.6366822402959702,1.0,0.0,0.0,0.0,0.0,0.0,0.0,1.0,0.0,0.0,0.0,0.0,0.0,0.0
58,0.05437219067578356,0.13134993459450334,0.8293873455883864,-0.22258196165695007,-0.1506365332562663,-0.30443951637078004,-0.33819838229629123,-0.433204919698084,-0.16264971948928555,-0.34777220551352833,-0.31788787229523635,-0.23919271993539581,-0.2518394406652331,-0.40670670367007405,-0.1532843929904657,-0.345595595464734,-0.5156354596845208,-0.502132849085679,-0.5888813574118151,-1.2202349442726759,-1.356608015870507,-0.9646619477655092,1.0,0.0,0.0,0.0,0.0,0.0,0.0,1.0,0.0,0.0,0.0,0.0,0.0,0.0
59,0.05437219067578356,0.13134993459450334,0.8293873455883864,-0.22258196165695007,-0.1506365332562663,-0.30443951637078004,-0.33819838229629123,-0.433204919698084,-0.16264971948928555,-0.34777220551352833,-0.31788787229523635,-0.23919271993539581,-0.2518394406652331,-0.40670670367007405,-0.1532843929904657,-0.345595595464734,-0.5156354596845208,-0.502132849085679,-0.5888813574118151,-1.2202349442726759,0.9922892554247171,-0.6366822402959702,1.0,0.0,0.0,0.0,0.0,0.0,0.0,1.0,0.0,0.0,0.0,0.0,0.0,0.0
60,0.10148892825495984,0.13134993459450334,0.7529615798135733,-0.3548550347915653,-0.5529808911607631,-0.30443951637078004,-0.33819838229629123,-0.433204919698084,-0.16264971948928555,0.10129161714035957,-0.38810982441291353,-0.23919271993539581,-0.2518394406652331,-0.40670670367007405,-0.1532843929904657,-0.345595595464734,-0.5156354596845208,-0.502132849085679,-0.5888813574118151,-1.2202349442726759,-1.356608015870507,-0.9646619477655092,1.0,0.0,0.0,0.0,0.0,0.0,0.0,1.0,0.0,0.0,0.0,0.0,0.0,0.0
61,0.10148892825495984,0.13134993459450334,0.7529615798135733,-0.3548550347915653,-0.5529808911607631,-0.30443951637078004,-0.33819838229629123,-0.433204919698084,-0.16264971948928555,0.10129161714035957,-0.38810982441291353,-0.23919271993539581,-0.2518394406652331,-0.40670670367007405,-0.1532843929904657,-0.345595595464734,-0.5156354596845208,-0.502132849085679,-0.5888813574118151,-1.2202349442726759,0.9922892554247171,-0.6366822402959702,1.0,0.0,0.0,0.0,0.0,0.0,0.0,1.0,0.0,0.0,0.0,0.0,0.0,0.0
64,0.1486056658341361,-0.08615425817488943,0.7529615798135733,-0.3548550347915653,-0.5529808911607631,-0.30443951637078004,-0.33819838229629123,-0.433204919698084,-0.16264971948928555,1.2987951442173937,-0.31788787229523635,-0.23919271993539581,-0.2518394406652331,-0.40670670367007405,-0.1532843929904657,-0.345595595464734,-0.5156354596845208,-0.502132849085679,-0.5888813574118151,-1.2202349442726759,-1.356608015870507,-0.9646619477655092,1.0,0.0,0.0,0.0,0.0,0.0,0.0,1.0,0.0,0.0,0.0,0.0,0.0,0.0
65,0.1486056658341361,-0.08615425817488943,0.7529615798135733,-0.3548550347915653,-0.5529808911607631,-0.30443951637078004,-0.33819838229629123,-0.433204919698084,-0.16264971948928555,1.2987951442173937,-0.31788787229523635,-0.23919271993539581,-0.2518394406652331,-0.40670670367007405,-0.1532843929904657,-0.345595595464734,-0.5156354596845208,-0.502132849085679,-0.5888813574118151,-1.2202349442726759,0.9922892554247171,-0.6366822402959702,1.0,0.0,0.0,0.0,0.0,0.0,0.0,1.0,0.0,0.0,0.0,0.0,0.0,0.0
68,0.1486056658341361,0.13134993459450334,0.7784368350718442,-0.4871281079261806,-0.5529808911607631,-0.30443951637078004,-0.33819838229629123,-0.433204919698084,-0.16264971948928555,6.537873075179419,-0.24766592017755915,-0.23919271993539581,-0.2518394406652331,-0.40670670367007405,-0.1532843929904657,-0.345595595464734,-0.5156354596845208,-0.502132849085679,-0.5888813574118151,-1.2202349442726759,-1.356608015870507,-0.9646619477655092,1.0,0.0,0.0,0.0,0.0,0.0,0.0,1.0,0.0,0.0,0.0,0.0,0.0,0.0
69,0.1486056658341361,0.13134993459450334,0.7784368350718442,-0.4871281079261806,-0.5529808911607631,-0.30443951637078004,-0.33819838229629123,-0.433204919698084,-0.16264971948928555,6.537873075179419,-0.24766592017755915,-0.23919271993539581,-0.2518394406652331,-0.40670670367007405,-0.1532843929904657,-0.345595595464734,-0.5156354596845208,-0.502132849085679,-0.5888813574118151,-1.2202349442726759,0.9922892554247171,-0.6366822402959702,1.0,0.0,0.0,0.0,0.0,0.0,0.0,1.0,0.0,0.0,0.0,0.0,0.0,0.0
70,0.05437219067578356,-0.37615984853408035,0.7784368350718442,-0.4871281079261806,0.010301209905532438,-0.30443951637078004,-0.33819838229629123,-0.433204919698084,-0.16264971948928555,-0.2280218528058249,0.18068798774027164,-0.7418798097344537,-0.3724556291480487,-0.5787708016254741,-0.1532843929904657,-0.345595595464734,-0.5156354596845208,-0.502132849085679,-0.5888813574118151,-0.1231429760275178,-0.34415229548463455,1.3311960045212636,1.0,0.0,0.0,0.0,0.0,0.0,0.0,1.0,0.0,0.0,0.0,0.0,0.0,0.0
74,0.38418935373001745,-0.37615984853408035,0.6255853035222179,-0.4871281079261806,0.010301209905532438,-0.30443951637078004,-0.33819838229629123,-0.433204919698084,-0.16264971948928555,-0.2280218528058249,0.11046603562259447,-0.7418798097344537,-0.5895647684171168,-0.08974652322591606,-0.1532843929904657,-0.345595595464734,-0.5156354596845208,-0.502132849085679,-0.5888813574118151,-0.1231429760275178,-0.34415229548463455,1.3311960045212636,1.0,0.0,0.0,0.0,0.0,0.0,0.0,1.0,0.0,0.0,0.0,0.0,0.0,0.0
82,0.2899558785716649,0.34885412736389654,0.4727337719725921,-0.6194011810607959,-0.1506365332562663,-0.30443951637078004,-0.33819838229629123,-0.433204919698084,-0.16264971948928555,-0.2280218528058249,0.0051331074460787,-0.7418798097344537,-0.6739961003550877,1.6308944563280843,-0.1532843929904657,-0.345595595464734,-0.5156354596845208,-0.502132849085679,-0.5888813574118151,-0.1231429760275178,-0.34415229548463455,1.3311960045212636,1.0,0.0,0.0,0.0,0.0,0.0,0.0,1.0,0.0,0.0,0.0,0.0,0.0,0.0
86,0.24283914099248863,0.7113611153128848,0.5491595377474047,-0.7516742541954111,-0.1506365332562663,-0.30443951637078004,-0.33819838229629123,-0.433204919698084,-0.16264971948928555,-0.2280218528058249,-0.06508884467159848,-0.7418798097344537,-0.7101809568999324,3.170415332771137,-0.1532843929904657,-0.345595595464734,-0.5156354596845208,-0.502132849085679,-0.5888813574118151,-0.1231429760275178,-0.34415229548463455,1.3311960045212636,1.0,0.0,0.0,0.0,0.0,0.0,0.0,1.0,0.0,0.0,0.0,0.0,0.0,0.0
90,0.38418935373001745,1.0013667056720752,0.6001100482639469,-0.7516742541954111,-0.5529808911607631,-0.30443951637078004,-0.33819838229629123,-0.433204919698084,-0.16264971948928555,-0.2280218528058249,-0.008911282977456737,-0.7562422980144267,-0.6860577192033693,5.343856570102507,-0.1532843929904657,-0.345595595464734,-0.5156354596845208,-0.502132849085679,-0.5888813574118151,-0.1231429760275178,-0.34415229548463455,1.3311960045212636,1.0,0.0,0.0,0.0,0.0,0.0,0.0,1.0,0.0,0.0,0.0,0.0,0.0,0.0
98,0.33707261615084116,-0.08615425817488943,0.5746347930056758,-0.4871281079261806,-0.31157427641806507,-0.30443951637078004,-0.33819838229629123,-0.433204919698084,-0.16264971948928555,-0.2280218528058249,-0.09317762551866936,-0.19610525509547658,-0.5775031495688352,0.07326156957393662,-0.1532843929904657,-0.345595595464734,-0.5156354596845208,-0.502132849085679,-0.5888813574118151,-0.1231429760275178,-0.34415229548463455,1.3311960045212636,1.0,0.0,0.0,0.0,0.0,0.0,0.0,1.0,0.0,0.0,0.0,0.0,0.0,0.0
102,0.1486056658341361,0.20385133218430107,0.44725851671432104,-0.6194011810607959,-0.31157427641806507,-0.30443951637078004,-0.33819838229629123,-0.433204919698084,-0.16264971948928555,-0.2280218528058249,-0.16339957763634652,-0.29664267305528813,-0.6016263872653984,1.0875341469952422,-0.1532843929904657,-0.345595595464734,-0.5156354596845208,-0.502132849085679,-0.5888813574118151,-0.1231429760275178,-0.34415229548463455,1.3311960045212636,1.0,0.0,0.0,0.0,0.0,0.0,0.0,1.0,0.0,0.0,0.0,0.0,0.0,0.0
106,0.24283914099248863,0.7113611153128848,0.3198822404229657,-0.6194011810607959,-0.3920431479989644,-0.30443951637078004,-0.33819838229629123,-0.433204919698084,-0.16264971948928555,-0.2280218528058249,-0.10019982073043707,-0.29664267305528813,-0.637811243810243,2.4459349203273475,-0.1532843929904657,-0.345595595464734,-0.5156354596845208,-0.502132849085679,-0.5888813574118151,-0.1231429760275178,-0.34415229548463455,1.3311960045212636,1.0,0.0,0.0,0.0,0.0,0.0,0.0,1.0,0.0,0.0,0.0,0.0,0.0,0.0
114,0.2899558785716649,1.653879283980254,0.3453574956812368,-0.7516742541954111,-0.3920431479989644,-0.30443951637078004,-0.33819838229629123,-0.433204919698084,-0.16264971948928555,-0.2280218528058249,-0.16339957763634652,-0.267917696495342,-0.6136880061136799,4.891056312325138,-0.1532843929904657,-0.345595595464734,-0.5156354596845208,-0.502132849085679,-0.5888813574118151,-0.1231429760275178,-0.34415229548463455,1.3311960045212636,1.0,0.0,0.0,0.0,0.0,0.0,0.0,1.0,0.0,0.0,0.0,0.0,0.0,0.0
121,0.05437219067578356,-0.5211626437136754,0.5746347930056758,-0.3548550347915653,-0.5529808911607631,-0.30443951637078004,-0.33819838229629123,-0.433204919698084,-0.16264971948928555,-0.2280218528058249,-0.2687325058128623,0.45020671750331204,-0.39657886684461185,-0.2074745902480319,-0.1532843929904657,-0.345595595464734,-0.5156354596845208,-0.502132849085679,-0.5888813574118151,-0.1231429760275178,-0.34415229548463455,1.3311960045212636,1.0,0.0,0.0,0.0,0.0,0.0,0.0,1.0,0.0,0.0,0.0,0.0,0.0,0.0
124,-0.08697802206174524,0.34885412736389654,0.44725851671432104,-0.6194011810607959,-0.31157427641806507,-0.30443951637078004,-0.33819838229629123,-0.433204919698084,-0.16264971948928555,-0.2280218528058249,-0.451309581318823,0.5076566706232044,-0.6136880061136799,0.815853992328821,-0.1532843929904657,-0.345595595464734,-0.5156354596845208,-0.502132849085679,-0.5888813574118151,-0.1231429760275178,-0.34415229548463455,1.3311960045212636,1.0,0.0,0.0,0.0,0.0,0.0,0.0,1.0,0.0,0.0,0.0,0.0,0.0,0.0
127,-0.1812114972200971,0.7838625129026825,0.44725851671432104,-0.6194011810607959,-0.3920431479989644,-0.30443951637078004,-0.33819838229629123,-0.433204919698084,-0.16264971948928555,-0.2280218528058249,-0.500464947801197,0.09114451050398503,-0.7101809568999324,1.9025746109945054,-0.1532843929904657,-0.345595595464734,-0.5156354596845208,-0.502132849085679,-0.5888813574118151,-0.1231429760275178,-0.34415229548463455,1.3311960045212636,1.0,0.0,0.0,0.0,0.0,0.0,0.0,1.0,0.0,0.0,0.0,0.0,0.0,0.0
130,-0.1812114972200971,1.2188708984414685,0.5236842824891337,-0.7516742541954111,-0.3920431479989644,-0.30443951637078004,-0.33819838229629123,-0.433204919698084,-0.16264971948928555,-0.2280218528058249,-0.46535397174235843,0.1773194401838235,-0.746365813444777,3.7137756421039794,-0.1532843929904657,-0.345595595464734,-0.5156354596845208,-0.502132849085679,-0.5888813574118151,-0.1231429760275178,-0.34415229548463455,1.3311960045212636,1.0,0.0,0.0,0.0,0.0,0.0,0.0,1.0,0.0,0.0,0.0,0.0,0.0,0.0
133,-0.03986128448256897,1.653879283980254,0.5491595377474047,-0.7516742541954111,-0.3920431479989644,-0.30443951637078004,-0.33819838229629123,-0.433204919698084,-0.16264971948928555,-0.2280218528058249,-0.598775680765945,0.3353068112635274,-0.7825506699896217,5.162736466991559,-0.1532843929904657,-0.345595595464734,-0.5156354596845208,-0.502132849085679,-0.5888813574118151,-0.1231429760275178,-0.34415229548463455,1.3311960045212636,1.0,0.0,0.0,0.0,0.0,0.0,0.0,1.0,0.0,0.0,0.0,0.0,0.0,0.0
136,0.38418935373001745,-0.013652860585091712,0.9058131113631995,-0.3548550347915653,-0.3920431479989644,-0.30443951637078004,-0.33819838229629123,-0.433204919698084,-0.16264971948928555,-0.2280218528058249,-0.9358410509307955,1.7715556392608354,-0.2759626783617962,-0.6059388170921162,-0.1532843929904657,-0.345595595464734,-0.5156354596845208,-0.502132849085679,-0.5888813574118151,-0.1231429760275178,-0.34415229548463455,1.3311960045212636,1.0,0.0,0.0,0.0,0.0,0.0,0.0,1.0,0.0,0.0,0.0,0.0,0.0,0.0
144,-0.03986128448256897,-0.013652860585091712,0.37083275093950785,-0.4871281079261806,-0.3920431479989644,-0.30443951637078004,-0.33819838229629123,-0.433204919698084,-0.16264971948928555,-0.2280218528058249,-0.12828860157750793,1.9151805220605662,-0.5533799118722721,0.7252939407733473,-0.1532843929904657,-0.345595595464734,-0.5156354596845208,-0.502132849085679,-0.5888813574118151,-0.1231429760275178,-0.34415229548463455,1.3311960045212636,1.0,0.0,0.0,0.0,0.0,0.0,0.0,1.0,0.0,0.0,0.0,0.0,0.0,0.0
152,-0.3225617099576259,0.8563639104924802,0.5746347930056758,-0.7516742541954111,-0.31157427641806507,-0.30443951637078004,-0.33819838229629123,-0.433204919698084,-0.16264971948928555,-0.2280218528058249,-0.2687325058128623,2.6333049360592202,-0.6498728626585246,3.351535435882085,-0.1532843929904657,-0.345595595464734,-0.5156354596845208,-0.502132849085679,-0.5888813574118151,-0.1231429760275178,-0.34415229548463455,1.3311960045212636,1.0,0.0,0.0,0.0,0.0,0.0,0.0,1.0,0.0,0.0,0.0,0.0,0.0,0.0
156,-0.3225617099576259,0.7113611153128848,0.37083275093950785,-0.7516742541954111,-0.3920431479989644,-0.30443951637078004,-0.33819838229629123,-0.433204919698084,-0.16264971948928555,-0.2280218528058249,0.061310669140220445,2.6333049360592202,-0.6498728626585246,5.524976673213454,-0.1532843929904657,-0.345595595464734,-0.5156354596845208,-0.502132849085679,-0.5888813574118151,-0.1231429760275178,-0.34415229548463455,1.3311960045212636,1.0,0.0,0.0,0.0,0.0,0.0,0.0,1.0,0.0,0.0,0.0,0.0,0.0,0.0
160,-0.1812114972200971,0.638859717723087,0.7784368350718442,-0.7516742541954111,-0.6334497627416625,-0.30443951637078004,-0.33819838229629123,-0.433204919698084,-0.16264971948928555,-0.2280218528058249,-1.0622405647426145,5.7930523576532975,-0.31214753490664093,-0.6240508274032109,-0.1532843929904657,-0.345595595464734,-0.5156354596845208,-0.502132849085679,-0.5888813574118151,-0.1231429760275178,-0.34415229548463455,1.3311960045212636,1.0,0.0,0.0,0.0,0.0,0.0,0.0,1.0,0.0,0.0,0.0,0.0,0.0,0.0
164,-0.08697802206174524,0.13134993459450334,0.651060558780489,-0.3548550347915653,-0.6334497627416625,-0.30443951637078004,-0.33819838229629123,-0.433204919698084,-0.16264971948928555,-0.2280218528058249,-0.5074871430129647,5.7930523576532975,-0.10710001448585439,-0.02635448713708446,-0.1532843929904657,-0.345595595464734,-0.5156354596845208,-0.502132849085679,-0.5888813574118151,-0.1231429760275178,-0.34415229548463455,1.3311960045212636,1.0,0.0,0.0,0.0,0.0,0.0,0.0,1.0,0.0,0.0,0.0,0.0,0.0,0.0
184,0.8082399919426032,-1.1736752220218545,-0.5208011830999788,-0.22258196165695007,-0.07016766167536687,-0.30443951637078004,3.9426444174825455,2.365536713604118,1.2215949513465412,-0.2280218528058249,1.3814833689525514,-0.25355520821536887,4.307452483985196,-0.40670670367007405,-0.05875317122632267,3.1987685347666077,-0.4614242122529206,0.9547077524344754,-0.5888813574118151,-0.6716889601500968,1.6807591452871105,0.34725688211264666,1.0,0.0,0.0,0.0,0.0,0.0,0.0,1.0,0.0,0.0,0.0,0.0,0.0,0.0
188,0.7140065167842506,-1.2461766196116522,-0.39342490680862346,-0.3548550347915653,0.010301209905532438,-0.30443951637078004,4.039386627647039,2.39395033424678,1.2846297724228537,-0.2280218528058249,1.1146399509053782,-0.25355520821536887,4.307452483985196,-0.40670670367007405,2.588121038169682,3.26725866288702,-0.4614242122529206,0.9547077524344754,-0.5888813574118151,-0.6716889601500968,1.6807591452871105,0.34725688211264666,1.0,0.0,0.0,0.0,0.0,0.0,0.0,1.0,0.0,0.0,0.0,0.0,0.0,0.0
192,0.8553567295217794,-1.0286724268422591,-0.3679496515503524,-0.3548550347915653,0.010301209905532438,-0.30443951637078004,4.000689743581241,2.39395033424678,1.3476645934991665,-0.2280218528058249,1.0233514131523977,-0.25355520821536887,4.548684860950828,-0.40670670367007405,5.424057691093973,3.8836698159707317,-0.4614242122529206,0.9547077524344754,-0.5888813574118151,-0.6716889601500968,1.6807591452871105,0.34725688211264666,1.0,0.0,0.0,0.0,0.0,0.0,0.0,1.0,0.0,0.0,0.0,0.0,0.0,0.0
196,0.7611232543634269,-0.8836696316626639,-0.3424743962920813,-0.3548550347915653,0.010301209905532438,-0.30443951637078004,3.991015522564792,2.479191196174766,1.2846297724228537,-0.2280218528058249,1.0303736083641655,-0.25355520821536887,4.307452483985196,-0.40670670367007405,11.474055883999128,4.431590840934031,-0.4614242122529206,0.9547077524344754,-0.5888813574118151,-0.6716889601500968,1.6807591452871105,0.34725688211264666,1.0,0.0,0.0,0.0,0.0,0.0,0.0,1.0,0.0,0.0,0.0,0.0,0.0,0.0
200,0.9967069422593082,-1.2461766196116522,-0.46985067258343666,-0.22258196165695007,-0.07016766167536687,-0.30443951637078004,3.9861784120565673,2.4507775755321037,1.1585601302702284,-0.2280218528058249,1.339350197681945,-0.25355520821536887,0.6889668295007286,-0.40670670367007405,-0.05875317122632267,3.1987685347666077,-0.4614242122529206,0.9547077524344754,-0.5888813574118151,-0.6716889601500968,1.6807591452871105,0.34725688211264666,1.0,0.0,0.0,0.0,0.0,0.0,0.0,1.0,0.0,0.0,0.0,0.0,0.0,0.0
204,0.6197730416258981,-1.0286724268422591,-0.44437541732516556,-0.3548550347915653,-0.07016766167536687,-0.30443951637078004,3.9426444174825455,2.39395033424678,1.1585601302702284,-0.2280218528058249,1.0584623892112364,-0.25355520821536887,0.6889668295007286,-0.40670670367007405,2.9662459252262545,3.130278406646195,-0.4614242122529206,0.9547077524344754,-0.5888813574118151,-0.6716889601500968,1.6807591452871105,0.34725688211264666,1.0,0.0,0.0,0.0,0.0,0.0,0.0,1.0,0.0,0.0,0.0,0.0,0.0,0.0
208,0.6197730416258981,-1.0286724268422591,-0.3679496515503524,-0.22258196165695007,0.010301209905532438,-0.30443951637078004,3.9813413015483428,2.39395033424678,1.2215949513465412,-0.2280218528058249,0.8548187280699726,-0.25355520821536887,0.6889668295007286,-0.40670670367007405,6.180307465207117,3.472729047248257,-0.4614242122529206,0.9547077524344754,-0.5888813574118151,-0.6716889601500968,1.6807591452871105,0.34725688211264666,1.0,0.0,0.0,0.0,0.0,0.0,0.0,1.0,0.0,0.0,0.0,0.0,0.0,0.0
212,0.7140065167842506,-0.7386668364830686,-0.31699914103381027,-0.3548550347915653,0.010301209905532438,-0.30443951637078004,4.02971240663059,2.365536713604118,1.2846297724228537,-0.2280218528058249,0.6511750669287087,-0.25355520821536887,0.6286587352593208,-0.40670670367007405,12.419368101640558,3.472729047248257,-0.4614242122529206,0.9547077524344754,-0.5888813574118151,-0.6716889601500968,1.6807591452871105,0.34725688211264666,1.0,0.0,0.0,0.0,0.0,0.0,0.0,1.0,0.0,0.0,0.0,0.0,0.0,0.0
216,-1.6889470997537366,-0.3036584509442826,-1.361484606622923,-0.22258196165695007,-0.07016766167536687,-0.30443951637078004,-0.3623839348374146,-0.433204919698084,-0.16264971948928555,-0.2280218528058249,-0.13531079678927566,-0.25355520821536887,-0.2518394406652331,-0.40670670367007405,-0.1532843929904657,-0.345595595464734,-0.5156354596845208,-0.502132849085679,-0.5888813574118151,-0.1231429760275178,-0.34415229548463455,1.3311960045212636,1.0,0.0,0.0,0.0,0.0,0.0,0.0,1.0,0.0,0.0,0.0,0.0,0.0,0.0
217,-1.6889470997537366,-0.3036584509442826,-1.361484606622923,-0.22258196165695007,-0.07016766167536687,-0.30443951637078004,-0.3623839348374146,-0.433204919698084,-0.16264971948928555,-0.2280218528058249,-0.13531079678927566,-0.25355520821536887,-0.2518394406652331,-0.40670670367007405,-0.1532843929904657,-0.345595595464734,-0.5156354596845208,-0.502132849085679,-0.5888813574118151,-0.1231429760275178,0.9922892554247171,-0.6366822402959702,1.0,0.0,0.0,0.0,0.0,0.0,0.0,1.0,0.0,0.0,0.0,0.0,0.0,0.0
219,-1.6889470997537366,-0.2311570533544849,-0.39342490680862346,-0.3548550347915653,0.09077008148643188,-0.30443951637078004,-0.3623839348374146,-0.433204919698084,-0.16264971948928555,-0.2280218528058249,-0.13531079678927566,-0.25355520821536887,-0.2518394406652331,-0.40670670367007405,-0.1532843929904657,-0.345595595464734,-0.5156354596845208,-0.502132849085679,-0.5888813574118151,-0.1231429760275178,-0.34415229548463455,1.3311960045212636,1.0,0.0,0.0,0.0,0.0,0.0,0.0,1.0,0.0,0.0,0.0,0.0,0.0,0.0
220,-1.6889470997537366,-0.2311570533544849,-0.39342490680862346,-0.3548550347915653,0.09077008148643188,-0.30443951637078004,-0.3623839348374146,-0.433204919698084,-0.16264971948928555,-0.2280218528058249,-0.13531079678927566,-0.25355520821536887,-0.2518394406652331,-0.40670670367007405,-0.1532843929904657,-0.345595595464734,-0.5156354596845208,-0.502132849085679,-0.5888813574118151,-0.1231429760275178,0.9922892554247171,-0.6366822402959702,1.0,0.0,0.0,0.0,0.0,0.0,0.0,1.0,0.0,0.0,0.0,0.0,0.0,0.0
222,-1.359129936699503,0.05884853700470562,0.6255853035222179,-0.3548550347915653,0.09077008148643188,-0.30443951637078004,-0.3623839348374146,-0.433204919698084,-0.16264971948928555,-0.2280218528058249,-0.13531079678927566,-0.25355520821536887,-0.2518394406652331,-0.40670670367007405,-0.1532843929904657,-0.345595595464734,-0.5156354596845208,-0.502132849085679,-0.5888813574118151,-0.1231429760275178,-0.34415229548463455,1.3311960045212636,1.0,0.0,0.0,0.0,0.0,0.0,0.0,1.0,0.0,0.0,0.0,0.0,0.0,0.0
223,-1.359129936699503,0.05884853700470562,0.6255853035222179,-0.3548550347915653,0.09077008148643188,-0.30443951637078004,-0.3623839348374146,-0.433204919698084,-0.16264971948928555,-0.2280218528058249,-0.13531079678927566,-0.25355520821536887,-0.2518394406652331,-0.40670670367007405,-0.1532843929904657,-0.345595595464734,-0.5156354596845208,-0.502132849085679,-0.5888813574118151,-0.1231429760275178,0.9922892554247171,-0.6366822402959702,1.0,0.0,0.0,0.0,0.0,0.0,0.0,1.0,0.0,0.0,0.0,0.0,0.0,0.0
225,-1.3120131991203268,-0.08615425817488943,1.695546024369602,-0.3548550347915653,0.25170782464823066,-0.30443951637078004,-0.3623839348374146,-0.433204919698084,-0.16264971948928555,-0.2280218528058249,-0.13531079678927566,-0.25355520821536887,-0.2518394406652331,-0.40670670367007405,-0.1532843929904657,-0.345595595464734,-0.5156354596845208,-0.502132849085679,-0.5888813574118151,-0.1231429760275178,-0.34415229548463455,1.3311960045212636,1.0,0.0,0.0,0.0,0.0,0.0,0.0,1.0,0.0,0.0,0.0,0.0,0.0,0.0
226,-1.3120131991203268,-0.08615425817488943,1.695546024369602,-0.3548550347915653,0.25170782464823066,-0.30443951637078004,-0.3623839348374146,-0.433204919698084,-0.16264971948928555,-0.2280218528058249,-0.13531079678927566,-0.25355520821536887,-0.2518394406652331,-0.40670670367007405,-0.1532843929904657,-0.345595595464734,-0.5156354596845208,-0.502132849085679,-0.5888813574118151,-0.1231429760275178,0.9922892554247171,-0.6366822402959702,1.0,0.0,0.0,0.0,0.0,0.0,0.0,1.0,0.0,0.0,0.0,0.0,0.0,0.0
228,-1.6418303621745605,-0.3036584509442826,-1.361484606622923,-0.3548550347915653,0.09077008148643188,-0.30443951637078004,-0.2559675036564718,-0.433204919698084,-0.16264971948928555,-0.2280218528058249,-0.13531079678927566,-0.25355520821536887,-0.2518394406652331,-0.40670670367007405,-0.1532843929904657,-0.345595595464734,-0.5156354596845208,-0.502132849085679,-0.5888813574118151,-0.1231429760275178,-0.34415229548463455,1.3311960045212636,1.0,0.0,0.0,0.0,0.0,0.0,0.0,1.0,0.0,0.0,0.0,0.0,0.0,0.0
229,-1.6418303621745605,-0.3036584509442826,-1.361484606622923,-0.3548550347915653,0.09077008148643188,-0.30443951637078004,-0.2559675036564718,-0.433204919698084,-0.16264971948928555,-0.2280218528058249,-0.13531079678927566,-0.25355520821536887,-0.2518394406652331,-0.40670670367007405,-0.1532843929904657,-0.345595595464734,-0.5156354596845208,-0.502132849085679,-0.5888813574118151,-0.1231429760275178,0.9922892554247171,-0.6366822402959702,1.0,0.0,0.0,0.0,0.0,0.0,0.0,1.0,0.0,0.0,0.0,0.0,0.0,0.0
233,-1.359129936699503,-0.15865565576468718,0.6765358140387601,-0.3548550347915653,0.010301209905532438,-0.30443951637078004,-0.24629328264002245,-0.433204919698084,-0.16264971948928555,-0.2280218528058249,-0.13531079678927566,-0.25355520821536887,-0.2518394406652331,-0.40670670367007405,-0.1532843929904657,-0.345595595464734,-0.5156354596845208,-0.502132849085679,-0.5888813574118151,-0.1231429760275178,-0.34415229548463455,1.3311960045212636,1.0,0.0,0.0,0.0,0.0,0.0,0.0,1.0,0.0,0.0,0.0,0.0,0.0,0.0
234,-1.359129936699503,-0.15865565576468718,0.6765358140387601,-0.3548550347915653,0.010301209905532438,-0.30443951637078004,-0.24629328264002245,-0.433204919698084,-0.16264971948928555,-0.2280218528058249,-0.13531079678927566,-0.25355520821536887,-0.2518394406652331,-0.40670670367007405,-0.1532843929904657,-0.345595595464734,-0.5156354596845208,-0.502132849085679,-0.5888813574118151,-0.1231429760275178,0.9922892554247171,-0.6366822402959702,1.0,0.0,0.0,0.0,0.0,0.0,0.0,1.0,0.0,0.0,0.0,0.0,0.0,0.0
241,-1.4062466742786794,-0.2311570533544849,-0.597226948874792,-0.3548550347915653,-0.23110540483716563,-0.30443951637078004,-0.10601707790150687,-0.433204919698084,-0.16264971948928555,-0.2280218528058249,-0.13531079678927566,-0.25355520821536887,-0.2518394406652331,-0.40670670367007405,-0.1532843929904657,-0.345595595464734,-0.5156354596845208,-0.502132849085679,-0.5888813574118151,-0.1231429760275178,-0.34415229548463455,1.3311960045212636,1.0,0.0,0.0,0.0,0.0,0.0,0.0,1.0,0.0,0.0,0.0,0.0,0.0,0.0
242,-1.4062466742786794,-0.2311570533544849,-0.597226948874792,-0.3548550347915653,-0.23110540483716563,-0.30443951637078004,-0.10601707790150687,-0.433204919698084,-0.16264971948928555,-0.2280218528058249,-0.13531079678927566,-0.25355520821536887,-0.2518394406652331,-0.40670670367007405,-0.1532843929904657,-0.345595595464734,-0.5156354596845208,-0.502132849085679,-0.5888813574118151,-0.1231429760275178,0.9922892554247171,-0.6366822402959702,1.0,0.0,0.0,0.0,0.0,0.0,0.0,1.0,0.0,0.0,0.0,0.0,0.0,0.0
247,-1.0293127736452696,-0.08615425817488943,1.64459551385306,-0.4871281079261806,0.010301209905532438,-0.30443951637078004,-0.11085418840973155,-0.433204919698084,-0.16264971948928555,-0.2280218528058249,-0.13531079678927566,-0.25355520821536887,-0.2518394406652331,-0.40670670367007405,-0.1532843929904657,-0.345595595464734,-0.5156354596845208,-0.502132849085679,-0.5888813574118151,-0.1231429760275178,-0.34415229548463455,1.3311960045212636,1.0,0.0,0.0,0.0,0.0,0.0,0.0,1.0,0.0,0.0,0.0,0.0,0.0,0.0
248,-1.0293127736452696,-0.08615425817488943,1.64459551385306,-0.4871281079261806,0.010301209905532438,-0.30443951637078004,-0.11085418840973155,-0.433204919698084,-0.16264971948928555,-0.2280218528058249,-0.13531079678927566,-0.25355520821536887,-0.2518394406652331,-0.40670670367007405,-0.1532843929904657,-0.345595595464734,-0.5156354596845208,-0.502132849085679,-0.5888813574118151,-0.1231429760275178,0.9922892554247171,-0.6366822402959702,1.0,0.0,0.0,0.0,0.0,0.0,0.0,1.0,0.0,0.0,0.0,0.0,0.0,0.0
250,-1.5004801494370317,-0.3036584509442826,-1.5143361381725493,-0.09030888852233492,-0.1506365332562663,-0.30443951637078004,0.12132711598505279,-0.433204919698084,-0.16264971948928555,-0.2280218528058249,-0.13531079678927566,-0.25355520821536887,-0.2518394406652331,-0.40670670367007405,-0.1532843929904657,-0.345595595464734,-0.5156354596845208,-0.502132849085679,-0.5888813574118151,-0.1231429760275178,-0.34415229548463455,1.3311960045212636,1.0,0.0,0.0,0.0,0.0,0.0,0.0,1.0,0.0,0.0,0.0,0.0,0.0,0.0
251,-1.5004801494370317,-0.3036584509442826,-1.5143361381725493,-0.09030888852233492,-0.1506365332562663,-0.30443951637078004,0.12132711598505279,-0.433204919698084,-0.16264971948928555,-0.2280218528058249,-0.13531079678927566,-0.25355520821536887,-0.2518394406652331,-0.40670670367007405,-0.1532843929904657,-0.345595595464734,-0.5156354596845208,-0.502132849085679,-0.5888813574118151,-0.1231429760275178,0.9922892554247171,-0.6366822402959702,1.0,0.0,0.0,0.0,0.0,0.0,0.0,1.0,0.0,0.0,0.0,0.0,0.0,0.0
259,-0.9821960360660933,-0.08615425817488943,1.5936450033365177,-0.3548550347915653,0.010301209905532438,-0.30443951637078004,0.16969822106729957,-0.433204919698084,-0.16264971948928555,-0.2280218528058249,-0.13531079678927566,-0.25355520821536887,-0.2518394406652331,-0.40670670367007405,-0.1532843929904657,-0.345595595464734,-0.5156354596845208,-0.502132849085679,-0.5888813574118151,-0.1231429760275178,-0.34415229548463455,1.3311960045212636,1.0,0.0,0.0,0.0,0.0,0.0,0.0,1.0,0.0,0.0,0.0,0.0,0.0,0.0
260,-0.9821960360660933,-0.08615425817488943,1.5936450033365177,-0.3548550347915653,0.010301209905532438,-0.30443951637078004,0.16969822106729957,-0.433204919698084,-0.16264971948928555,-0.2280218528058249,-0.13531079678927566,-0.25355520821536887,-0.2518394406652331,-0.40670670367007405,-0.1532843929904657,-0.345595595464734,-0.5156354596845208,-0.502132849085679,-0.5888813574118151,-0.1231429760275178,0.9922892554247171,-0.6366822402959702,1.0,0.0,0.0,0.0,0.0,0.0,0.0,1.0,0.0,0.0,0.0,0.0,0.0,0.0
262,-1.5004801494370317,-0.5211626437136754,-1.5143361381725493,-0.09030888852233492,-0.1506365332562663,-0.30443951637078004,0.769499924087159,-0.433204919698084,-0.16264971948928555,-0.2280218528058249,-0.13531079678927566,-0.25355520821536887,-0.2518394406652331,-0.40670670367007405,-0.1532843929904657,-0.345595595464734,-0.5156354596845208,-0.502132849085679,-0.5888813574118151,-0.1231429760275178,-0.34415229548463455,1.3311960045212636,1.0,0.0,0.0,0.0,0.0,0.0,0.0,1.0,0.0,0.0,0.0,0.0,0.0,0.0
263,-1.5004801494370317,-0.5211626437136754,-1.5143361381725493,-0.09030888852233492,-0.1506365332562663,-0.30443951637078004,0.769499924087159,-0.433204919698084,-0.16264971948928555,-0.2280218528058249,-0.13531079678927566,-0.25355520821536887,-0.2518394406652331,-0.40670670367007405,-0.1532843929904657,-0.345595595464734,-0.5156354596845208,-0.502132849085679,-0.5888813574118151,-0.1231429760275178,0.9922892554247171,-0.6366822402959702,1.0,0.0,0.0,0.0,0.0,0.0,0.0,1.0,0.0,0.0,0.0,0.0,0.0,0.0
268,-1.0764295112244455,-0.2311570533544849,0.2689317299064236,-0.22258196165695007,-0.1506365332562663,-0.30443951637078004,0.7598257030707096,-0.433204919698084,-0.16264971948928555,-0.2280218528058249,-0.13531079678927566,-0.25355520821536887,-0.2518394406652331,-0.40670670367007405,-0.1532843929904657,-0.345595595464734,-0.5156354596845208,-0.502132849085679,-0.5888813574118151,-0.1231429760275178,-0.34415229548463455,1.3311960045212636,1.0,0.0,0.0,0.0,0.0,0.0,0.0,1.0,0.0,0.0,0.0,0.0,0.0,0.0
269,-1.0764295112244455,-0.2311570533544849,0.2689317299064236,-0.22258196165695007,-0.1506365332562663,-0.30443951637078004,0.7598257030707096,-0.433204919698084,-0.16264971948928555,-0.2280218528058249,-0.13531079678927566,-0.25355520821536887,-0.2518394406652331,-0.40670670367007405,-0.1532843929904657,-0.345595595464734,-0.5156354596845208,-0.502132849085679,-0.5888813574118151,-0.1231429760275178,0.9922892554247171,-0.6366822402959702,1.0,0.0,0.0,0.0,0.0,0.0,0.0,1.0,0.0,0.0,0.0,0.0,0.0,0.0
271,-0.8879625609077407,-0.08615425817488943,1.3643677060120782,-0.3548550347915653,0.09077008148643188,-0.30443951637078004,0.7791741451036084,-0.433204919698084,-0.16264971948928555,-0.2280218528058249,-0.13531079678927566,-0.25355520821536887,-0.2518394406652331,-0.40670670367007405,-0.1532843929904657,-0.345595595464734,-0.5156354596845208,-0.502132849085679,-0.5888813574118151,-0.1231429760275178,-0.34415229548463455,1.3311960045212636,1.0,0.0,0.0,0.0,0.0,0.0,0.0,1.0,0.0,0.0,0.0,0.0,0.0,0.0
272,-0.8879625609077407,-0.08615425817488943,1.3643677060120782,-0.3548550347915653,0.09077008148643188,-0.30443951637078004,0.7791741451036084,-0.433204919698084,-0.16264971948928555,-0.2280218528058249,-0.13531079678927566,-0.25355520821536887,-0.2518394406652331,-0.40670670367007405,-0.1532843929904657,-0.345595595464734,-0.5156354596845208,-0.502132849085679,-0.5888813574118151,-0.1231429760275178,0.9922892554247171,-0.6366822402959702,1.0,0.0,0.0,0.0,0.0,0.0,0.0,1.0,0.0,0.0,0.0,0.0,0.0,0.0
274,-0.1812114972200971,-0.3036584509442826,0.44725851671432104,-0.3548550347915653,-0.31157427641806507,-0.30443951637078004,-0.33819838229629123,-0.433204919698084,-0.16359524180543025,-0.2280218528058249,-0.09317762551866936,-0.2822801847753151,-0.4327637233894565,-0.6104668196698899,-0.1532843929904657,-0.345595595464734,-0.5156354596845208,-0.502132849085679,-0.5888813574118151,-0.1231429760275178,-0.34415229548463455,1.3311960045212636,1.0,0.0,0.0,0.0,0.0,0.0,0.0,1.0,0.0,0.0,0.0,0.0,0.0,0.0
278,-0.1812114972200971,-0.3036584509442826,0.44725851671432104,-0.3548550347915653,-0.31157427641806507,-0.30443951637078004,-0.33819838229629123,-0.433204919698084,-0.16359524180543025,-0.2280218528058249,-0.09317762551866936,-0.2822801847753151,-0.4327637233894565,-0.6104668196698899,-0.1532843929904657,-0.345595595464734,-0.5156354596845208,-0.502132849085679,-0.5888813574118151,-0.1231429760275178,0.9922892554247171,-0.6366822402959702,1.0,0.0,0.0,0.0,0.0,0.0,0.0,1.0,0.0,0.0,0.0,0.0,0.0,0.0
281,0.007255453096607299,-0.08615425817488943,0.5236842824891337,-0.3548550347915653,-0.3920431479989644,-0.30443951637078004,-0.33819838229629123,-0.433204919698084,-0.16359524180543025,-0.2280218528058249,-0.12828860157750793,-0.25355520821536887,-0.44482534223773806,-0.4519867294478109,-0.1532843929904657,-0.345595595464734,-0.5156354596845208,-0.502132849085679,-0.5888813574118151,-0.1231429760275178,-0.34415229548463455,1.3311960045212636,1.0,0.0,0.0,0.0,0.0,0.0,0.0,1.0,0.0,0.0,0.0,0.0,0.0,0.0
284,0.007255453096607299,-0.08615425817488943,0.5236842824891337,-0.3548550347915653,-0.3920431479989644,-0.30443951637078004,-0.33819838229629123,-0.433204919698084,-0.16359524180543025,-0.2280218528058249,-0.12828860157750793,-0.25355520821536887,-0.44482534223773806,-0.4519867294478109,-0.1532843929904657,-0.345595595464734,-0.5156354596845208,-0.502132849085679,-0.5888813574118151,-0.1231429760275178,0.9922892554247171,-0.6366822402959702,1.0,0.0,0.0,0.0,0.0,0.0,0.0,1.0,0.0,0.0,0.0,0.0,0.0,0.0
286,0.24283914099248863,-0.15865565576468718,0.5236842824891337,-0.3548550347915653,-0.31157427641806507,-0.30443951637078004,-0.33819838229629123,-0.433204919698084,-0.16359524180543025,-0.2280218528058249,-0.06508884467159848,-0.21046774337544966,-0.44482534223773806,-0.234642605714674,-0.1532843929904657,-0.345595595464734,-0.5156354596845208,-0.502132849085679,-0.5888813574118151,-0.1231429760275178,-0.34415229548463455,1.3311960045212636,1.0,0.0,0.0,0.0,0.0,0.0,0.0,1.0,0.0,0.0,0.0,0.0,0.0,0.0
289,0.24283914099248863,-0.15865565576468718,0.5236842824891337,-0.3548550347915653,-0.31157427641806507,-0.30443951637078004,-0.33819838229629123,-0.433204919698084,-0.16359524180543025,-0.2280218528058249,-0.06508884467159848,-0.21046774337544966,-0.44482534223773806,-0.234642605714674,-0.1532843929904657,-0.345595595464734,-0.5156354596845208,-0.502132849085679,-0.5888813574118151,-0.1231429760275178,0.9922892554247171,-0.6366822402959702,1.0,0.0,0.0,0.0,0.0,0.0,0.0,1.0,0.0,0.0,0.0,0.0,0.0,0.0
292,0.33707261615084116,-0.08615425817488943,0.5746347930056758,-0.4871281079261806,-0.31157427641806507,-0.30443951637078004,-0.33819838229629123,-0.433204919698084,-0.16359524180543025,-0.2280218528058249,-0.09317762551866936,-0.19610525509547658,-0.5051334364791459,0.07326156957393662,-0.1532843929904657,-0.345595595464734,-0.5156354596845208,-0.502132849085679,-0.5888813574118151,-0.1231429760275178,-0.34415229548463455,1.3311960045212636,1.0,0.0,0.0,0.0,0.0,0.0,0.0,1.0,0.0,0.0,0.0,0.0,0.0,0.0
296,0.33707261615084116,-0.08615425817488943,0.5746347930056758,-0.4871281079261806,-0.31157427641806507,-0.30443951637078004,-0.33819838229629123,-0.433204919698084,-0.16359524180543025,-0.2280218528058249,-0.09317762551866936,-0.19610525509547658,-0.5051334364791459,0.07326156957393662,-0.1532843929904657,-0.345595595464734,-0.5156354596845208,-0.502132849085679,-0.5888813574118151,-0.1231429760275178,0.9922892554247171,-0.6366822402959702,1.0,0.0,0.0,0.0,0.0,0.0,0.0,1.0,0.0,0.0,0.0,0.0,0.0,0.0
299,0.33707261615084116,0.20385133218430107,0.6001100482639469,-0.4871281079261806,-0.31157427641806507,-0.30443951637078004,-0.33819838229629123,-0.433204919698084,-0.16359524180543025,-0.2280218528058249,-0.04402225903629533,-0.19610525509547658,-0.5895647684171168,0.4536137861069262,-0.1532843929904657,-0.345595595464734,-0.5156354596845208,-0.502132849085679,-0.5888813574118151,-0.1231429760275178,-0.34415229548463455,1.3311960045212636,1.0,0.0,0.0,0.0,0.0,0.0,0.0,1.0,0.0,0.0,0.0,0.0,0.0,0.0
302,0.33707261615084116,0.20385133218430107,0.6001100482639469,-0.4871281079261806,-0.31157427641806507,-0.30443951637078004,-0.33819838229629123,-0.433204919698084,-0.16359524180543025,-0.2280218528058249,-0.04402225903629533,-0.19610525509547658,-0.5895647684171168,0.4536137861069262,-0.1532843929904657,-0.345595595464734,-0.5156354596845208,-0.502132849085679,-0.5888813574118151,-0.1231429760275178,0.9922892554247171,-0.6366822402959702,1.0,0.0,0.0,0.0,0.0,0.0,0.0,1.0,0.0,0.0,0.0,0.0,0.0,0.0
305,0.1486056658341361,0.20385133218430107,0.44725851671432104,-0.6194011810607959,-0.31157427641806507,-0.30443951637078004,-0.33819838229629123,-0.433204919698084,-0.16359524180543025,-0.2280218528058249,-0.16339957763634652,-0.29664267305528813,-0.5895647684171168,1.0875341469952422,-0.1532843929904657,-0.345595595464734,-0.5156354596845208,-0.502132849085679,-0.5888813574118151,-0.1231429760275178,-0.34415229548463455,1.3311960045212636,1.0,0.0,0.0,0.0,0.0,0.0,0.0,1.0,0.0,0.0,0.0,0.0,0.0,0.0
309,0.1486056658341361,0.20385133218430107,0.44725851671432104,-0.6194011810607959,-0.31157427641806507,-0.30443951637078004,-0.33819838229629123,-0.433204919698084,-0.16359524180543025,-0.2280218528058249,-0.16339957763634652,-0.29664267305528813,-0.5895647684171168,1.0875341469952422,-0.1532843929904657,-0.345595595464734,-0.5156354596845208,-0.502132849085679,-0.5888813574118151,-0.1231429760275178,0.9922892554247171,-0.6366822402959702,1.0,0.0,0.0,0.0,0.0,0.0,0.0,1.0,0.0,0.0,0.0,0.0,0.0,0.0
312,0.24283914099248863,0.7113611153128848,0.3198822404229657,-0.6194011810607959,-0.3920431479989644,-0.30443951637078004,-0.33819838229629123,-0.433204919698084,-0.16359524180543025,-0.2280218528058249,-0.10019982073043707,-0.29664267305528813,-0.6136880061136799,2.4459349203273475,-0.1532843929904657,-0.345595595464734,-0.5156354596845208,-0.502132849085679,-0.5888813574118151,-0.1231429760275178,-0.34415229548463455,1.3311960045212636,1.0,0.0,0.0,0.0,0.0,0.0,0.0,1.0,0.0,0.0,0.0,0.0,0.0,0.0
316,0.24283914099248863,0.7113611153128848,0.3198822404229657,-0.6194011810607959,-0.3920431479989644,-0.30443951637078004,-0.33819838229629123,-0.433204919698084,-0.16359524180543025,-0.2280218528058249,-0.10019982073043707,-0.29664267305528813,-0.6136880061136799,2.4459349203273475,-0.1532843929904657,-0.345595595464734,-0.5156354596845208,-0.502132849085679,-0.5888813574118151,-0.1231429760275178,0.9922892554247171,-0.6366822402959702,1.0,0.0,0.0,0.0,0.0,0.0,0.0,1.0,0.0,0.0,0.0,0.0,0.0,0.0
319,0.1486056658341361,1.2188708984414685,0.29440698516469466,-0.6194011810607959,-0.3920431479989644,-0.30443951637078004,-0.33819838229629123,-0.433204919698084,-0.16359524180543025,-0.2280218528058249,-0.15637738242457883,-0.19610525509547658,-0.637811243810243,3.8043356936594535,-0.1532843929904657,-0.345595595464734,-0.5156354596845208,-0.502132849085679,-0.5888813574118151,-0.1231429760275178,-0.34415229548463455,1.3311960045212636,1.0,0.0,0.0,0.0,0.0,0.0,0.0,1.0,0.0,0.0,0.0,0.0,0.0,0.0
323,0.1486056658341361,1.2188708984414685,0.29440698516469466,-0.6194011810607959,-0.3920431479989644,-0.30443951637078004,-0.33819838229629123,-0.433204919698084,-0.16359524180543025,-0.2280218528058249,-0.15637738242457883,-0.19610525509547658,-0.637811243810243,3.8043356936594535,-0.1532843929904657,-0.345595595464734,-0.5156354596845208,-0.502132849085679,-0.5888813574118151,-0.1231429760275178,0.9922892554247171,-0.6366822402959702,1.0,0.0,0.0,0.0,0.0,0.0,0.0,1.0,0.0,0.0,0.0,0.0,0.0,0.0
326,0.2899558785716649,1.653879283980254,0.3453574956812368,-0.7516742541954111,-0.3920431479989644,-0.30443951637078004,-0.33819838229629123,-0.433204919698084,-0.16359524180543025,-0.2280218528058249,-0.16339957763634652,-0.267917696495342,-0.6619344815068061,4.891056312325138,-0.1532843929904657,-0.345595595464734,-0.5156354596845208,-0.502132849085679,-0.5888813574118151,-0.1231429760275178,-0.34415229548463455,1.3311960045212636,1.0,0.0,0.0,0.0,0.0,0.0,0.0,1.0,0.0,0.0,0.0,0.0,0.0,0.0
330,0.2899558785716649,1.653879283980254,0.3453574956812368,-0.7516742541954111,-0.3920431479989644,-0.30443951637078004,-0.33819838229629123,-0.433204919698084,-0.16359524180543025,-0.2280218528058249,-0.16339957763634652,-0.267917696495342,-0.6619344815068061,4.891056312325138,-0.1532843929904657,-0.345595595464734,-0.5156354596845208,-0.502132849085679,-0.5888813574118151,-0.1231429760275178,0.9922892554247171,-0.6366822402959702,1.0,0.0,0.0,0.0,0.0,0.0,0.0,1.0,0.0,0.0,0.0,0.0,0.0,0.0
333,0.007255453096607299,0.05884853700470562,-1.386959861881194,-0.6194011810607959,-0.7139186343225619,-0.30443951637078004,-0.33819838229629123,-0.433204919698084,-0.1632800677000487,-0.2280218528058249,-0.12126640636574022,-0.267917696495342,-0.31214753490664093,-0.6104668196698899,-0.1532843929904657,-0.345595595464734,-0.5156354596845208,-0.502132849085679,-0.5888813574118151,-0.1231429760275178,-0.34415229548463455,1.3311960045212636,1.0,0.0,0.0,0.0,0.0,0.0,0.0,1.0,0.0,0.0,0.0,0.0,0.0,0.0
335,0.007255453096607299,0.05884853700470562,-1.386959861881194,-0.6194011810607959,-0.7139186343225619,-0.30443951637078004,-0.33819838229629123,-0.433204919698084,-0.1632800677000487,-0.2280218528058249,-0.12126640636574022,-0.267917696495342,-0.31214753490664093,-0.6104668196698899,-0.1532843929904657,-0.345595595464734,-0.5156354596845208,-0.502132849085679,-0.5888813574118151,-0.1231429760275178,0.9922892554247171,-0.6366822402959702,1.0,0.0,0.0,0.0,0.0,0.0,0.0,1.0,0.0,0.0,0.0,0.0,0.0,0.0
336,-0.08697802206174524,0.13134993459450334,-1.4124351171394651,-0.3548550347915653,-0.5529808911607631,-0.30443951637078004,-0.33819838229629123,-0.433204919698084,-0.03279798807208143,-0.2280218528058249,-0.0721110398833662,-0.19610525509547658,-0.3000859160583594,-0.6104668196698899,-0.1532843929904657,-0.3284730634346309,-0.5156354596845208,-0.502132849085679,-0.5888813574118151,-0.1231429760275178,-0.34415229548463455,1.3311960045212636,1.0,0.0,0.0,0.0,0.0,0.0,0.0,1.0,0.0,0.0,0.0,0.0,0.0,0.0
338,-0.08697802206174524,0.13134993459450334,-1.4124351171394651,-0.3548550347915653,-0.5529808911607631,-0.30443951637078004,-0.33819838229629123,-0.433204919698084,-0.03279798807208143,-0.2280218528058249,-0.0721110398833662,-0.19610525509547658,-0.3000859160583594,-0.6104668196698899,-0.1532843929904657,-0.3284730634346309,-0.5156354596845208,-0.502132849085679,-0.5888813574118151,-0.1231429760275178,0.9922892554247171,-0.6366822402959702,1.0,0.0,0.0,0.0,0.0,0.0,0.0,1.0,0.0,0.0,0.0,0.0,0.0,0.0
339,-0.08697802206174524,0.42135552495369427,-1.386959861881194,-0.22258196165695007,-0.5529808911607631,-0.30443951637078004,-0.33819838229629123,-0.433204919698084,0.10903035934962209,-0.2280218528058249,-0.24064372496579142,-0.29664267305528813,-0.17946972757554375,-0.6104668196698899,-0.1532843929904657,-0.3284730634346309,-0.5156354596845208,-0.502132849085679,-0.5888813574118151,-0.1231429760275178,-0.34415229548463455,1.3311960045212636,1.0,0.0,0.0,0.0,0.0,0.0,0.0,1.0,0.0,0.0,0.0,0.0,0.0,0.0
342,0.05437219067578356,0.13134993459450334,-1.4124351171394651,-0.22258196165695007,-0.6334497627416625,-0.30443951637078004,-0.33819838229629123,-0.433204919698084,0.21303781412553804,-0.2280218528058249,-0.09317762551866936,-0.36845511445515355,-0.33627077260320404,-0.6104668196698899,-0.1532843929904657,-0.3284730634346309,-0.5156354596845208,-0.502132849085679,-0.5888813574118151,-0.1231429760275178,-0.34415229548463455,1.3311960045212636,1.0,0.0,0.0,0.0,0.0,0.0,0.0,1.0,0.0,0.0,0.0,0.0,0.0,0.0
344,0.05437219067578356,0.13134993459450334,-1.4124351171394651,-0.22258196165695007,-0.6334497627416625,-0.30443951637078004,-0.33819838229629123,-0.433204919698084,0.21303781412553804,-0.2280218528058249,-0.09317762551866936,-0.36845511445515355,-0.33627077260320404,-0.6104668196698899,-0.1532843929904657,-0.3284730634346309,-0.5156354596845208,-0.502132849085679,-0.5888813574118151,-0.1231429760275178,0.9922892554247171,-0.6366822402959702,1.0,0.0,0.0,0.0,0.0,0.0,0.0,1.0,0.0,0.0,0.0,0.0,0.0,0.0
348,0.19572240341331237,0.05884853700470562,-0.4189001620668945,-0.3548550347915653,-0.6334497627416625,-0.30443951637078004,-0.33819838229629123,-0.433204919698084,-0.16264971948928555,-0.2280218528058249,-0.3249100675070041,-0.22483023165542274,-0.33627077260320404,-0.6104668196698899,-0.1532843929904657,-0.3284730634346309,-0.5156354596845208,-0.502132849085679,-0.5888813574118151,-0.1231429760275178,-0.34415229548463455,1.3311960045212636,1.0,0.0,0.0,0.0,0.0,0.0,0.0,1.0,0.0,0.0,0.0,0.0,0.0,0.0
350,0.19572240341331237,0.05884853700470562,-0.4189001620668945,-0.3548550347915653,-0.6334497627416625,-0.30443951637078004,-0.33819838229629123,-0.433204919698084,-0.16264971948928555,-0.2280218528058249,-0.3249100675070041,-0.22483023165542274,-0.33627077260320404,-0.6104668196698899,-0.1532843929904657,-0.3284730634346309,-0.5156354596845208,-0.502132849085679,-0.5888813574118151,-0.1231429760275178,0.9922892554247171,-0.6366822402959702,1.0,0.0,0.0,0.0,0.0,0.0,0.0,1.0,0.0,0.0,0.0,0.0,0.0,0.0
351,0.1486056658341361,-0.013652860585091712,-0.44437541732516556,-0.3548550347915653,-0.4725120195798638,-0.30443951637078004,-0.33819838229629123,-0.433204919698084,-0.029646247018265817,-0.2280218528058249,-0.13531079678927566,-0.2822801847753151,-0.33627077260320404,-0.6104668196698899,-0.1532843929904657,-0.3284730634346309,-0.5156354596845208,-0.502132849085679,-0.5888813574118151,-0.1231429760275178,-0.34415229548463455,1.3311960045212636,1.0,0.0,0.0,0.0,0.0,0.0,0.0,1.0,0.0,0.0,0.0,0.0,0.0,0.0
353,0.1486056658341361,-0.013652860585091712,-0.44437541732516556,-0.3548550347915653,-0.4725120195798638,-0.30443951637078004,-0.33819838229629123,-0.433204919698084,-0.029646247018265817,-0.2280218528058249,-0.13531079678927566,-0.2822801847753151,-0.33627077260320404,-0.6104668196698899,-0.1532843929904657,-0.3284730634346309,-0.5156354596845208,-0.502132849085679,-0.5888813574118151,-0.1231429760275178,0.9922892554247171,-0.6366822402959702,1.0,0.0,0.0,0.0,0.0,0.0,0.0,1.0,0.0,0.0,0.0,0.0,0.0,0.0
354,0.24283914099248863,-0.2311570533544849,-0.3679496515503524,-0.3548550347915653,-0.5529808911607631,-0.30443951637078004,-0.33819838229629123,-0.433204919698084,0.11218210040343772,-0.2280218528058249,-0.11424421115397251,-0.35409262617518045,-0.6619344815068061,-0.6104668196698899,-0.1532843929904657,-0.3284730634346309,-0.5156354596845208,-0.502132849085679,-0.5888813574118151,-0.1231429760275178,-0.34415229548463455,1.3311960045212636,1.0,0.0,0.0,0.0,0.0,0.0,0.0,1.0,0.0,0.0,0.0,0.0,0.0,0.0
356,0.24283914099248863,-0.2311570533544849,-0.3679496515503524,-0.3548550347915653,-0.5529808911607631,-0.30443951637078004,-0.33819838229629123,-0.433204919698084,0.11218210040343772,-0.2280218528058249,-0.11424421115397251,-0.35409262617518045,-0.6619344815068061,-0.6104668196698899,-0.1532843929904657,-0.3284730634346309,-0.5156354596845208,-0.502132849085679,-0.5888813574118151,-0.1231429760275178,0.9922892554247171,-0.6366822402959702,1.0,0.0,0.0,0.0,0.0,0.0,0.0,1.0,0.0,0.0,0.0,0.0,0.0,0.0
357,0.1486056658341361,-0.08615425817488943,-0.3679496515503524,-0.3548550347915653,-0.5529808911607631,-0.30443951637078004,-0.33819838229629123,-0.433204919698084,0.21934129623316934,-0.2280218528058249,-0.11424421115397251,-0.36845511445515355,-0.39657886684461185,-0.6104668196698899,-0.1532843929904657,-0.3284730634346309,-0.5156354596845208,-0.502132849085679,-0.5888813574118151,-0.1231429760275178,-0.34415229548463455,1.3311960045212636,1.0,0.0,0.0,0.0,0.0,0.0,0.0,1.0,0.0,0.0,0.0,0.0,0.0,0.0
359,0.1486056658341361,-0.08615425817488943,-0.3679496515503524,-0.3548550347915653,-0.5529808911607631,-0.30443951637078004,-0.33819838229629123,-0.433204919698084,0.21934129623316934,-0.2280218528058249,-0.11424421115397251,-0.36845511445515355,-0.39657886684461185,-0.6104668196698899,-0.1532843929904657,-0.3284730634346309,-0.5156354596845208,-0.502132849085679,-0.5888813574118151,-0.1231429760275178,0.9922892554247171,-0.6366822402959702,1.0,0.0,0.0,0.0,0.0,0.0,0.0,1.0,0.0,0.0,0.0,0.0,0.0,0.0
363,0.19572240341331237,-0.2311570533544849,0.37083275093950785,-0.3548550347915653,-0.6334497627416625,-0.30443951637078004,-0.33819838229629123,-0.433204919698084,-0.16264971948928555,-0.2280218528058249,-0.1844661632716497,-0.267917696495342,-0.2759626783617962,-0.6104668196698899,-0.1532843929904657,-0.32162405062258964,-0.5156354596845208,-0.502132849085679,-0.5888813574118151,-0.1231429760275178,-0.34415229548463455,1.3311960045212636,1.0,0.0,0.0,0.0,0.0,0.0,0.0,1.0,0.0,0.0,0.0,0.0,0.0,0.0
365,0.19572240341331237,-0.2311570533544849,0.37083275093950785,-0.3548550347915653,-0.6334497627416625,-0.30443951637078004,-0.33819838229629123,-0.433204919698084,-0.16264971948928555,-0.2280218528058249,-0.1844661632716497,-0.267917696495342,-0.2759626783617962,-0.6104668196698899,-0.1532843929904657,-0.32162405062258964,-0.5156354596845208,-0.502132849085679,-0.5888813574118151,-0.1231429760275178,0.9922892554247171,-0.6366822402959702,1.0,0.0,0.0,0.0,0.0,0.0,0.0,1.0,0.0,0.0,0.0,0.0,0.0,0.0
366,-0.03986128448256897,-0.08615425817488943,0.09060494309852617,-0.22258196165695007,-0.5529808911607631,-0.30443951637078004,-0.33819838229629123,-0.433204919698084,-0.04540495228734398,-0.2280218528058249,0.012155302657846418,-0.3971800910150997,-0.21565458412038843,-0.6104668196698899,-0.1532843929904657,-0.3284730634346309,-0.5156354596845208,-0.502132849085679,-0.5888813574118151,-0.1231429760275178,-0.34415229548463455,1.3311960045212636,1.0,0.0,0.0,0.0,0.0,0.0,0.0,1.0,0.0,0.0,0.0,0.0,0.0,0.0
368,-0.03986128448256897,-0.08615425817488943,0.09060494309852617,-0.22258196165695007,-0.5529808911607631,-0.30443951637078004,-0.33819838229629123,-0.433204919698084,-0.04540495228734398,-0.2280218528058249,0.012155302657846418,-0.3971800910150997,-0.21565458412038843,-0.6104668196698899,-0.1532843929904657,-0.3284730634346309,-0.5156354596845208,-0.502132849085679,-0.5888813574118151,-0.1231429760275178,0.9922892554247171,-0.6366822402959702,1.0,0.0,0.0,0.0,0.0,0.0,0.0,1.0,0.0,0.0,0.0,0.0,0.0,0.0
369,0.19572240341331237,-0.5936640413034732,0.44725851671432104,-0.3548550347915653,-0.4725120195798638,-0.30443951637078004,-0.33819838229629123,-0.433204919698084,0.10272687724199085,-0.2280218528058249,-0.24766592017755915,-0.3971800910150997,-0.2880242972100778,-0.6104668196698899,-0.1532843929904657,-0.3284730634346309,-0.5156354596845208,-0.502132849085679,-0.5888813574118151,-0.1231429760275178,-0.34415229548463455,1.3311960045212636,1.0,0.0,0.0,0.0,0.0,0.0,0.0,1.0,0.0,0.0,0.0,0.0,0.0,0.0
371,0.19572240341331237,-0.5936640413034732,0.44725851671432104,-0.3548550347915653,-0.4725120195798638,-0.30443951637078004,-0.33819838229629123,-0.433204919698084,0.10272687724199085,-0.2280218528058249,-0.24766592017755915,-0.3971800910150997,-0.2880242972100778,-0.6104668196698899,-0.1532843929904657,-0.3284730634346309,-0.5156354596845208,-0.502132849085679,-0.5888813574118151,-0.1231429760275178,0.9922892554247171,-0.6366822402959702,1.0,0.0,0.0,0.0,0.0,0.0,0.0,1.0,0.0,0.0,0.0,0.0,0.0,0.0
375,0.1486056658341361,-0.5936640413034732,0.44725851671432104,-0.3548550347915653,-0.5529808911607631,-0.30443951637078004,-0.33819838229629123,-0.433204919698084,0.46832883948460446,-0.2280218528058249,-0.2687325058128623,-0.3971800910150997,-0.23977782181695156,-0.6104668196698899,-0.1532843929904657,-0.3284730634346309,-0.5156354596845208,-0.502132849085679,-0.5888813574118151,-0.1231429760275178,-0.34415229548463455,1.3311960045212636,1.0,0.0,0.0,0.0,0.0,0.0,0.0,1.0,0.0,0.0,0.0,0.0,0.0,0.0
377,0.1486056658341361,-0.5936640413034732,0.44725851671432104,-0.3548550347915653,-0.5529808911607631,-0.30443951637078004,-0.33819838229629123,-0.433204919698084,0.46832883948460446,-0.2280218528058249,-0.2687325058128623,-0.3971800910150997,-0.23977782181695156,-0.6104668196698899,-0.1532843929904657,-0.3284730634346309,-0.5156354596845208,-0.502132849085679,-0.5888813574118151,-0.1231429760275178,0.9922892554247171,-0.6366822402959702,1.0,0.0,0.0,0.0,0.0,0.0,0.0,1.0,0.0,0.0,0.0,0.0,0.0,0.0
378,0.1486056658341361,-0.37615984853408035,1.4153182165286202,-0.22258196165695007,-0.5529808911607631,-0.30443951637078004,-0.33819838229629123,-0.433204919698084,-0.16264971948928555,-0.2280218528058249,-0.21255494411872056,-0.31100516133526124,-0.1312232521824175,-0.6104668196698899,-0.1532843929904657,-0.32162405062258964,-0.5156354596845208,-0.502132849085679,-0.5888813574118151,-0.1231429760275178,-0.34415229548463455,1.3311960045212636,1.0,0.0,0.0,0.0,0.0,0.0,0.0,1.0,0.0,0.0,0.0,0.0,0.0,0.0
380,0.1486056658341361,-0.37615984853408035,1.4153182165286202,-0.22258196165695007,-0.5529808911607631,-0.30443951637078004,-0.33819838229629123,-0.433204919698084,-0.16264971948928555,-0.2280218528058249,-0.21255494411872056,-0.31100516133526124,-0.1312232521824175,-0.6104668196698899,-0.1532843929904657,-0.32162405062258964,-0.5156354596845208,-0.502132849085679,-0.5888813574118151,-0.1231429760275178,0.9922892554247171,-0.6366822402959702,1.0,0.0,0.0,0.0,0.0,0.0,0.0,1.0,0.0,0.0,0.0,0.0,0.0,0.0
381,0.19572240341331237,-0.5936640413034732,1.3898429612703491,-0.3548550347915653,-0.3920431479989644,-0.30443951637078004,-0.33819838229629123,-0.433204919698084,-0.017039282803003267,-0.2280218528058249,-0.15637738242457883,-0.42590506757504587,-0.3724556291480487,-0.6104668196698899,-0.1532843929904657,-0.3284730634346309,-0.5156354596845208,-0.502132849085679,-0.5888813574118151,-0.1231429760275178,-0.34415229548463455,1.3311960045212636,1.0,0.0,0.0,0.0,0.0,0.0,0.0,1.0,0.0,0.0,0.0,0.0,0.0,0.0
383,0.19572240341331237,-0.5936640413034732,1.3898429612703491,-0.3548550347915653,-0.3920431479989644,-0.30443951637078004,-0.33819838229629123,-0.433204919698084,-0.017039282803003267,-0.2280218528058249,-0.15637738242457883,-0.42590506757504587,-0.3724556291480487,-0.6104668196698899,-0.1532843929904657,-0.3284730634346309,-0.5156354596845208,-0.502132849085679,-0.5888813574118151,-0.1231429760275178,0.9922892554247171,-0.6366822402959702,1.0,0.0,0.0,0.0,0.0,0.0,0.0,1.0,0.0,0.0,0.0,0.0,0.0,0.0
384,0.19572240341331237,-0.5936640413034732,1.3643677060120782,-0.3548550347915653,-0.3920431479989644,-0.30443951637078004,-0.33819838229629123,-0.433204919698084,0.09327165408054394,-0.2280218528058249,-0.15637738242457883,-0.45463004413499203,-0.3483323914514856,-0.6104668196698899,-0.1532843929904657,-0.3284730634346309,-0.5156354596845208,-0.502132849085679,-0.5888813574118151,-0.1231429760275178,-0.34415229548463455,1.3311960045212636,1.0,0.0,0.0,0.0,0.0,0.0,0.0,1.0,0.0,0.0,0.0,0.0,0.0,0.0
386,0.19572240341331237,-0.5936640413034732,1.3643677060120782,-0.3548550347915653,-0.3920431479989644,-0.30443951637078004,-0.33819838229629123,-0.433204919698084,0.09327165408054394,-0.2280218528058249,-0.15637738242457883,-0.45463004413499203,-0.3483323914514856,-0.6104668196698899,-0.1532843929904657,-0.3284730634346309,-0.5156354596845208,-0.502132849085679,-0.5888813574118151,-0.1231429760275178,0.9922892554247171,-0.6366822402959702,1.0,0.0,0.0,0.0,0.0,0.0,0.0,1.0,0.0,0.0,0.0,0.0,0.0,0.0
390,0.33707261615084116,-0.5936640413034732,1.4153182165286202,-0.3548550347915653,-0.3920431479989644,-0.30443951637078004,-0.33819838229629123,-0.433204919698084,0.35801790260105726,-0.2280218528058249,-0.24064372496579142,-0.45463004413499203,-0.15534648987898064,-0.6104668196698899,-0.1532843929904657,-0.3284730634346309,-0.5156354596845208,-0.502132849085679,-0.5888813574118151,-0.1231429760275178,-0.34415229548463455,1.3311960045212636,1.0,0.0,0.0,0.0,0.0,0.0,0.0,1.0,0.0,0.0,0.0,0.0,0.0,0.0
392,0.33707261615084116,-0.5936640413034732,1.4153182165286202,-0.3548550347915653,-0.3920431479989644,-0.30443951637078004,-0.33819838229629123,-0.433204919698084,0.35801790260105726,-0.2280218528058249,-0.24064372496579142,-0.45463004413499203,-0.15534648987898064,-0.6104668196698899,-0.1532843929904657,-0.3284730634346309,-0.5156354596845208,-0.502132849085679,-0.5888813574118151,-0.1231429760275178,0.9922892554247171,-0.6366822402959702,1.0,0.0,0.0,0.0,0.0,0.0,0.0,1.0,0.0,0.0,0.0,0.0,0.0,0.0
393,0.007255453096607299,0.05884853700470562,-1.386959861881194,-0.6194011810607959,-0.7139186343225619,-0.30443951637078004,-0.33819838229629123,-0.433204919698084,-0.1632800677000487,-0.2280218528058249,-0.12126640636574022,-0.267917696495342,-0.31214753490664093,-0.6104668196698899,-0.1532843929904657,-0.345595595464734,-0.5156354596845208,-0.502132849085679,-0.5888813574118151,-0.1231429760275178,-0.34415229548463455,1.3311960045212636,1.0,0.0,0.0,0.0,0.0,0.0,0.0,1.0,0.0,0.0,0.0,0.0,0.0,0.0
395,0.007255453096607299,0.05884853700470562,-1.386959861881194,-0.6194011810607959,-0.7139186343225619,-0.30443951637078004,-0.33819838229629123,-0.433204919698084,-0.1632800677000487,-0.2280218528058249,-0.12126640636574022,-0.267917696495342,-0.31214753490664093,-0.6104668196698899,-0.1532843929904657,-0.345595595464734,-0.5156354596845208,-0.502132849085679,-0.5888813574118151,-0.1231429760275178,0.9922892554247171,-0.6366822402959702,1.0,0.0,0.0,0.0,0.0,0.0,0.0,1.0,0.0,0.0,0.0,0.0,0.0,0.0
396,0.007255453096607299,-0.013652860585091712,-1.386959861881194,-0.3548550347915653,-0.6334497627416625,-0.30443951637078004,-0.33819838229629123,-0.433204919698084,-0.1632800677000487,-0.2280218528058249,-0.10019982073043707,-0.22483023165542274,-0.2759626783617962,-0.6104668196698899,-0.1532843929904657,0.4591634099501116,-0.5156354596845208,-0.502132849085679,-0.5888813574118151,-0.1231429760275178,-0.34415229548463455,1.3311960045212636,1.0,0.0,0.0,0.0,0.0,0.0,0.0,1.0,0.0,0.0,0.0,0.0,0.0,0.0
398,0.007255453096607299,-0.013652860585091712,-1.386959861881194,-0.3548550347915653,-0.6334497627416625,-0.30443951637078004,-0.33819838229629123,-0.433204919698084,-0.1632800677000487,-0.2280218528058249,-0.10019982073043707,-0.22483023165542274,-0.2759626783617962,-0.6104668196698899,-0.1532843929904657,0.4591634099501116,-0.5156354596845208,-0.502132849085679,-0.5888813574118151,-0.1231429760275178,0.9922892554247171,-0.6366822402959702,1.0,0.0,0.0,0.0,0.0,0.0,0.0,1.0,0.0,0.0,0.0,0.0,0.0,0.0
399,0.10148892825495984,-0.08615425817488943,-1.4379103723977362,-0.3548550347915653,-0.6334497627416625,-0.30443951637078004,-0.33819838229629123,-0.433204919698084,-0.1632800677000487,-0.2280218528058249,-0.11424421115397251,-0.21046774337544966,-0.21565458412038843,-0.6104668196698899,-0.1532843929904657,1.1440646911542356,-0.5156354596845208,-0.502132849085679,-0.5888813574118151,-0.1231429760275178,-0.34415229548463455,1.3311960045212636,1.0,0.0,0.0,0.0,0.0,0.0,0.0,1.0,0.0,0.0,0.0,0.0,0.0,0.0
401,0.10148892825495984,-0.08615425817488943,-1.4379103723977362,-0.3548550347915653,-0.6334497627416625,-0.30443951637078004,-0.33819838229629123,-0.433204919698084,-0.1632800677000487,-0.2280218528058249,-0.11424421115397251,-0.21046774337544966,-0.21565458412038843,-0.6104668196698899,-0.1532843929904657,1.1440646911542356,-0.5156354596845208,-0.502132849085679,-0.5888813574118151,-0.1231429760275178,0.9922892554247171,-0.6366822402959702,1.0,0.0,0.0,0.0,0.0,0.0,0.0,1.0,0.0,0.0,0.0,0.0,0.0,0.0
402,-0.13409475964092085,-0.08615425817488943,-1.386959861881194,-0.3548550347915653,-0.7139186343225619,-0.30443951637078004,-0.33819838229629123,-0.433204919698084,-0.1607586748569962,-0.2280218528058249,-0.226599334542256,-0.21046774337544966,-0.21565458412038843,-0.6104668196698899,-0.1532843929904657,2.719337637923721,-0.5156354596845208,-0.502132849085679,-0.5888813574118151,-0.1231429760275178,-0.34415229548463455,1.3311960045212636,1.0,0.0,0.0,0.0,0.0,0.0,0.0,1.0,0.0,0.0,0.0,0.0,0.0,0.0
404,-0.13409475964092085,-0.08615425817488943,-1.386959861881194,-0.3548550347915653,-0.7139186343225619,-0.30443951637078004,-0.33819838229629123,-0.433204919698084,-0.1607586748569962,-0.2280218528058249,-0.226599334542256,-0.21046774337544966,-0.21565458412038843,-0.6104668196698899,-0.1532843929904657,2.719337637923721,-0.5156354596845208,-0.502132849085679,-0.5888813574118151,-0.1231429760275178,0.9922892554247171,-0.6366822402959702,1.0,0.0,0.0,0.0,0.0,0.0,0.0,1.0,0.0,0.0,0.0,0.0,0.0,0.0
405,0.05437219067578356,-0.08615425817488943,-1.386959861881194,-0.22258196165695007,-0.5529808911607631,-0.30443951637078004,-0.33819838229629123,-0.433204919698084,-0.1632800677000487,-0.2280218528058249,0.10344384041082676,-0.25355520821536887,0.08588588708665057,-0.6104668196698899,-0.1532843929904657,5.664413147101454,-0.5156354596845208,-0.502132849085679,-0.5888813574118151,-0.1231429760275178,-0.34415229548463455,1.3311960045212636,1.0,0.0,0.0,0.0,0.0,0.0,0.0,1.0,0.0,0.0,0.0,0.0,0.0,0.0
407,0.05437219067578356,-0.08615425817488943,-1.386959861881194,-0.22258196165695007,-0.5529808911607631,-0.30443951637078004,-0.33819838229629123,-0.433204919698084,-0.1632800677000487,-0.2280218528058249,0.10344384041082676,-0.25355520821536887,0.08588588708665057,-0.6104668196698899,-0.1532843929904657,5.664413147101454,-0.5156354596845208,-0.502132849085679,-0.5888813574118151,-0.1231429760275178,0.9922892554247171,-0.6366822402959702,1.0,0.0,0.0,0.0,0.0,0.0,0.0,1.0,0.0,0.0,0.0,0.0,0.0,0.0
408,0.19572240341331237,0.05884853700470562,-0.4189001620668945,-0.3548550347915653,-0.6334497627416625,-0.30443951637078004,-0.33819838229629123,-0.433204919698084,-0.16264971948928555,-0.2280218528058249,-0.3249100675070041,-0.22483023165542274,-0.33627077260320404,-0.6104668196698899,-0.1532843929904657,-0.345595595464734,-0.5156354596845208,-0.502132849085679,-0.5888813574118151,-0.1231429760275178,-0.34415229548463455,1.3311960045212636,1.0,0.0,0.0,0.0,0.0,0.0,0.0,1.0,0.0,0.0,0.0,0.0,0.0,0.0
410,0.19572240341331237,0.05884853700470562,-0.4189001620668945,-0.3548550347915653,-0.6334497627416625,-0.30443951637078004,-0.33819838229629123,-0.433204919698084,-0.16264971948928555,-0.2280218528058249,-0.3249100675070041,-0.22483023165542274,-0.33627077260320404,-0.6104668196698899,-0.1532843929904657,-0.345595595464734,-0.5156354596845208,-0.502132849085679,-0.5888813574118151,-0.1231429760275178,0.9922892554247171,-0.6366822402959702,1.0,0.0,0.0,0.0,0.0,0.0,0.0,1.0,0.0,0.0,0.0,0.0,0.0,0.0
411,0.24283914099248863,0.05884853700470562,-0.4189001620668945,-0.3548550347915653,-0.6334497627416625,-0.30443951637078004,-0.33819838229629123,-0.433204919698084,-0.16264971948928555,-0.2280218528058249,-0.5425981190718033,-0.29664267305528813,-0.23977782181695156,-0.6104668196698899,-0.1532843929904657,0.4591634099501116,-0.5156354596845208,-0.502132849085679,-0.5888813574118151,-0.1231429760275178,-0.34415229548463455,1.3311960045212636,1.0,0.0,0.0,0.0,0.0,0.0,0.0,1.0,0.0,0.0,0.0,0.0,0.0,0.0
413,0.24283914099248863,0.05884853700470562,-0.4189001620668945,-0.3548550347915653,-0.6334497627416625,-0.30443951637078004,-0.33819838229629123,-0.433204919698084,-0.16264971948928555,-0.2280218528058249,-0.5425981190718033,-0.29664267305528813,-0.23977782181695156,-0.6104668196698899,-0.1532843929904657,0.4591634099501116,-0.5156354596845208,-0.502132849085679,-0.5888813574118151,-0.1231429760275178,0.9922892554247171,-0.6366822402959702,1.0,0.0,0.0,0.0,0.0,0.0,0.0,1.0,0.0,0.0,0.0,0.0,0.0,0.0
414,0.05437219067578356,-0.013652860585091712,-0.46985067258343666,-0.3548550347915653,-0.5529808911607631,-0.30443951637078004,-0.33819838229629123,-0.433204919698084,-0.16201937127852245,-0.2280218528058249,-0.1493551872128111,-0.2822801847753151,-0.20359296527210688,-0.6104668196698899,-0.1532843929904657,1.383780139575679,-0.5156354596845208,-0.502132849085679,-0.5888813574118151,-0.1231429760275178,-0.34415229548463455,1.3311960045212636,1.0,0.0,0.0,0.0,0.0,0.0,0.0,1.0,0.0,0.0,0.0,0.0,0.0,0.0
416,0.05437219067578356,-0.013652860585091712,-0.46985067258343666,-0.3548550347915653,-0.5529808911607631,-0.30443951637078004,-0.33819838229629123,-0.433204919698084,-0.16201937127852245,-0.2280218528058249,-0.1493551872128111,-0.2822801847753151,-0.20359296527210688,-0.6104668196698899,-0.1532843929904657,1.383780139575679,-0.5156354596845208,-0.502132849085679,-0.5888813574118151,-0.1231429760275178,0.9922892554247171,-0.6366822402959702,1.0,0.0,0.0,0.0,0.0,0.0,0.0,1.0,0.0,0.0,0.0,0.0,0.0,0.0
420,0.10148892825495984,-0.013652860585091712,-0.4189001620668945,-0.3548550347915653,-0.5529808911607631,-0.30443951637078004,-0.33819838229629123,-0.433204919698084,-0.16201937127852245,-0.2280218528058249,-0.19851055369518514,-0.2822801847753151,-0.2880242972100778,-0.6104668196698899,-0.1532843929904657,6.383559492365785,-0.5156354596845208,-0.502132849085679,-0.5888813574118151,-0.1231429760275178,-0.34415229548463455,1.3311960045212636,1.0,0.0,0.0,0.0,0.0,0.0,0.0,1.0,0.0,0.0,0.0,0.0,0.0,0.0
422,0.10148892825495984,-0.013652860585091712,-0.4189001620668945,-0.3548550347915653,-0.5529808911607631,-0.30443951637078004,-0.33819838229629123,-0.433204919698084,-0.16201937127852245,-0.2280218528058249,-0.19851055369518514,-0.2822801847753151,-0.2880242972100778,-0.6104668196698899,-0.1532843929904657,6.383559492365785,-0.5156354596845208,-0.502132849085679,-0.5888813574118151,-0.1231429760275178,0.9922892554247171,-0.6366822402959702,1.0,0.0,0.0,0.0,0.0,0.0,0.0,1.0,0.0,0.0,0.0,0.0,0.0,0.0
423,0.19572240341331237,-0.2311570533544849,0.37083275093950785,-0.3548550347915653,-0.6334497627416625,-0.30443951637078004,-0.33819838229629123,-0.433204919698084,-0.16264971948928555,-0.2280218528058249,-0.1844661632716497,-0.267917696495342,-0.2759626783617962,-0.6104668196698899,-0.1532843929904657,-0.32162405062258964,-0.5156354596845208,-0.502132849085679,-0.5888813574118151,-0.1231429760275178,-0.34415229548463455,1.3311960045212636,1.0,0.0,0.0,0.0,0.0,0.0,0.0,1.0,0.0,0.0,0.0,0.0,0.0,0.0
425,0.19572240341331237,-0.2311570533544849,0.37083275093950785,-0.3548550347915653,-0.6334497627416625,-0.30443951637078004,-0.33819838229629123,-0.433204919698084,-0.16264971948928555,-0.2280218528058249,-0.1844661632716497,-0.267917696495342,-0.2759626783617962,-0.6104668196698899,-0.1532843929904657,-0.32162405062258964,-0.5156354596845208,-0.502132849085679,-0.5888813574118151,-0.1231429760275178,0.9922892554247171,-0.6366822402959702,1.0,0.0,0.0,0.0,0.0,0.0,0.0,1.0,0.0,0.0,0.0,0.0,0.0,0.0
426,0.2899558785716649,-0.08615425817488943,0.4727337719725921,-0.3548550347915653,-0.5529808911607631,-0.30443951637078004,-0.33819838229629123,-0.433204919698084,-0.16264971948928555,-0.2280218528058249,-0.19851055369518514,-0.3253676496152343,-0.07091515794100971,-0.6104668196698899,-0.1532843929904657,0.35642821776949307,-0.5156354596845208,-0.502132849085679,-0.5888813574118151,-0.1231429760275178,-0.34415229548463455,1.3311960045212636,1.0,0.0,0.0,0.0,0.0,0.0,0.0,1.0,0.0,0.0,0.0,0.0,0.0,0.0
428,0.2899558785716649,-0.08615425817488943,0.4727337719725921,-0.3548550347915653,-0.5529808911607631,-0.30443951637078004,-0.33819838229629123,-0.433204919698084,-0.16264971948928555,-0.2280218528058249,-0.19851055369518514,-0.3253676496152343,-0.07091515794100971,-0.6104668196698899,-0.1532843929904657,0.35642821776949307,-0.5156354596845208,-0.502132849085679,-0.5888813574118151,-0.1231429760275178,0.9922892554247171,-0.6366822402959702,1.0,0.0,0.0,0.0,0.0,0.0,0.0,1.0,0.0,0.0,0.0,0.0,0.0,0.0
429,0.1486056658341361,-0.3036584509442826,0.44725851671432104,-0.22258196165695007,-0.5529808911607631,-0.30443951637078004,-0.33819838229629123,-0.433204919698084,-0.16264971948928555,-0.2280218528058249,-0.5285537286482679,-0.3397301378952074,-0.22771620296866998,-0.6104668196698899,-0.1532843929904657,1.2467998833348541,-0.5156354596845208,-0.502132849085679,-0.5888813574118151,-0.1231429760275178,-0.34415229548463455,1.3311960045212636,1.0,0.0,0.0,0.0,0.0,0.0,0.0,1.0,0.0,0.0,0.0,0.0,0.0,0.0
431,0.1486056658341361,-0.3036584509442826,0.44725851671432104,-0.22258196165695007,-0.5529808911607631,-0.30443951637078004,-0.33819838229629123,-0.433204919698084,-0.16264971948928555,-0.2280218528058249,-0.5285537286482679,-0.3397301378952074,-0.22771620296866998,-0.6104668196698899,-0.1532843929904657,1.2467998833348541,-0.5156354596845208,-0.502132849085679,-0.5888813574118151,-0.1231429760275178,0.9922892554247171,-0.6366822402959702,1.0,0.0,0.0,0.0,0.0,0.0,0.0,1.0,0.0,0.0,0.0,0.0,0.0,0.0
432,0.19572240341331237,-0.013652860585091712,0.5236842824891337,-0.3548550347915653,-0.4725120195798638,-0.30443951637078004,-0.33819838229629123,-0.433204919698084,-0.16264971948928555,-0.2280218528058249,-0.2546881153893269,-0.35409262617518045,-0.04679192024444659,-0.6104668196698899,-0.1532843929904657,2.753582701983927,-0.5156354596845208,-0.502132849085679,-0.5888813574118151,-0.1231429760275178,-0.34415229548463455,1.3311960045212636,1.0,0.0,0.0,0.0,0.0,0.0,0.0,1.0,0.0,0.0,0.0,0.0,0.0,0.0
434,0.19572240341331237,-0.013652860585091712,0.5236842824891337,-0.3548550347915653,-0.4725120195798638,-0.30443951637078004,-0.33819838229629123,-0.433204919698084,-0.16264971948928555,-0.2280218528058249,-0.2546881153893269,-0.35409262617518045,-0.04679192024444659,-0.6104668196698899,-0.1532843929904657,2.753582701983927,-0.5156354596845208,-0.502132849085679,-0.5888813574118151,-0.1231429760275178,0.9922892554247171,-0.6366822402959702,1.0,0.0,0.0,0.0,0.0,0.0,0.0,1.0,0.0,0.0,0.0,0.0,0.0,0.0
438,0.1486056658341361,-0.37615984853408035,1.4153182165286202,-0.22258196165695007,-0.5529808911607631,-0.30443951637078004,-0.33819838229629123,-0.433204919698084,-0.16264971948928555,-0.2280218528058249,-0.21255494411872056,-0.31100516133526124,-0.1312232521824175,-0.6104668196698899,-0.1532843929904657,-0.3421710890587134,-0.5156354596845208,-0.502132849085679,-0.5888813574118151,-0.1231429760275178,-0.34415229548463455,1.3311960045212636,1.0,0.0,0.0,0.0,0.0,0.0,0.0,1.0,0.0,0.0,0.0,0.0,0.0,0.0
440,0.1486056658341361,-0.37615984853408035,1.4153182165286202,-0.22258196165695007,-0.5529808911607631,-0.30443951637078004,-0.33819838229629123,-0.433204919698084,-0.16264971948928555,-0.2280218528058249,-0.21255494411872056,-0.31100516133526124,-0.1312232521824175,-0.6104668196698899,-0.1532843929904657,-0.3421710890587134,-0.5156354596845208,-0.502132849085679,-0.5888813574118151,-0.1231429760275178,0.9922892554247171,-0.6366822402959702,1.0,0.0,0.0,0.0,0.0,0.0,0.0,1.0,0.0,0.0,0.0,0.0,0.0,0.0
441,0.19572240341331237,-0.15865565576468718,1.4917439823034335,-0.3548550347915653,-0.5529808911607631,-0.30443951637078004,-0.33819838229629123,-0.433204919698084,-0.16264971948928555,-0.2280218528058249,-0.19148835848341741,-0.36845511445515355,-0.1674081087272622,-0.6104668196698899,-0.1532843929904657,0.49340847401031784,-0.5156354596845208,-0.502132849085679,-0.5888813574118151,-0.1231429760275178,-0.34415229548463455,1.3311960045212636,1.0,0.0,0.0,0.0,0.0,0.0,0.0,1.0,0.0,0.0,0.0,0.0,0.0,0.0
443,0.19572240341331237,-0.15865565576468718,1.4917439823034335,-0.3548550347915653,-0.5529808911607631,-0.30443951637078004,-0.33819838229629123,-0.433204919698084,-0.16264971948928555,-0.2280218528058249,-0.19148835848341741,-0.36845511445515355,-0.1674081087272622,-0.6104668196698899,-0.1532843929904657,0.49340847401031784,-0.5156354596845208,-0.502132849085679,-0.5888813574118151,-0.1231429760275178,0.9922892554247171,-0.6366822402959702,1.0,0.0,0.0,0.0,0.0,0.0,0.0,1.0,0.0,0.0,0.0,0.0,0.0,0.0
444,0.24283914099248863,-0.3036584509442826,1.4662687270451624,-0.3548550347915653,-0.4725120195798638,-0.30443951637078004,-0.33819838229629123,-0.433204919698084,-0.16264971948928555,-0.2280218528058249,-0.08615543030690163,-0.35409262617518045,0.08588588708665057,-0.6104668196698899,-0.1532843929904657,1.212554819274648,-0.5156354596845208,-0.502132849085679,-0.5888813574118151,-0.1231429760275178,-0.34415229548463455,1.3311960045212636,1.0,0.0,0.0,0.0,0.0,0.0,0.0,1.0,0.0,0.0,0.0,0.0,0.0,0.0
446,0.24283914099248863,-0.3036584509442826,1.4662687270451624,-0.3548550347915653,-0.4725120195798638,-0.30443951637078004,-0.33819838229629123,-0.433204919698084,-0.16264971948928555,-0.2280218528058249,-0.08615543030690163,-0.35409262617518045,0.08588588708665057,-0.6104668196698899,-0.1532843929904657,1.212554819274648,-0.5156354596845208,-0.502132849085679,-0.5888813574118151,-0.1231429760275178,0.9922892554247171,-0.6366822402959702,1.0,0.0,0.0,0.0,0.0,0.0,0.0,1.0,0.0,0.0,0.0,0.0,0.0,0.0
447,0.19572240341331237,-0.37615984853408035,1.4917439823034335,-0.22258196165695007,-0.31157427641806507,-0.30443951637078004,-0.33819838229629123,-0.433204919698084,-0.16264971948928555,-0.2280218528058249,-0.09317762551866936,-0.36845511445515355,-0.07091515794100971,-0.6104668196698899,-0.1532843929904657,2.719337637923721,-0.5156354596845208,-0.502132849085679,-0.5888813574118151,-0.1231429760275178,-0.34415229548463455,1.3311960045212636,1.0,0.0,0.0,0.0,0.0,0.0,0.0,1.0,0.0,0.0,0.0,0.0,0.0,0.0
449,0.19572240341331237,-0.37615984853408035,1.4917439823034335,-0.22258196165695007,-0.31157427641806507,-0.30443951637078004,-0.33819838229629123,-0.433204919698084,-0.16264971948928555,-0.2280218528058249,-0.09317762551866936,-0.36845511445515355,-0.07091515794100971,-0.6104668196698899,-0.1532843929904657,2.719337637923721,-0.5156354596845208,-0.502132849085679,-0.5888813574118151,-0.1231429760275178,0.9922892554247171,-0.6366822402959702,1.0,0.0,0.0,0.0,0.0,0.0,0.0,1.0,0.0,0.0,0.0,0.0,0.0,0.0
450,0.2899558785716649,-0.37615984853408035,1.5426944928199755,-0.4871281079261806,-0.4725120195798638,-0.30443951637078004,-0.33819838229629123,-0.433204919698084,-0.16264971948928555,-0.2280218528058249,-0.27575470102463,-0.3397301378952074,0.025577792845242774,-0.6104668196698899,-0.1532843929904657,5.767148339282072,-0.5156354596845208,-0.502132849085679,-0.5888813574118151,-0.1231429760275178,-0.34415229548463455,1.3311960045212636,1.0,0.0,0.0,0.0,0.0,0.0,0.0,1.0,0.0,0.0,0.0,0.0,0.0,0.0
452,0.2899558785716649,-0.37615984853408035,1.5426944928199755,-0.4871281079261806,-0.4725120195798638,-0.30443951637078004,-0.33819838229629123,-0.433204919698084,-0.16264971948928555,-0.2280218528058249,-0.27575470102463,-0.3397301378952074,0.025577792845242774,-0.6104668196698899,-0.1532843929904657,5.767148339282072,-0.5156354596845208,-0.502132849085679,-0.5888813574118151,-0.1231429760275178,0.9922892554247171,-0.6366822402959702,1.0,0.0,0.0,0.0,0.0,0.0,0.0,1.0,0.0,0.0,0.0,0.0,0.0,0.0
453,-0.511028660274331,-0.8836696316626639,-0.03677133319282915,-0.3548550347915653,-0.5529808911607631,-0.30443951637078004,-0.33819838229629123,-0.433204919698084,-0.16264971948928555,-0.2280218528058249,-0.8094415371189766,-0.25355520821536887,0.20650207556946618,-0.40670670367007405,-0.1532843929904657,-0.345595595464734,-0.4614242122529206,0.9547077524344754,0.31084949934017864,-0.1231429760275178,-0.34415229548463455,1.3311960045212636,0.0,0.0,0.0,1.0,0.0,0.0,0.0,1.0,0.0,0.0,0.0,0.0,0.0,0.0
455,-0.6052621354326835,-0.6661654388932708,0.014179177323712972,-0.22258196165695007,-0.4725120195798638,-0.30443951637078004,-0.33819838229629123,-0.433204919698084,-0.16264971948928555,-0.2280218528058249,-0.6479310472483191,-0.25355520821536887,0.08588588708665057,-0.40670670367007405,-0.1532843929904657,-0.345595595464734,-0.4614242122529206,0.9547077524344754,0.31084949934017864,-0.1231429760275178,-0.34415229548463455,1.3311960045212636,0.0,0.0,0.0,1.0,0.0,0.0,0.0,1.0,0.0,0.0,0.0,0.0,0.0,0.0
456,-0.511028660274331,-0.2311570533544849,0.14155545361506827,-0.22258196165695007,-0.3920431479989644,-0.30443951637078004,-0.33819838229629123,-0.433204919698084,-0.16264971948928555,-0.2280218528058249,-0.5566425094953388,-0.25355520821536887,0.08588588708665057,-0.40670670367007405,-0.1532843929904657,-0.345595595464734,-0.4614242122529206,0.9547077524344754,0.31084949934017864,-0.1231429760275178,-0.34415229548463455,1.3311960045212636,0.0,0.0,0.0,1.0,0.0,0.0,0.0,1.0,0.0,0.0,0.0,0.0,0.0,0.0
458,-1.1235462488036219,-0.013652860585091712,0.5236842824891337,-0.4871281079261806,-0.4725120195798638,-0.30443951637078004,-0.33819838229629123,-0.433204919698084,-0.16264971948928555,-0.2280218528058249,-0.7462417802130671,-0.25355520821536887,-0.4568869610860196,-0.40670670367007405,-0.1532843929904657,-0.345595595464734,-0.4614242122529206,0.9547077524344754,-0.5888813574118151,-0.1231429760275178,-0.34415229548463455,1.3311960045212636,1.0,0.0,0.0,0.0,0.0,0.0,0.0,1.0,0.0,0.0,0.0,0.0,0.0,0.0
459,-1.170662986382798,-0.2311570533544849,0.3963080061977789,-0.22258196165695007,-0.3920431479989644,-0.30443951637078004,-0.33819838229629123,-0.433204919698084,-0.16264971948928555,-0.2280218528058249,-0.5215315334365002,-0.25355520821536887,-0.33627077260320404,-0.40670670367007405,-0.1532843929904657,-0.345595595464734,-0.4614242122529206,0.9547077524344754,-0.5888813574118151,-0.1231429760275178,-0.34415229548463455,1.3311960045212636,1.0,0.0,0.0,0.0,0.0,0.0,0.0,1.0,0.0,0.0,0.0,0.0,0.0,0.0
460,-1.170662986382798,0.13134993459450334,0.29440698516469466,-0.3548550347915653,-0.4725120195798638,-0.30443951637078004,-0.33819838229629123,-0.433204919698084,-0.16264971948928555,-0.2280218528058249,-0.31086567708346863,-0.25355520821536887,-0.39657886684461185,-0.40670670367007405,-0.1532843929904657,-0.345595595464734,-0.4614242122529206,0.9547077524344754,-0.5888813574118151,-0.1231429760275178,-0.34415229548463455,1.3311960045212636,1.0,0.0,0.0,0.0,0.0,0.0,0.0,1.0,0.0,0.0,0.0,0.0,0.0,0.0
461,-0.6523788730118598,-0.37615984853408035,0.7784368350718442,-0.22258196165695007,0.3321766962291301,-0.30443951637078004,-0.33819838229629123,-0.433204919698084,-0.16264971948928555,-0.2280218528058249,-0.9849964174131696,-0.25355520821536887,0.08588588708665057,-0.40670670367007405,-0.1532843929904657,-0.345595595464734,-0.4614242122529206,0.9547077524344754,-0.5888813574118151,-0.1231429760275178,-0.34415229548463455,1.3311960045212636,1.0,0.0,0.0,0.0,0.0,0.0,0.0,1.0,0.0,0.0,0.0,0.0,0.0,0.0
462,-1.0293127736452696,-0.2311570533544849,1.1605656639459097,-0.6194011810607959,0.25170782464823066,-0.30443951637078004,-0.33819838229629123,-0.433204919698084,-0.16264971948928555,-0.2280218528058249,-0.8094415371189766,-0.25355520821536887,-0.5171950553274275,-0.40670670367007405,-0.1532843929904657,-0.345595595464734,-0.4614242122529206,0.9547077524344754,-0.5888813574118151,-0.1231429760275178,-0.34415229548463455,1.3311960045212636,1.0,0.0,0.0,0.0,0.0,0.0,0.0,1.0,0.0,0.0,0.0,0.0,0.0,0.0
463,-0.1812114972200971,1.3638736936210638,-0.03677133319282915,-0.22258196165695007,0.09077008148643188,-0.30443951637078004,-0.33819838229629123,-0.433204919698084,-0.16264971948928555,-0.2280218528058249,-0.5636647047071065,-0.25355520821536887,0.20650207556946618,-0.40670670367007405,-0.1532843929904657,-0.345595595464734,-0.4614242122529206,0.9547077524344754,-0.5888813574118151,-0.1231429760275178,-0.34415229548463455,1.3311960045212636,1.0,0.0,0.0,0.0,0.0,0.0,0.0,1.0,0.0,0.0,0.0,0.0,0.0,0.0
465,-1.4062466742786794,-0.3036584509442826,-1.259583585589839,-0.4871281079261806,-0.4725120195798638,-0.30443951637078004,-0.33819838229629123,-0.433204919698084,-0.16264971948928555,-0.2280218528058249,-0.13531079678927566,-0.25355520821536887,-0.2518394406652331,-0.40670670367007405,-0.1532843929904657,-0.345595595464734,-0.5156354596845208,-0.502132849085679,-0.5888813574118151,-0.1231429760275178,0.9922892554247171,-0.6366822402959702,1.0,0.0,0.0,0.0,0.0,0.0,0.0,1.0,0.0,0.0,0.0,0.0,0.0,0.0
472,-1.4533634118578553,-0.2311570533544849,-0.5208011830999788,-0.4871281079261806,-0.4725120195798638,-0.30443951637078004,-0.33819838229629123,-0.433204919698084,-0.16264971948928555,-0.2280218528058249,-0.13531079678927566,-0.25355520821536887,-0.2518394406652331,-0.40670670367007405,-0.1532843929904657,-0.345595595464734,-0.5156354596845208,-0.502132849085679,-0.5888813574118151,-0.1231429760275178,0.9922892554247171,-0.6366822402959702,1.0,0.0,0.0,0.0,0.0,0.0,0.0,1.0,0.0,0.0,0.0,0.0,0.0,0.0
479,-1.3120131991203268,-0.2311570533544849,0.5236842824891337,-0.6194011810607959,-0.4725120195798638,-0.30443951637078004,-0.33819838229629123,-0.433204919698084,-0.16264971948928555,-0.2280218528058249,-0.13531079678927566,-0.25355520821536887,-0.2518394406652331,-0.40670670367007405,-0.1532843929904657,-0.345595595464734,-0.5156354596845208,-0.502132849085679,-0.5888813574118151,-0.1231429760275178,0.9922892554247171,-0.6366822402959702,1.0,0.0,0.0,0.0,0.0,0.0,0.0,1.0,0.0,0.0,0.0,0.0,0.0,0.0
486,-1.3120131991203268,-0.37615984853408035,1.64459551385306,-0.6194011810607959,-0.3920431479989644,-0.30443951637078004,-0.33819838229629123,-0.433204919698084,-0.16264971948928555,-0.2280218528058249,-0.13531079678927566,-0.25355520821536887,-0.2518394406652331,-0.40670670367007405,-0.1532843929904657,-0.345595595464734,-0.5156354596845208,-0.502132849085679,-0.5888813574118151,-0.1231429760275178,0.9922892554247171,-0.6366822402959702,1.0,0.0,0.0,0.0,0.0,0.0,0.0,1.0,0.0,0.0,0.0,0.0,0.0,0.0
493,-0.6994956105910357,-0.08615425817488943,-1.4124351171394651,-0.3548550347915653,-0.4725120195798638,-0.30443951637078004,-0.33819838229629123,-0.433204919698084,-0.16264971948928555,-0.2280218528058249,-0.13531079678927566,-0.25355520821536887,-0.2518394406652331,-0.40670670367007405,-0.1532843929904657,-0.345595595464734,-0.5156354596845208,-0.502132849085679,-0.5888813574118151,-0.1231429760275178,0.9922892554247171,-0.6366822402959702,1.0,0.0,0.0,0.0,0.0,0.0,0.0,1.0,0.0,0.0,0.0,0.0,0.0,0.0
506,-0.3225617099576259,0.05884853700470562,0.44725851671432104,-0.3548550347915653,-0.3920431479989644,-0.30443951637078004,-0.33819838229629123,-0.433204919698084,-0.16264971948928555,-0.2280218528058249,-0.13531079678927566,-0.25355520821536887,-0.2518394406652331,-0.40670670367007405,-0.1532843929904657,-0.345595595464734,-0.5156354596845208,-0.502132849085679,-0.5888813574118151,-0.1231429760275178,0.9922892554247171,-0.6366822402959702,1.0,0.0,0.0,0.0,0.0,0.0,0.0,1.0,0.0,0.0,0.0,0.0,0.0,0.0
513,0.05437219067578356,0.13134993459450334,1.5681697480782466,-0.22258196165695007,-0.3920431479989644,-0.30443951637078004,-0.33819838229629123,-0.433204919698084,-0.16264971948928555,-0.2280218528058249,-0.13531079678927566,-0.25355520821536887,-0.2518394406652331,-0.40670670367007405,-0.1532843929904657,-0.345595595464734,-0.5156354596845208,-0.502132849085679,-0.5888813574118151,-0.1231429760275178,0.9922892554247171,-0.6366822402959702,1.0,0.0,0.0,0.0,0.0,0.0,0.0,1.0,0.0,0.0,0.0,0.0,0.0,0.0
520,0.7611232543634269,0.05884853700470562,-1.2850588408481098,-0.22258196165695007,-0.3920431479989644,-0.30443951637078004,-0.33819838229629123,-0.433204919698084,-0.16264971948928555,-0.2280218528058249,-0.13531079678927566,-0.25355520821536887,-0.2518394406652331,-0.40670670367007405,-0.1532843929904657,-0.345595595464734,-0.5156354596845208,-0.502132849085679,-0.5888813574118151,-0.1231429760275178,0.9922892554247171,-0.6366822402959702,1.0,0.0,0.0,0.0,0.0,0.0,0.0,1.0,0.0,0.0,0.0,0.0,0.0,0.0
527,1.0438236798384846,0.13134993459450334,-0.3424743962920813,-0.3548550347915653,-0.3920431479989644,-0.30443951637078004,-0.33819838229629123,-0.433204919698084,-0.16264971948928555,-0.2280218528058249,-0.13531079678927566,-0.25355520821536887,-0.2518394406652331,-0.40670670367007405,-0.1532843929904657,-0.345595595464734,-0.5156354596845208,-0.502132849085679,-0.5888813574118151,-0.1231429760275178,0.9922892554247171,-0.6366822402959702,1.0,0.0,0.0,0.0,0.0,0.0,0.0,1.0,0.0,0.0,0.0,0.0,0.0,0.0
534,0.7140065167842506,-0.013652860585091712,0.37083275093950785,-0.22258196165695007,-0.4725120195798638,-0.30443951637078004,-0.33819838229629123,-0.433204919698084,-0.16264971948928555,-0.2280218528058249,-0.13531079678927566,-0.25355520821536887,-0.2518394406652331,-0.40670670367007405,-0.1532843929904657,-0.345595595464734,-0.5156354596845208,-0.502132849085679,-0.5888813574118151,-0.1231429760275178,0.9922892554247171,-0.6366822402959702,1.0,0.0,0.0,0.0,0.0,0.0,0.0,1.0,0.0,0.0,0.0,0.0,0.0,0.0
548,3.6823609842723526,0.13134993459450334,-1.4124351171394651,-0.22258196165695007,-0.3920431479989644,-0.30443951637078004,-0.33819838229629123,-0.433204919698084,-0.16264971948928555,-0.2280218528058249,-0.13531079678927566,-0.25355520821536887,-0.2518394406652331,-0.40670670367007405,-0.1532843929904657,-0.345595595464734,-0.5156354596845208,-0.502132849085679,-0.5888813574118151,-0.1231429760275178,0.9922892554247171,-0.6366822402959702,1.0,0.0,0.0,0.0,0.0,0.0,0.0,1.0,0.0,0.0,0.0,0.0,0.0,0.0
575,0.05437219067578356,-0.08615425817488943,0.6765358140387601,-0.6194011810607959,-0.6334497627416625,-0.30443951637078004,-0.33819838229629123,-0.433204919698084,-0.16264971948928555,-0.2280218528058249,-0.26171031060109456,-0.7275173214544806,-0.15534648987898064,-0.40670670367007405,-0.1532843929904657,-0.345595595464734,-0.5156354596845208,-0.502132849085679,-0.5888813574118151,-0.1231429760275178,-0.34415229548463455,1.3311960045212636,1.0,0.0,0.0,0.0,0.0,0.0,0.0,0.0,0.0,0.0,0.0,0.0,1.0,0.0
583,-0.08697802206174524,0.13134993459450334,0.702011069297031,-0.7516742541954111,-0.5529808911607631,-0.30443951637078004,-0.33819838229629123,-0.433204919698084,-0.16264971948928555,-0.2280218528058249,-0.31788787229523635,-0.49771750897491124,-0.21565458412038843,-0.40670670367007405,-0.1532843929904657,-0.345595595464734,-0.5156354596845208,-0.502132849085679,-0.5888813574118151,-0.1231429760275178,-0.34415229548463455,1.3311960045212636,1.0,0.0,0.0,0.0,0.0,0.0,0.0,0.0,0.0,0.0,0.0,0.0,1.0,0.0
587,-0.5581453978535073,-0.08615425817488943,0.44725851671432104,-0.6194011810607959,-0.5529808911607631,-0.30443951637078004,-0.33819838229629123,-0.433204919698084,-0.16264971948928555,-0.2280218528058249,-0.1844661632716497,-0.41154257929507276,-0.26390105951351467,-0.40670670367007405,-0.1532843929904657,-0.345595595464734,-0.5156354596845208,-0.502132849085679,-0.5888813574118151,-0.1231429760275178,-0.34415229548463455,1.3311960045212636,1.0,0.0,0.0,0.0,0.0,0.0,0.0,0.0,0.0,0.0,0.0,0.0,1.0,0.0
591,-0.13409475964092085,-0.15865565576468718,0.7529615798135733,-0.6194011810607959,-0.5529808911607631,-0.30443951637078004,-0.33819838229629123,-0.433204919698084,-0.16264971948928555,-0.2280218528058249,-0.5074871430129647,-0.02375539573579961,-0.33627077260320404,-0.40670670367007405,-0.1532843929904657,-0.345595595464734,-0.5156354596845208,-0.502132849085679,-0.5888813574118151,-0.1231429760275178,-0.34415229548463455,1.3311960045212636,1.0,0.0,0.0,0.0,0.0,0.0,0.0,0.0,0.0,0.0,0.0,0.0,1.0,0.0
595,-0.2283282347992734,-0.15865565576468718,0.4982090272308626,-0.7516742541954111,-0.6334497627416625,-0.30443951637078004,-0.33819838229629123,-0.433204919698084,-0.16264971948928555,-0.2280218528058249,-0.48642055737766154,0.29221934642360814,-0.3483323914514856,-0.40670670367007405,-0.1532843929904657,-0.345595595464734,-0.5156354596845208,-0.502132849085679,-0.5888813574118151,-0.1231429760275178,-0.34415229548463455,1.3311960045212636,1.0,0.0,0.0,0.0,0.0,0.0,0.0,0.0,0.0,0.0,0.0,0.0,1.0,0.0
603,-0.3696784475368022,0.34885412736389654,0.8803378561049285,-0.6194011810607959,-0.5529808911607631,-0.30443951637078004,-0.33819838229629123,-0.433204919698084,-0.16264971948928555,-0.2280218528058249,-0.6619754376718545,1.1970561080619122,-0.11916163333413594,-0.40670670367007405,-0.1532843929904657,-0.345595595464734,-0.5156354596845208,-0.502132849085679,-0.5888813574118151,-0.1231429760275178,-0.34415229548463455,1.3311960045212636,1.0,0.0,0.0,0.0,0.0,0.0,0.0,0.0,0.0,0.0,0.0,0.0,1.0,0.0
607,-0.13409475964092085,1.0013667056720752,1.1605656639459097,-0.6194011810607959,-0.5529808911607631,-0.30443951637078004,-0.33819838229629123,-0.433204919698084,-0.16264971948928555,-0.2280218528058249,-1.0903293455896854,2.202430287660028,-0.010607063699601908,-0.40670670367007405,-0.1532843929904657,-0.345595595464734,-0.5156354596845208,-0.502132849085679,-0.5888813574118151,-0.1231429760275178,-0.34415229548463455,1.3311960045212636,1.0,0.0,0.0,0.0,0.0,0.0,0.0,0.0,0.0,0.0,0.0,0.0,1.0,0.0
615,0.05437219067578356,0.05884853700470562,-1.4124351171394651,-0.09030888852233492,-0.4725120195798638,-0.30443951637078004,-0.33819838229629123,-0.433204919698084,-0.16359524180543025,-0.2280218528058249,0.18771018295203937,-0.6987923448945343,-0.44482534223773806,-0.6104668196698899,-0.1532843929904657,-0.345595595464734,-0.5156354596845208,-0.502132849085679,-0.5888813574118151,-0.1231429760275178,-0.34415229548463455,1.3311960045212636,1.0,0.0,0.0,0.0,0.0,0.0,0.0,1.0,0.0,0.0,0.0,0.0,0.0,0.0
617,0.05437219067578356,0.05884853700470562,-1.4124351171394651,-0.09030888852233492,-0.4725120195798638,-0.30443951637078004,-0.33819838229629123,-0.433204919698084,-0.16359524180543025,-0.2280218528058249,0.18771018295203937,-0.6987923448945343,-0.44482534223773806,-0.6104668196698899,-0.1532843929904657,-0.345595595464734,-0.5156354596845208,-0.502132849085679,-0.5888813574118151,-0.1231429760275178,0.9922892554247171,-0.6366822402959702,1.0,0.0,0.0,0.0,0.0,0.0,0.0,1.0,0.0,0.0,0.0,0.0,0.0,0.0
618,0.05437219067578356,0.05884853700470562,-1.361484606622923,-0.6194011810607959,-0.7139186343225619,-0.30443951637078004,-0.33819838229629123,-0.433204919698084,-0.16359524180543025,-0.2280218528058249,-0.13531079678927566,-0.29664267305528813,-0.36039401029976714,-0.6104668196698899,-0.1532843929904657,-0.345595595464734,-0.5156354596845208,-0.502132849085679,-0.5888813574118151,-0.1231429760275178,-0.34415229548463455,1.3311960045212636,1.0,0.0,0.0,0.0,0.0,0.0,0.0,1.0,0.0,0.0,0.0,0.0,0.0,0.0
620,0.05437219067578356,0.05884853700470562,-1.361484606622923,-0.6194011810607959,-0.7139186343225619,-0.30443951637078004,-0.33819838229629123,-0.433204919698084,-0.16359524180543025,-0.2280218528058249,-0.13531079678927566,-0.29664267305528813,-0.36039401029976714,-0.6104668196698899,-0.1532843929904657,-0.345595595464734,-0.5156354596845208,-0.502132849085679,-0.5888813574118151,-0.1231429760275178,0.9922892554247171,-0.6366822402959702,1.0,0.0,0.0,0.0,0.0,0.0,0.0,1.0,0.0,0.0,0.0,0.0,0.0,0.0
621,0.10148892825495984,0.05884853700470562,-1.3360093513646518,-0.09030888852233492,-0.4725120195798638,-0.30443951637078004,-0.33819838229629123,-0.433204919698084,-0.16359524180543025,-0.2280218528058249,-0.3459766531423072,0.5651066237430967,-0.3845172479963303,-0.6104668196698899,-0.1532843929904657,-0.345595595464734,-0.5156354596845208,-0.502132849085679,-0.5888813574118151,-0.1231429760275178,-0.34415229548463455,1.3311960045212636,1.0,0.0,0.0,0.0,0.0,0.0,0.0,1.0,0.0,0.0,0.0,0.0,0.0,0.0
623,0.10148892825495984,0.05884853700470562,-1.3360093513646518,-0.09030888852233492,-0.4725120195798638,-0.30443951637078004,-0.33819838229629123,-0.433204919698084,-0.16359524180543025,-0.2280218528058249,-0.3459766531423072,0.5651066237430967,-0.3845172479963303,-0.6104668196698899,-0.1532843929904657,-0.345595595464734,-0.5156354596845208,-0.502132849085679,-0.5888813574118151,-0.1231429760275178,0.9922892554247171,-0.6366822402959702,1.0,0.0,0.0,0.0,0.0,0.0,0.0,1.0,0.0,0.0,0.0,0.0,0.0,0.0
624,0.1486056658341361,0.2763527297740988,-1.310534096106381,-0.09030888852233492,-0.4725120195798638,-0.30443951637078004,-0.33819838229629123,-0.433204919698084,-0.16359524180543025,-0.2280218528058249,-0.5847312903424097,1.484305873661374,-0.39657886684461185,-0.6104668196698899,-0.1532843929904657,-0.345595595464734,-0.5156354596845208,-0.502132849085679,-0.5888813574118151,-0.1231429760275178,-0.34415229548463455,1.3311960045212636,1.0,0.0,0.0,0.0,0.0,0.0,0.0,1.0,0.0,0.0,0.0,0.0,0.0,0.0
626,0.1486056658341361,0.2763527297740988,-1.310534096106381,-0.09030888852233492,-0.4725120195798638,-0.30443951637078004,-0.33819838229629123,-0.433204919698084,-0.16359524180543025,-0.2280218528058249,-0.5847312903424097,1.484305873661374,-0.39657886684461185,-0.6104668196698899,-0.1532843929904657,-0.345595595464734,-0.5156354596845208,-0.502132849085679,-0.5888813574118151,-0.1231429760275178,0.9922892554247171,-0.6366822402959702,1.0,0.0,0.0,0.0,0.0,0.0,0.0,1.0,0.0,0.0,0.0,0.0,0.0,0.0
630,0.19572240341331237,-0.3036584509442826,-0.46985067258343666,-0.22258196165695007,-0.4725120195798638,-0.30443951637078004,-0.33819838229629123,-0.433204919698084,-0.16359524180543025,-0.2280218528058249,0.13153262125789764,-0.7131548331745075,-0.23977782181695156,-0.6104668196698899,-0.1532843929904657,-0.345595595464734,-0.5156354596845208,-0.502132849085679,-0.5888813574118151,-0.1231429760275178,-0.34415229548463455,1.3311960045212636,1.0,0.0,0.0,0.0,0.0,0.0,0.0,1.0,0.0,0.0,0.0,0.0,0.0,0.0
632,0.19572240341331237,-0.3036584509442826,-0.46985067258343666,-0.22258196165695007,-0.4725120195798638,-0.30443951637078004,-0.33819838229629123,-0.433204919698084,-0.16359524180543025,-0.2280218528058249,0.13153262125789764,-0.7131548331745075,-0.23977782181695156,-0.6104668196698899,-0.1532843929904657,-0.345595595464734,-0.5156354596845208,-0.502132849085679,-0.5888813574118151,-0.1231429760275178,0.9922892554247171,-0.6366822402959702,1.0,0.0,0.0,0.0,0.0,0.0,0.0,1.0,0.0,0.0,0.0,0.0,0.0,0.0
636,0.10148892825495984,-0.2311570533544849,-0.39342490680862346,-0.22258196165695007,-0.4725120195798638,-0.30443951637078004,-0.33819838229629123,-0.433204919698084,-0.16359524180543025,-0.2280218528058249,-0.36002104356584264,0.5076566706232044,-0.2880242972100778,-0.6104668196698899,-0.1532843929904657,-0.345595595464734,-0.5156354596845208,-0.502132849085679,-0.5888813574118151,-0.1231429760275178,-0.34415229548463455,1.3311960045212636,1.0,0.0,0.0,0.0,0.0,0.0,0.0,1.0,0.0,0.0,0.0,0.0,0.0,0.0
638,0.10148892825495984,-0.2311570533544849,-0.39342490680862346,-0.22258196165695007,-0.4725120195798638,-0.30443951637078004,-0.33819838229629123,-0.433204919698084,-0.16359524180543025,-0.2280218528058249,-0.36002104356584264,0.5076566706232044,-0.2880242972100778,-0.6104668196698899,-0.1532843929904657,-0.345595595464734,-0.5156354596845208,-0.502132849085679,-0.5888813574118151,-0.1231429760275178,0.9922892554247171,-0.6366822402959702,1.0,0.0,0.0,0.0,0.0,0.0,0.0,1.0,0.0,0.0,0.0,0.0,0.0,0.0
639,0.10148892825495984,0.05884853700470562,-0.3424743962920813,-0.22258196165695007,-0.4725120195798638,-0.30443951637078004,-0.33819838229629123,-0.433204919698084,-0.16359524180543025,-0.2280218528058249,-0.5917534855541773,1.1970561080619122,-0.2518394406652331,-0.6104668196698899,-0.1532843929904657,-0.345595595464734,-0.5156354596845208,-0.502132849085679,-0.5888813574118151,-0.1231429760275178,-0.34415229548463455,1.3311960045212636,1.0,0.0,0.0,0.0,0.0,0.0,0.0,1.0,0.0,0.0,0.0,0.0,0.0,0.0
641,0.10148892825495984,0.05884853700470562,-0.3424743962920813,-0.22258196165695007,-0.4725120195798638,-0.30443951637078004,-0.33819838229629123,-0.433204919698084,-0.16359524180543025,-0.2280218528058249,-0.5917534855541773,1.1970561080619122,-0.2518394406652331,-0.6104668196698899,-0.1532843929904657,-0.345595595464734,-0.5156354596845208,-0.502132849085679,-0.5888813574118151,-0.1231429760275178,0.9922892554247171,-0.6366822402959702,1.0,0.0,0.0,0.0,0.0,0.0,0.0,1.0,0.0,0.0,0.0,0.0,0.0,0.0
642,0.24283914099248863,0.638859717723087,-0.21509812000072603,-0.3548550347915653,-0.6334497627416625,-0.30443951637078004,-0.33819838229629123,-0.433204919698084,-0.16359524180543025,-0.2280218528058249,-0.8164637323307443,1.9151805220605662,-0.36039401029976714,-0.6104668196698899,-0.1532843929904657,-0.345595595464734,-0.5156354596845208,-0.502132849085679,-0.5888813574118151,-0.1231429760275178,-0.34415229548463455,1.3311960045212636,1.0,0.0,0.0,0.0,0.0,0.0,0.0,1.0,0.0,0.0,0.0,0.0,0.0,0.0
644,0.24283914099248863,0.638859717723087,-0.21509812000072603,-0.3548550347915653,-0.6334497627416625,-0.30443951637078004,-0.33819838229629123,-0.433204919698084,-0.16359524180543025,-0.2280218528058249,-0.8164637323307443,1.9151805220605662,-0.36039401029976714,-0.6104668196698899,-0.1532843929904657,-0.345595595464734,-0.5156354596845208,-0.502132849085679,-0.5888813574118151,-0.1231429760275178,0.9922892554247171,-0.6366822402959702,1.0,0.0,0.0,0.0,0.0,0.0,0.0,1.0,0.0,0.0,0.0,0.0,0.0,0.0
645,0.10148892825495984,-0.3036584509442826,0.3198822404229657,-0.22258196165695007,-0.5529808911607631,-0.30443951637078004,-0.33819838229629123,-0.433204919698084,-0.16359524180543025,-0.2280218528058249,-0.02997786861275989,-0.7418798097344537,-0.26390105951351467,-0.6104668196698899,-0.1532843929904657,-0.345595595464734,-0.5156354596845208,-0.502132849085679,-0.5888813574118151,-0.1231429760275178,-0.34415229548463455,1.3311960045212636,1.0,0.0,0.0,0.0,0.0,0.0,0.0,1.0,0.0,0.0,0.0,0.0,0.0,0.0
647,0.10148892825495984,-0.3036584509442826,0.3198822404229657,-0.22258196165695007,-0.5529808911607631,-0.30443951637078004,-0.33819838229629123,-0.433204919698084,-0.16359524180543025,-0.2280218528058249,-0.02997786861275989,-0.7418798097344537,-0.26390105951351467,-0.6104668196698899,-0.1532843929904657,-0.345595595464734,-0.5156354596845208,-0.502132849085679,-0.5888813574118151,-0.1231429760275178,0.9922892554247171,-0.6366822402959702,1.0,0.0,0.0,0.0,0.0,0.0,0.0,1.0,0.0,0.0,0.0,0.0,0.0,0.0
648,0.19572240341331237,-0.15865565576468718,0.37083275093950785,-0.3548550347915653,-0.6334497627416625,-0.30443951637078004,-0.33819838229629123,-0.433204919698084,-0.16359524180543025,-0.2280218528058249,-0.16339957763634652,-0.29664267305528813,-0.23977782181695156,-0.6104668196698899,-0.1532843929904657,-0.345595595464734,-0.5156354596845208,-0.502132849085679,-0.5888813574118151,-0.1231429760275178,-0.34415229548463455,1.3311960045212636,1.0,0.0,0.0,0.0,0.0,0.0,0.0,1.0,0.0,0.0,0.0,0.0,0.0,0.0
650,0.19572240341331237,-0.15865565576468718,0.37083275093950785,-0.3548550347915653,-0.6334497627416625,-0.30443951637078004,-0.33819838229629123,-0.433204919698084,-0.16359524180543025,-0.2280218528058249,-0.16339957763634652,-0.29664267305528813,-0.23977782181695156,-0.6104668196698899,-0.1532843929904657,-0.345595595464734,-0.5156354596845208,-0.502132849085679,-0.5888813574118151,-0.1231429760275178,0.9922892554247171,-0.6366822402959702,1.0,0.0,0.0,0.0,0.0,0.0,0.0,1.0,0.0,0.0,0.0,0.0,0.0,0.0
651,0.007255453096607299,-0.3036584509442826,0.3453574956812368,-0.22258196165695007,-0.4725120195798638,-0.30443951637078004,-0.33819838229629123,-0.433204919698084,-0.16359524180543025,-0.2280218528058249,-0.31086567708346863,0.263494369863662,-0.31214753490664093,-0.6104668196698899,-0.1532843929904657,-0.345595595464734,-0.5156354596845208,-0.502132849085679,-0.5888813574118151,-0.1231429760275178,-0.34415229548463455,1.3311960045212636,1.0,0.0,0.0,0.0,0.0,0.0,0.0,1.0,0.0,0.0,0.0,0.0,0.0,0.0
653,0.007255453096607299,-0.3036584509442826,0.3453574956812368,-0.22258196165695007,-0.4725120195798638,-0.30443951637078004,-0.33819838229629123,-0.433204919698084,-0.16359524180543025,-0.2280218528058249,-0.31086567708346863,0.263494369863662,-0.31214753490664093,-0.6104668196698899,-0.1532843929904657,-0.345595595464734,-0.5156354596845208,-0.502132849085679,-0.5888813574118151,-0.1231429760275178,0.9922892554247171,-0.6366822402959702,1.0,0.0,0.0,0.0,0.0,0.0,0.0,1.0,0.0,0.0,0.0,0.0,0.0,0.0
657,0.33707261615084116,0.34885412736389654,0.4727337719725921,-0.3548550347915653,-0.5529808911607631,-0.30443951637078004,-0.33819838229629123,-0.433204919698084,-0.16359524180543025,-0.2280218528058249,-0.8796634892366538,2.274242729059893,-0.15534648987898064,-0.6104668196698899,-0.1532843929904657,-0.345595595464734,-0.5156354596845208,-0.502132849085679,-0.5888813574118151,-0.1231429760275178,-0.34415229548463455,1.3311960045212636,1.0,0.0,0.0,0.0,0.0,0.0,0.0,1.0,0.0,0.0,0.0,0.0,0.0,0.0
659,0.33707261615084116,0.34885412736389654,0.4727337719725921,-0.3548550347915653,-0.5529808911607631,-0.30443951637078004,-0.33819838229629123,-0.433204919698084,-0.16359524180543025,-0.2280218528058249,-0.8796634892366538,2.274242729059893,-0.15534648987898064,-0.6104668196698899,-0.1532843929904657,-0.345595595464734,-0.5156354596845208,-0.502132849085679,-0.5888813574118151,-0.1231429760275178,0.9922892554247171,-0.6366822402959702,1.0,0.0,0.0,0.0,0.0,0.0,0.0,1.0,0.0,0.0,0.0,0.0,0.0,0.0
660,0.19572240341331237,-0.4486612461238777,1.5426944928199755,-0.3548550347915653,-0.5529808911607631,-0.30443951637078004,-0.33819838229629123,-0.433204919698084,-0.16359524180543025,-0.2280218528058249,-0.04402225903629533,-0.7131548331745075,-0.2518394406652331,-0.6104668196698899,-0.1532843929904657,-0.345595595464734,-0.5156354596845208,-0.502132849085679,-0.5888813574118151,-0.1231429760275178,-0.34415229548463455,1.3311960045212636,1.0,0.0,0.0,0.0,0.0,0.0,0.0,1.0,0.0,0.0,0.0,0.0,0.0,0.0
662,0.19572240341331237,-0.4486612461238777,1.5426944928199755,-0.3548550347915653,-0.5529808911607631,-0.30443951637078004,-0.33819838229629123,-0.433204919698084,-0.16359524180543025,-0.2280218528058249,-0.04402225903629533,-0.7131548331745075,-0.2518394406652331,-0.6104668196698899,-0.1532843929904657,-0.345595595464734,-0.5156354596845208,-0.502132849085679,-0.5888813574118151,-0.1231429760275178,0.9922892554247171,-0.6366822402959702,1.0,0.0,0.0,0.0,0.0,0.0,0.0,1.0,0.0,0.0,0.0,0.0,0.0,0.0
663,0.24283914099248863,-0.2311570533544849,1.4407934717868913,-0.3548550347915653,-0.5529808911607631,-0.30443951637078004,-0.33819838229629123,-0.433204919698084,-0.16359524180543025,-0.2280218528058249,-0.19851055369518514,-0.29664267305528813,-0.10710001448585439,-0.6104668196698899,-0.1532843929904657,-0.345595595464734,-0.5156354596845208,-0.502132849085679,-0.5888813574118151,-0.1231429760275178,-0.34415229548463455,1.3311960045212636,1.0,0.0,0.0,0.0,0.0,0.0,0.0,1.0,0.0,0.0,0.0,0.0,0.0,0.0
665,0.24283914099248863,-0.2311570533544849,1.4407934717868913,-0.3548550347915653,-0.5529808911607631,-0.30443951637078004,-0.33819838229629123,-0.433204919698084,-0.16359524180543025,-0.2280218528058249,-0.19851055369518514,-0.29664267305528813,-0.10710001448585439,-0.6104668196698899,-0.1532843929904657,-0.345595595464734,-0.5156354596845208,-0.502132849085679,-0.5888813574118151,-0.1231429760275178,0.9922892554247171,-0.6366822402959702,1.0,0.0,0.0,0.0,0.0,0.0,0.0,1.0,0.0,0.0,0.0,0.0,0.0,0.0
666,0.19572240341331237,-0.37615984853408035,1.4662687270451624,-0.3548550347915653,-0.4725120195798638,-0.30443951637078004,-0.33819838229629123,-0.433204919698084,-0.16359524180543025,-0.2280218528058249,-0.3459766531423072,0.6943690182628544,-0.26390105951351467,-0.6104668196698899,-0.1532843929904657,-0.345595595464734,-0.5156354596845208,-0.502132849085679,-0.5888813574118151,-0.1231429760275178,-0.34415229548463455,1.3311960045212636,1.0,0.0,0.0,0.0,0.0,0.0,0.0,1.0,0.0,0.0,0.0,0.0,0.0,0.0
668,0.19572240341331237,-0.37615984853408035,1.4662687270451624,-0.3548550347915653,-0.4725120195798638,-0.30443951637078004,-0.33819838229629123,-0.433204919698084,-0.16359524180543025,-0.2280218528058249,-0.3459766531423072,0.6943690182628544,-0.26390105951351467,-0.6104668196698899,-0.1532843929904657,-0.345595595464734,-0.5156354596845208,-0.502132849085679,-0.5888813574118151,-0.1231429760275178,0.9922892554247171,-0.6366822402959702,1.0,0.0,0.0,0.0,0.0,0.0,0.0,1.0,0.0,0.0,0.0,0.0,0.0,0.0
669,0.10148892825495984,-0.15865565576468718,1.64459551385306,-0.4871281079261806,-0.4725120195798638,-0.30443951637078004,-0.33819838229629123,-0.433204919698084,-0.16359524180543025,-0.2280218528058249,-0.6970864137306931,1.6279307564611045,-0.2518394406652331,-0.6104668196698899,-0.1532843929904657,-0.345595595464734,-0.5156354596845208,-0.502132849085679,-0.5888813574118151,-0.1231429760275178,-0.34415229548463455,1.3311960045212636,1.0,0.0,0.0,0.0,0.0,0.0,0.0,1.0,0.0,0.0,0.0,0.0,0.0,0.0
671,0.10148892825495984,-0.15865565576468718,1.64459551385306,-0.4871281079261806,-0.4725120195798638,-0.30443951637078004,-0.33819838229629123,-0.433204919698084,-0.16359524180543025,-0.2280218528058249,-0.6970864137306931,1.6279307564611045,-0.2518394406652331,-0.6104668196698899,-0.1532843929904657,-0.345595595464734,-0.5156354596845208,-0.502132849085679,-0.5888813574118151,-0.1231429760275178,0.9922892554247171,-0.6366822402959702,1.0,0.0,0.0,0.0,0.0,0.0,0.0,1.0,0.0,0.0,0.0,0.0,0.0,0.0
672,0.2899558785716649,0.20385133218430107,1.6191202585947888,-0.4871281079261806,-0.4725120195798638,-0.30443951637078004,-0.33819838229629123,-0.433204919698084,-0.16359524180543025,-0.2280218528058249,-0.8515747083895829,2.8487422602588164,-0.26390105951351467,-0.6104668196698899,-0.1532843929904657,-0.345595595464734,-0.5156354596845208,-0.502132849085679,-0.5888813574118151,-0.1231429760275178,-0.34415229548463455,1.3311960045212636,1.0,0.0,0.0,0.0,0.0,0.0,0.0,1.0,0.0,0.0,0.0,0.0,0.0,0.0
674,0.2899558785716649,0.20385133218430107,1.6191202585947888,-0.4871281079261806,-0.4725120195798638,-0.30443951637078004,-0.33819838229629123,-0.433204919698084,-0.16359524180543025,-0.2280218528058249,-0.8515747083895829,2.8487422602588164,-0.26390105951351467,-0.6104668196698899,-0.1532843929904657,-0.345595595464734,-0.5156354596845208,-0.502132849085679,-0.5888813574118151,-0.1231429760275178,0.9922892554247171,-0.6366822402959702,1.0,0.0,0.0,0.0,0.0,0.0,0.0,1.0,0.0,0.0,0.0,0.0,0.0,0.0
676,0.19572240341331237,-0.5211626437136754,0.702011069297031,-0.22258196165695007,-0.4725120195798638,-0.30443951637078004,-0.33819838229629123,-0.433204919698084,-0.16264971948928555,-0.2280218528058249,0.09642164519905903,-0.41154257929507276,-0.26390105951351467,-0.40670670367007405,-0.1532843929904657,-0.345595595464734,-0.5156354596845208,-0.502132849085679,-0.5888813574118151,-0.1231429760275178,-1.356608015870507,-0.9646619477655092,1.0,0.0,0.0,0.0,0.0,0.0,0.0,1.0,0.0,0.0,0.0,0.0,0.0,0.0
678,0.05437219067578356,-0.3036584509442826,0.6765358140387601,-0.3548550347915653,-0.31157427641806507,-0.30443951637078004,-0.33819838229629123,-0.433204919698084,-0.16264971948928555,-0.2280218528058249,-0.7602861706366025,0.9098063424624506,-0.22771620296866998,-0.40670670367007405,-0.1532843929904657,-0.345595595464734,-0.5156354596845208,-0.502132849085679,-0.5888813574118151,-0.1231429760275178,-1.356608015870507,-0.9646619477655092,1.0,0.0,0.0,0.0,0.0,0.0,0.0,1.0,0.0,0.0,0.0,0.0,0.0,0.0
679,-0.03986128448256897,0.2763527297740988,0.8039120903301153,-0.4871281079261806,-0.23110540483716563,-0.30443951637078004,-0.33819838229629123,-0.433204919698084,-0.16264971948928555,-0.2280218528058249,-1.0833071503779177,2.920554701658682,-0.31214753490664093,-0.40670670367007405,-0.1532843929904657,-0.345595595464734,-0.5156354596845208,-0.502132849085679,-0.5888813574118151,-0.1231429760275178,-1.356608015870507,-0.9646619477655092,1.0,0.0,0.0,0.0,0.0,0.0,0.0,1.0,0.0,0.0,0.0,0.0,0.0,0.0
680,-0.1812114972200971,0.7838625129026825,0.7274863245553022,-0.6194011810607959,-0.5529808911607631,-0.30443951637078004,-0.33819838229629123,-0.433204919698084,-0.16264971948928555,-0.2280218528058249,-1.146506907283827,5.074927943654643,-0.31214753490664093,-0.40670670367007405,-0.1532843929904657,-0.345595595464734,-0.5156354596845208,-0.502132849085679,-0.5888813574118151,-0.1231429760275178,-1.356608015870507,-0.9646619477655092,1.0,0.0,0.0,0.0,0.0,0.0,0.0,1.0,0.0,0.0,0.0,0.0,0.0,0.0
681,-0.13409475964092085,0.7838625129026825,0.8039120903301153,-0.6194011810607959,-0.5529808911607631,-0.30443951637078004,-0.33819838229629123,-0.433204919698084,-0.16264971948928555,-0.2280218528058249,-1.0622405647426145,7.0856763028508745,-0.33627077260320404,-0.40670670367007405,-0.1532843929904657,-0.345595595464734,-0.5156354596845208,-0.502132849085679,-0.5888813574118151,-0.1231429760275178,-1.356608015870507,-0.9646619477655092,1.0,0.0,0.0,0.0,0.0,0.0,0.0,1.0,0.0,0.0,0.0,0.0,0.0,0.0
682,0.05437219067578356,-0.4486612461238777,1.007714132396284,-0.22258196165695007,-0.3920431479989644,-0.30443951637078004,-0.33819838229629123,-0.433204919698084,-0.16264971948928555,-0.2280218528058249,-0.28979909144816546,-0.7777860304343863,0.5080425467765052,-0.40670670367007405,-0.1532843929904657,-0.345595595464734,-0.5156354596845208,-0.502132849085679,-0.5888813574118151,-0.1231429760275178,-1.356608015870507,-0.9646619477655092,1.0,0.0,0.0,0.0,0.0,0.0,0.0,1.0,0.0,0.0,0.0,0.0,0.0,0.0
683,-0.2283282347992734,-0.4486612461238777,0.5491595377474047,0.041964184612280464,-0.3920431479989644,-0.30443951637078004,-0.33819838229629123,-0.433204919698084,-0.16264971948928555,-0.2280218528058249,-0.2546881153893269,-0.36845511445515355,0.5442274033213499,-0.40670670367007405,-0.1532843929904657,-0.345595595464734,-0.5156354596845208,-0.502132849085679,-0.5888813574118151,-0.1231429760275178,-1.356608015870507,-0.9646619477655092,1.0,0.0,0.0,0.0,0.0,0.0,0.0,1.0,0.0,0.0,0.0,0.0,0.0,0.0
684,-0.1812114972200971,-0.2311570533544849,0.8039120903301153,-0.22258196165695007,-0.3920431479989644,-0.30443951637078004,-0.33819838229629123,-0.433204919698084,-0.16264971948928555,-0.2280218528058249,-0.31788787229523635,-0.08120534885569193,0.6889668295007286,-0.40670670367007405,-0.1532843929904657,-0.345595595464734,-0.5156354596845208,-0.502132849085679,-0.5888813574118151,-0.1231429760275178,-1.356608015870507,-0.9646619477655092,1.0,0.0,0.0,0.0,0.0,0.0,0.0,1.0,0.0,0.0,0.0,0.0,0.0,0.0
685,-0.13409475964092085,-0.37615984853408035,0.8039120903301153,-0.22258196165695007,-0.31157427641806507,-0.30443951637078004,-0.33819838229629123,-0.433204919698084,-0.16264971948928555,-0.2280218528058249,-0.7321973897895317,0.9098063424624506,0.7372133048938548,-0.40670670367007405,-0.1532843929904657,-0.345595595464734,-0.5156354596845208,-0.502132849085679,-0.5888813574118151,-0.1231429760275178,-1.356608015870507,-0.9646619477655092,1.0,0.0,0.0,0.0,0.0,0.0,0.0,1.0,0.0,0.0,0.0,0.0,0.0,0.0
687,-0.3225617099576259,0.9288653080822775,0.7529615798135733,-0.3548550347915653,-0.1506365332562663,-0.30443951637078004,-0.33819838229629123,-0.433204919698084,-0.16264971948928555,-0.2280218528058249,-1.1254403216485238,5.074927943654643,0.7372133048938548,-0.40670670367007405,-0.1532843929904657,-0.345595595464734,-0.5156354596845208,-0.502132849085679,-0.5888813574118151,-0.1231429760275178,-1.356608015870507,-0.9646619477655092,1.0,0.0,0.0,0.0,0.0,0.0,0.0,1.0,0.0,0.0,0.0,0.0,0.0,0.0
688,-0.13409475964092085,0.7838625129026825,0.8039120903301153,-0.7516742541954111,-0.5529808911607631,-0.30443951637078004,-0.33819838229629123,-0.433204919698084,-0.16264971948928555,-0.2280218528058249,-1.0411739791073114,7.660175834049798,0.6286587352593208,-0.40670670367007405,-0.1532843929904657,-0.345595595464734,-0.5156354596845208,-0.502132849085679,-0.5888813574118151,-0.1231429760275178,-1.356608015870507,-0.9646619477655092,1.0,0.0,0.0,0.0,0.0,0.0,0.0,1.0,0.0,0.0,0.0,0.0,0.0,0.0
690,-0.1812114972200971,-0.5936640413034732,0.6765358140387601,0.041964184612280464,-0.31157427641806507,-0.30443951637078004,-0.33819838229629123,-0.433204919698084,-0.16264971948928555,-0.2280218528058249,-0.3810876292011458,-0.3971800910150997,1.4850336734873115,-0.40670670367007405,-0.1532843929904657,-0.345595595464734,-0.5156354596845208,-0.502132849085679,-0.5888813574118151,-0.1231429760275178,-1.356608015870507,-0.9646619477655092,1.0,0.0,0.0,0.0,0.0,0.0,0.0,1.0,0.0,0.0,0.0,0.0,0.0,0.0
691,0.007255453096607299,-0.37615984853408035,0.8803378561049285,-0.09030888852233492,-0.4725120195798638,-0.30443951637078004,-0.33819838229629123,-0.433204919698084,-0.16264971948928555,-0.2280218528058249,-0.1844661632716497,-0.15301779025555734,1.6900811939080982,-0.40670670367007405,-0.1532843929904657,-0.345595595464734,-0.5156354596845208,-0.502132849085679,-0.5888813574118151,-0.1231429760275178,-1.356608015870507,-0.9646619477655092,1.0,0.0,0.0,0.0,0.0,0.0,0.0,1.0,0.0,0.0,0.0,0.0,0.0,0.0
692,-0.13409475964092085,-0.4486612461238777,0.6765358140387601,-0.09030888852233492,-0.31157427641806507,-0.30443951637078004,-0.33819838229629123,-0.433204919698084,-0.16264971948928555,-0.2280218528058249,-0.9147744652954923,0.9098063424624506,1.641834718514972,-0.40670670367007405,-0.1532843929904657,-0.345595595464734,-0.5156354596845208,-0.502132849085679,-0.5888813574118151,-0.1231429760275178,-1.356608015870507,-0.9646619477655092,1.0,0.0,0.0,0.0,0.0,0.0,0.0,1.0,0.0,0.0,0.0,0.0,0.0,0.0
693,-0.27544497237844967,0.42135552495369427,0.7529615798135733,-0.4871281079261806,-0.3920431479989644,-0.30443951637078004,-0.33819838229629123,-0.433204919698084,-0.16264971948928555,-0.2280218528058249,-1.118418126436756,3.782303998457066,1.8106973823909138,-0.40670670367007405,-0.1532843929904657,-0.345595595464734,-0.5156354596845208,-0.502132849085679,-0.5888813574118151,-0.1231429760275178,-1.356608015870507,-0.9646619477655092,1.0,0.0,0.0,0.0,0.0,0.0,0.0,1.0,0.0,0.0,0.0,0.0,0.0,0.0
694,-0.2283282347992734,0.9288653080822775,0.702011069297031,-0.3548550347915653,-0.5529808911607631,-0.30443951637078004,-0.33819838229629123,-0.433204919698084,-0.16264971948928555,-0.2280218528058249,-1.0411739791073114,5.6494274748535664,1.7624509069977876,-0.40670670367007405,-0.1532843929904657,-0.345595595464734,-0.5156354596845208,-0.502132849085679,-0.5888813574118151,-0.1231429760275178,-1.356608015870507,-0.9646619477655092,1.0,0.0,0.0,0.0,0.0,0.0,0.0,1.0,0.0,0.0,0.0,0.0,0.0,0.0
696,-1.7831805749120888,-0.3036584509442826,-1.3360093513646518,-0.4871281079261806,0.010301209905532438,-0.30443951637078004,-0.33819838229629123,-0.433204919698084,-0.16264971948928555,-0.2280218528058249,0.3141096967638583,-0.25355520821536887,-0.39657886684461185,-0.40670670367007405,-0.1532843929904657,-0.345595595464734,-0.5156354596845208,-0.502132849085679,-0.5888813574118151,-1.2202349442726759,-1.356608015870507,-0.9646619477655092,1.0,0.0,0.0,0.0,0.0,0.0,0.0,1.0,0.0,0.0,0.0,0.0,0.0,0.0
697,-1.7831805749120888,-0.3036584509442826,-1.3360093513646518,-0.4871281079261806,0.010301209905532438,-0.30443951637078004,-0.33819838229629123,-0.433204919698084,-0.16264971948928555,-0.2280218528058249,0.3141096967638583,-0.25355520821536887,-0.39657886684461185,-0.40670670367007405,-0.1532843929904657,-0.345595595464734,-0.5156354596845208,-0.502132849085679,-0.5888813574118151,-1.2202349442726759,0.668303424901238,-0.6366822402959702,1.0,0.0,0.0,0.0,0.0,0.0,0.0,1.0,0.0,0.0,0.0,0.0,0.0,0.0
698,-1.6418303621745605,-0.3036584509442826,-0.46985067258343666,-0.6194011810607959,0.09077008148643188,-0.30443951637078004,-0.33819838229629123,-0.433204919698084,-0.16264971948928555,-0.2280218528058249,0.10344384041082676,-0.25355520821536887,-0.03473030139616503,-0.40670670367007405,-0.1532843929904657,-0.345595595464734,-0.5156354596845208,-0.502132849085679,-0.5888813574118151,-1.2202349442726759,-1.356608015870507,-0.9646619477655092,1.0,0.0,0.0,0.0,0.0,0.0,0.0,1.0,0.0,0.0,0.0,0.0,0.0,0.0
699,-1.6418303621745605,-0.3036584509442826,-0.46985067258343666,-0.6194011810607959,0.09077008148643188,-0.30443951637078004,-0.33819838229629123,-0.433204919698084,-0.16264971948928555,-0.2280218528058249,0.10344384041082676,-0.25355520821536887,-0.03473030139616503,-0.40670670367007405,-0.1532843929904657,-0.345595595464734,-0.5156354596845208,-0.502132849085679,-0.5888813574118151,-1.2202349442726759,0.668303424901238,-0.6366822402959702,1.0,0.0,0.0,0.0,0.0,0.0,0.0,1.0,0.0,0.0,0.0,0.0,0.0,0.0
700,-1.1235462488036219,-0.013652860585091712,0.6001100482639469,-0.6194011810607959,0.010301209905532438,-0.30443951637078004,-0.33819838229629123,-0.433204919698084,-0.16264971948928555,-0.2280218528058249,-0.24766592017755915,-0.25355520821536887,-0.15534648987898064,-0.40670670367007405,-0.1532843929904657,-0.345595595464734,-0.5156354596845208,-0.502132849085679,-0.5888813574118151,-1.2202349442726759,-1.356608015870507,-0.9646619477655092,1.0,0.0,0.0,0.0,0.0,0.0,0.0,1.0,0.0,0.0,0.0,0.0,0.0,0.0
701,-1.1235462488036219,-0.013652860585091712,0.6001100482639469,-0.6194011810607959,0.010301209905532438,-0.30443951637078004,-0.33819838229629123,-0.433204919698084,-0.16264971948928555,-0.2280218528058249,-0.24766592017755915,-0.25355520821536887,-0.15534648987898064,-0.40670670367007405,-0.1532843929904657,-0.345595595464734,-0.5156354596845208,-0.502132849085679,-0.5888813574118151,-1.2202349442726759,0.668303424901238,-0.6366822402959702,1.0,0.0,0.0,0.0,0.0,0.0,0.0,1.0,0.0,0.0,0.0,0.0,0.0,0.0
702,-1.0293127736452696,-0.013652860585091712,1.6191202585947888,-0.4871281079261806,0.3321766962291301,-0.30443951637078004,-0.33819838229629123,-0.433204919698084,-0.16264971948928555,-0.2280218528058249,-0.38810982441291353,-0.25355520821536887,-0.15534648987898064,-0.40670670367007405,-0.1532843929904657,-0.345595595464734,-0.5156354596845208,-0.502132849085679,-0.5888813574118151,-1.2202349442726759,-1.356608015870507,-0.9646619477655092,1.0,0.0,0.0,0.0,0.0,0.0,0.0,1.0,0.0,0.0,0.0,0.0,0.0,0.0
703,-1.0293127736452696,-0.013652860585091712,1.6191202585947888,-0.4871281079261806,0.3321766962291301,-0.30443951637078004,-0.33819838229629123,-0.433204919698084,-0.16264971948928555,-0.2280218528058249,-0.38810982441291353,-0.25355520821536887,-0.15534648987898064,-0.40670670367007405,-0.1532843929904657,-0.345595595464734,-0.5156354596845208,-0.502132849085679,-0.5888813574118151,-1.2202349442726759,0.668303424901238,-0.6366822402959702,1.0,0.0,0.0,0.0,0.0,0.0,0.0,1.0,0.0,0.0,0.0,0.0,0.0,0.0
704,-1.0764295112244455,-0.6661654388932708,0.0651296878402551,0.43878340401612614,0.8954587972954257,2.670793665538805,-0.33819838229629123,0.4902377511884294,-0.1021362912560254,-0.14818828433402262,-0.008911282977456737,-0.25355520821536887,0.4839193090799421,-0.40670670367007405,-0.1532843929904657,-0.345595595464734,-0.5156354596845208,-0.16593886411948958,0.4008225850153781,-2.1637340369635116,-1.356608015870507,-0.9646619477655092,1.0,0.0,0.0,0.0,0.0,0.0,0.0,1.0,0.0,0.0,0.0,0.0,0.0,0.0
705,-1.0764295112244455,-0.6661654388932708,0.0651296878402551,0.43878340401612614,0.8954587972954257,2.670793665538805,-0.33819838229629123,0.4902377511884294,-0.1021362912560254,-0.14818828433402262,-0.008911282977456737,-0.25355520821536887,0.4839193090799421,-0.40670670367007405,-0.1532843929904657,-0.345595595464734,-0.5156354596845208,-0.16593886411948958,0.4008225850153781,-2.1637340369635116,1.1542821706864568,-0.8006720940307397,1.0,0.0,0.0,0.0,0.0,0.0,0.0,1.0,0.0,0.0,0.0,0.0,0.0,0.0
708,1.2794073677343658,-0.013652860585091712,0.6001100482639469,-0.09030888852233492,1.217334283619023,2.8022230716971523,-0.33819838229629123,0.5186513718310912,-0.1021362912560254,-0.19808426462889903,-0.7041086089424609,-0.25355520821536887,-0.1915313464238253,-0.40670670367007405,-0.1532843929904657,-0.345595595464734,-0.5156354596845208,-0.16593886411948958,0.4008225850153781,-2.1637340369635116,-1.356608015870507,-0.9646619477655092,1.0,0.0,0.0,0.0,0.0,0.0,0.0,1.0,0.0,0.0,0.0,0.0,0.0,0.0
709,1.2794073677343658,-0.013652860585091712,0.6001100482639469,-0.09030888852233492,1.217334283619023,2.8022230716971523,-0.33819838229629123,0.5186513718310912,-0.1021362912560254,-0.19808426462889903,-0.7041086089424609,-0.25355520821536887,-0.1915313464238253,-0.40670670367007405,-0.1532843929904657,-0.345595595464734,-0.5156354596845208,-0.16593886411948958,0.4008225850153781,-2.1637340369635116,1.1542821706864568,-0.8006720940307397,1.0,0.0,0.0,0.0,0.0,0.0,0.0,1.0,0.0,0.0,0.0,0.0,0.0,0.0
710,2.2217421193178897,-0.08615425817488943,0.5746347930056758,0.1742372577468956,1.4587408983617212,2.7365083686179785,-0.33819838229629123,0.4902377511884294,-0.1021362912560254,-0.19808426462889903,-0.8164637323307443,-0.25355520821536887,-0.04679192024444659,-0.40670670367007405,-0.1532843929904657,-0.345595595464734,-0.5156354596845208,-0.16593886411948958,0.4008225850153781,-2.1637340369635116,-1.356608015870507,-0.9646619477655092,1.0,0.0,0.0,0.0,0.0,0.0,0.0,1.0,0.0,0.0,0.0,0.0,0.0,0.0
711,2.2217421193178897,-0.08615425817488943,0.5746347930056758,0.1742372577468956,1.4587408983617212,2.7365083686179785,-0.33819838229629123,0.4902377511884294,-0.1021362912560254,-0.19808426462889903,-0.8164637323307443,-0.25355520821536887,-0.04679192024444659,-0.40670670367007405,-0.1532843929904657,-0.345595595464734,-0.5156354596845208,-0.16593886411948958,0.4008225850153781,-2.1637340369635116,1.1542821706864568,-0.8006720940307397,1.0,0.0,0.0,0.0,0.0,0.0,0.0,1.0,0.0,0.0,0.0,0.0,0.0,0.0
712,-1.5475968870162078,-0.7386668364830686,-0.8774547567157733,-0.09030888852233492,-0.23110540483716563,3.2622259932513678,-0.33819838229629123,-0.433204919698084,-0.16264971948928555,0.20108357773011246,-1.0201073934720082,1.340680990861643,-0.2518394406652331,-0.40670670367007405,-0.1532843929904657,-0.345595595464734,-0.542741083400321,-0.05387420246409309,-0.5888813574118151,-0.1231429760275178,-1.356608015870507,-0.9646619477655092,1.0,0.0,1.0,0.0,0.0,0.0,0.0,1.0,0.0,0.0,0.0,0.0,0.0,0.0
713,-1.5475968870162078,-0.8836696316626639,-0.9538805224905863,-0.09030888852233492,-0.1506365332562663,3.245797317481574,-0.33819838229629123,-0.433204919698084,-0.16264971948928555,0.9994192624481353,-1.0201073934720082,0.9098063424624506,-0.2518394406652331,-0.40670670367007405,-0.1532843929904657,-0.345595595464734,-0.542741083400321,-0.05387420246409309,-0.5888813574118151,-0.1231429760275178,-1.356608015870507,-0.9646619477655092,1.0,0.0,1.0,0.0,0.0,0.0,0.0,1.0,0.0,0.0,0.0,0.0,0.0,0.0
715,-1.5475968870162078,-0.7386668364830686,-0.9284052672323154,-0.09030888852233492,-0.23110540483716563,3.2622259932513678,-0.33819838229629123,-0.433204919698084,-0.16264971948928555,2.6459866121790574,-1.0201073934720082,1.340680990861643,-0.2518394406652331,-0.40670670367007405,-0.1532843929904657,-0.345595595464734,-0.542741083400321,-0.05387420246409309,-0.5888813574118151,-0.1231429760275178,-1.356608015870507,-0.9646619477655092,1.0,0.0,1.0,0.0,0.0,0.0,0.0,1.0,0.0,0.0,0.0,0.0,0.0,0.0
716,-1.5475968870162078,-0.8111682340728661,-0.9029300119740444,0.041964184612280464,-0.1506365332562663,3.278654669021161,-0.33819838229629123,-0.433204919698084,-0.16264971948928555,3.494218277191957,-0.8796634892366538,1.1970561080619122,-0.2518394406652331,-0.40670670367007405,-0.1532843929904657,-0.345595595464734,-0.542741083400321,-0.05387420246409309,-0.5888813574118151,-0.1231429760275178,-1.356608015870507,-0.9646619477655092,1.0,0.0,1.0,0.0,0.0,0.0,0.0,1.0,0.0,0.0,0.0,0.0,0.0,0.0
717,-1.5475968870162078,-0.8111682340728661,-0.9029300119740444,0.041964184612280464,-0.1506365332562663,3.278654669021161,-0.33819838229629123,-0.433204919698084,-0.16264971948928555,4.591929843679239,-0.8796634892366538,1.0534312252621814,-0.2518394406652331,-0.40670670367007405,-0.1532843929904657,-0.345595595464734,-0.542741083400321,-0.05387420246409309,-0.5888813574118151,-0.1231429760275178,-1.356608015870507,-0.9646619477655092,1.0,0.0,1.0,0.0,0.0,0.0,0.0,1.0,0.0,0.0,0.0,0.0,0.0,0.0
718,-1.5475968870162078,-1.0286724268422591,-0.9793557777488573,0.041964184612280464,-0.1506365332562663,3.2622259932513678,-0.33819838229629123,-0.433204919698084,-0.16264971948928555,5.539953469281891,-0.5285537286482679,1.1970561080619122,-0.2518394406652331,-0.40670670367007405,-0.1532843929904657,-0.345595595464734,-0.542741083400321,-0.05387420246409309,-0.5888813574118151,-0.1231429760275178,-1.356608015870507,-0.9646619477655092,1.0,0.0,1.0,0.0,0.0,0.0,0.0,1.0,0.0,0.0,0.0,0.0,0.0,0.0
719,1.2322906301551895,-1.2461766196116522,-0.44437541732516556,-0.3548550347915653,-0.07016766167536687,-0.22065326994483364,4.136128837811532,2.365536713604118,1.0955253091939157,-0.2280218528058249,1.3253058072584096,-0.25355520821536887,5.26032037299944,-0.40670670367007405,-0.1532843929904657,2.787827766044133,-0.4614242122529206,0.9547077524344754,-0.5888813574118151,-0.6716889601500968,1.6807591452871105,0.34725688211264666,1.0,0.0,0.0,0.0,0.0,0.0,0.0,1.0,0.0,0.0,0.0,0.0,0.0,0.0
721,1.3265241053135421,-1.2461766196116522,-0.4189001620668945,-0.22258196165695007,-0.07016766167536687,2.8022230716971523,4.049060848663488,2.365536713604118,1.032490488117603,-0.2280218528058249,1.5359716636114413,-0.25355520821536887,4.71754752482677,-0.40670670367007405,-0.1532843929904657,2.8563178941645457,-0.4614242122529206,0.9547077524344754,-0.5888813574118151,-0.6716889601500968,1.6807591452871105,0.34725688211264666,1.0,0.0,0.0,0.0,0.0,0.0,0.0,1.0,0.0,0.0,0.0,0.0,0.0,0.0
722,1.0438236798384846,-1.3186780172014498,-0.4189001620668945,-0.3548550347915653,-0.07016766167536687,4.592948730604633,4.073246401204611,2.25188223103347,1.032490488117603,-0.2280218528058249,1.1567731221759845,-0.25355520821536887,4.657239430585362,-0.40670670367007405,-0.1532843929904657,2.719337637923721,-0.4614242122529206,0.9547077524344754,-0.5888813574118151,-0.6716889601500968,1.6807591452871105,0.34725688211264666,1.0,0.0,0.0,0.0,0.0,0.0,0.0,1.0,0.0,0.0,0.0,0.0,0.0,0.0
723,1.0909404174176607,-1.3186780172014498,-0.44437541732516556,-0.3548550347915653,0.010301209905532438,-0.3520826761031809,4.068409290696387,2.337123092961456,1.032490488117603,-0.2280218528058249,1.592149225305583,-0.25355520821536887,5.417121418027101,-0.40670670367007405,-0.1532843929904657,2.719337637923721,-0.4614242122529206,0.9547077524344754,-0.5888813574118151,-0.6716889601500968,1.6807591452871105,0.34725688211264666,1.0,0.0,0.0,0.0,0.0,0.0,0.0,1.0,0.0,0.0,0.0,0.0,0.0,0.0
724,0.9967069422593082,-1.1736752220218545,-0.46985067258343666,-0.22258196165695007,0.3321766962291301,-0.3520826761031809,4.140965948319757,2.308709472318794,1.032490488117603,-0.2280218528058249,1.6974821534820987,-0.25355520821536887,4.994964758337246,-0.40670670367007405,-0.1532843929904657,2.582357381682896,-0.4614242122529206,0.9547077524344754,-0.5888813574118151,-0.6716889601500968,1.6807591452871105,0.34725688211264666,1.0,0.0,0.0,0.0,0.0,0.0,0.0,1.0,0.0,0.0,0.0,0.0,0.0,0.0
725,0.8553567295217794,-1.3186780172014498,-0.46985067258343666,-0.22258196165695007,0.1712389530673312,-0.3520826761031809,4.136128837811532,2.308709472318794,1.032490488117603,-0.2280218528058249,1.5500160540349768,-0.25355520821536887,5.03114961488209,-0.40670670367007405,-0.1532843929904657,2.445377125442071,-0.4614242122529206,0.9547077524344754,-0.5888813574118151,-0.6716889601500968,1.6807591452871105,0.34725688211264666,1.0,0.0,0.0,0.0,0.0,0.0,0.0,1.0,0.0,0.0,0.0,0.0,0.0,0.0
726,1.0438236798384846,-1.1736752220218545,-0.3679496515503524,-0.22258196165695007,0.1712389530673312,-0.3520826761031809,4.160314390352656,2.365536713604118,1.032490488117603,-0.2280218528058249,1.4797941019172995,-0.25355520821536887,5.320628467240848,-0.40670670367007405,-0.1532843929904657,3.130278406646195,-0.4614242122529206,0.9547077524344754,-0.5888813574118151,-0.6716889601500968,1.6807591452871105,0.34725688211264666,1.0,0.0,0.0,0.0,0.0,0.0,0.0,1.0,0.0,0.0,0.0,0.0,0.0,0.0
727,1.0909404174176607,-1.0286724268422591,-0.4953259278417077,-0.3548550347915653,0.1712389530673312,-0.3520826761031809,4.111943285270409,2.1098141278201603,1.032490488117603,-0.2280218528058249,1.5710826396702797,-0.25355520821536887,5.10351932797178,-0.40670670367007405,-0.1532843929904657,3.26725866288702,-0.4614242122529206,0.9547077524344754,-0.5888813574118151,-0.6716889601500968,1.6807591452871105,0.34725688211264666,1.0,0.0,0.0,0.0,0.0,0.0,0.0,1.0,0.0,0.0,0.0,0.0,0.0,0.0
728,0.9967069422593082,-1.0286724268422591,-0.39342490680862346,-0.22258196165695007,0.1712389530673312,-0.3520826761031809,4.116780395778633,1.9109187833215266,1.032490488117603,-0.2280218528058249,1.367438978529016,-0.25355520821536887,5.236197135302877,-0.40670670367007405,-0.1532843929904657,3.609709303489082,-0.4614242122529206,0.9547077524344754,-0.5888813574118151,-0.6716889601500968,1.6807591452871105,0.34725688211264666,1.0,0.0,0.0,0.0,0.0,0.0,0.0,1.0,0.0,0.0,0.0,0.0,0.0,0.0
730,0.8553567295217794,-1.1736752220218545,-0.4953259278417077,-0.22258196165695007,0.1712389530673312,-0.3520826761031809,3.9619928595154437,2.280295851676132,0.9694556670412903,-0.2280218528058249,1.7536597151762405,-0.25355520821536887,4.898471807550993,-0.40670670367007405,-0.1532843929904657,2.650847509803308,-0.4614242122529206,0.9547077524344754,-0.5888813574118151,-0.6716889601500968,1.6807591452871105,0.34725688211264666,1.0,0.0,0.0,0.0,0.0,0.0,0.0,1.0,0.0,0.0,0.0,0.0,0.0,0.0
731,0.8082399919426032,-1.2461766196116522,-0.5462764383582498,-0.22258196165695007,0.1712389530673312,-0.3520826761031809,4.087757732729285,2.25188223103347,0.9694556670412903,-0.2280218528058249,1.5219272731879059,-0.25355520821536887,5.0673344714269355,-0.40670670367007405,-0.1532843929904657,2.719337637923721,-0.4614242122529206,0.9547077524344754,-0.5888813574118151,-0.6716889601500968,1.6807591452871105,0.34725688211264666,1.0,0.0,0.0,0.0,0.0,0.0,0.0,1.0,0.0,0.0,0.0,0.0,0.0,0.0
895,-0.13409475964092085,1.3638736936210638,1.3643677060120782,0.306510330881511,0.25170782464823066,-0.3356540003333875,-0.34787260331274056,-0.44741173001941503,-0.1021362912560254,-0.2978762252186519,-1.8908595997312052,2.6333049360592202,-0.5895647684171168,1.2686542501061895,0.6974966028868216,-0.345595595464734,2.3575606541902943,0.7305784291236823,2.830095898245761,-0.1231429760275178,-1.356608015870507,-0.9646619477655092,1.0,0.0,0.0,0.0,0.0,0.0,0.0,0.0,0.0,0.0,1.0,0.0,0.0,0.0
896,0.33707261615084116,1.7988820791598494,1.6700707691113308,0.43878340401612614,0.25170782464823066,-0.3356540003333875,-0.33819838229629123,-0.44741173001941503,-0.1021362912560254,1.4484830851020232,-2.038325699178327,2.4896800532594896,-0.5895647684171168,1.5403344047726106,0.8865590464151077,-0.345595595464734,2.3575606541902943,0.7305784291236823,2.830095898245761,-0.1231429760275178,-1.356608015870507,-0.9646619477655092,1.0,0.0,0.0,0.0,0.0,0.0,0.0,0.0,0.0,0.0,1.0,0.0,0.0,0.0
897,0.33707261615084116,2.0163862719292425,1.721021279627873,0.43878340401612614,0.25170782464823066,-0.3356540003333875,-0.33819838229629123,-0.44741173001941503,-0.1021362912560254,3.5940102377817102,-1.9049039901547407,2.4896800532594896,-0.5895647684171168,1.3592143016616631,1.2646839334716797,-0.345595595464734,2.3575606541902943,0.7305784291236823,2.830095898245761,-0.1231429760275178,-1.356608015870507,-0.9646619477655092,1.0,0.0,0.0,0.0,0.0,0.0,0.0,0.0,0.0,0.0,1.0,0.0,0.0,0.0
898,0.33707261615084116,1.7263806815700518,1.64459551385306,0.43878340401612614,0.25170782464823066,0.3872077335375222,-0.33819838229629123,-0.44741173001941503,-0.1021362912560254,-0.2978762252186519,-1.9259705757900438,2.4896800532594896,-0.5775031495688352,1.4497743532171368,0.5084341593585355,-0.345595595464734,2.3575606541902943,0.7305784291236823,2.830095898245761,-0.1231429760275178,-1.356608015870507,-0.9646619477655092,1.0,0.0,0.0,0.0,0.0,0.0,0.0,0.0,0.0,0.0,1.0,0.0,0.0,0.0
899,0.33707261615084116,1.7988820791598494,1.6700707691113308,0.43878340401612614,0.1712389530673312,0.3872077335375222,-0.33819838229629123,-0.44741173001941503,-0.1021362912560254,1.5482750456917762,-1.947037161425347,2.776929818858951,-0.6498728626585246,1.5403344047726106,1.0756214899433938,-0.345595595464734,2.3575606541902943,0.7305784291236823,2.830095898245761,-0.1231429760275178,-1.356608015870507,-0.9646619477655092,1.0,0.0,0.0,0.0,0.0,0.0,0.0,0.0,0.0,0.0,1.0,0.0,0.0,0.0
900,0.33707261615084116,2.0163862719292425,1.695546024369602,0.43878340401612614,0.3321766962291301,0.3872077335375222,-0.33819838229629123,-0.44741173001941503,-0.1021362912560254,3.5940102377817102,-2.0593922848136303,2.3460551704597585,-0.6136880061136799,1.5403344047726106,1.2646839334716797,-0.345595595464734,2.3575606541902943,0.7305784291236823,2.830095898245761,-0.1231429760275178,-1.356608015870507,-0.9646619477655092,1.0,0.0,0.0,0.0,0.0,0.0,0.0,0.0,0.0,0.0,1.0,0.0,0.0,0.0
901,0.33707261615084116,2.0163862719292425,1.64459551385306,0.43878340401612614,0.09077008148643188,2.128647365135623,-0.33819838229629123,-0.44741173001941503,-0.1021362912560254,-0.2978762252186519,-1.8276598428252957,2.4896800532594896,-0.4327637233894565,1.1780941985507156,0.6974966028868216,-0.345595595464734,2.3575606541902943,0.7305784291236823,2.830095898245761,-0.1231429760275178,-1.356608015870507,-0.9646619477655092,1.0,0.0,0.0,0.0,0.0,0.0,0.0,0.0,0.0,0.0,1.0,0.0,0.0,0.0
902,-0.13409475964092085,1.7988820791598494,1.695546024369602,0.43878340401612614,0.09077008148643188,2.1122186893658292,-0.33819838229629123,-0.44741173001941503,-0.1021362912560254,1.648067006281529,-2.1015254560842367,2.776929818858951,-0.5533799118722721,1.1780941985507156,1.0756214899433938,-0.345595595464734,2.3575606541902943,0.7305784291236823,2.830095898245761,-0.1231429760275178,-1.356608015870507,-0.9646619477655092,1.0,0.0,0.0,0.0,0.0,0.0,0.0,0.0,0.0,0.0,1.0,0.0,0.0,0.0
903,0.33707261615084116,2.3063918622884336,1.8738728111774987,0.43878340401612614,0.1712389530673312,2.177933392445003,-0.33819838229629123,-0.44741173001941503,-0.1021362912560254,3.9931780801407215,-2.0874810656607012,2.920554701658682,-0.6257496249619615,1.4497743532171368,1.831871264056538,-0.345595595464734,2.3575606541902943,0.7305784291236823,2.830095898245761,-0.1231429760275178,-1.356608015870507,-0.9646619477655092,1.0,0.0,0.0,0.0,0.0,0.0,0.0,0.0,0.0,0.0,1.0,0.0,0.0,0.0
904,0.8082399919426032,2.0888876695190404,1.8229223006609567,0.43878340401612614,0.1712389530673312,-0.3356540003333875,-0.33819838229629123,-0.44741173001941503,-0.1021362912560254,-0.24798024492377546,-1.9681037470606502,2.776929818858951,-0.5654415307205537,1.0875341469952422,6.180307465207117,-0.345595595464734,2.3575606541902943,0.7305784291236823,2.830095898245761,-0.1231429760275178,-1.356608015870507,-0.9646619477655092,1.0,0.0,0.0,0.0,0.0,0.0,0.0,0.0,0.0,0.0,1.0,0.0,0.0,0.0
905,0.33707261615084116,2.3788932598782315,1.924823321694041,0.43878340401612614,0.1712389530673312,0.4857797881562826,-0.33819838229629123,-0.44741173001941503,-0.1021362912560254,1.6979629865764057,-2.1296142369313076,3.2078044672581436,-0.5533799118722721,1.3592143016616631,6.936557239320262,-0.345595595464734,2.3575606541902943,0.7305784291236823,2.830095898245761,-0.1231429760275178,-1.356608015870507,-0.9646619477655092,1.0,0.0,0.0,0.0,0.0,0.0,0.0,0.0,0.0,0.0,1.0,0.0,0.0,0.0
906,0.33707261615084116,2.451394657468029,1.924823321694041,0.43878340401612614,0.1712389530673312,2.177933392445003,-0.33819838229629123,-0.44741173001941503,-0.1021362912560254,3.7935941589612154,-2.199836189048985,3.3514293500578742,-0.5775031495688352,1.8120145594390318,7.692807013433406,-0.345595595464734,2.3575606541902943,0.7305784291236823,2.830095898245761,-0.1231429760275178,-1.356608015870507,-0.9646619477655092,1.0,0.0,0.0,0.0,0.0,0.0,0.0,0.0,0.0,0.0,1.0,0.0,0.0,0.0
907,-0.13409475964092085,-0.013652860585091712,-0.597226948874792,2.2906064279007397,0.6540521825527276,-0.3520826761031809,-0.3623839348374146,-0.475825350662077,-0.12735021968655047,-0.4475641661032812,-0.13531079678927566,0.19168192846379659,-0.15534648987898064,-0.3161466521146003,-0.1532843929904657,0.04822264122763729,-0.5156354596845208,-0.502132849085679,0.9406610990665744,0.9739489922176402,-1.356608015870507,-0.9646619477655092,1.0,0.0,0.0,0.0,0.0,0.0,0.0,1.0,0.0,0.0,0.0,0.0,0.0,0.0
908,-0.13409475964092085,-0.013652860585091712,-0.597226948874792,2.2906064279007397,0.6540521825527276,-0.3520826761031809,-0.3623839348374146,-0.475825350662077,-0.12735021968655047,-0.4475641661032812,-0.13531079678927566,0.19168192846379659,-0.15534648987898064,-0.3161466521146003,-0.1532843929904657,0.04822264122763729,-0.5156354596845208,-0.502132849085679,0.9406610990665744,0.9739489922176402,1.0732857130555868,-0.6202832549224933,1.0,0.0,0.0,0.0,0.0,0.0,0.0,1.0,0.0,0.0,0.0,0.0,0.0,0.0
909,-0.6052621354326835,-0.4486612461238777,-1.6162371592056333,1.8937872084968943,2.263429614170715,1.7179304708907879,-0.3623839348374146,-0.475825350662077,-0.1021362912560254,-0.34777220551352833,-0.13531079678927566,0.19168192846379659,-0.39657886684461185,-0.3161466521146003,-0.1532843929904657,0.04822264122763729,-0.5156354596845208,-0.502132849085679,0.4907956706905775,0.9739489922176402,-1.356608015870507,-0.9646619477655092,1.0,0.0,0.0,0.0,0.0,0.0,0.0,1.0,0.0,0.0,0.0,0.0,0.0,0.0
910,-0.6052621354326835,-0.4486612461238777,-1.6162371592056333,1.8937872084968943,2.263429614170715,1.7179304708907879,-0.3623839348374146,-0.475825350662077,-0.1021362912560254,-0.34777220551352833,-0.13531079678927566,0.19168192846379659,-0.39657886684461185,-0.3161466521146003,-0.1532843929904657,0.04822264122763729,-0.5156354596845208,-0.502132849085679,0.4907956706905775,0.9739489922176402,1.0732857130555868,-0.6202832549224933,1.0,0.0,0.0,0.0,0.0,0.0,0.0,1.0,0.0,0.0,0.0,0.0,0.0,0.0
911,0.8082399919426032,0.5663583201332894,-0.6481774593913338,0.1742372577468956,3.6314004310460044,-0.3520826761031809,-0.3623839348374146,-0.41899810937675314,-0.139957183901813,-0.04839632374426973,-0.13531079678927566,1.1970561080619122,0.6889668295007286,-0.2708666263368635,-0.1532843929904657,0.4591634099501116,-0.5156354596845208,-0.502132849085679,0.7607149277161754,0.9739489922176402,-1.356608015870507,-0.9646619477655092,1.0,0.0,0.0,0.0,0.0,0.0,0.0,1.0,0.0,0.0,0.0,0.0,0.0,0.0
912,0.8082399919426032,0.5663583201332894,-0.6481774593913338,0.1742372577468956,3.6314004310460044,-0.3520826761031809,-0.3623839348374146,-0.41899810937675314,-0.139957183901813,-0.04839632374426973,-0.13531079678927566,1.1970561080619122,0.6889668295007286,-0.2708666263368635,-0.1532843929904657,0.4591634099501116,-0.5156354596845208,-0.502132849085679,0.7607149277161754,0.9739489922176402,1.0732857130555868,-0.6202832549224933,1.0,0.0,0.0,0.0,0.0,0.0,0.0,1.0,0.0,0.0,0.0,0.0,0.0,0.0
913,0.33707261615084116,-0.08615425817488943,-1.361484606622923,0.7033295502853567,1.0563965404572242,0.4693511123864892,-0.19308506704955103,-0.4530944541479474,-0.139957183901813,-0.34777220551352833,-0.13531079678927566,2.058805404860297,0.44773445253509736,-0.2255866005591266,-0.1532843929904657,0.6646337943113488,-0.5156354596845208,-0.502132849085679,0.670741842040976,0.9739489922176402,-1.356608015870507,-0.9646619477655092,1.0,0.0,0.0,0.0,0.0,0.0,0.0,1.0,0.0,0.0,0.0,0.0,0.0,0.0
914,0.33707261615084116,-0.08615425817488943,-1.361484606622923,0.7033295502853567,1.0563965404572242,0.4693511123864892,-0.19308506704955103,-0.4530944541479474,-0.139957183901813,-0.34777220551352833,-0.13531079678927566,2.058805404860297,0.44773445253509736,-0.2255866005591266,-0.1532843929904657,0.6646337943113488,-0.5156354596845208,-0.502132849085679,0.670741842040976,0.9739489922176402,1.0732857130555868,-0.6202832549224933,1.0,0.0,0.0,0.0,0.0,0.0,0.0,1.0,0.0,0.0,0.0,0.0,0.0,0.0
915,-0.13409475964092085,1.943884874339445,-0.2915238857755392,2.0260602816315094,1.0563965404572242,-0.3520826761031809,-0.3623839348374146,-0.475825350662077,-0.07692236282550032,-0.4475641661032812,-0.13531079678927566,0.10550699878395811,-0.10710001448585439,0.0008135283295576519,-0.1532843929904657,-0.0887576150131875,-0.5156354596845208,-0.502132849085679,1.0306341847417735,0.9739489922176402,-1.356608015870507,-0.9646619477655092,1.0,0.0,0.0,0.0,0.0,0.0,0.0,1.0,0.0,0.0,0.0,0.0,0.0,0.0
916,-0.13409475964092085,1.943884874339445,-0.2915238857755392,2.0260602816315094,1.0563965404572242,-0.3520826761031809,-0.3623839348374146,-0.475825350662077,-0.07692236282550032,-0.4475641661032812,-0.13531079678927566,0.10550699878395811,-0.10710001448585439,0.0008135283295576519,-0.1532843929904657,-0.0887576150131875,-0.5156354596845208,-0.502132849085679,1.0306341847417735,0.9739489922176402,1.0732857130555868,-0.6202832549224933,1.0,0.0,0.0,0.0,0.0,0.0,0.0,1.0,0.0,0.0,0.0,0.0,0.0,0.0
917,-0.13409475964092085,-0.9561710292524616,-1.1067320540402126,0.1742372577468956,-0.1506365332562663,-0.3520826761031809,-0.3623839348374146,-0.475825350662077,-0.16517111233233808,-0.4475641661032812,-0.13531079678927566,-0.813692251134319,1.0508153949491754,-0.00824247682598972,-0.1532843929904657,-0.3627181274948371,-0.5156354596845208,-0.502132849085679,0.8506880133913749,0.9739489922176402,-1.356608015870507,-0.9646619477655092,1.0,0.0,0.0,0.0,0.0,0.0,0.0,1.0,0.0,0.0,0.0,0.0,0.0,0.0
919,0.8082399919426032,0.7113611153128848,-0.724603225166147,0.041964184612280464,1.1368654120381236,-0.3520826761031809,-0.3623839348374146,-0.475825350662077,-0.16517111233233808,-0.4475641661032812,-0.13531079678927566,2.058805404860297,-0.39657886684461185,0.16382162112941032,-0.1532843929904657,-0.3627181274948371,-0.5156354596845208,-0.502132849085679,0.13090332798977994,-1.2202349442726759,-1.356608015870507,-0.9646619477655092,1.0,0.0,0.0,0.0,0.0,0.0,0.0,1.0,0.0,0.0,0.0,0.0,0.0,0.0
921,0.33707261615084116,0.05884853700470562,-1.361484606622923,0.041964184612280464,0.6540521825527276,1.6193584162720274,-0.3623839348374146,-0.475825350662077,-0.0391014701797127,-0.4475641661032812,-0.13531079678927566,-0.23919271993539581,-0.03473030139616503,0.7252939407733473,-0.1532843929904657,-0.3627181274948371,-0.5156354596845208,-0.502132849085679,0.13090332798977994,-1.4396533379217074,-1.356608015870507,-0.9646619477655092,1.0,0.0,0.0,0.0,0.0,0.0,0.0,1.0,0.0,0.0,0.0,0.0,0.0,0.0
923,-0.6052621354326835,1.3638736936210638,-0.08772184370937128,0.43878340401612614,0.1712389530673312,-0.3520826761031809,-0.3527097138209653,-0.475825350662077,-0.16517111233233808,-0.4475641661032812,-0.13531079678927566,-0.813692251134319,-0.03473030139616503,-0.11691453869255816,-0.1532843929904657,-0.3627181274948371,-0.5156354596845208,-0.502132849085679,0.13090332798977994,-1.2202349442726759,-1.356608015870507,-0.9646619477655092,1.0,0.0,0.0,0.0,0.0,0.0,0.0,1.0,0.0,0.0,0.0,0.0,0.0,0.0
925,-0.13409475964092085,0.9288653080822775,-0.8519795014575023,0.43878340401612614,0.8954587972954257,-0.3520826761031809,-0.3623839348374146,-0.475825350662077,-0.1021362912560254,-0.4475641661032812,-0.13531079678927566,0.3353068112635274,0.20650207556946618,-0.24369861087022135,-0.1532843929904657,-0.3627181274948371,-0.5156354596845208,-0.502132849085679,0.13090332798977994,-1.2202349442726759,-1.356608015870507,-0.9646619477655092,1.0,0.0,0.0,0.0,0.0,0.0,0.0,1.0,0.0,0.0,0.0,0.0,0.0,0.0
927,-0.13409475964092085,0.9288653080822775,-0.21509812000072603,0.1742372577468956,0.5735833109718281,-0.3520826761031809,-0.3623839348374146,-0.475825350662077,-0.1021362912560254,-0.4475641661032812,-0.13531079678927566,2.058805404860297,1.0508153949491754,-0.15313855931474765,-0.1532843929904657,-0.3627181274948371,-0.5156354596845208,-0.502132849085679,0.22087641366497918,-1.4396533379217074,-1.356608015870507,-0.9646619477655092,1.0,0.0,0.0,0.0,0.0,0.0,0.0,1.0,0.0,0.0,0.0,0.0,0.0,0.0
929,0.33707261615084116,1.073868103261873,-0.724603225166147,0.5710564771507415,1.2978031551999227,-0.3520826761031809,-0.33819838229629123,-0.475825350662077,-0.16517111233233808,-0.4475641661032812,-0.13531079678927566,-0.09556783713566501,0.8095830179835442,0.34494172424035774,-0.1532843929904657,-0.3627181274948371,-0.5156354596845208,-0.502132849085679,0.22087641366497918,-1.2202349442726759,-1.356608015870507,-0.9646619477655092,1.0,0.0,0.0,0.0,0.0,0.0,0.0,1.0,0.0,0.0,0.0,0.0,0.0,0.0
931,-1.0764295112244455,-0.6661654388932708,-0.08772184370937128,0.7033295502853567,0.8954587972954257,-0.3520826761031809,-0.3623839348374146,-0.475825350662077,-0.139957183901813,0.15118759743523597,-0.13531079678927566,-0.3828176027351266,0.44773445253509736,0.31777370877371564,-0.1532843929904657,-0.020267486892775112,-0.5156354596845208,-0.502132849085679,0.670741842040976,-0.1231429760275178,-1.356608015870507,-0.9646619477655092,1.0,0.0,0.0,0.0,0.0,0.0,0.0,0.0,0.0,0.0,1.0,0.0,0.0,0.0
932,-1.0764295112244455,-0.6661654388932708,-0.08772184370937128,0.7033295502853567,0.8954587972954257,-0.3520826761031809,-0.3623839348374146,-0.475825350662077,-0.139957183901813,0.15118759743523597,-0.13531079678927566,-0.3828176027351266,0.44773445253509736,0.31777370877371564,-0.1532843929904657,-0.020267486892775112,-0.5156354596845208,-0.502132849085679,0.670741842040976,-0.1231429760275178,1.0732857130555868,-0.6202832549224933,1.0,0.0,0.0,0.0,0.0,0.0,0.0,0.0,0.0,0.0,1.0,0.0,0.0,0.0
933,1.2794073677343658,-1.1736752220218545,1.058664642912826,0.7033295502853567,1.2978031551999227,-0.3520826761031809,-0.3623839348374146,0.9448556814710205,-0.139957183901813,0.25097955802498895,-0.13531079678927566,-0.5264424855348574,0.08588588708665057,0.09137357988503136,-0.1532843929904657,0.3221831537092869,-0.5156354596845208,-0.502132849085679,0.670741842040976,-0.1231429760275178,-1.356608015870507,-0.9646619477655092,1.0,0.0,0.0,0.0,0.0,0.0,0.0,0.0,0.0,0.0,1.0,0.0,0.0,0.0
934,1.2794073677343658,-1.1736752220218545,1.058664642912826,0.7033295502853567,1.2978031551999227,-0.3520826761031809,-0.3623839348374146,0.9448556814710205,-0.139957183901813,0.25097955802498895,-0.13531079678927566,-0.5264424855348574,0.08588588708665057,0.09137357988503136,-0.1532843929904657,0.3221831537092869,-0.5156354596845208,-0.502132849085679,0.670741842040976,-0.1231429760275178,1.0732857130555868,-0.6202832549224933,1.0,0.0,0.0,0.0,0.0,0.0,0.0,0.0,0.0,0.0,1.0,0.0,0.0,0.0
935,0.8082399919426032,-0.4486612461238777,0.8548626008466574,0.7033295502853567,2.5853051004943124,-0.3520826761031809,-0.3623839348374146,0.9448556814710205,-0.13365370179418173,0.05139563684548316,-0.13531079678927566,0.3353068112635274,0.08588588708665057,0.49889381188466303,-0.1532843929904657,-0.020267486892775112,-0.5156354596845208,-0.502132849085679,0.670741842040976,-0.1231429760275178,-1.356608015870507,-0.9646619477655092,1.0,0.0,0.0,0.0,0.0,0.0,0.0,0.0,0.0,0.0,1.0,0.0,0.0,0.0
936,0.8082399919426032,-0.4486612461238777,0.8548626008466574,0.7033295502853567,2.5853051004943124,-0.3520826761031809,-0.3623839348374146,0.9448556814710205,-0.13365370179418173,0.05139563684548316,-0.13531079678927566,0.3353068112635274,0.08588588708665057,0.49889381188466303,-0.1532843929904657,-0.020267486892775112,-0.5156354596845208,-0.502132849085679,0.670741842040976,-0.1231429760275178,1.0732857130555868,-0.6202832549224933,1.0,0.0,0.0,0.0,0.0,0.0,0.0,0.0,0.0,0.0,1.0,0.0,0.0,0.0
937,2.2217421193178897,-0.8836696316626639,0.14155545361506827,3.4810640861122772,0.4931144393909287,-0.3520826761031809,-0.3623839348374146,-0.475825350662077,-0.16517111233233808,0.4505634792044946,-0.13531079678927566,-0.813692251134319,0.08588588708665057,0.36305373455145246,-0.1532843929904657,1.007084434913411,-0.5156354596845208,-0.502132849085679,0.04093024231458048,-0.1231429760275178,-1.356608015870507,-0.9646619477655092,1.0,0.0,0.0,0.0,0.0,0.0,0.0,0.0,0.0,0.0,1.0,0.0,0.0,0.0
938,2.2217421193178897,-0.8836696316626639,0.14155545361506827,3.4810640861122772,0.4931144393909287,-0.3520826761031809,-0.3623839348374146,-0.475825350662077,-0.16517111233233808,0.4505634792044946,-0.13531079678927566,-0.813692251134319,0.08588588708665057,0.36305373455145246,-0.1532843929904657,1.007084434913411,-0.5156354596845208,-0.502132849085679,0.04093024231458048,-0.1231429760275178,1.0732857130555868,-0.6202832549224933,1.0,0.0,0.0,0.0,0.0,0.0,0.0,0.0,0.0,0.0,1.0,0.0,0.0,0.0
941,0.33707261615084116,-0.9561710292524616,0.039654432581984034,0.5710564771507415,0.7345210541336268,-0.3520826761031809,-0.3623839348374146,-0.475825350662077,-0.16517111233233808,-0.4475641661032812,-0.13531079678927566,-0.813692251134319,-0.03473030139616503,0.5260618273513051,-0.1532843929904657,0.04822264122763729,-0.5156354596845208,-0.502132849085679,0.04093024231458048,-0.1231429760275178,-1.356608015870507,-0.9646619477655092,1.0,0.0,0.0,0.0,0.0,0.0,0.0,0.0,0.0,0.0,1.0,0.0,0.0,0.0
942,0.33707261615084116,-0.9561710292524616,0.039654432581984034,0.5710564771507415,0.7345210541336268,-0.3520826761031809,-0.3623839348374146,-0.475825350662077,-0.16517111233233808,-0.4475641661032812,-0.13531079678927566,-0.813692251134319,-0.03473030139616503,0.5260618273513051,-0.1532843929904657,0.04822264122763729,-0.5156354596845208,-0.502132849085679,0.04093024231458048,-0.1231429760275178,1.0732857130555868,-0.685879196416401,1.0,0.0,0.0,0.0,0.0,0.0,0.0,0.0,0.0,0.0,1.0,0.0,0.0,0.0
943,1.2794073677343658,-1.6086836075606405,0.039654432581984034,0.43878340401612614,0.8954587972954257,-0.3520826761031809,-0.3623839348374146,-0.475825350662077,-0.16517111233233808,-0.4475641661032812,-0.13531079678927566,-0.813692251134319,-0.1674081087272622,-0.2527546160257687,-0.1532843929904657,0.04822264122763729,-0.5156354596845208,-0.502132849085679,0.04093024231458048,-0.1231429760275178,-1.356608015870507,-0.9646619477655092,1.0,0.0,0.0,0.0,0.0,0.0,0.0,0.0,0.0,0.0,1.0,0.0,0.0,0.0
944,1.2794073677343658,-1.6086836075606405,0.039654432581984034,0.43878340401612614,0.8954587972954257,-0.3520826761031809,-0.3623839348374146,-0.475825350662077,-0.16517111233233808,-0.4475641661032812,-0.13531079678927566,-0.813692251134319,-0.1674081087272622,-0.2527546160257687,-0.1532843929904657,0.04822264122763729,-0.5156354596845208,-0.502132849085679,0.04093024231458048,-0.1231429760275178,1.0732857130555868,-0.5874852841755395,1.0,0.0,0.0,0.0,0.0,0.0,0.0,0.0,0.0,0.0,1.0,0.0,0.0,0.0
945,-0.41679518511597846,-0.5211626437136754,0.651060558780489,1.4969679890930485,0.8954587972954257,-0.30443951637078004,-0.33819838229629123,-0.41899810937675314,-0.10843977336365668,0.9495232821532591,1.01632921794063,-0.25355520821536887,-0.010607063699601908,-0.40670670367007405,-0.1532843929904657,-0.345595595464734,1.9509762984532921,5.589702158501675,2.650149726895362,-0.1231429760275178,-1.356608015870507,-0.9646619477655092,1.0,0.0,0.0,0.0,0.0,0.0,0.0,0.0,0.0,0.0,0.0,0.0,0.0,1.0
950,0.007255453096607299,-0.08615425817488943,0.651060558780489,1.4969679890930485,0.41264556781002926,-0.30443951637078004,-0.33819838229629123,-0.41899810937675314,-0.10843977336365668,0.6501474003840003,0.8267299472229017,-0.25355520821536887,0.2547485509625924,-0.40670670367007405,-0.1532843929904657,-0.345595595464734,1.9509762984532921,5.589702158501675,2.650149726895362,-0.1231429760275178,-1.356608015870507,-0.9646619477655092,1.0,0.0,0.0,0.0,0.0,0.0,0.0,0.0,0.0,0.0,0.0,0.0,0.0,1.0
955,-0.6052621354326835,-0.37615984853408035,1.2624666849789938,0.9678756965545875,0.4931144393909287,-0.30443951637078004,-0.33819838229629123,-0.41899810937675314,-0.1021362912560254,0.9495232821532591,0.5317977483286576,-0.25355520821536887,0.36330312059712644,-0.40670670367007405,-0.1532843929904657,-0.345595595464734,1.9509762984532921,5.589702158501675,2.650149726895362,-0.1231429760275178,-1.356608015870507,-0.9646619477655092,1.0,0.0,0.0,0.0,0.0,0.0,0.0,0.0,0.0,0.0,0.0,0.0,0.0,1.0
960,0.33707261615084116,-0.2311570533544849,1.2369914297207227,0.9678756965545875,0.3321766962291301,-0.30443951637078004,-0.33819838229629123,-0.39058448873409113,-0.1021362912560254,0.7998353412686297,0.39837603930507093,-0.25355520821536887,-0.2518394406652331,-0.40670670367007405,-0.1532843929904657,-0.345595595464734,1.9509762984532921,5.589702158501675,2.650149726895362,-0.1231429760275178,-1.356608015870507,-0.9646619477655092,1.0,0.0,0.0,0.0,0.0,0.0,0.0,0.0,0.0,0.0,0.0,0.0,0.0,1.0
965,0.6197730416258981,-0.4486612461238777,1.2624666849789938,1.7615141353622787,0.5735833109718281,-0.30443951637078004,-0.33819838229629123,-0.44741173001941503,-0.1021362912560254,0.7000433806788768,0.29304311112855513,-0.25355520821536887,-0.31214753490664093,-0.40670670367007405,-0.1532843929904657,-0.345595595464734,1.9509762984532921,5.589702158501675,2.650149726895362,-0.1231429760275178,-1.356608015870507,-0.9646619477655092,1.0,0.0,0.0,0.0,0.0,0.0,0.0,0.0,0.0,0.0,0.0,0.0,0.0,1.0
980,1.0438236798384846,0.7838625129026825,1.7719717901444145,1.3646949159584332,0.7345210541336268,-0.30443951637078004,-0.33819838229629123,0.7743739576150488,-0.1021362912560254,0.8497313215635062,-0.14233299200104338,-0.25355520821536887,-0.22771620296866998,-0.40670670367007405,-0.1532843929904657,-0.345595595464734,1.9509762984532921,5.589702158501675,2.650149726895362,-0.1231429760275178,-1.356608015870507,-0.9646619477655092,1.0,0.0,0.0,0.0,0.0,0.0,0.0,0.0,0.0,0.0,0.0,0.0,0.0,1.0
985,0.05437219067578356,-1.3186780172014498,-0.8774547567157733,0.7033295502853567,1.0563965404572242,-0.30443951637078004,-0.33819838229629123,-0.41899810937675314,-0.139957183901813,0.9495232821532591,-0.21255494411872056,-0.25355520821536887,-0.22771620296866998,-0.40670670367007405,-0.1532843929904657,-0.345595595464734,1.9509762984532921,5.240060414136837,2.470203555544964,-0.1231429760275178,-1.356608015870507,-0.9646619477655092,1.0,0.0,0.0,0.0,0.0,0.0,0.0,0.0,0.0,0.0,0.0,0.0,0.0,1.0
990,0.4313060913091937,-1.1736752220218545,-1.1067320540402126,0.5710564771507415,0.5735833109718281,-0.30443951637078004,-0.33819838229629123,-0.41899810937675314,-0.13365370179418173,0.6501474003840003,-0.451309581318823,-0.25355520821536887,0.07382426823836902,-0.40670670367007405,-0.1532843929904657,-0.345595595464734,1.9509762984532921,5.240060414136837,2.470203555544964,-0.1231429760275178,-1.356608015870507,-0.9646619477655092,1.0,0.0,0.0,0.0,0.0,0.0,0.0,0.0,0.0,0.0,0.0,0.0,0.0,1.0
1010,1.2794073677343658,-0.7386668364830686,1.8483975559192278,0.835602623419972,0.25170782464823066,-0.30443951637078004,-0.33819838229629123,-0.41899810937675314,-0.1021362912560254,-0.19808426462889903,-1.5257054487192838,-0.25355520821536887,-0.3483323914514856,-0.40670670367007405,-0.1532843929904657,-0.345595595464734,1.9509762984532921,5.240060414136837,2.470203555544964,-0.1231429760275178,-1.356608015870507,-0.9646619477655092,1.0,0.0,0.0,0.0,0.0,0.0,0.0,0.0,0.0,0.0,0.0,0.0,0.0,1.0
1015,1.0909404174176607,-1.5361822099708429,-1.1576825645567548,1.1001487696892023,0.7345210541336268,-0.30443951637078004,-0.33819838229629123,0.7459603369723868,-0.1021362912560254,0.25097955802498895,-0.5074871430129647,-0.25355520821536887,-0.26390105951351467,-0.40670670367007405,-0.1532843929904657,-0.345595595464734,1.9509762984532921,5.240060414136837,2.470203555544964,-0.1231429760275178,-1.356608015870507,-0.9646619477655092,1.0,0.0,0.0,0.0,0.0,0.0,0.0,0.0,0.0,0.0,0.0,0.0,0.0,1.0
1024,0.9967069422593082,-0.2311570533544849,0.3453574956812368,-0.09030888852233492,0.3321766962291301,-0.2699392972542139,-0.3430354928045159,-0.461618540340746,-0.13365370179418173,0.10129161714035957,-1.4905944726604452,-0.09556783713566501,-0.09503839563757283,0.6347338892178737,0.3193717158302494,-0.020267486892775112,1.54439194271629,0.2823197825020964,1.7504188701433687,-2.3173269125178337,-1.356608015870507,-0.9646619477655092,1.0,0.0,0.0,0.0,0.0,0.0,0.0,0.0,0.0,0.0,1.0,0.0,0.0,0.0
1025,1.7505747435261279,0.13134993459450334,1.084139898171097,0.9678756965545875,1.3782720267808217,-0.2535106214844205,-0.33723096019464627,-0.41899810937675314,-0.1021362912560254,0.15118759743523597,-0.9849964174131696,-0.09556783713566501,-0.09503839563757283,0.6347338892178737,0.3193717158302494,1.007084434913411,1.54439194271629,0.2823197825020964,1.7504188701433687,-2.3173269125178337,-1.356608015870507,-0.9646619477655092,1.0,0.0,0.0,0.0,0.0,0.0,0.0,0.0,0.0,0.0,1.0,0.0,0.0,0.0
1026,1.2794073677343658,-0.4486612461238777,0.6001100482639469,0.1742372577468956,0.8954587972954257,-0.20422459417504027,-0.32368705077161725,-0.3621708680914292,-0.1021362912560254,0.3008755383198653,-0.10722201594220479,-0.09556783713566501,0.568350641017913,0.7252939407733473,0.3193717158302494,1.691985716117535,1.54439194271629,0.2823197825020964,1.7504188701433687,-2.3173269125178337,-1.356608015870507,-0.9646619477655092,1.0,0.0,0.0,0.0,0.0,0.0,0.0,0.0,0.0,0.0,1.0,0.0,0.0,0.0
1028,1.2794073677343658,-0.2311570533544849,0.4727337719725921,1.3646949159584332,1.217334283619023,-0.22065326994483364,-0.33336127178806657,-0.41899810937675314,-0.13365370179418173,0.3008755383198653,-0.7673083658483703,-0.09556783713566501,-0.04679192024444659,0.5441738376623999,0.3193717158302494,1.691985716117535,1.54439194271629,0.2823197825020964,1.7504188701433687,-2.3173269125178337,-1.356608015870507,-0.9646619477655092,1.0,0.0,0.0,0.0,0.0,0.0,0.0,0.0,0.0,0.0,1.0,0.0,0.0,0.0
1029,0.1486056658341361,-0.4486612461238777,0.21798121938988146,0.306510330881511,0.5735833109718281,-0.18779591840524687,-0.33336127178806657,-0.44741173001941503,-0.13365370179418173,0.3008755383198653,-0.0721110398833662,-0.09556783713566501,0.21856369441774773,0.815853992328821,0.3193717158302494,1.691985716117535,1.54439194271629,0.2823197825020964,1.7504188701433687,-2.3173269125178337,-1.356608015870507,-0.9646619477655092,1.0,0.0,0.0,0.0,0.0,0.0,0.0,0.0,0.0,0.0,1.0,0.0,0.0,0.0
1030,0.9967069422593082,-1.1736752220218545,-0.3424743962920813,0.43878340401612614,0.3321766962291301,-0.18779591840524687,-0.33819838229629123,-0.44741173001941503,-0.13365370179418173,0.10129161714035957,0.4615757962109804,-0.09556783713566501,-0.03473030139616503,-0.40670670367007405,0.3193717158302494,-0.020267486892775112,1.54439194271629,0.2823197825020964,1.7504188701433687,-2.3173269125178337,-1.356608015870507,-0.9646619477655092,1.0,0.0,0.0,0.0,0.0,0.0,0.0,0.0,0.0,0.0,1.0,0.0,0.0,0.0
1032,0.8082399919426032,-1.3911794147912475,-0.011296077934558089,0.306510330881511,0.41264556781002926,-0.13850989109586664,-0.32368705077161725,-0.39058448873409113,-0.1021362912560254,0.25097955802498895,1.2340172695054294,-0.09556783713566501,0.33917988290056333,-0.40670670367007405,0.3193717158302494,1.007084434913411,1.54439194271629,0.2823197825020964,1.7504188701433687,-2.3173269125178337,-1.356608015870507,-0.9646619477655092,1.0,0.0,0.0,0.0,0.0,0.0,0.0,0.0,0.0,0.0,1.0,0.0,0.0,0.0
1035,0.1486056658341361,-1.1011738244320568,-0.06224658845110021,1.3646949159584332,0.5735833109718281,-0.07279518801669303,-0.3285241612798419,-0.41899810937675314,-0.0391014701797127,0.4006674989096182,1.1497509269642168,-0.09556783713566501,0.33917988290056333,-0.40670670367007405,0.3193717158302494,1.007084434913411,1.54439194271629,0.2823197825020964,1.7504188701433687,-2.3173269125178337,-1.356608015870507,-0.9646619477655092,1.0,0.0,0.0,0.0,0.0,0.0,0.0,0.0,0.0,0.0,1.0,0.0,0.0,0.0
1036,-1.359129936699503,-0.15865565576468718,-1.4379103723977362,-0.3548550347915653,-0.4725120195798638,-0.30443951637078004,-0.33819838229629123,-0.433204919698084,-0.16264971948928555,-0.2280218528058249,-0.13531079678927566,-0.25355520821536887,-0.2518394406652331,-0.40670670367007405,-0.1532843929904657,-0.345595595464734,-0.5156354596845208,-0.502132849085679,-0.9487737001126126,-0.1231429760275178,-0.34415229548463455,1.3311960045212636,1.0,0.0,0.0,0.0,0.0,0.0,0.0,1.0,0.0,0.0,0.0,0.0,0.0,0.0
1038,-1.2648964615411507,-0.2311570533544849,-0.5717516936165209,-0.22258196165695007,-0.07016766167536687,-0.30443951637078004,-0.33819838229629123,-0.433204919698084,-0.16264971948928555,-0.2280218528058249,-0.13531079678927566,-0.25355520821536887,-0.2518394406652331,-0.40670670367007405,-0.1532843929904657,-0.345595595464734,-0.5156354596845208,-0.502132849085679,-0.9487737001126126,-0.1231429760275178,-0.34415229548463455,1.3311960045212636,1.0,0.0,0.0,0.0,0.0,0.0,0.0,1.0,0.0,0.0,0.0,0.0,0.0,0.0
1040,-1.0764295112244455,0.2763527297740988,0.6001100482639469,-0.3548550347915653,-0.31157427641806507,-0.30443951637078004,-0.33819838229629123,-0.433204919698084,-0.16264971948928555,-0.2280218528058249,-0.13531079678927566,-0.25355520821536887,-0.2518394406652331,-0.40670670367007405,-0.1532843929904657,-0.345595595464734,-0.5156354596845208,-0.502132849085679,-0.9487737001126126,-0.1231429760275178,-0.34415229548463455,1.3311960045212636,1.0,0.0,0.0,0.0,0.0,0.0,0.0,1.0,0.0,0.0,0.0,0.0,0.0,0.0
1042,-0.8408458233285645,0.05884853700470562,1.8993480664357698,-0.3548550347915653,-0.1506365332562663,-0.30443951637078004,-0.33819838229629123,-0.433204919698084,-0.16264971948928555,-0.2280218528058249,-0.13531079678927566,-0.25355520821536887,-0.2518394406652331,-0.40670670367007405,-0.1532843929904657,-0.345595595464734,-0.5156354596845208,-0.502132849085679,-0.9487737001126126,-0.1231429760275178,-0.34415229548463455,1.3311960045212636,1.0,0.0,0.0,0.0,0.0,0.0,0.0,1.0,0.0,0.0,0.0,0.0,0.0,0.0
1046,-1.5947136245953841,-0.37615984853408035,-0.622702204133063,-0.3548550347915653,-0.1506365332562663,-0.30443951637078004,-0.33819838229629123,-0.433204919698084,-0.16264971948928555,-0.2280218528058249,-0.13531079678927566,-0.25355520821536887,-0.2518394406652331,-0.40670670367007405,-0.1532843929904657,-0.345595595464734,-0.5156354596845208,-0.502132849085679,-0.5888813574118151,-0.1231429760275178,-0.34415229548463455,1.3311960045212636,1.0,0.0,0.0,0.0,0.0,0.0,0.0,1.0,0.0,0.0,0.0,0.0,0.0,0.0
1048,-1.170662986382798,0.05884853700470562,0.5746347930056758,-0.4871281079261806,-0.07016766167536687,-0.30443951637078004,-0.33819838229629123,-0.433204919698084,-0.16264971948928555,-0.2280218528058249,-0.13531079678927566,-0.25355520821536887,-0.2518394406652331,-0.40670670367007405,-0.1532843929904657,-0.345595595464734,-0.5156354596845208,-0.502132849085679,-0.5888813574118151,-0.1231429760275178,-0.34415229548463455,1.3311960045212636,1.0,0.0,0.0,0.0,0.0,0.0,0.0,1.0,0.0,0.0,0.0,0.0,0.0,0.0
1050,-1.0293127736452696,-0.15865565576468718,1.5681697480782466,-0.4871281079261806,-0.07016766167536687,-0.30443951637078004,-0.33819838229629123,-0.433204919698084,-0.16264971948928555,-0.2280218528058249,-0.13531079678927566,-0.25355520821536887,-0.2518394406652331,-0.40670670367007405,-0.1532843929904657,-0.345595595464734,-0.5156354596845208,-0.502132849085679,-0.5888813574118151,-0.1231429760275178,-0.34415229548463455,1.3311960045212636,1.0,0.0,0.0,0.0,0.0,0.0,0.0,1.0,0.0,0.0,0.0,0.0,0.0,0.0
1052,-1.6418303621745605,-0.7386668364830686,-1.6162371592056333,-0.3548550347915653,-0.6334497627416625,-0.30443951637078004,-0.33819838229629123,-0.433204919698084,-0.16264971948928555,-0.2280218528058249,-0.13531079678927566,-0.25355520821536887,-0.2518394406652331,-0.40670670367007405,-0.1532843929904657,-0.345595595464734,-0.5156354596845208,-0.502132849085679,0.4907956706905775,-0.1231429760275178,-0.34415229548463455,1.3311960045212636,1.0,0.0,0.0,0.0,0.0,0.0,0.0,1.0,0.0,0.0,0.0,0.0,0.0,0.0
1054,-1.736063837332913,-0.7386668364830686,-0.750078480424418,-0.22258196165695007,-0.23110540483716563,-0.30443951637078004,-0.33819838229629123,-0.433204919698084,-0.16264971948928555,-0.2280218528058249,-0.13531079678927566,-0.25355520821536887,-0.2518394406652331,-0.40670670367007405,-0.1532843929904657,-0.345595595464734,-0.5156354596845208,-0.502132849085679,0.4907956706905775,-0.1231429760275178,-0.34415229548463455,1.3311960045212636,1.0,0.0,0.0,0.0,0.0,0.0,0.0,1.0,0.0,0.0,0.0,0.0,0.0,0.0
1056,-1.4533634118578553,-0.4486612461238777,0.4727337719725921,-0.3548550347915653,-0.07016766167536687,-0.30443951637078004,-0.33819838229629123,-0.433204919698084,-0.16264971948928555,-0.2280218528058249,-0.13531079678927566,-0.25355520821536887,-0.2518394406652331,-0.40670670367007405,-0.1532843929904657,-0.345595595464734,-0.5156354596845208,-0.502132849085679,0.4907956706905775,-0.1231429760275178,-0.34415229548463455,1.3311960045212636,1.0,0.0,0.0,0.0,0.0,0.0,0.0,1.0,0.0,0.0,0.0,0.0,0.0,0.0
1058,-1.3120131991203268,-0.5936640413034732,1.287941940237265,-0.3548550347915653,-0.07016766167536687,-0.30443951637078004,-0.33819838229629123,-0.433204919698084,-0.16264971948928555,-0.2280218528058249,-0.13531079678927566,-0.25355520821536887,-0.2518394406652331,-0.40670670367007405,-0.1532843929904657,-0.345595595464734,-0.5156354596845208,-0.502132849085679,0.4907956706905775,-0.1231429760275178,-0.34415229548463455,1.3311960045212636,1.0,0.0,0.0,0.0,0.0,0.0,0.0,1.0,0.0,0.0,0.0,0.0,0.0,0.0
1060,-1.4062466742786794,-1.0286724268422591,-1.6926629249804466,-0.09030888852233492,-0.23110540483716563,-0.30443951637078004,-0.33819838229629123,-0.433204919698084,-0.16264971948928555,-0.2280218528058249,-0.13531079678927566,-0.25355520821536887,-0.2518394406652331,-0.40670670367007405,-0.1532843929904657,-0.345595595464734,-0.5156354596845208,-0.502132849085679,2.380230469869764,-0.1231429760275178,-0.34415229548463455,1.3311960045212636,1.0,0.0,0.0,0.0,0.0,0.0,0.0,1.0,0.0,0.0,0.0,0.0,0.0,0.0
1062,-1.4533634118578553,-1.0286724268422591,-0.6481774593913338,-0.22258196165695007,-0.1506365332562663,-0.30443951637078004,-0.33819838229629123,-0.433204919698084,-0.16264971948928555,-0.2280218528058249,-0.13531079678927566,-0.25355520821536887,-0.2518394406652331,-0.40670670367007405,-0.1532843929904657,-0.345595595464734,-0.5156354596845208,-0.502132849085679,2.380230469869764,-0.1231429760275178,-0.34415229548463455,1.3311960045212636,1.0,0.0,0.0,0.0,0.0,0.0,0.0,1.0,0.0,0.0,0.0,0.0,0.0,0.0
1066,-1.2177797239619743,-0.6661654388932708,1.3898429612703491,-0.3548550347915653,0.09077008148643188,-0.30443951637078004,-0.33819838229629123,-0.433204919698084,-0.16264971948928555,-0.2280218528058249,-0.13531079678927566,-0.25355520821536887,-0.2518394406652331,-0.40670670367007405,-0.1532843929904657,-0.345595595464734,-0.5156354596845208,-0.502132849085679,2.380230469869764,-0.1231429760275178,-0.34415229548463455,1.3311960045212636,1.0,0.0,0.0,0.0,0.0,0.0,0.0,1.0,0.0,0.0,0.0,0.0,0.0,0.0
1084,-1.736063837332913,-0.2311570533544849,-1.4888608829142782,-0.22258196165695007,-0.07016766167536687,-0.30443951637078004,-0.33819838229629123,-0.433204919698084,-0.16264971948928555,-0.2280218528058249,-0.13531079678927566,-0.25355520821536887,-0.2518394406652331,-0.40670670367007405,-0.1532843929904657,-0.345595595464734,-0.5156354596845208,-0.502132849085679,-0.5888813574118151,-4.072674061710087,-1.356608015870507,-0.9646619477655092,1.0,0.0,0.0,0.0,0.0,0.0,0.0,1.0,0.0,0.0,0.0,0.0,0.0,0.0
1085,-1.4062466742786794,-0.3036584509442826,-0.39342490680862346,-0.3548550347915653,0.010301209905532438,-0.30443951637078004,-0.33819838229629123,-0.433204919698084,-0.16264971948928555,-0.2280218528058249,-0.13531079678927566,-0.25355520821536887,-0.2518394406652331,-0.40670670367007405,-0.1532843929904657,-0.345595595464734,-0.5156354596845208,-0.502132849085679,-0.5888813574118151,-4.072674061710087,-1.356608015870507,-0.9646619477655092,1.0,0.0,0.0,0.0,0.0,0.0,0.0,1.0,0.0,0.0,0.0,0.0,0.0,0.0
1086,-1.2648964615411507,-0.2311570533544849,0.5236842824891337,-0.22258196165695007,0.1712389530673312,-0.30443951637078004,-0.33819838229629123,-0.433204919698084,-0.16264971948928555,-0.2280218528058249,-0.13531079678927566,-0.25355520821536887,-0.2518394406652331,-0.40670670367007405,-0.1532843929904657,-0.345595595464734,-0.5156354596845208,-0.502132849085679,-0.5888813574118151,-4.072674061710087,-1.356608015870507,-0.9646619477655092,1.0,0.0,0.0,0.0,0.0,0.0,0.0,1.0,0.0,0.0,0.0,0.0,0.0,0.0
1087,-1.0764295112244455,-0.2311570533544849,1.5426944928199755,-0.3548550347915653,0.1712389530673312,-0.30443951637078004,-0.33819838229629123,-0.433204919698084,-0.16264971948928555,-0.2280218528058249,-0.13531079678927566,-0.25355520821536887,-0.2518394406652331,-0.40670670367007405,-0.1532843929904657,-0.345595595464734,-0.5156354596845208,-0.502132849085679,-0.5888813574118151,-4.072674061710087,-1.356608015870507,-0.9646619477655092,1.0,0.0,0.0,0.0,0.0,0.0,0.0,1.0,0.0,0.0,0.0,0.0,0.0,0.0
1088,-1.5947136245953841,-0.4486612461238777,-1.5398113934308204,-0.22258196165695007,-0.07016766167536687,-0.30443951637078004,-0.33819838229629123,-0.433204919698084,-0.16264971948928555,-0.2280218528058249,-0.13531079678927566,-0.25355520821536887,-0.2518394406652331,-0.40670670367007405,-0.1532843929904657,-0.345595595464734,-0.5156354596845208,-0.502132849085679,-0.5888813574118151,-1.2202349442726759,-1.356608015870507,-0.9646619477655092,1.0,0.0,0.0,0.0,0.0,0.0,0.0,1.0,0.0,0.0,0.0,0.0,0.0,0.0
1089,-1.2177797239619743,-0.2311570533544849,-0.46985067258343666,-0.22258196165695007,0.1712389530673312,-0.30443951637078004,-0.33819838229629123,-0.433204919698084,-0.16264971948928555,-0.2280218528058249,-0.13531079678927566,-0.25355520821536887,-0.2518394406652331,-0.40670670367007405,-0.1532843929904657,-0.345595595464734,-0.5156354596845208,-0.502132849085679,-0.5888813574118151,-1.2202349442726759,-1.356608015870507,-0.9646619477655092,1.0,0.0,0.0,0.0,0.0,0.0,0.0,1.0,0.0,0.0,0.0,0.0,0.0,0.0
1092,-1.6889470997537366,-0.4486612461238777,-1.4888608829142782,-0.22258196165695007,-0.23110540483716563,-0.30443951637078004,-0.33819838229629123,-0.433204919698084,-0.16264971948928555,-0.2280218528058249,-0.13531079678927566,-0.25355520821536887,-0.2518394406652331,-0.40670670367007405,-0.1532843929904657,-0.345595595464734,-0.5156354596845208,-0.502132849085679,-0.5888813574118151,0.7545305985686086,-1.356608015870507,-0.9646619477655092,1.0,0.0,0.0,0.0,0.0,0.0,0.0,1.0,0.0,0.0,0.0,0.0,0.0,0.0
1093,-1.4533634118578553,-0.15865565576468718,-0.4189001620668945,-0.3548550347915653,-0.07016766167536687,-0.30443951637078004,-0.33819838229629123,-0.433204919698084,-0.16264971948928555,-0.2280218528058249,-0.13531079678927566,-0.25355520821536887,-0.2518394406652331,-0.40670670367007405,-0.1532843929904657,-0.345595595464734,-0.5156354596845208,-0.502132849085679,-0.5888813574118151,0.7545305985686086,-1.356608015870507,-0.9646619477655092,1.0,0.0,0.0,0.0,0.0,0.0,0.0,1.0,0.0,0.0,0.0,0.0,0.0,0.0
1095,-1.2177797239619743,-0.15865565576468718,1.4407934717868913,-0.3548550347915653,0.1712389530673312,-0.30443951637078004,-0.33819838229629123,-0.433204919698084,-0.16264971948928555,-0.2280218528058249,-0.13531079678927566,-0.25355520821536887,-0.2518394406652331,-0.40670670367007405,-0.1532843929904657,-0.345595595464734,-0.5156354596845208,-0.502132849085679,-0.5888813574118151,0.7545305985686086,-1.356608015870507,-0.9646619477655092,1.0,0.0,0.0,0.0,0.0,0.0,0.0,1.0,0.0,0.0,0.0,0.0,0.0,0.0
1096,-1.4533634118578553,-0.6661654388932708,-1.6162371592056333,-0.22258196165695007,-0.23110540483716563,-0.30443951637078004,-0.33819838229629123,-0.433204919698084,-0.16264971948928555,-0.2280218528058249,-0.13531079678927566,-0.25355520821536887,-0.2518394406652331,-0.40670670367007405,-0.1532843929904657,-0.345595595464734,-0.5156354596845208,-0.502132849085679,-0.5888813574118151,2.071040960462798,-1.356608015870507,-0.9646619477655092,1.0,0.0,0.0,0.0,0.0,0.0,0.0,1.0,0.0,0.0,0.0,0.0,0.0,0.0
1097,-1.3120131991203268,-0.3036584509442826,-0.4953259278417077,-0.22258196165695007,-0.23110540483716563,-0.30443951637078004,-0.33819838229629123,-0.433204919698084,-0.16264971948928555,-0.2280218528058249,-0.13531079678927566,-0.25355520821536887,-0.2518394406652331,-0.40670670367007405,-0.1532843929904657,-0.345595595464734,-0.5156354596845208,-0.502132849085679,-0.5888813574118151,2.071040960462798,-1.356608015870507,-0.9646619477655092,1.0,0.0,0.0,0.0,0.0,0.0,0.0,1.0,0.0,0.0,0.0,0.0,0.0,0.0
1098,-1.2177797239619743,-0.5211626437136754,0.3453574956812368,-0.3548550347915653,-0.07016766167536687,-0.30443951637078004,-0.33819838229629123,-0.433204919698084,-0.16264971948928555,-0.2280218528058249,-0.13531079678927566,-0.25355520821536887,-0.2518394406652331,-0.40670670367007405,-0.1532843929904657,-0.345595595464734,-0.5156354596845208,-0.502132849085679,-0.5888813574118151,2.071040960462798,-1.356608015870507,-0.9646619477655092,1.0,0.0,0.0,0.0,0.0,0.0,0.0,1.0,0.0,0.0,0.0,0.0,0.0,0.0
1099,-1.2177797239619743,-0.4486612461238777,1.2115161744624519,-0.3548550347915653,-0.07016766167536687,-0.30443951637078004,-0.33819838229629123,-0.433204919698084,-0.16264971948928555,-0.2280218528058249,-0.13531079678927566,-0.25355520821536887,-0.2518394406652331,-0.40670670367007405,-0.1532843929904657,-0.345595595464734,-0.5156354596845208,-0.502132849085679,-0.5888813574118151,2.071040960462798,-1.356608015870507,-0.9646619477655092,1.0,0.0,0.0,0.0,0.0,0.0,0.0,1.0,0.0,0.0,0.0,0.0,0.0,0.0
1126,0.33707261615084116,-0.3036584509442826,0.42178326145604994,0.43878340401612614,0.09077008148643188,-0.3027966487938007,-0.34787260331274056,-0.461618540340746,0.12478906461870028,-0.23301145083531255,-0.17744396805988197,-0.09556783713566501,-0.15534648987898064,1.4497743532171368,-0.1532843929904657,0.6646337943113488,2.086504417032293,0.8426430907790788,1.4804996131177703,2.071040960462798,-1.356608015870507,-0.9646619477655092,1.0,0.0,0.0,0.0,0.0,0.0,0.0,0.0,0.0,0.0,1.0,0.0,0.0,0.0
1127,0.33707261615084116,-0.3036584509442826,0.42178326145604994,0.43878340401612614,0.09077008148643188,-0.3027966487938007,-0.34787260331274056,-0.461618540340746,0.12478906461870028,-0.23301145083531255,-0.17744396805988197,-0.09556783713566501,-0.15534648987898064,1.4497743532171368,-0.1532843929904657,0.6646337943113488,2.086504417032293,0.8426430907790788,1.4804996131177703,2.071040960462798,1.0732857130555868,-0.8416695574644321,1.0,0.0,0.0,0.0,0.0,0.0,0.0,0.0,0.0,0.0,1.0,0.0,0.0,0.0
1128,0.33707261615084116,-0.4486612461238777,0.5236842824891337,0.1742372577468956,0.1712389530673312,-0.3060823839477594,-0.34787260331274056,0.007206200263176188,0.14369951094159408,-0.2280218528058249,-0.7392195850012994,-0.09556783713566501,-0.5895647684171168,0.4536137861069262,-0.1532843929904657,0.6646337943113488,2.086504417032293,0.8426430907790788,1.4804996131177703,2.071040960462798,-1.356608015870507,-0.9646619477655092,1.0,0.0,0.0,0.0,0.0,0.0,0.0,0.0,0.0,0.0,1.0,0.0,0.0,0.0
1129,0.33707261615084116,-0.4486612461238777,0.5236842824891337,0.1742372577468956,0.1712389530673312,-0.3060823839477594,-0.34787260331274056,0.007206200263176188,0.14369951094159408,-0.2280218528058249,-0.7392195850012994,-0.09556783713566501,-0.5895647684171168,0.4536137861069262,-0.1532843929904657,0.6646337943113488,2.086504417032293,0.8426430907790788,1.4804996131177703,2.071040960462798,1.0732857130555868,-0.8416695574644321,1.0,0.0,0.0,0.0,0.0,0.0,0.0,0.0,0.0,0.0,1.0,0.0,0.0,0.0
1130,0.33707261615084116,-0.37615984853408035,0.37083275093950785,0.041964184612280464,0.3321766962291301,-0.299510913639842,-0.34787260331274056,0.7459603369723868,0.15000299304922537,-0.18311547054043611,0.03322188829314957,-0.09556783713566501,-0.09503839563757283,0.27249368299597876,-0.1532843929904657,0.6646337943113488,2.086504417032293,0.8426430907790788,1.4804996131177703,2.071040960462798,-1.356608015870507,-0.9646619477655092,1.0,0.0,0.0,0.0,0.0,0.0,0.0,0.0,0.0,0.0,1.0,0.0,0.0,0.0
1131,0.33707261615084116,-0.37615984853408035,0.37083275093950785,0.041964184612280464,0.3321766962291301,-0.299510913639842,-0.34787260331274056,0.7459603369723868,0.15000299304922537,-0.18311547054043611,0.03322188829314957,-0.09556783713566501,-0.09503839563757283,0.27249368299597876,-0.1532843929904657,0.6646337943113488,2.086504417032293,0.8426430907790788,1.4804996131177703,2.071040960462798,1.0732857130555868,-0.8416695574644321,1.0,0.0,0.0,0.0,0.0,0.0,0.0,0.0,0.0,0.0,1.0,0.0,0.0,0.0
1132,4.10641162248494,-1.5361822099708429,-0.31699914103381027,2.422879501035355,0.010301209905532438,-0.3027966487938007,-0.3527097138209653,-0.461618540340746,-0.13365370179418173,-0.20806346068787432,-0.24766592017755915,-0.09556783713566501,-0.4327637233894565,0.4536137861069262,-0.1532843929904657,-0.020267486892775112,2.086504417032293,0.8426430907790788,1.4804996131177703,2.071040960462798,-1.356608015870507,-0.9646619477655092,1.0,0.0,0.0,0.0,0.0,0.0,0.0,0.0,0.0,0.0,1.0,0.0,0.0,0.0
1133,4.10641162248494,-1.5361822099708429,-0.31699914103381027,2.422879501035355,0.010301209905532438,-0.3027966487938007,-0.3527097138209653,-0.461618540340746,-0.13365370179418173,-0.20806346068787432,-0.24766592017755915,-0.09556783713566501,-0.4327637233894565,0.4536137861069262,-0.1532843929904657,-0.020267486892775112,2.086504417032293,0.8426430907790788,1.4804996131177703,2.071040960462798,1.0732857130555868,-0.8416695574644321,1.0,0.0,0.0,0.0,0.0,0.0,0.0,0.0,0.0,0.0,1.0,0.0,0.0,0.0
1134,2.2217421193178897,-0.5936640413034732,0.5491595377474047,0.306510330881511,0.09077008148643188,-0.2584392242153585,-0.33819838229629123,-0.4502530920836812,0.18782388569501296,0.08133322502240897,-0.17744396805988197,-0.09556783713566501,0.42361121483853426,0.6347338892178737,-0.1532843929904657,-0.020267486892775112,2.086504417032293,0.8426430907790788,1.4804996131177703,2.071040960462798,-1.356608015870507,-0.9646619477655092,1.0,0.0,0.0,0.0,0.0,0.0,0.0,0.0,0.0,0.0,1.0,0.0,0.0,0.0
1135,2.2217421193178897,-0.5936640413034732,0.5491595377474047,0.306510330881511,0.09077008148643188,-0.2584392242153585,-0.33819838229629123,-0.4502530920836812,0.18782388569501296,0.08133322502240897,-0.17744396805988197,-0.09556783713566501,0.42361121483853426,0.6347338892178737,-0.1532843929904657,-0.020267486892775112,2.086504417032293,0.8426430907790788,1.4804996131177703,2.071040960462798,1.0732857130555868,-0.8416695574644321,1.0,0.0,0.0,0.0,0.0,0.0,0.0,0.0,0.0,0.0,1.0,0.0,0.0,0.0
1136,1.7505747435261279,-0.5936640413034732,0.651060558780489,-0.22258196165695007,-0.07016766167536687,-0.2387248132916064,-0.3352961159913564,-0.44741173001941503,0.4966945089689451,-0.06835471586222032,-0.24766592017755915,-0.09556783713566501,0.5080425467765052,0.9064140438842947,-0.1532843929904657,-0.020267486892775112,2.086504417032293,0.8426430907790788,1.4804996131177703,2.071040960462798,-1.356608015870507,-0.9646619477655092,1.0,0.0,0.0,0.0,0.0,0.0,0.0,0.0,0.0,0.0,1.0,0.0,0.0,0.0
1137,1.7505747435261279,-0.5936640413034732,0.651060558780489,-0.22258196165695007,-0.07016766167536687,-0.2387248132916064,-0.3352961159913564,-0.44741173001941503,0.4966945089689451,-0.06835471586222032,-0.24766592017755915,-0.09556783713566501,0.5080425467765052,0.9064140438842947,-0.1532843929904657,-0.020267486892775112,2.086504417032293,0.8426430907790788,1.4804996131177703,2.071040960462798,1.0732857130555868,-0.8416695574644321,1.0,0.0,0.0,0.0,0.0,0.0,0.0,0.0,0.0,0.0,1.0,0.0,0.0,0.0
1138,4.10641162248494,-1.6086836075606405,-0.3679496515503524,2.2906064279007397,-0.07016766167536687,-0.30772525152473873,-0.3527097138209653,-0.04962104102214776,-0.13365370179418173,-0.24299064689428782,-0.17744396805988197,-0.09556783713566501,-0.4327637233894565,0.18193363144050506,-0.1532843929904657,-0.020267486892775112,2.086504417032293,0.8426430907790788,1.4804996131177703,2.071040960462798,-1.356608015870507,-0.9646619477655092,1.0,0.0,0.0,0.0,0.0,0.0,0.0,0.0,0.0,0.0,1.0,0.0,0.0,0.0
1139,4.10641162248494,-1.6086836075606405,-0.3679496515503524,2.2906064279007397,-0.07016766167536687,-0.30772525152473873,-0.3527097138209653,-0.04962104102214776,-0.13365370179418173,-0.24299064689428782,-0.17744396805988197,-0.09556783713566501,-0.4327637233894565,0.18193363144050506,-0.1532843929904657,-0.020267486892775112,2.086504417032293,0.8426430907790788,1.4804996131177703,2.071040960462798,1.0732857130555868,-0.8416695574644321,1.0,0.0,0.0,0.0,0.0,0.0,0.0,0.0,0.0,0.0,1.0,0.0,0.0,0.0
1142,1.7505747435261279,-0.5211626437136754,0.7274863245553022,-0.22258196165695007,-0.07016766167536687,-0.23708194571462707,-0.33626353809300136,0.1492743034764859,0.4336596878926325,-0.08831310798017092,0.24388774464618113,-0.09556783713566501,0.4356728336868158,1.3592143016616631,-0.1532843929904657,-0.020267486892775112,2.086504417032293,0.8426430907790788,1.4804996131177703,2.071040960462798,-1.356608015870507,-0.9646619477655092,1.0,0.0,0.0,0.0,0.0,0.0,0.0,0.0,0.0,0.0,1.0,0.0,0.0,0.0
1143,1.7505747435261279,-0.5211626437136754,0.7274863245553022,-0.22258196165695007,-0.07016766167536687,-0.23708194571462707,-0.33626353809300136,0.1492743034764859,0.4336596878926325,-0.08831310798017092,0.24388774464618113,-0.09556783713566501,0.4356728336868158,1.3592143016616631,-0.1532843929904657,-0.020267486892775112,2.086504417032293,0.8426430907790788,1.4804996131177703,2.071040960462798,1.0732857130555868,-0.8416695574644321,1.0,0.0,0.0,0.0,0.0,0.0,0.0,0.0,0.0,0.0,1.0,0.0,0.0,0.0
1146,2.2217421193178897,-0.08615425817488943,0.7274863245553022,0.5710564771507415,0.09077008148643188,-0.2535106214844205,-0.33819838229629123,0.632305854401739,0.1815204035873817,0.10129161714035957,-0.31788787229523635,-0.09556783713566501,0.39948797714197115,0.7252939407733473,-0.1532843929904657,-0.020267486892775112,2.086504417032293,0.8426430907790788,1.4804996131177703,2.071040960462798,-1.356608015870507,-0.9646619477655092,1.0,0.0,0.0,0.0,0.0,0.0,0.0,0.0,0.0,0.0,1.0,0.0,0.0,0.0
1147,2.2217421193178897,-0.08615425817488943,0.7274863245553022,0.5710564771507415,0.09077008148643188,-0.2535106214844205,-0.33819838229629123,0.632305854401739,0.1815204035873817,0.10129161714035957,-0.31788787229523635,-0.09556783713566501,0.39948797714197115,0.7252939407733473,-0.1532843929904657,-0.020267486892775112,2.086504417032293,0.8426430907790788,1.4804996131177703,2.071040960462798,1.0732857130555868,-0.8416695574644321,1.0,0.0,0.0,0.0,0.0,0.0,0.0,0.0,0.0,0.0,1.0,0.0,0.0,0.0
1148,1.7505747435261279,-0.6661654388932708,0.37083275093950785,-0.22258196165695007,-0.1506365332562663,-0.24201054844556508,-0.3367472491438238,0.7743739576150488,0.446266652107895,-0.08831310798017092,-0.037000063824527606,-0.09556783713566501,0.5080425467765052,0.9969740954397684,-0.1532843929904657,-0.020267486892775112,2.086504417032293,0.8426430907790788,1.4804996131177703,2.071040960462798,-1.356608015870507,-0.9646619477655092,1.0,0.0,0.0,0.0,0.0,0.0,0.0,0.0,0.0,0.0,1.0,0.0,0.0,0.0
1149,1.7505747435261279,-0.6661654388932708,0.37083275093950785,-0.22258196165695007,-0.1506365332562663,-0.24201054844556508,-0.3367472491438238,0.7743739576150488,0.446266652107895,-0.08831310798017092,-0.037000063824527606,-0.09556783713566501,0.5080425467765052,0.9969740954397684,-0.1532843929904657,-0.020267486892775112,2.086504417032293,0.8426430907790788,1.4804996131177703,2.071040960462798,1.0732857130555868,-0.8416695574644321,1.0,0.0,0.0,0.0,0.0,0.0,0.0,0.0,0.0,0.0,1.0,0.0,0.0,0.0
1150,1.7505747435261279,0.2763527297740988,0.8039120903301153,2.5551525741699703,-0.1506365332562663,-0.30443951637078004,-0.33819838229629123,-0.475825350662077,-0.14941240706325992,-0.2280218528058249,-0.13531079678927566,-0.813692251134319,-0.2518394406652331,-0.40670670367007405,-0.1532843929904657,-0.3627181274948371,2.086504417032293,0.8426430907790788,1.4804996131177703,2.071040960462798,1.0732857130555868,-0.8416695574644321,1.0,0.0,0.0,0.0,0.0,0.0,0.0,0.0,0.0,0.0,1.0,0.0,0.0,0.0
1153,3.164076870901415,0.2763527297740988,1.1860409192041808,2.422879501035355,-0.1506365332562663,-0.30443951637078004,-0.33819838229629123,0.9448556814710205,-0.14941240706325992,-0.2280218528058249,-0.13531079678927566,-0.813692251134319,-0.2518394406652331,-0.40670670367007405,-0.1532843929904657,-0.3627181274948371,2.086504417032293,0.8426430907790788,1.4804996131177703,2.071040960462798,1.0732857130555868,-0.8416695574644321,1.0,0.0,0.0,0.0,0.0,0.0,0.0,0.0,0.0,0.0,1.0,0.0,0.0,0.0
1157,1.7505747435261279,0.05884853700470562,0.6001100482639469,0.041964184612280464,0.25170782464823066,-0.24201054844556508,-0.3261056060257296,-0.4133153852482207,-0.16264971948928555,0.4006674989096182,-1.300995201942717,-0.25355520821536887,-0.2759626783617962,0.9969740954397684,-0.1532843929904657,1.212554819274648,2.086504417032293,0.8426430907790788,1.4804996131177703,2.071040960462798,-1.356608015870507,-0.9646619477655092,1.0,0.0,0.0,0.0,0.0,0.0,0.0,0.0,0.0,0.0,1.0,0.0,0.0,0.0
1159,1.7505747435261279,-0.2311570533544849,0.4727337719725921,0.43878340401612614,0.4931144393909287,-0.20422459417504027,-0.33336127178806657,-0.4246808335052855,-0.16264971948928555,0.4505634792044946,-0.13531079678927566,-0.25355520821536887,-0.2518394406652331,1.3592143016616631,-0.1532843929904657,0.4591634099501116,2.086504417032293,0.8426430907790788,1.4804996131177703,2.071040960462798,-1.356608015870507,-0.9646619477655092,1.0,0.0,0.0,0.0,0.0,0.0,0.0,0.0,0.0,0.0,1.0,0.0,0.0,0.0
1160,3.6352442466931767,-0.2311570533544849,0.11608019835679723,0.7033295502853567,0.5735833109718281,-0.2535106214844205,-0.3309427165339542,-0.41899810937675314,-0.16264971948928555,0.3008755383198653,-0.13531079678927566,-0.25355520821536887,-0.2518394406652331,1.6308944563280843,-0.1532843929904657,1.007084434913411,3.1707293656642985,1.4029663990560612,5.349342297151344,2.071040960462798,-1.356608015870507,-0.9646619477655092,1.0,0.0,0.0,0.0,0.0,0.0,0.0,0.0,0.0,0.0,1.0,0.0,0.0,0.0
1161,0.33707261615084116,0.13134993459450334,1.058664642912826,0.9678756965545875,0.6540521825527276,-0.24529628359952377,-0.3261056060257296,-0.4275221955695516,-0.16264971948928555,0.4505634792044946,-0.13531079678927566,-0.25355520821536887,-0.2518394406652331,2.083694714105453,-0.1532843929904657,0.8016140505521736,1.0022794684002871,0.5064491058128894,0.22087641366497918,2.071040960462798,-1.356608015870507,-0.9646619477655092,1.0,0.0,0.0,0.0,0.0,0.0,0.0,0.0,0.0,0.0,1.0,0.0,0.0,0.0
1162,0.8082399919426032,0.42135552495369427,1.058664642912826,0.835602623419972,0.25170782464823066,-0.28636797302400724,-0.3357798270421789,-0.433204919698084,-0.16264971948928555,0.10129161714035957,-0.31788787229523635,-0.25355520821536887,-0.2759626783617962,1.8120145594390318,-0.1532843929904657,0.6646337943113488,2.086504417032293,0.8426430907790788,1.4804996131177703,2.071040960462798,-1.356608015870507,-0.9646619477655092,1.0,0.0,0.0,0.0,0.0,0.0,0.0,0.0,0.0,0.0,1.0,0.0,0.0,0.0
1163,1.2794073677343658,0.2763527297740988,0.8039120903301153,1.3646949159584332,0.6540521825527276,-0.26172495936931717,-0.3309427165339542,-0.4275221955695516,-0.16264971948928555,0.25097955802498895,-0.13531079678927566,-0.25355520821536887,-0.2518394406652331,2.1742547656609266,-0.1532843929904657,1.007084434913411,3.1707293656642985,1.4029663990560612,5.349342297151344,2.071040960462798,-1.356608015870507,-0.9646619477655092,1.0,0.0,0.0,0.0,0.0,0.0,0.0,0.0,0.0,0.0,1.0,0.0,0.0,0.0
1164,2.2217421193178897,-0.37615984853408035,0.8039120903301153,-0.22258196165695007,0.3321766962291301,-0.21243893205993694,-0.3261056060257296,0.37658326861778146,-0.16264971948928555,0.5004594594993711,-0.13531079678927566,-0.25355520821536887,-0.2518394406652331,1.0875341469952422,-0.1532843929904657,0.3221831537092869,2.086504417032293,0.8426430907790788,1.4804996131177703,2.071040960462798,-1.356608015870507,-0.9646619477655092,1.0,0.0,0.0,0.0,0.0,0.0,0.0,0.0,0.0,0.0,1.0,0.0,0.0,0.0
1165,0.8082399919426032,0.8563639104924802,1.5936450033365177,0.9678756965545875,0.8954587972954257,-0.18779591840524687,-0.32368705077161725,0.31975602733245767,-0.16264971948928555,0.6002514200891239,-0.7392195850012994,-0.25355520821536887,-0.03473030139616503,1.721454507883558,-0.1532843929904657,0.5961436661909364,2.086504417032293,0.8426430907790788,1.4804996131177703,2.071040960462798,-1.356608015870507,-0.9646619477655092,1.0,0.0,0.0,0.0,0.0,0.0,0.0,0.0,0.0,0.0,1.0,0.0,0.0,0.0
1222,1.7505747435261279,-0.5211626437136754,-1.4888608829142782,-1.0162204004646416,-0.23110540483716563,-0.12208121532607324,3.8797619808756245,2.39395033424678,1.0955253091939157,0.05139563684548316,-0.13531079678927566,-0.5264424855348574,3.2219067876398566,-0.6329800484865806,0.3193717158302494,-0.345595595464734,0.7312232312422857,0.6745460982959841,-0.22898901471101768,-0.6278052814202905,1.6645598537609365,-0.3087025328264313,0.0,0.0,0.0,0.0,0.0,0.0,0.0,0.0,0.0,0.0,0.0,1.0,0.0,0.0
1223,1.7505747435261279,-0.5211626437136754,-1.4888608829142782,-1.0162204004646416,-0.23110540483716563,-0.12208121532607324,3.8797619808756245,2.39395033424678,1.0955253091939157,0.05139563684548316,-0.13531079678927566,-0.5264424855348574,3.2219067876398566,-0.6329800484865806,0.3193717158302494,-0.345595595464734,0.7312232312422857,0.6745460982959841,-0.22898901471101768,-0.6278052814202905,1.6645598537609365,-0.3087025328264313,0.0,0.0,0.0,0.0,0.0,0.0,0.0,0.0,0.0,0.0,0.0,1.0,0.0,0.0
1224,0.8082399919426032,-0.013652860585091712,-1.7945639460135308,-0.7516742541954111,-0.1506365332562663,-0.22065326994483364,3.797531102235805,2.308709472318794,1.2215949513465412,-0.19808426462889903,-0.13531079678927566,-0.5264424855348574,1.8951287143288849,-0.6330615525329806,0.3193717158302494,-0.345595595464734,0.6770119838106854,-1.5667471348119457,0.22087641366497918,-0.6278052814202905,1.6645598537609365,-0.3087025328264313,1.0,0.0,0.0,0.0,0.0,0.0,1.0,0.0,0.0,0.0,0.0,0.0,0.0,0.0
1225,0.8082399919426032,-0.013652860585091712,-1.7945639460135308,-0.7516742541954111,-0.1506365332562663,-0.22065326994483364,3.797531102235805,2.308709472318794,1.2215949513465412,-0.19808426462889903,-0.13531079678927566,-0.5264424855348574,1.8951287143288849,-0.6330615525329806,0.3193717158302494,-0.345595595464734,0.6770119838106854,-1.5667471348119457,0.22087641366497918,-0.6278052814202905,1.6645598537609365,-0.3087025328264313,1.0,0.0,0.0,0.0,0.0,0.0,1.0,0.0,0.0,0.0,0.0,0.0,0.0,0.0
1226,0.38418935373001745,-0.013652860585091712,-1.7690886907552597,-0.7516742541954111,-0.07016766167536687,-0.22065326994483364,3.7830197707111313,2.308709472318794,1.2215949513465412,-0.19808426462889903,-0.13531079678927566,-0.5264424855348574,1.6538963373632536,-0.633070608538136,0.3193717158302494,-0.345595595464734,0.18911075692628285,-1.4546824731565493,-0.22898901471101768,-0.6278052814202905,1.6645598537609365,-0.8006720940307397,1.0,0.0,0.0,0.0,0.0,0.0,1.0,0.0,0.0,0.0,0.0,0.0,0.0,0.0
1227,0.38418935373001745,-0.013652860585091712,-1.7690886907552597,-0.7516742541954111,-0.07016766167536687,-0.22065326994483364,3.7830197707111313,2.308709472318794,1.2215949513465412,-0.19808426462889903,-0.13531079678927566,-0.5264424855348574,1.6538963373632536,-0.633070608538136,0.3193717158302494,-0.345595595464734,0.18911075692628285,-1.4546824731565493,-0.22898901471101768,-0.6278052814202905,1.6645598537609365,-0.8006720940307397,1.0,0.0,0.0,0.0,0.0,0.0,1.0,0.0,0.0,0.0,0.0,0.0,0.0,0.0
1228,1.7505747435261279,-0.3036584509442826,-1.896464967046615,-0.7516742541954111,-0.1506365332562663,-0.22065326994483364,3.787856881219356,2.365536713604118,1.2215949513465412,-0.19808426462889903,-0.13531079678927566,-0.5264424855348574,2.8600582221914097,-0.633070608538136,0.3193717158302494,-0.345595595464734,0.053582638347282135,0.33835211332979465,-0.4089351860614164,-0.6278052814202905,1.6645598537609365,-0.3087025328264313,1.0,0.0,0.0,0.0,0.0,1.0,0.0,0.0,0.0,0.0,0.0,0.0,0.0,0.0
1229,1.7505747435261279,-0.3036584509442826,-1.896464967046615,-0.7516742541954111,-0.1506365332562663,-0.22065326994483364,3.787856881219356,2.365536713604118,1.2215949513465412,-0.19808426462889903,-0.13531079678927566,-0.5264424855348574,2.8600582221914097,-0.633070608538136,0.3193717158302494,-0.345595595464734,0.053582638347282135,0.33835211332979465,-0.4089351860614164,-0.6278052814202905,1.6645598537609365,-0.3087025328264313,1.0,0.0,0.0,0.0,0.0,1.0,0.0,0.0,0.0,0.0,0.0,0.0,0.0,0.0
1230,2.2217421193178897,-0.7386668364830686,-1.6671876697221755,-1.1484934735992571,-0.23110540483716563,-0.13850989109586664,3.8023682127440295,2.4507775755321037,1.0955253091939157,0.0014996565506066786,-0.13531079678927566,-0.5264424855348574,3.94560391853675,-0.6329891044917362,0.3193717158302494,-0.345595595464734,0.10779388577888242,0.33835211332979465,-0.3189621003862169,-0.6278052814202905,1.6645598537609365,-0.3087025328264313,1.0,0.0,0.0,0.0,0.0,1.0,0.0,0.0,0.0,0.0,0.0,0.0,0.0,0.0
1231,2.2217421193178897,-0.7386668364830686,-1.6671876697221755,-1.1484934735992571,-0.23110540483716563,-0.13850989109586664,3.8023682127440295,2.4507775755321037,1.0955253091939157,0.0014996565506066786,-0.13531079678927566,-0.5264424855348574,3.94560391853675,-0.6329891044917362,0.3193717158302494,-0.345595595464734,0.10779388577888242,0.33835211332979465,-0.3189621003862169,-0.6278052814202905,1.6645598537609365,-0.3087025328264313,1.0,0.0,0.0,0.0,0.0,1.0,0.0,0.0,0.0,0.0,0.0,0.0,0.0,0.0
1238,-0.6052621354326835,1.073868103261873,-1.310534096106381,0.1742372577468956,-0.31157427641806507,-0.007080484937519464,0.9097761288256746,2.53601843746009,-0.16264971948928555,-0.2280218528058249,2.842099973000237,-0.25355520821536887,-0.2518394406652331,0.7252939407733473,-0.1532843929904657,-0.345595595464734,1.2733357055582886,0.7305784291236823,0.31084949934017864,0.9739489922176402,1.437769772394501,0.6752365895821856,1.0,0.0,0.0,0.0,0.0,0.0,0.0,0.0,0.0,1.0,0.0,0.0,0.0,0.0
1243,1.2794073677343658,-1.1011738244320568,-1.6671876697221755,-0.3548550347915653,-0.4725120195798638,-0.023509160707312834,0.9436359023832475,2.4507775755321037,-0.16264971948928555,-0.2280218528058249,-1.5818830104134256,-0.25355520821536887,-0.2518394406652331,0.7252939407733473,-0.1532843929904657,-0.345595595464734,1.2733357055582886,0.7305784291236823,0.31084949934017864,0.9739489922176402,1.437769772394501,0.6752365895821856,1.0,0.0,0.0,0.0,0.0,0.0,0.0,0.0,0.0,1.0,0.0,0.0,0.0,0.0
1249,0.8082399919426032,-0.7386668364830686,-1.2850588408481098,0.43878340401612614,-0.5529808911607631,-0.023509160707312834,0.7114545979884631,2.4507775755321037,-0.16264971948928555,-0.2280218528058249,0.5247755531168898,-0.25355520821536887,-0.2518394406652331,0.27249368299597876,-0.1532843929904657,-0.345595595464734,1.2733357055582886,0.5064491058128894,1.7504188701433687,-0.1231429760275178,1.437769772394501,0.6752365895821856,1.0,0.0,0.0,0.0,0.0,0.0,0.0,0.0,1.0,0.0,0.0,0.0,0.0,0.0
1285,0.5255395664675462,0.5301076213383904,0.14155545361506827,0.1742372577468956,0.1712389530673312,-0.2699392972542139,-0.3444866259569833,0.618099044080408,-0.16264971948928555,0.07634362699292133,0.24388774464618113,-0.25355520821536887,-0.20359296527210688,-0.40670670367007405,-0.1532843929904657,-0.345595595464734,-0.5156354596845208,-0.502132849085679,0.670741842040976,-2.3173269125178337,0.8707945689784125,-0.664560515430881,1.0,0.0,0.0,0.0,0.0,0.0,0.0,0.0,0.0,0.0,1.0,0.0,0.0,0.0
1286,0.5255395664675462,0.5301076213383904,0.14155545361506827,0.1742372577468956,0.1712389530673312,-0.2699392972542139,-0.3444866259569833,0.618099044080408,-0.16264971948928555,0.07634362699292133,0.24388774464618113,-0.25355520821536887,-0.20359296527210688,-0.40670670367007405,-0.1532843929904657,-0.345595595464734,-0.5156354596845208,-0.502132849085679,0.670741842040976,-2.3173269125178337,0.8707945689784125,-0.664560515430881,1.0,0.0,0.0,0.0,0.0,0.0,0.0,0.0,0.0,0.0,1.0,0.0,0.0,0.0
1287,0.5255395664675462,0.5301076213383904,0.14155545361506827,0.1742372577468956,0.1712389530673312,-0.2699392972542139,-0.3444866259569833,0.618099044080408,-0.16264971948928555,0.07634362699292133,0.24388774464618113,-0.25355520821536887,-0.20359296527210688,-0.40670670367007405,-0.1532843929904657,-0.345595595464734,-0.5156354596845208,-0.502132849085679,0.670741842040976,-2.3173269125178337,0.8707945689784125,-0.664560515430881,1.0,0.0,0.0,0.0,0.0,0.0,0.0,0.0,0.0,0.0,1.0,0.0,0.0,0.0
1291,0.5255395664675462,-0.3036584509442826,-1.6417124144639044,-0.6194011810607959,-0.3920431479989644,-0.2929394433319246,0.7017803769720137,2.5076048168174276,-0.16264971948928555,-0.27292823507121367,1.5078828827643704,-0.25355520821536887,-0.44482534223773806,-0.40670670367007405,-0.1532843929904657,-0.345595595464734,-0.5156354596845208,-0.502132849085679,0.670741842040976,-0.6716889601500968,1.437769772394501,-0.5825655885634963,1.0,0.0,0.0,0.0,0.0,0.0,0.0,0.0,0.0,0.0,1.0,0.0,0.0,0.0
1292,0.5255395664675462,-0.3036584509442826,-1.6417124144639044,-0.6194011810607959,-0.3920431479989644,-0.2929394433319246,0.7017803769720137,2.5076048168174276,-0.16264971948928555,-0.27292823507121367,1.5078828827643704,-0.25355520821536887,-0.44482534223773806,-0.40670670367007405,-0.1532843929904657,-0.345595595464734,-0.5156354596845208,-0.502132849085679,0.670741842040976,-0.6716889601500968,1.437769772394501,-0.5825655885634963,1.0,0.0,0.0,0.0,0.0,0.0,0.0,0.0,0.0,0.0,1.0,0.0,0.0,0.0
1293,0.5255395664675462,-0.3036584509442826,-1.6417124144639044,-0.6194011810607959,-0.3920431479989644,-0.2929394433319246,0.7017803769720137,2.5076048168174276,-0.16264971948928555,-0.27292823507121367,1.5078828827643704,-0.25355520821536887,-0.44482534223773806,-0.40670670367007405,-0.1532843929904657,-0.345595595464734,-0.5156354596845208,-0.502132849085679,0.670741842040976,-0.6716889601500968,1.437769772394501,-0.5825655885634963,1.0,0.0,0.0,0.0,0.0,0.0,0.0,0.0,0.0,0.0,1.0,0.0,0.0,0.0
1297,-0.6052621354326835,-1.0286724268422591,-0.08772184370937128,-0.3548550347915653,0.3321766962291301,-0.08922386378648646,-0.33723096019464627,0.8027875782577107,-0.16264971948928555,0.19110438167113716,-0.6689976328836222,-0.25355520821536887,-0.07091515794100971,-0.40670670367007405,-0.1532843929904657,-0.345595595464734,-0.5156354596845208,-0.502132849085679,0.670741842040976,-1.768780928395255,1.0935348274633043,-0.6498014285947518,1.0,0.0,0.0,0.0,0.0,0.0,0.0,0.0,0.0,0.0,1.0,0.0,0.0,0.0
1298,-0.6052621354326835,-1.0286724268422591,-0.08772184370937128,-0.3548550347915653,0.3321766962291301,-0.08922386378648646,-0.33723096019464627,0.8027875782577107,-0.16264971948928555,0.19110438167113716,-0.6689976328836222,-0.25355520821536887,-0.07091515794100971,-0.40670670367007405,-0.1532843929904657,-0.345595595464734,-0.5156354596845208,-0.502132849085679,0.670741842040976,-1.768780928395255,1.0935348274633043,-0.6498014285947518,1.0,0.0,0.0,0.0,0.0,0.0,0.0,0.0,0.0,0.0,1.0,0.0,0.0,0.0
1299,-0.6052621354326835,-1.0286724268422591,-0.08772184370937128,-0.3548550347915653,0.3321766962291301,-0.08922386378648646,-0.33723096019464627,0.8027875782577107,-0.16264971948928555,0.19110438167113716,-0.6689976328836222,-0.25355520821536887,-0.07091515794100971,-0.40670670367007405,-0.1532843929904657,-0.345595595464734,-0.5156354596845208,-0.502132849085679,0.670741842040976,-1.768780928395255,1.0935348274633043,-0.6498014285947518,1.0,0.0,0.0,0.0,0.0,0.0,0.0,0.0,0.0,0.0,1.0,0.0,0.0,0.0
1305,1.7505747435261279,-1.2461766196116522,-1.361484606622923,-0.22258196165695007,-0.1506365332562663,-0.3192253245635941,0.740477261037811,0.2913424066897957,-0.16264971948928555,-0.2280218528058249,-0.13531079678927566,-0.25355520821536887,-0.42070210454117496,-0.40670670367007405,-0.1532843929904657,0.10301474372396721,1.4630750715688896,4.204582940440974,0.13090332798977994,0.4254030080950612,1.437769772394501,2.9710945418689585,0.0,0.0,0.0,1.0,0.0,0.0,0.0,0.0,0.0,0.0,0.0,0.0,0.0,1.0
1306,1.2794073677343658,-1.3186780172014498,-1.4633856276560073,-0.22258196165695007,-0.1506365332562663,-0.3192253245635941,0.7356401505295863,0.2913424066897957,-0.16264971948928555,-0.2280218528058249,-0.13531079678927566,-0.25355520821536887,1.8951287143288849,-0.40670670367007405,-0.1532843929904657,1.4180252036358851,1.4630750715688896,4.204582940440974,0.13090332798977994,0.4254030080950612,1.437769772394501,2.9710945418689585,0.0,0.0,0.0,1.0,0.0,0.0,0.0,0.0,0.0,0.0,0.0,0.0,0.0,1.0
1307,-0.13409475964092085,-1.898689197919831,-0.5208011830999788,0.041964184612280464,-0.23110540483716563,0.09149156968124099,0.6388979403650928,2.564432058102752,-0.07061888071786905,-0.2280218528058249,3.130009976682713,-0.25355520821536887,-0.07091515794100971,-0.40670670367007405,-0.1532843929904657,-0.345595595464734,0.18911075692628285,0.2823197825020964,0.3468387336102584,-1.2202349442726759,1.437769772394501,0.6752365895821856,1.0,0.0,0.0,0.0,0.0,0.0,0.0,0.0,0.0,0.0,0.0,0.0,0.0,0.0
1319,-1.170662986382798,-1.5361822099708429,-0.31699914103381027,0.5710564771507415,0.25170782464823066,0.025776866602067367,0.6147123878239695,3.217945332883977,-0.0391014701797127,-0.2280218528058249,2.266279965635284,-0.25355520821536887,1.967498427418574,-0.40670670367007405,-0.1532843929904657,-0.345595595464734,0.18911075692628285,0.2823197825020964,0.27486026507009886,-1.2202349442726759,1.437769772394501,0.6752365895821856,1.0,0.0,0.0,0.0,0.0,0.0,0.0,0.0,0.0,0.0,0.0,0.0,0.0,0.0
1328,-1.4062466742786794,-1.6086836075606405,-0.8265042461992312,0.1742372577468956,0.3321766962291301,-0.023509160707312834,0.6098752773157448,2.1666413691054847,-0.0391014701797127,-0.2280218528058249,3.3476980282475126,-0.25355520821536887,0.24268693211431086,-0.40670670367007405,-0.1532843929904657,-0.345595595464734,0.18911075692628285,-0.6141975107410755,0.3828279678803382,-1.2202349442726759,1.437769772394501,0.6752365895821856,1.0,0.0,0.0,0.0,0.0,0.0,0.0,0.0,0.0,0.0,0.0,0.0,0.0,0.0
1346,-1.2177797239619743,0.5663583201332894,-0.46985067258343666,0.7033295502853567,0.25170782464823066,-0.07279518801669303,0.7453143715460357,2.479191196174766,-0.05170843439497525,-0.2280218528058249,1.7536597151762405,-0.25355520821536887,0.7492749237421364,-0.40670670367007405,-0.1532843929904657,-0.345595595464734,0.18911075692628285,0.2823197825020964,0.3828279678803382,-1.2202349442726759,1.437769772394501,0.6752365895821856,1.0,0.0,0.0,0.0,0.0,0.0,0.0,0.0,0.0,0.0,0.0,0.0,0.0,0.0
1356,0.05437219067578356,-0.5211626437136754,-0.18962286474245496,-0.09030888852233492,0.8954587972954257,-0.07279518801669303,0.7501514820542603,2.25188223103347,-0.05170843439497525,-0.2280218528058249,0.7775745807405277,-0.25355520821536887,0.12207074363149525,-0.40670670367007405,-0.1532843929904657,-0.345595595464734,0.13489950949468257,0.3943844441574929,0.31084949934017864,-1.2202349442726759,1.437769772394501,0.6752365895821856,1.0,0.0,0.0,0.0,0.0,0.0,0.0,0.0,0.0,0.0,0.0,0.0,0.0,0.0
1367,-0.511028660274331,-0.7386668364830686,0.14155545361506827,17.237463692112268,19.081423774578685,0.009348190832273952,0.6872690454473396,2.308709472318794,0.9694556670412903,-0.2280218528058249,-0.26171031060109456,-0.25355520821536887,2.0036832839634187,-0.40670670367007405,-0.1532843929904657,-0.345595595464734,0.13489950949468257,0.3943844441574929,0.31084949934017864,-1.2202349442726759,1.437769772394501,0.6752365895821856,1.0,0.0,0.0,0.0,0.0,0.0,0.0,0.0,0.0,0.0,0.0,0.0,0.0,0.0
1377,-0.8408458233285645,0.20385133218430107,-0.9284052672323154,1.4969679890930485,-0.3920431479989644,-0.21079606448295765,0.8468936922187539,2.337123092961456,-0.13365370179418173,2.0971308289354167,1.7466375199644728,-0.09556783713566501,0.6889668295007286,0.5441738376623999,-0.1532843929904657,-0.345595595464734,-0.5156354596845208,-0.502132849085679,1.7504188701433687,-0.6278052814202905,-1.356608015870507,-0.9646619477655092,1.0,0.0,0.0,0.0,0.0,0.0,0.0,0.0,0.0,0.0,0.0,0.0,0.0,1.0
1378,-0.8408458233285645,0.20385133218430107,-0.9284052672323154,1.4969679890930485,-0.3920431479989644,-0.21079606448295765,0.8468936922187539,2.337123092961456,-0.13365370179418173,2.0971308289354167,1.7466375199644728,-0.09556783713566501,0.6889668295007286,0.5441738376623999,-0.1532843929904657,-0.345595595464734,-0.5156354596845208,-0.502132849085679,1.7504188701433687,-0.6278052814202905,0.5954066130334551,-0.22670760595904654,1.0,0.0,0.0,0.0,0.0,0.0,0.0,0.0,0.0,0.0,0.0,0.0,0.0,1.0
1379,-0.8408458233285645,0.20385133218430107,-0.9284052672323154,1.4969679890930485,-0.3920431479989644,-0.21079606448295765,0.8468936922187539,2.337123092961456,-0.13365370179418173,2.0971308289354167,1.7466375199644728,-0.09556783713566501,0.6889668295007286,0.5441738376623999,-0.1532843929904657,-0.345595595464734,-0.5156354596845208,-0.502132849085679,1.7504188701433687,-0.6278052814202905,1.0449369528847825,-0.22670760595904654,1.0,0.0,0.0,0.0,0.0,0.0,0.0,0.0,0.0,0.0,0.0,0.0,0.0,1.0
1380,-0.8408458233285645,0.20385133218430107,-0.9284052672323154,1.4969679890930485,-0.3920431479989644,-0.21079606448295765,0.8468936922187539,2.337123092961456,-0.13365370179418173,2.0971308289354167,1.7466375199644728,-0.09556783713566501,0.6889668295007286,0.5441738376623999,-0.1532843929904657,-0.345595595464734,-0.5156354596845208,-0.502132849085679,1.7504188701433687,-0.6278052814202905,1.4944672927361098,-0.22670760595904654,1.0,0.0,0.0,0.0,0.0,0.0,0.0,0.0,0.0,0.0,0.0,0.0,0.0,1.0
1381,2.6929094951096526,-1.2461766196116522,-1.1576825645567548,-0.8839473273300265,-0.3920431479989644,-0.2535106214844205,0.7501514820542603,2.365536713604118,-0.03279798807208143,-0.04839632374426973,-0.13531079678927566,-0.7418798097344537,-0.2518394406652331,0.6347338892178737,-0.1532843929904657,-0.29422799937442473,1.0022794684002871,0.058190459191303404,1.0306341847417735,0.4254030080950612,1.437769772394501,1.3311960045212636,1.0,0.0,0.0,0.0,0.0,0.0,0.0,0.0,0.0,1.0,0.0,0.0,0.0,0.0
1382,1.7505747435261279,-0.5211626437136754,-1.361484606622923,-0.6194011810607959,-0.4725120195798638,-0.3192253245635941,0.8323823606940799,2.7065001613160615,-0.08952932704076286,0.4006674989096182,-0.13531079678927566,-0.7418798097344537,-0.2518394406652331,-0.08974652322591606,-0.1532843929904657,-0.1572477431335999,0.0671354502051822,0.1702551208466999,0.17588987082737964,-0.6716889601500968,1.437769772394501,1.3311960045212636,1.0,0.0,0.0,0.0,0.0,0.0,0.0,0.0,1.0,0.0,0.0,0.0,0.0,0.0
1383,-0.1812114972200971,1.3638736936210638,-1.5398113934308204,1.1001487696892023,0.09077008148643188,-0.30443951637078004,0.8952647973010006,2.6496729200307376,-0.16264971948928555,-0.2280218528058249,-0.10722201594220479,-0.25355520821536887,-0.2518394406652331,-0.40670670367007405,-0.1532843929904657,-0.345595595464734,-0.6240579545477215,1.346934068228363,-0.5888813574118151,2.071040960462798,1.437769772394501,-0.4726923865612008,1.0,0.0,0.0,0.0,0.0,0.0,0.0,1.0,0.0,0.0,0.0,0.0,0.0,0.0
1384,-1.0764295112244455,0.7838625129026825,-1.1576825645567548,0.7033295502853567,0.41264556781002926,-0.30443951637078004,0.992007007465494,2.6496729200307376,-0.16264971948928555,-0.2280218528058249,0.10344384041082676,-0.25355520821536887,-0.2518394406652331,-0.40670670367007405,-0.1532843929904657,-0.345595595464734,-0.6240579545477215,1.346934068228363,-0.5888813574118151,2.071040960462798,1.437769772394501,-0.4726923865612008,1.0,0.0,0.0,0.0,0.0,0.0,0.0,1.0,0.0,0.0,0.0,0.0,0.0,0.0
1386,-0.27544497237844967,-1.5361822099708429,-0.622702204133063,0.9678756965545875,1.0563965404572242,-0.30443951637078004,1.0403781125477407,3.5020815393105953,-0.16264971948928555,-0.2280218528058249,0.7354414094699214,-0.25355520821536887,-0.2518394406652331,-0.40670670367007405,-0.1532843929904657,-0.345595595464734,-0.6240579545477215,1.346934068228363,-0.5888813574118151,2.071040960462798,1.437769772394501,-0.4726923865612008,1.0,0.0,0.0,0.0,0.0,0.0,0.0,1.0,0.0,0.0,0.0,0.0,0.0,0.0
1387,-0.6994956105910357,-1.0286724268422591,-1.6162371592056333,2.2906064279007397,1.1368654120381236,-0.30443951637078004,0.5082959566430268,2.933809126457357,-0.16264971948928555,-0.2280218528058249,1.9994365475881106,-0.25355520821536887,-0.2518394406652331,-0.40670670367007405,-0.1532843929904657,-0.345595595464734,-0.6240579545477215,1.346934068228363,-0.5888813574118151,2.071040960462798,1.437769772394501,-0.4726923865612008,1.0,0.0,0.0,0.0,0.0,0.0,0.0,1.0,0.0,0.0,0.0,0.0,0.0,0.0
1388,2.4573258072137714,0.34885412736389654,-0.7755537356826891,2.0260602816315094,1.217334283619023,-0.30443951637078004,0.8468936922187539,3.5020815393105953,-0.16264971948928555,-0.2280218528058249,0.17366579252850392,-0.25355520821536887,-0.2518394406652331,-0.40670670367007405,-0.1532843929904657,-0.345595595464734,-0.6240579545477215,1.346934068228363,-0.5888813574118151,2.071040960462798,1.437769772394501,-0.4726923865612008,1.0,0.0,0.0,0.0,0.0,0.0,0.0,1.0,0.0,0.0,0.0,0.0,0.0,0.0
1389,-0.9350792984869171,-0.3036584509442826,-0.8774547567157733,1.2324218428238178,-0.07016766167536687,-0.30443951637078004,0.6534092718897669,3.217945332883977,-0.16264971948928555,-0.2280218528058249,1.718548739117402,-0.25355520821536887,-0.2518394406652331,-0.40670670367007405,-0.1532843929904657,-0.345595595464734,-0.6240579545477215,1.346934068228363,-0.5888813574118151,2.071040960462798,1.437769772394501,-0.4726923865612008,1.0,0.0,0.0,0.0,0.0,0.0,0.0,1.0,0.0,0.0,0.0,0.0,0.0,0.0
1390,0.10148892825495984,0.05884853700470562,-0.9793557777488573,1.3646949159584332,0.3321766962291301,-0.30443951637078004,0.7501514820542603,3.7862177457372153,-0.16264971948928555,-0.2280218528058249,0.7354414094699214,-0.25355520821536887,-0.2518394406652331,-0.40670670367007405,-0.1532843929904657,-0.345595595464734,-0.6240579545477215,1.346934068228363,-0.5888813574118151,2.071040960462798,1.437769772394501,-0.4726923865612008,1.0,0.0,0.0,0.0,0.0,0.0,0.0,1.0,0.0,0.0,0.0,0.0,0.0,0.0
1391,-0.3696784475368022,0.34885412736389654,-1.0557815435236706,2.5551525741699703,0.25170782464823066,-0.30443951637078004,0.798522587136507,3.5020815393105953,-0.16264971948928555,-0.2280218528058249,0.8056633615875985,-0.25355520821536887,-0.2518394406652331,-0.40670670367007405,-0.1532843929904657,-0.345595595464734,-0.6240579545477215,1.346934068228363,-0.5888813574118151,2.071040960462798,1.437769772394501,-0.4726923865612008,1.0,0.0,0.0,0.0,0.0,0.0,0.0,1.0,0.0,0.0,0.0,0.0,0.0,0.0
1392,-0.5581453978535073,-0.15865565576468718,-2.3295443064372225,1.6292410622276634,0.25170782464823066,-0.30443951637078004,0.7017803769720137,2.933809126457357,-0.16264971948928555,-0.2280218528058249,1.718548739117402,-0.25355520821536887,-0.2518394406652331,-0.40670670367007405,-0.1532843929904657,-0.345595595464734,-0.6240579545477215,1.346934068228363,-0.5888813574118151,2.071040960462798,1.437769772394501,-0.4726923865612008,1.0,0.0,0.0,0.0,0.0,0.0,0.0,1.0,0.0,0.0,0.0,0.0,0.0,0.0
1393,-1.4062466742786794,-0.013652860585091712,-1.8709897117883438,1.2324218428238178,0.3321766962291301,-0.30443951637078004,0.7017803769720137,3.5020815393105953,-0.16264971948928555,-0.2280218528058249,0.9461072658229529,-0.25355520821536887,-0.2518394406652331,-0.40670670367007405,-0.1532843929904657,-0.345595595464734,-0.6240579545477215,1.346934068228363,-0.5888813574118151,2.071040960462798,1.437769772394501,-0.4726923865612008,1.0,0.0,0.0,0.0,0.0,0.0,0.0,1.0,0.0,0.0,0.0,0.0,0.0,0.0
1394,-0.3225617099576259,0.49385692254349156,-1.310534096106381,1.1001487696892023,1.2978031551999227,-0.30443951637078004,0.8468936922187539,2.933809126457357,-0.16264971948928555,-0.2280218528058249,1.2269950742936617,-0.25355520821536887,-0.2518394406652331,-0.40670670367007405,-0.1532843929904657,-0.345595595464734,-0.6240579545477215,1.346934068228363,-0.5888813574118151,2.071040960462798,1.437769772394501,-0.4726923865612008,1.0,0.0,0.0,0.0,0.0,0.0,0.0,1.0,0.0,0.0,0.0,0.0,0.0,0.0
1395,1.2794073677343658,0.7113611153128848,-0.9793557777488573,1.4969679890930485,0.5735833109718281,-0.30443951637078004,0.8468936922187539,2.933809126457357,-0.16264971948928555,-0.2280218528058249,0.5247755531168898,-0.25355520821536887,-0.2518394406652331,-0.40670670367007405,-0.1532843929904657,-0.345595595464734,-0.6240579545477215,1.346934068228363,-0.5888813574118151,2.071040960462798,1.437769772394501,-0.4726923865612008,1.0,0.0,0.0,0.0,0.0,0.0,0.0,1.0,0.0,0.0,0.0,0.0,0.0,0.0
1396,-1.359129936699503,-2.188694788279022,-1.8709897117883438,0.5710564771507415,0.3321766962291301,-0.30443951637078004,0.7501514820542603,-0.433204919698084,-0.16264971948928555,-0.2280218528058249,8.459856142414411,-0.25355520821536887,-0.2518394406652331,-0.40670670367007405,-0.1532843929904657,-0.345595595464734,-0.6240579545477215,1.346934068228363,-0.5888813574118151,2.071040960462798,1.437769772394501,-0.4726923865612008,1.0,0.0,0.0,0.0,0.0,0.0,0.0,1.0,0.0,0.0,0.0,0.0,0.0,0.0
1397,-1.0764295112244455,-1.9711905955096287,-1.7945639460135308,-0.3548550347915653,0.41264556781002926,-0.30443951637078004,0.7017803769720137,-0.433204919698084,-0.16264971948928555,-0.2280218528058249,6.985195147943191,-0.25355520821536887,-0.2518394406652331,-0.40670670367007405,-0.1532843929904657,-0.345595595464734,-0.6240579545477215,1.346934068228363,-0.5888813574118151,2.071040960462798,1.437769772394501,-0.4726923865612008,1.0,0.0,0.0,0.0,0.0,0.0,0.0,1.0,0.0,0.0,0.0,0.0,0.0,0.0
1398,-1.0764295112244455,-1.1736752220218545,-1.4124351171394651,0.7033295502853567,0.41264556781002926,-0.30443951637078004,0.6050381668075202,-0.433204919698084,-0.16264971948928555,-0.2280218528058249,2.139880451823465,-0.25355520821536887,-0.2518394406652331,-0.40670670367007405,-0.1532843929904657,-0.345595595464734,-0.6240579545477215,1.346934068228363,-0.5888813574118151,2.071040960462798,1.437769772394501,-0.4726923865612008,1.0,0.0,0.0,0.0,0.0,0.0,0.0,1.0,0.0,0.0,0.0,0.0,0.0,0.0
1399,-1.1235462488036219,0.34885412736389654,-1.0303062882653995,1.6292410622276634,0.41264556781002926,-0.30443951637078004,0.7017803769720137,2.6496729200307376,-0.16264971948928555,-0.2280218528058249,1.6483267869997247,-0.25355520821536887,-0.2518394406652331,-0.40670670367007405,-0.1532843929904657,-0.345595595464734,-0.6240579545477215,1.346934068228363,-0.5888813574118151,2.071040960462798,1.437769772394501,-0.4726923865612008,1.0,0.0,0.0,0.0,0.0,0.0,0.0,1.0,0.0,0.0,0.0,0.0,0.0,0.0
1400,0.10148892825495984,0.49385692254349156,-1.0557815435236706,1.4969679890930485,0.41264556781002926,-0.30443951637078004,0.7017803769720137,2.6496729200307376,-0.16264971948928555,-0.2280218528058249,4.948758536530552,-0.25355520821536887,-0.2518394406652331,-0.40670670367007405,-0.1532843929904657,-0.345595595464734,-0.6240579545477215,1.346934068228363,-0.5888813574118151,2.071040960462798,1.437769772394501,-0.4726923865612008,1.0,0.0,0.0,0.0,0.0,0.0,0.0,1.0,0.0,0.0,0.0,0.0,0.0,0.0
1401,-1.3120131991203268,0.7838625129026825,-0.9793557777488573,0.306510330881511,0.5735833109718281,-0.30443951637078004,0.798522587136507,2.365536713604118,-0.16264971948928555,-0.2280218528058249,5.159424392883584,-0.25355520821536887,-0.2518394406652331,-0.40670670367007405,-0.1532843929904657,-0.345595595464734,-0.6240579545477215,1.346934068228363,-0.5888813574118151,2.071040960462798,1.437769772394501,-0.4726923865612008,1.0,0.0,0.0,0.0,0.0,0.0,0.0,1.0,0.0,0.0,0.0,0.0,0.0,0.0
1402,-1.736063837332913,1.5088764888006594,-0.8774547567157733,0.43878340401612614,0.5735833109718281,-0.30443951637078004,0.8468936922187539,2.365536713604118,-0.16264971948928555,-0.2280218528058249,4.386982919589135,-0.25355520821536887,-0.2518394406652331,-0.40670670367007405,-0.1532843929904657,-0.345595595464734,-0.6240579545477215,1.346934068228363,-0.5888813574118151,2.071040960462798,1.437769772394501,-0.4726923865612008,1.0,0.0,0.0,0.0,0.0,0.0,0.0,1.0,0.0,0.0,0.0,0.0,0.0,0.0
1403,-0.6994956105910357,1.943884874339445,-0.6481774593913338,0.5710564771507415,0.3321766962291301,-0.30443951637078004,0.8468936922187539,2.6496729200307376,-0.16264971948928555,-0.2280218528058249,4.035873159000749,-0.25355520821536887,-0.2518394406652331,-0.40670670367007405,-0.1532843929904657,-0.345595595464734,-0.6240579545477215,1.346934068228363,-0.5888813574118151,2.071040960462798,1.437769772394501,-0.4726923865612008,1.0,0.0,0.0,0.0,0.0,0.0,0.0,1.0,0.0,0.0,0.0,0.0,0.0,0.0
1437,1.0438236798384846,0.05884853700470562,-0.724603225166147,-0.22258196165695007,0.5735833109718281,-0.3520826761031809,-0.3623839348374146,-0.475825350662077,-0.16517111233233808,-0.4475641661032812,-1.2377954450368074,-0.25355520821536887,-0.5895647684171168,0.9064140438842947,-0.1532843929904657,-0.3627181274948371,1.0022794684002871,0.5064491058128894,0.3333427707589784,0.9739489922176402,-0.546643439561809,-0.8006720940307397,0.0,1.0,0.0,0.0,0.0,0.0,0.0,0.0,0.0,0.0,1.0,0.0,0.0,0.0
1438,1.0438236798384846,0.05884853700470562,-0.724603225166147,-0.22258196165695007,0.5735833109718281,-0.3520826761031809,-0.3623839348374146,-0.475825350662077,-0.16517111233233808,-0.4475641661032812,-1.2377954450368074,-0.25355520821536887,-0.5895647684171168,0.9064140438842947,-0.1532843929904657,-0.3627181274948371,1.0022794684002871,0.5064491058128894,0.3333427707589784,0.9739489922176402,-0.546643439561809,-0.8006720940307397,0.0,1.0,0.0,0.0,0.0,0.0,0.0,0.0,0.0,0.0,1.0,0.0,0.0,0.0
1439,0.949590204680132,-0.15865565576468718,-0.8265042461992312,0.041964184612280464,0.41264556781002926,-0.3520826761031809,-0.3623839348374146,-0.475825350662077,-0.16517111233233808,-0.4475641661032812,-1.469527887025142,-0.25355520821536887,-0.5895647684171168,0.9969740954397684,-0.1532843929904657,-0.3627181274948371,1.54439194271629,0.5064491058128894,0.7382216562973757,0.9739489922176402,-0.546643439561809,-0.8006720940307397,0.0,1.0,0.0,0.0,0.0,0.0,0.0,0.0,0.0,0.0,1.0,0.0,0.0,0.0
1440,0.949590204680132,-0.15865565576468718,-0.8265042461992312,0.041964184612280464,0.41264556781002926,-0.3520826761031809,-0.3623839348374146,-0.475825350662077,-0.16517111233233808,-0.4475641661032812,-1.469527887025142,-0.25355520821536887,-0.5895647684171168,0.9969740954397684,-0.1532843929904657,-0.3627181274948371,1.54439194271629,0.5064491058128894,0.7382216562973757,0.9739489922176402,-0.546643439561809,-0.8006720940307397,0.0,1.0,0.0,0.0,0.0,0.0,0.0,0.0,0.0,0.0,1.0,0.0,0.0,0.0
1441,1.0909404174176607,-0.3036584509442826,-0.9793557777488573,0.306510330881511,0.010301209905532438,-0.3520826761031809,-0.3623839348374146,-0.475825350662077,-0.16517111233233808,-0.4475641661032812,-1.2658842258838783,-0.25355520821536887,-0.6739961003550877,0.9064140438842947,-0.1532843929904657,-0.3627181274948371,2.086504417032293,0.5064491058128894,1.1431005418357727,0.9739489922176402,-0.546643439561809,-0.8006720940307397,0.0,1.0,0.0,0.0,0.0,0.0,0.0,0.0,0.0,0.0,1.0,0.0,0.0,0.0
1442,1.0909404174176607,-0.3036584509442826,-0.9793557777488573,0.306510330881511,0.010301209905532438,-0.3520826761031809,-0.3623839348374146,-0.475825350662077,-0.16517111233233808,-0.4475641661032812,-1.2658842258838783,-0.25355520821536887,-0.6739961003550877,0.9064140438842947,-0.1532843929904657,-0.3627181274948371,2.086504417032293,0.5064491058128894,1.1431005418357727,0.9739489922176402,-0.546643439561809,-0.8006720940307397,0.0,1.0,0.0,0.0,0.0,0.0,0.0,0.0,0.0,0.0,1.0,0.0,0.0,0.0
1443,1.2794073677343658,-0.4486612461238777,-0.9284052672323154,0.306510330881511,0.09077008148643188,-0.3520826761031809,-0.3623839348374146,-0.475825350662077,-0.16517111233233808,-0.4475641661032812,-1.3150395923662523,-0.25355520821536887,-0.6981193380516508,1.1780941985507156,-0.1532843929904657,-0.3627181274948371,3.4417856028223,0.8426430907790788,2.830095898245761,-2.3173269125178337,-0.546643439561809,-0.8006720940307397,0.0,1.0,0.0,0.0,0.0,0.0,0.0,0.0,0.0,0.0,1.0,0.0,0.0,0.0
1444,1.2794073677343658,-0.4486612461238777,-0.9284052672323154,0.306510330881511,0.09077008148643188,-0.3520826761031809,-0.3623839348374146,-0.475825350662077,-0.16517111233233808,-0.4475641661032812,-1.3150395923662523,-0.25355520821536887,-0.6981193380516508,1.1780941985507156,-0.1532843929904657,-0.3627181274948371,3.4417856028223,0.8426430907790788,2.830095898245761,-2.3173269125178337,-0.546643439561809,-0.8006720940307397,0.0,1.0,0.0,0.0,0.0,0.0,0.0,0.0,0.0,0.0,1.0,0.0,0.0,0.0
1447,0.7611232543634269,-0.15865565576468718,0.44725851671432104,-0.6194011810607959,0.4931144393909287,-0.3520826761031809,-0.3623839348374146,-0.475825350662077,-0.16517111233233808,-0.4475641661032812,-1.4625056918133743,-0.25355520821536887,-0.21565458412038843,0.9969740954397684,-0.1532843929904657,-0.3627181274948371,1.54439194271629,0.5064491058128894,0.7382216562973757,0.9739489922176402,-0.546643439561809,-0.8006720940307397,0.0,1.0,0.0,0.0,0.0,0.0,0.0,0.0,0.0,0.0,1.0,0.0,0.0,0.0
1448,0.7611232543634269,-0.15865565576468718,0.44725851671432104,-0.6194011810607959,0.4931144393909287,-0.3520826761031809,-0.3623839348374146,-0.475825350662077,-0.16517111233233808,-0.4475641661032812,-1.4625056918133743,-0.25355520821536887,-0.21565458412038843,0.9969740954397684,-0.1532843929904657,-0.3627181274948371,1.54439194271629,0.5064491058128894,0.7382216562973757,0.9739489922176402,-0.546643439561809,-0.8006720940307397,0.0,1.0,0.0,0.0,0.0,0.0,0.0,0.0,0.0,0.0,1.0,0.0,0.0,0.0
1449,0.9024734671009557,-0.2311570533544849,0.37083275093950785,-0.6194011810607959,0.25170782464823066,-0.3520826761031809,-0.3623839348374146,-0.475825350662077,-0.16517111233233808,-0.4475641661032812,-1.3571727636368587,-0.25355520821536887,-0.22771620296866998,0.9064140438842947,-0.1532843929904657,-0.3627181274948371,2.086504417032293,0.5064491058128894,1.1431005418357727,0.9739489922176402,-0.546643439561809,-0.8006720940307397,0.0,1.0,0.0,0.0,0.0,0.0,0.0,0.0,0.0,0.0,1.0,0.0,0.0,0.0
1450,0.9024734671009557,-0.2311570533544849,0.37083275093950785,-0.6194011810607959,0.25170782464823066,-0.3520826761031809,-0.3623839348374146,-0.475825350662077,-0.16517111233233808,-0.4475641661032812,-1.3571727636368587,-0.25355520821536887,-0.22771620296866998,0.9064140438842947,-0.1532843929904657,-0.3627181274948371,2.086504417032293,0.5064491058128894,1.1431005418357727,0.9739489922176402,-0.546643439561809,-0.8006720940307397,0.0,1.0,0.0,0.0,0.0,0.0,0.0,0.0,0.0,0.0,1.0,0.0,0.0,0.0
1451,0.8082399919426032,-0.08615425817488943,0.014179177323712972,-0.3548550347915653,0.1712389530673312,-0.3520826761031809,-0.3623839348374146,-0.475825350662077,-0.16517111233233808,-0.4475641661032812,-1.4835722774486775,-0.25355520821536887,-0.3000859160583594,1.1780941985507156,-0.1532843929904657,-0.3627181274948371,3.4417856028223,0.8426430907790788,2.830095898245761,-2.3173269125178337,-0.546643439561809,-0.8006720940307397,0.0,1.0,0.0,0.0,0.0,0.0,0.0,0.0,0.0,0.0,1.0,0.0,0.0,0.0
1452,0.8082399919426032,-0.08615425817488943,0.014179177323712972,-0.3548550347915653,0.1712389530673312,-0.3520826761031809,-0.3623839348374146,-0.475825350662077,-0.16517111233233808,-0.4475641661032812,-1.4835722774486775,-0.25355520821536887,-0.3000859160583594,1.1780941985507156,-0.1532843929904657,-0.3627181274948371,3.4417856028223,0.8426430907790788,2.830095898245761,-2.3173269125178337,-0.546643439561809,-0.8006720940307397,0.0,1.0,0.0,0.0,0.0,0.0,0.0,0.0,0.0,0.0,1.0,0.0,0.0,0.0
1453,0.10148892825495984,0.9288653080822775,0.3198822404229657,0.5710564771507415,0.5735833109718281,-0.3520826761031809,-0.3623839348374146,-0.475825350662077,-0.16517111233233808,-0.4475641661032812,0.13855481646966533,-0.25355520821536887,-0.6498728626585246,1.0875341469952422,-0.1532843929904657,-0.3627181274948371,1.0022794684002871,0.5064491058128894,0.3333427707589784,0.9739489922176402,-0.546643439561809,-0.8006720940307397,0.0,1.0,0.0,0.0,0.0,0.0,0.0,0.0,0.0,0.0,1.0,0.0,0.0,0.0
1454,0.10148892825495984,0.9288653080822775,0.3198822404229657,0.5710564771507415,0.5735833109718281,-0.3520826761031809,-0.3623839348374146,-0.475825350662077,-0.16517111233233808,-0.4475641661032812,0.13855481646966533,-0.25355520821536887,-0.6498728626585246,1.0875341469952422,-0.1532843929904657,-0.3627181274948371,1.0022794684002871,0.5064491058128894,0.3333427707589784,0.9739489922176402,-0.546643439561809,-0.8006720940307397,0.0,1.0,0.0,0.0,0.0,0.0,0.0,0.0,0.0,0.0,1.0,0.0,0.0,0.0
1455,0.24283914099248863,0.7113611153128848,0.14155545361506827,0.306510330881511,0.41264556781002926,-0.3520826761031809,-0.3623839348374146,-0.475825350662077,-0.16517111233233808,-0.4475641661032812,0.2368655494344134,-0.25355520821536887,-0.5051334364791459,1.3592143016616631,-0.1532843929904657,-0.3627181274948371,1.54439194271629,0.5064491058128894,0.7382216562973757,0.9739489922176402,-0.546643439561809,-0.8006720940307397,0.0,1.0,0.0,0.0,0.0,0.0,0.0,0.0,0.0,0.0,1.0,0.0,0.0,0.0
1456,0.24283914099248863,0.7113611153128848,0.14155545361506827,0.306510330881511,0.41264556781002926,-0.3520826761031809,-0.3623839348374146,-0.475825350662077,-0.16517111233233808,-0.4475641661032812,0.2368655494344134,-0.25355520821536887,-0.5051334364791459,1.3592143016616631,-0.1532843929904657,-0.3627181274948371,1.54439194271629,0.5064491058128894,0.7382216562973757,0.9739489922176402,-0.546643439561809,-0.8006720940307397,0.0,1.0,0.0,0.0,0.0,0.0,0.0,0.0,0.0,0.0,1.0,0.0,0.0,0.0
1457,0.33707261615084116,0.13134993459450334,-0.4189001620668945,0.5710564771507415,0.09077008148643188,-0.3520826761031809,-0.3623839348374146,-0.475825350662077,-0.16517111233233808,-0.4475641661032812,0.47562018663451583,-0.25355520821536887,-0.6257496249619615,1.4497743532171368,-0.1532843929904657,-0.3627181274948371,2.086504417032293,0.5064491058128894,1.1431005418357727,0.9739489922176402,-0.546643439561809,-0.8006720940307397,0.0,1.0,0.0,0.0,0.0,0.0,0.0,0.0,0.0,0.0,1.0,0.0,0.0,0.0
1458,0.33707261615084116,0.13134993459450334,-0.4189001620668945,0.5710564771507415,0.09077008148643188,-0.3520826761031809,-0.3623839348374146,-0.475825350662077,-0.16517111233233808,-0.4475641661032812,0.47562018663451583,-0.25355520821536887,-0.6257496249619615,1.4497743532171368,-0.1532843929904657,-0.3627181274948371,2.086504417032293,0.5064491058128894,1.1431005418357727,0.9739489922176402,-0.546643439561809,-0.8006720940307397,0.0,1.0,0.0,0.0,0.0,0.0,0.0,0.0,0.0,0.0,1.0,0.0,0.0,0.0
1459,0.19572240341331237,0.7113611153128848,1.084139898171097,0.306510330881511,0.6540521825527276,-0.3520826761031809,-0.3623839348374146,-0.475825350662077,-0.16517111233233808,-0.4475641661032812,-0.07913323509513391,-0.25355520821536887,0.025577792845242774,0.9969740954397684,-0.1532843929904657,-0.3627181274948371,1.0022794684002871,0.5064491058128894,0.3333427707589784,0.9739489922176402,-0.546643439561809,-0.8006720940307397,0.0,1.0,0.0,0.0,0.0,0.0,0.0,0.0,0.0,0.0,1.0,0.0,0.0,0.0
1460,0.19572240341331237,0.7113611153128848,1.084139898171097,0.306510330881511,0.6540521825527276,-0.3520826761031809,-0.3623839348374146,-0.475825350662077,-0.16517111233233808,-0.4475641661032812,-0.07913323509513391,-0.25355520821536887,0.025577792845242774,0.9969740954397684,-0.1532843929904657,-0.3627181274948371,1.0022794684002871,0.5064491058128894,0.3333427707589784,0.9739489922176402,-0.546643439561809,-0.8006720940307397,0.0,1.0,0.0,0.0,0.0,0.0,0.0,0.0,0.0,0.0,1.0,0.0,0.0,0.0
1461,-0.08697802206174524,0.42135552495369427,0.9312883666214706,0.43878340401612614,0.4931144393909287,-0.3520826761031809,-0.3623839348374146,-0.475825350662077,-0.16517111233233808,-0.4475641661032812,-0.15637738242457883,-0.25355520821536887,-0.26390105951351467,1.1780941985507156,-0.1532843929904657,-0.3627181274948371,1.54439194271629,0.5064491058128894,0.7382216562973757,0.9739489922176402,-0.546643439561809,-0.8006720940307397,0.0,1.0,0.0,0.0,0.0,0.0,0.0,0.0,0.0,0.0,1.0,0.0,0.0,0.0
1462,-0.08697802206174524,0.42135552495369427,0.9312883666214706,0.43878340401612614,0.4931144393909287,-0.3520826761031809,-0.3623839348374146,-0.475825350662077,-0.16517111233233808,-0.4475641661032812,-0.15637738242457883,-0.25355520821536887,-0.26390105951351467,1.1780941985507156,-0.1532843929904657,-0.3627181274948371,1.54439194271629,0.5064491058128894,0.7382216562973757,0.9739489922176402,-0.546643439561809,-0.8006720940307397,0.0,1.0,0.0,0.0,0.0,0.0,0.0,0.0,0.0,0.0,1.0,0.0,0.0,0.0
1463,-2.0658810003871464,1.5088764888006594,-0.2660486305172681,0.1742372577468956,-0.3920431479989644,-0.3520826761031809,-0.3623839348374146,-0.475825350662077,-0.16517111233233808,-0.4475641661032812,-0.725175194577764,-0.25355520821536887,-0.3724556291480487,-0.4519867294478109,-0.1532843929904657,-0.3627181274948371,-0.4072129648213203,-0.2780035257748861,-0.5056562531622556,0.9739489922176402,-0.546643439561809,-0.8006720940307397,0.0,1.0,0.0,0.0,0.0,0.0,0.0,1.0,0.0,0.0,0.0,0.0,0.0,0.0
1464,-0.5581453978535073,1.3638736936210638,-0.44437541732516556,-0.09030888852233492,-0.23110540483716563,-0.3520826761031809,-0.3623839348374146,-0.475825350662077,-0.16517111233233808,-0.4475641661032812,-0.9709520269896341,-0.25355520821536887,-0.2880242972100778,-0.5425467810032846,-0.1532843929904657,-0.3627181274948371,-0.4072129648213203,-0.2780035257748861,-0.5056562531622556,0.9739489922176402,-0.546643439561809,-0.8006720940307397,0.0,1.0,0.0,0.0,0.0,0.0,0.0,1.0,0.0,0.0,0.0,0.0,0.0,0.0
1465,0.33707261615084116,1.7263806815700518,-0.08772184370937128,0.041964184612280464,-0.23110540483716563,-0.3520826761031809,-0.3623839348374146,-0.475825350662077,-0.16517111233233808,-0.4475641661032812,-0.949885441354331,-0.25355520821536887,-0.6136880061136799,-0.5425467810032846,-0.1532843929904657,-0.3627181274948371,-0.4072129648213203,-0.2780035257748861,-0.5056562531622556,0.9739489922176402,-0.546643439561809,-0.8006720940307397,0.0,1.0,0.0,0.0,0.0,0.0,0.0,1.0,0.0,0.0,0.0,0.0,0.0,0.0
1466,1.2794073677343658,1.5088764888006594,-0.4189001620668945,0.041964184612280464,-0.23110540483716563,-0.3520826761031809,-0.3623839348374146,-0.475825350662077,-0.16517111233233808,-0.4475641661032812,-1.2869508115191814,-0.25355520821536887,-0.49307181763086433,-0.5425467810032846,-0.1532843929904657,-0.3627181274948371,-0.4072129648213203,-0.2780035257748861,-0.5056562531622556,0.9739489922176402,-0.546643439561809,-0.8006720940307397,0.0,1.0,0.0,0.0,0.0,0.0,0.0,1.0,0.0,0.0,0.0,0.0,0.0,0.0
1467,0.007255453096607299,0.34885412736389654,0.9312883666214706,0.306510330881511,0.41264556781002926,-0.3520826761031809,-0.3623839348374146,-0.475825350662077,-0.16517111233233808,-0.4475641661032812,0.12451042604612991,-0.25355520821536887,-0.3724556291480487,1.3592143016616631,-0.1532843929904657,-0.3627181274948371,2.086504417032293,0.5064491058128894,1.1431005418357727,0.9739489922176402,-0.546643439561809,-0.8006720940307397,0.0,1.0,0.0,0.0,0.0,0.0,0.0,0.0,0.0,0.0,1.0,0.0,0.0,0.0
1468,0.007255453096607299,0.34885412736389654,0.9312883666214706,0.306510330881511,0.41264556781002926,-0.3520826761031809,-0.3623839348374146,-0.475825350662077,-0.16517111233233808,-0.4475641661032812,0.12451042604612991,-0.25355520821536887,-0.3724556291480487,1.3592143016616631,-0.1532843929904657,-0.3627181274948371,2.086504417032293,0.5064491058128894,1.1431005418357727,0.9739489922176402,-0.546643439561809,-0.8006720940307397,0.0,1.0,0.0,0.0,0.0,0.0,0.0,0.0,0.0,0.0,1.0,0.0,0.0,0.0
1469,-0.2283282347992734,4.0464254044435775,0.039654432581984034,0.835602623419972,0.8954587972954257,-0.3520826761031809,-0.3623839348374146,-0.475825350662077,-0.16517111233233808,-0.4475641661032812,2.413746065082406,-0.25355520821536887,-0.9152284773207189,1.8120145594390318,-0.1532843929904657,-0.3627181274948371,1.0022794684002871,0.5064491058128894,0.3333427707589784,0.9739489922176402,-0.546643439561809,-0.8006720940307397,0.0,1.0,0.0,0.0,0.0,0.0,0.0,0.0,0.0,0.0,1.0,0.0,0.0,0.0
1470,-0.2283282347992734,4.0464254044435775,0.039654432581984034,0.835602623419972,0.8954587972954257,-0.3520826761031809,-0.3623839348374146,-0.475825350662077,-0.16517111233233808,-0.4475641661032812,2.413746065082406,-0.25355520821536887,-0.9152284773207189,1.8120145594390318,-0.1532843929904657,-0.3627181274948371,1.0022794684002871,0.5064491058128894,0.3333427707589784,0.9739489922176402,-0.546643439561809,-0.8006720940307397,0.0,1.0,0.0,0.0,0.0,0.0,0.0,0.0,0.0,0.0,1.0,0.0,0.0,0.0
1471,-0.3225617099576259,3.321411428545601,-0.1641476094841839,0.9678756965545875,0.6540521825527276,-0.3520826761031809,-0.3623839348374146,-0.475825350662077,-0.16517111233233808,-0.4475641661032812,2.3084131369058905,-0.25355520821536887,-0.9272900961690005,2.355374868771874,-0.1532843929904657,-0.3627181274948371,1.54439194271629,0.5064491058128894,0.7382216562973757,0.9739489922176402,-0.546643439561809,-0.8006720940307397,0.0,1.0,0.0,0.0,0.0,0.0,0.0,0.0,0.0,0.0,1.0,0.0,0.0,0.0
1472,-0.3225617099576259,3.321411428545601,-0.1641476094841839,0.9678756965545875,0.6540521825527276,-0.3520826761031809,-0.3623839348374146,-0.475825350662077,-0.16517111233233808,-0.4475641661032812,2.3084131369058905,-0.25355520821536887,-0.9272900961690005,2.355374868771874,-0.1532843929904657,-0.3627181274948371,1.54439194271629,0.5064491058128894,0.7382216562973757,0.9739489922176402,-0.546643439561809,-0.8006720940307397,0.0,1.0,0.0,0.0,0.0,0.0,0.0,0.0,0.0,0.0,1.0,0.0,0.0,0.0
1473,-0.6052621354326835,2.451394657468029,-0.46985067258343666,0.835602623419972,0.3321766962291301,-0.3520826761031809,-0.3623839348374146,-0.475825350662077,-0.16517111233233808,-0.4475641661032812,2.638456311858973,-0.25355520821536887,-0.9152284773207189,2.98929522966019,-0.1532843929904657,-0.3627181274948371,2.086504417032293,0.5064491058128894,1.1431005418357727,0.9739489922176402,-0.546643439561809,-0.8006720940307397,0.0,1.0,0.0,0.0,0.0,0.0,0.0,0.0,0.0,0.0,1.0,0.0,0.0,0.0
1474,-0.6052621354326835,2.451394657468029,-0.46985067258343666,0.835602623419972,0.3321766962291301,-0.3520826761031809,-0.3623839348374146,-0.475825350662077,-0.16517111233233808,-0.4475641661032812,2.638456311858973,-0.25355520821536887,-0.9152284773207189,2.98929522966019,-0.1532843929904657,-0.3627181274948371,2.086504417032293,0.5064491058128894,1.1431005418357727,0.9739489922176402,-0.546643439561809,-0.8006720940307397,0.0,1.0,0.0,0.0,0.0,0.0,0.0,0.0,0.0,0.0,1.0,0.0,0.0,0.0
1475,-0.13409475964092085,5.786458946598721,0.6765358140387601,0.7033295502853567,1.1368654120381236,-0.3520826761031809,-0.3623839348374146,-0.475825350662077,-0.16517111233233808,-0.4475641661032812,1.7817484960233114,-0.25355520821536887,-0.7946122888379034,1.4497743532171368,-0.1532843929904657,-0.3627181274948371,1.0022794684002871,0.5064491058128894,0.3333427707589784,0.9739489922176402,-0.546643439561809,-0.8006720940307397,0.0,1.0,0.0,0.0,0.0,0.0,0.0,0.0,0.0,0.0,1.0,0.0,0.0,0.0
1476,-0.13409475964092085,5.786458946598721,0.6765358140387601,0.7033295502853567,1.1368654120381236,-0.3520826761031809,-0.3623839348374146,-0.475825350662077,-0.16517111233233808,-0.4475641661032812,1.7817484960233114,-0.25355520821536887,-0.7946122888379034,1.4497743532171368,-0.1532843929904657,-0.3627181274948371,1.0022794684002871,0.5064491058128894,0.3333427707589784,0.9739489922176402,-0.546643439561809,-0.8006720940307397,0.0,1.0,0.0,0.0,0.0,0.0,0.0,0.0,0.0,0.0,1.0,0.0,0.0,0.0
1477,-0.41679518511597846,4.408932392392566,0.37083275093950785,0.43878340401612614,0.8954587972954257,-0.3520826761031809,-0.3623839348374146,-0.475825350662077,-0.16517111233233808,-0.4475641661032812,2.245213379999981,-0.25355520821536887,-0.7343041945964955,1.9025746109945054,-0.1532843929904657,-0.3627181274948371,1.54439194271629,0.5064491058128894,0.7382216562973757,0.9739489922176402,-0.546643439561809,-0.8006720940307397,0.0,1.0,0.0,0.0,0.0,0.0,0.0,0.0,0.0,0.0,1.0,0.0,0.0,0.0
1478,-0.41679518511597846,4.408932392392566,0.37083275093950785,0.43878340401612614,0.8954587972954257,-0.3520826761031809,-0.3623839348374146,-0.475825350662077,-0.16517111233233808,-0.4475641661032812,2.245213379999981,-0.25355520821536887,-0.7343041945964955,1.9025746109945054,-0.1532843929904657,-0.3627181274948371,1.54439194271629,0.5064491058128894,0.7382216562973757,0.9739489922176402,-0.546643439561809,-0.8006720940307397,0.0,1.0,0.0,0.0,0.0,0.0,0.0,0.0,0.0,0.0,1.0,0.0,0.0,0.0
1479,0.007255453096607299,3.03140583818641,-0.11319709896764234,0.7033295502853567,0.41264556781002926,-0.3520826761031809,-0.3623839348374146,-0.475825350662077,-0.16517111233233808,-0.4475641661032812,1.8660148385645239,-0.25355520821536887,-0.6860577192033693,2.536494971882821,-0.1532843929904657,-0.3627181274948371,2.086504417032293,0.5064491058128894,1.1431005418357727,0.9739489922176402,-0.546643439561809,-0.8006720940307397,0.0,1.0,0.0,0.0,0.0,0.0,0.0,0.0,0.0,0.0,1.0,0.0,0.0,0.0
1480,0.007255453096607299,3.03140583818641,-0.11319709896764234,0.7033295502853567,0.41264556781002926,-0.3520826761031809,-0.3623839348374146,-0.475825350662077,-0.16517111233233808,-0.4475641661032812,1.8660148385645239,-0.25355520821536887,-0.6860577192033693,2.536494971882821,-0.1532843929904657,-0.3627181274948371,2.086504417032293,0.5064491058128894,1.1431005418357727,0.9739489922176402,-0.546643439561809,-0.8006720940307397,0.0,1.0,0.0,0.0,0.0,0.0,0.0,0.0,0.0,0.0,1.0,0.0,0.0,0.0
1481,-0.03986128448256897,5.351450561059936,1.3388924507538071,0.7033295502853567,1.217334283619023,-0.3520826761031809,-0.3623839348374146,-0.475825350662077,-0.16517111233233808,-0.4475641661032812,1.1497509269642168,-0.25355520821536887,-0.4568869610860196,2.2648148172164,-0.1532843929904657,-0.3627181274948371,1.0022794684002871,0.5064491058128894,0.3333427707589784,0.9739489922176402,-0.546643439561809,-0.8006720940307397,0.0,1.0,0.0,0.0,0.0,0.0,0.0,0.0,0.0,0.0,1.0,0.0,0.0,0.0
1482,-0.03986128448256897,5.351450561059936,1.3388924507538071,0.7033295502853567,1.217334283619023,-0.3520826761031809,-0.3623839348374146,-0.475825350662077,-0.16517111233233808,-0.4475641661032812,1.1497509269642168,-0.25355520821536887,-0.4568869610860196,2.2648148172164,-0.1532843929904657,-0.3627181274948371,1.0022794684002871,0.5064491058128894,0.3333427707589784,0.9739489922176402,-0.546643439561809,-0.8006720940307397,0.0,1.0,0.0,0.0,0.0,0.0,0.0,0.0,0.0,0.0,1.0,0.0,0.0,0.0
1483,-0.08697802206174524,3.611417018904791,0.8803378561049285,0.306510330881511,0.7345210541336268,-0.3520826761031809,-0.3623839348374146,-0.475825350662077,-0.16517111233233808,-0.4475641661032812,1.9292145954704334,-0.25355520821536887,-0.3724556291480487,2.1742547656609266,-0.1532843929904657,-0.3627181274948371,1.54439194271629,0.5064491058128894,0.7382216562973757,0.9739489922176402,-0.546643439561809,-0.8006720940307397,0.0,1.0,0.0,0.0,0.0,0.0,0.0,0.0,0.0,0.0,1.0,0.0,0.0,0.0
1484,-0.08697802206174524,3.611417018904791,0.8803378561049285,0.306510330881511,0.7345210541336268,-0.3520826761031809,-0.3623839348374146,-0.475825350662077,-0.16517111233233808,-0.4475641661032812,1.9292145954704334,-0.25355520821536887,-0.3724556291480487,2.1742547656609266,-0.1532843929904657,-0.3627181274948371,1.54439194271629,0.5064491058128894,0.7382216562973757,0.9739489922176402,-0.546643439561809,-0.8006720940307397,0.0,1.0,0.0,0.0,0.0,0.0,0.0,0.0,0.0,0.0,1.0,0.0,0.0,0.0
1485,0.19572240341331237,2.1613890671088383,0.6255853035222179,0.43878340401612614,0.3321766962291301,-0.3520826761031809,-0.3623839348374146,-0.475825350662077,-0.16517111233233808,-0.4475641661032812,1.4095721497996223,-0.25355520821536887,-0.33627077260320404,2.355374868771874,-0.1532843929904657,-0.3627181274948371,2.086504417032293,0.5064491058128894,1.1431005418357727,0.9739489922176402,-0.546643439561809,-0.8006720940307397,0.0,1.0,0.0,0.0,0.0,0.0,0.0,0.0,0.0,0.0,1.0,0.0,0.0,0.0
1486,0.19572240341331237,2.1613890671088383,0.6255853035222179,0.43878340401612614,0.3321766962291301,-0.3520826761031809,-0.3623839348374146,-0.475825350662077,-0.16517111233233808,-0.4475641661032812,1.4095721497996223,-0.25355520821536887,-0.33627077260320404,2.355374868771874,-0.1532843929904657,-0.3627181274948371,2.086504417032293,0.5064491058128894,1.1431005418357727,0.9739489922176402,-0.546643439561809,-0.8006720940307397,0.0,1.0,0.0,0.0,0.0,0.0,0.0,0.0,0.0,0.0,1.0,0.0,0.0,0.0
1490,-0.41679518511597846,-0.3036584509442826,-1.4124351171394651,-0.4871281079261806,-0.3920431479989644,1.159355494717812,-0.3623839348374146,-0.475825350662077,-0.16359524180543025,-0.4475641661032812,0.1947323781638071,-0.7418798097344537,-0.39657886684461185,-0.6104668196698899,-0.1532843929904657,-0.345595595464734,-0.5156354596845208,-0.502132849085679,-0.5888813574118151,-0.1231429760275178,-0.34415229548463455,1.3311960045212636,0.0,1.0,0.0,0.0,1.0,0.0,0.0,1.0,0.0,0.0,0.0,0.0,0.0,0.0
1496,-0.511028660274331,-0.37615984853408035,-1.4379103723977362,-0.3548550347915653,-0.4725120195798638,4.592948730604633,-0.3623839348374146,-0.475825350662077,-0.16359524180543025,-0.4475641661032812,0.3843316488815355,-0.7275173214544806,-0.3724556291480487,-0.6104668196698899,-0.1532843929904657,-0.345595595464734,-0.5156354596845208,-0.502132849085679,-0.5888813574118151,-0.1231429760275178,-0.34415229548463455,1.3311960045212636,0.0,1.0,0.0,0.0,1.0,0.0,0.0,1.0,0.0,0.0,0.0,0.0,0.0,0.0
1499,-0.13409475964092085,-0.2311570533544849,-1.3360093513646518,-0.4871281079261806,-0.3920431479989644,-0.3520826761031809,-0.3623839348374146,0.20610154476180978,-0.16359524180543025,-0.4475641661032812,-0.10722201594220479,-0.7418798097344537,-0.2880242972100778,-0.6104668196698899,-0.1532843929904657,-0.345595595464734,-0.5156354596845208,-0.502132849085679,-0.5888813574118151,-0.1231429760275178,-0.34415229548463455,1.3311960045212636,0.0,1.0,0.0,0.0,1.0,0.0,0.0,1.0,0.0,0.0,0.0,0.0,0.0,0.0
1502,0.007255453096607299,-0.013652860585091712,-1.3360093513646518,-0.3548550347915653,-0.4725120195798638,-0.3520826761031809,-0.3623839348374146,0.9448556814710205,-0.16359524180543025,-0.4475641661032812,0.061310669140220445,-0.7418798097344537,-0.33627077260320404,-0.6104668196698899,-0.1532843929904657,-0.345595595464734,-0.5156354596845208,-0.502132849085679,-0.5888813574118151,-0.1231429760275178,-0.34415229548463455,1.3311960045212636,0.0,1.0,0.0,0.0,1.0,0.0,0.0,1.0,0.0,0.0,0.0,0.0,0.0,0.0
1505,0.10148892825495984,-0.3036584509442826,-1.4124351171394651,-0.22258196165695007,-0.3920431479989644,-0.3520826761031809,-0.3623839348374146,2.4507775755321037,-0.16359524180543025,-0.4475641661032812,-0.051044454248063045,-0.7418798097344537,-0.2759626783617962,-0.6104668196698899,-0.1532843929904657,-0.345595595464734,-0.5156354596845208,-0.502132849085679,-0.5888813574118151,-0.1231429760275178,-0.34415229548463455,1.3311960045212636,0.0,1.0,0.0,0.0,1.0,0.0,0.0,1.0,0.0,0.0,0.0,0.0,0.0,0.0
1508,-0.13409475964092085,0.05884853700470562,-1.361484606622923,-0.22258196165695007,-0.23110540483716563,-0.3520826761031809,0.12616422649327746,-0.475825350662077,-0.16359524180543025,-0.4475641661032812,0.4124204297286064,-0.7418798097344537,-0.3000859160583594,-0.6104668196698899,-0.1532843929904657,-0.345595595464734,-0.5156354596845208,-0.502132849085679,-0.5888813574118151,-0.1231429760275178,-0.34415229548463455,1.3311960045212636,0.0,1.0,0.0,0.0,1.0,0.0,0.0,1.0,0.0,0.0,0.0,0.0,0.0,0.0
1517,-0.2283282347992734,-0.4486612461238777,-1.4379103723977362,-0.22258196165695007,-0.4725120195798638,-0.3520826761031809,-0.3623839348374146,-0.475825350662077,-0.16359524180543025,2.0472348486405405,0.22282115901087796,-0.7418798097344537,-0.36039401029976714,-0.6104668196698899,-0.1532843929904657,-0.345595595464734,-0.5156354596845208,-0.502132849085679,-0.5888813574118151,-0.1231429760275178,-0.34415229548463455,1.3311960045212636,0.0,1.0,0.0,0.0,1.0,0.0,0.0,1.0,0.0,0.0,0.0,0.0,0.0,0.0
1520,-0.3696784475368022,-0.3036584509442826,-1.4379103723977362,-0.3548550347915653,-0.31157427641806507,-0.3520826761031809,-0.3623839348374146,-0.475825350662077,-0.16359524180543025,4.691721804268991,0.5177533579051221,-0.7562422980144267,-0.3724556291480487,-0.6104668196698899,-0.1532843929904657,-0.345595595464734,-0.5156354596845208,-0.502132849085679,-0.5888813574118151,-0.1231429760275178,-0.34415229548463455,1.3311960045212636,0.0,1.0,0.0,0.0,1.0,0.0,0.0,1.0,0.0,0.0,0.0,0.0,0.0,0.0
1523,-0.41679518511597846,-0.15865565576468718,-1.386959861881194,-0.3548550347915653,-0.3920431479989644,-0.3520826761031809,-0.3623839348374146,-0.475825350662077,-0.16359524180543025,7.535792681076949,0.37028725845800003,-0.7562422980144267,-0.5171950553274275,-0.6104668196698899,-0.1532843929904657,-0.345595595464734,-0.5156354596845208,-0.502132849085679,-0.5888813574118151,-0.1231429760275178,-0.34415229548463455,1.3311960045212636,0.0,1.0,0.0,0.0,1.0,0.0,0.0,1.0,0.0,0.0,0.0,0.0,0.0,0.0
1526,0.007255453096607299,0.05884853700470562,-1.386959861881194,-0.6194011810607959,-0.7139186343225619,-0.3520826761031809,-0.3623839348374146,-0.475825350662077,-0.16359524180543025,-0.4475641661032812,-0.12126640636574022,-0.267917696495342,-0.31214753490664093,-0.6104668196698899,-0.1532843929904657,-0.345595595464734,-0.5156354596845208,-0.502132849085679,-0.5888813574118151,-0.1231429760275178,-0.34415229548463455,1.3311960045212636,0.0,1.0,0.0,0.0,1.0,0.0,0.0,1.0,0.0,0.0,0.0,0.0,0.0,0.0
1532,-0.41679518511597846,-0.5211626437136754,-1.4633856276560073,-0.3548550347915653,-0.4725120195798638,3.2129399659419873,-0.3623839348374146,-0.475825350662077,-0.16359524180543025,-0.4475641661032812,0.061310669140220445,-0.35409262617518045,-0.14328487103069906,-0.6104668196698899,-0.1532843929904657,-0.345595595464734,-0.5156354596845208,-0.502132849085679,-0.5888813574118151,-0.1231429760275178,-0.34415229548463455,1.3311960045212636,0.0,1.0,0.0,0.0,1.0,0.0,0.0,1.0,0.0,0.0,0.0,0.0,0.0,0.0
1535,-0.27544497237844967,-0.3036584509442826,-1.361484606622923,-0.3548550347915653,-0.4725120195798638,4.625806082144219,-0.3623839348374146,-0.475825350662077,-0.16359524180543025,-0.4475641661032812,0.10344384041082676,-0.29664267305528813,-0.3724556291480487,-0.6104668196698899,-0.1532843929904657,-0.345595595464734,-0.5156354596845208,-0.502132849085679,-0.5888813574118151,-0.1231429760275178,-0.34415229548463455,1.3311960045212636,0.0,1.0,0.0,0.0,1.0,0.0,0.0,1.0,0.0,0.0,0.0,0.0,0.0,0.0
1541,0.007255453096607299,-0.013652860585091712,-1.3360093513646518,-0.3548550347915653,-0.4725120195798638,-0.3520826761031809,-0.3623839348374146,0.9448556814710205,-0.16359524180543025,-0.4475641661032812,-0.08615543030690163,-0.21046774337544966,-0.39657886684461185,-0.6104668196698899,-0.1532843929904657,-0.345595595464734,-0.5156354596845208,-0.502132849085679,-0.5888813574118151,-0.1231429760275178,-0.34415229548463455,1.3311960045212636,0.0,1.0,0.0,0.0,1.0,0.0,0.0,1.0,0.0,0.0,0.0,0.0,0.0,0.0
1550,0.24283914099248863,-0.5936640413034732,-1.4379103723977362,-0.3548550347915653,-0.6334497627416625,-0.3520826761031809,0.41155374647853327,-0.475825350662077,-0.16359524180543025,-0.4475641661032812,0.18771018295203937,-0.3971800910150997,-0.03473030139616503,-0.6104668196698899,-0.1532843929904657,-0.345595595464734,-0.5156354596845208,-0.502132849085679,-0.5888813574118151,-0.1231429760275178,-0.34415229548463455,1.3311960045212636,0.0,1.0,0.0,0.0,1.0,0.0,0.0,1.0,0.0,0.0,0.0,0.0,0.0,0.0
1553,0.24283914099248863,-0.4486612461238777,-1.386959861881194,-0.22258196165695007,-0.4725120195798638,-0.3520826761031809,0.6775948244308903,-0.475825350662077,-0.16359524180543025,-0.4475641661032812,0.2579321350697166,-0.21046774337544966,-0.09503839563757283,-0.6104668196698899,-0.1532843929904657,-0.345595595464734,-0.5156354596845208,-0.502132849085679,-0.5888813574118151,-0.1231429760275178,-0.34415229548463455,1.3311960045212636,0.0,1.0,0.0,0.0,1.0,0.0,0.0,1.0,0.0,0.0,0.0,0.0,0.0,0.0
1556,-0.4639119226951547,-0.3036584509442826,-1.386959861881194,-0.22258196165695007,-0.3920431479989644,-0.3520826761031809,-0.3623839348374146,-0.475825350662077,-0.16359524180543025,2.19692278952517,0.05428847392845273,-0.19610525509547658,-0.3483323914514856,-0.6104668196698899,-0.1532843929904657,-0.345595595464734,-0.5156354596845208,-0.502132849085679,-0.5888813574118151,-0.1231429760275178,-0.34415229548463455,1.3311960045212636,0.0,1.0,0.0,0.0,1.0,0.0,0.0,1.0,0.0,0.0,0.0,0.0,0.0,0.0
1559,-0.41679518511597846,-0.3036584509442826,-1.4124351171394651,-0.3548550347915653,-0.4725120195798638,-0.3520826761031809,-0.3623839348374146,-0.475825350662077,-0.16359524180543025,4.7915137648587445,0.07535505956375588,-0.21046774337544966,-0.4568869610860196,-0.6104668196698899,-0.1532843929904657,-0.345595595464734,-0.5156354596845208,-0.502132849085679,-0.5888813574118151,-0.1231429760275178,-0.34415229548463455,1.3311960045212636,0.0,1.0,0.0,0.0,1.0,0.0,0.0,1.0,0.0,0.0,0.0,0.0,0.0,0.0
1562,-0.3225617099576259,0.20385133218430107,-1.310534096106381,-0.4871281079261806,-0.3920431479989644,-0.3520826761031809,-0.3623839348374146,-0.475825350662077,-0.16359524180543025,6.737456996358925,0.05428847392845273,-0.08120534885569193,-0.5775031495688352,-0.6104668196698899,-0.1532843929904657,-0.345595595464734,-0.5156354596845208,-0.502132849085679,-0.5888813574118151,-0.1231429760275178,-0.34415229548463455,1.3311960045212636,0.0,1.0,0.0,0.0,1.0,0.0,0.0,1.0,0.0,0.0,0.0,0.0,0.0,0.0
1565,0.24283914099248863,-0.5936640413034732,0.6255853035222179,-0.4871281079261806,-0.5529808911607631,-0.3520826761031809,-0.3623839348374146,-0.475825350662077,-0.16359524180543025,-0.4475641661032812,0.25090993985794885,-0.7418798097344537,-0.20359296527210688,-0.6104668196698899,-0.1532843929904657,-0.345595595464734,-0.5156354596845208,-0.502132849085679,-0.5888813574118151,-0.1231429760275178,-0.34415229548463455,1.3311960045212636,0.0,1.0,0.0,0.0,1.0,0.0,0.0,1.0,0.0,0.0,0.0,0.0,0.0,0.0
1568,0.007255453096607299,-0.4486612461238777,0.5236842824891337,-0.3548550347915653,-0.4725120195798638,1.2086415220271922,-0.3623839348374146,-0.475825350662077,-0.16359524180543025,-0.4475641661032812,0.061310669140220445,-0.7418798097344537,-0.3242091537549225,-0.6104668196698899,-0.1532843929904657,-0.345595595464734,-0.5156354596845208,-0.502132849085679,-0.5888813574118151,-0.1231429760275178,-0.34415229548463455,1.3311960045212636,0.0,1.0,0.0,0.0,1.0,0.0,0.0,1.0,0.0,0.0,0.0,0.0,0.0,0.0
1571,-0.08697802206174524,-0.5936640413034732,0.7529615798135733,-0.3548550347915653,-0.07016766167536687,3.3936553994097145,-0.3623839348374146,-0.475825350662077,-0.16359524180543025,-0.4475641661032812,0.10344384041082676,-0.7418798097344537,-0.1915313464238253,-0.6104668196698899,-0.1532843929904657,-0.345595595464734,-0.5156354596845208,-0.502132849085679,-0.5888813574118151,-0.1231429760275178,-0.34415229548463455,1.3311960045212636,0.0,1.0,0.0,0.0,1.0,0.0,0.0,1.0,0.0,0.0,0.0,0.0,0.0,0.0
1574,0.007255453096607299,-0.7386668364830686,0.6255853035222179,-0.22258196165695007,-0.5529808911607631,4.77366416407236,-0.3623839348374146,-0.475825350662077,-0.16359524180543025,-0.4475641661032812,0.10344384041082676,-0.7418798097344537,-0.31214753490664093,-0.6104668196698899,-0.1532843929904657,-0.345595595464734,-0.5156354596845208,-0.502132849085679,-0.5888813574118151,-0.1231429760275178,-0.34415229548463455,1.3311960045212636,0.0,1.0,0.0,0.0,1.0,0.0,0.0,1.0,0.0,0.0,0.0,0.0,0.0,0.0
1580,0.1486056658341361,-0.6661654388932708,0.6765358140387601,-0.22258196165695007,-0.5529808911607631,-0.3520826761031809,-0.3623839348374146,0.9448556814710205,-0.16359524180543025,-0.4475641661032812,0.0823772547755236,-0.7418798097344537,-0.3000859160583594,-0.6104668196698899,-0.1532843929904657,-0.345595595464734,-0.5156354596845208,-0.502132849085679,-0.5888813574118151,-0.1231429760275178,-0.34415229548463455,1.3311960045212636,0.0,1.0,0.0,0.0,1.0,0.0,0.0,1.0,0.0,0.0,0.0,0.0,0.0,0.0
1583,0.1486056658341361,-0.7386668364830686,0.5746347930056758,-0.22258196165695007,-0.5529808911607631,-0.3520826761031809,-0.3623839348374146,2.6780865406734,-0.16359524180543025,-0.4475641661032812,0.012155302657846418,-0.7418798097344537,-0.21565458412038843,-0.6104668196698899,-0.1532843929904657,-0.345595595464734,-0.5156354596845208,-0.502132849085679,-0.5888813574118151,-0.1231429760275178,-0.34415229548463455,1.3311960045212636,0.0,1.0,0.0,0.0,1.0,0.0,0.0,1.0,0.0,0.0,0.0,0.0,0.0,0.0
1586,0.33707261615084116,-0.4486612461238777,0.7529615798135733,-0.3548550347915653,-0.5529808911607631,-0.3520826761031809,0.15518688954262555,-0.475825350662077,-0.16359524180543025,-0.4475641661032812,-0.06508884467159848,-0.7418798097344537,-0.10710001448585439,-0.6104668196698899,-0.1532843929904657,-0.345595595464734,-0.5156354596845208,-0.502132849085679,-0.5888813574118151,-0.1231429760275178,-0.34415229548463455,1.3311960045212636,0.0,1.0,0.0,0.0,1.0,0.0,0.0,1.0,0.0,0.0,0.0,0.0,0.0,0.0
1589,0.10148892825495984,-0.4486612461238777,0.7529615798135733,-0.3548550347915653,-0.6334497627416625,-0.3520826761031809,0.3873681939374099,-0.475825350662077,-0.16359524180543025,-0.4475641661032812,0.14557701168143306,-0.7418798097344537,-0.20359296527210688,-0.6104668196698899,-0.1532843929904657,-0.345595595464734,-0.5156354596845208,-0.502132849085679,-0.5888813574118151,-0.1231429760275178,-0.34415229548463455,1.3311960045212636,0.0,1.0,0.0,0.0,1.0,0.0,0.0,1.0,0.0,0.0,0.0,0.0,0.0,0.0
1592,0.1486056658341361,-0.4486612461238777,0.651060558780489,-0.3548550347915653,-0.4725120195798638,-0.3520826761031809,0.5856897247746214,-0.475825350662077,-0.16359524180543025,-0.4475641661032812,0.21579896379911023,-0.7418798097344537,-0.22771620296866998,-0.6104668196698899,-0.1532843929904657,-0.345595595464734,-0.5156354596845208,-0.502132849085679,-0.5888813574118151,-0.1231429760275178,-0.34415229548463455,1.3311960045212636,0.0,1.0,0.0,0.0,1.0,0.0,0.0,1.0,0.0,0.0,0.0,0.0,0.0,0.0
1595,0.33707261615084116,-0.7386668364830686,0.7274863245553022,-0.3548550347915653,-0.4725120195798638,-0.3520826761031809,-0.3623839348374146,-0.475825350662077,-0.16359524180543025,2.2967147501149228,0.06833286435198817,-0.7418798097344537,-0.08297677678929127,-0.6104668196698899,-0.1532843929904657,-0.345595595464734,-0.5156354596845208,-0.502132849085679,-0.5888813574118151,-0.1231429760275178,-0.34415229548463455,1.3311960045212636,0.0,1.0,0.0,0.0,1.0,0.0,0.0,1.0,0.0,0.0,0.0,0.0,0.0,0.0
1598,0.10148892825495984,-0.7386668364830686,0.5746347930056758,-0.4871281079261806,-0.3920431479989644,-0.3520826761031809,-0.3623839348374146,-0.475825350662077,-0.16359524180543025,4.841409745153621,0.27197652549325196,-0.7418798097344537,-0.1674081087272622,-0.6104668196698899,-0.1532843929904657,-0.345595595464734,-0.5156354596845208,-0.502132849085679,-0.5888813574118151,-0.1231429760275178,-0.34415229548463455,1.3311960045212636,0.0,1.0,0.0,0.0,1.0,0.0,0.0,1.0,0.0,0.0,0.0,0.0,0.0,0.0
1601,0.05437219067578356,-0.8836696316626639,0.44725851671432104,-0.22258196165695007,-0.23110540483716563,-0.3520826761031809,-0.3623839348374146,-0.475825350662077,-0.16359524180543025,7.685480621961577,0.27197652549325196,-0.7418798097344537,0.08588588708665057,-0.6104668196698899,-0.1532843929904657,-0.345595595464734,-0.5156354596845208,-0.502132849085679,-0.5888813574118151,-0.1231429760275178,-0.34415229548463455,1.3311960045212636,0.0,1.0,0.0,0.0,1.0,0.0,0.0,1.0,0.0,0.0,0.0,0.0,0.0,0.0
1604,0.05437219067578356,-0.4486612461238777,0.702011069297031,-0.22258196165695007,-0.3920431479989644,-0.3520826761031809,-0.3623839348374146,-0.475825350662077,-0.16359524180543025,-0.4475641661032812,-0.015933478189224453,-0.31100516133526124,-0.2880242972100778,-0.6104668196698899,-0.1532843929904657,-0.345595595464734,-0.5156354596845208,-0.502132849085679,-0.5888813574118151,-0.1231429760275178,-0.34415229548463455,1.3311960045212636,0.0,1.0,0.0,0.0,1.0,0.0,0.0,1.0,0.0,0.0,0.0,0.0,0.0,0.0
1610,-0.2283282347992734,-0.5211626437136754,0.702011069297031,-0.22258196165695007,-0.4725120195798638,3.3279406963305416,-0.3623839348374146,-0.475825350662077,-0.16359524180543025,-0.4475641661032812,-0.06508884467159848,-0.3253676496152343,-0.3000859160583594,-0.6104668196698899,-0.1532843929904657,-0.345595595464734,-0.5156354596845208,-0.502132849085679,-0.5888813574118151,-0.1231429760275178,-0.34415229548463455,1.3311960045212636,0.0,1.0,0.0,0.0,1.0,0.0,0.0,1.0,0.0,0.0,0.0,0.0,0.0,0.0
1613,0.10148892825495984,-0.5936640413034732,0.702011069297031,-0.22258196165695007,-0.5529808911607631,4.82295019138174,-0.3623839348374146,-0.475825350662077,-0.16359524180543025,-0.4475641661032812,-0.19148835848341741,-0.35409262617518045,-0.3724556291480487,-0.6104668196698899,-0.1532843929904657,-0.345595595464734,-0.5156354596845208,-0.502132849085679,-0.5888813574118151,-0.1231429760275178,-0.34415229548463455,1.3311960045212636,0.0,1.0,0.0,0.0,1.0,0.0,0.0,1.0,0.0,0.0,0.0,0.0,0.0,0.0
1616,0.1486056658341361,-0.5936640413034732,0.7784368350718442,-0.22258196165695007,-0.3920431479989644,-0.3520826761031809,-0.3623839348374146,0.23451516540447176,15.593534156745834,-0.4475641661032812,-0.23362152975402373,-0.3253676496152343,-0.1674081087272622,-0.6104668196698899,-0.1532843929904657,-0.345595595464734,-0.5156354596845208,-0.502132849085679,-0.5888813574118151,-0.1231429760275178,-0.34415229548463455,1.3311960045212636,0.0,1.0,0.0,0.0,1.0,0.0,0.0,1.0,0.0,0.0,0.0,0.0,0.0,0.0
1619,0.10148892825495984,-0.5936640413034732,0.702011069297031,-0.22258196165695007,-0.4725120195798638,-0.3520826761031809,-0.3623839348374146,0.9448556814710205,15.593534156745834,-0.4475641661032812,-0.11424421115397251,-0.36845511445515355,-0.20359296527210688,-0.6104668196698899,-0.1532843929904657,-0.345595595464734,-0.5156354596845208,-0.502132849085679,-0.5888813574118151,-0.1231429760275178,-0.34415229548463455,1.3311960045212636,0.0,1.0,0.0,0.0,1.0,0.0,0.0,1.0,0.0,0.0,0.0,0.0,0.0,0.0
1625,0.2899558785716649,-0.3036584509442826,0.9567636218797417,-0.3548550347915653,-0.1506365332562663,-0.3520826761031809,0.13583844750972682,-0.475825350662077,-0.16359524180543025,-0.4475641661032812,-0.10019982073043707,-0.42590506757504587,-0.05885353909272815,-0.6104668196698899,-0.1532843929904657,-0.345595595464734,-0.5156354596845208,-0.502132849085679,-0.5888813574118151,-0.1231429760275178,-0.34415229548463455,1.3311960045212636,0.0,1.0,0.0,0.0,1.0,0.0,0.0,1.0,0.0,0.0,0.0,0.0,0.0,0.0
1631,0.24283914099248863,-0.37615984853408035,0.7529615798135733,-0.3548550347915653,-0.23110540483716563,-0.3520826761031809,0.5856897247746214,-0.475825350662077,-0.16359524180543025,-0.4475641661032812,-0.051044454248063045,-0.41154257929507276,-0.2518394406652331,-0.6104668196698899,-0.1532843929904657,-0.345595595464734,-0.5156354596845208,-0.502132849085679,-0.5888813574118151,-0.1231429760275178,-0.34415229548463455,1.3311960045212636,0.0,1.0,0.0,0.0,1.0,0.0,0.0,1.0,0.0,0.0,0.0,0.0,0.0,0.0
1634,0.1486056658341361,-0.5211626437136754,0.7529615798135733,-0.3548550347915653,-0.3920431479989644,-0.3520826761031809,-0.3623839348374146,-0.475825350662077,-0.16359524180543025,2.19692278952517,0.061310669140220445,-0.49771750897491124,-0.26390105951351467,-0.6104668196698899,-0.1532843929904657,-0.345595595464734,-0.5156354596845208,-0.502132849085679,-0.5888813574118151,-0.1231429760275178,-0.34415229548463455,1.3311960045212636,0.0,1.0,0.0,0.0,1.0,0.0,0.0,1.0,0.0,0.0,0.0,0.0,0.0,0.0
